student_id,academic_year_graduated,programme_code,faculty,degree_classification,degree_weighted_avg,survey_responded,outcome_type,professional_level,employment_sector,salary_band,time_to_outcome_months,outcome_recorded_at
1006,1048-49,4_2_12,4,2:1,62.8,True,employed,non_professional,social_care,3.0,9.0,1050-08-01
1011,1048-49,4_2_12,4,First,72.8,True,employed,professional,healthcare_and_nhs,5.0,4.0,1050-08-01
1012,1048-49,2_1_1,2,2:2,52.5,False,,,,,,1050-08-01
1013,1048-49,2_4_12,2,2:2,57.4,False,,,,,,1050-08-01
1016,1048-49,2_2_4,2,2:1,64.1,True,employed,non_professional,architecture_and_built_environment,3.0,5.0,1050-08-01
1024,1048-49,1_1_3,1,2:2,56.9,True,employed,professional,finance_and_banking,2.0,2.0,1050-08-01
1028,1048-49,1_1_5,1,2:1,64.2,True,employed,professional,hospitality_and_tourism,4.0,6.0,1050-08-01
103,1048-49,2_2_6,2,2:1,63.0,False,,,,,,1050-08-01
1034,1048-49,1_1_5,1,2:2,58.1,False,,,,,,1050-08-01
1040,1048-49,2_2_2,2,2:1,68.5,True,unknown,,,,14.0,1050-08-01
1045,1048-49,2_2_6,2,2:1,66.2,True,further_study,,further_study,,3.0,1050-08-01
105,1048-49,2_2_3,2,2:1,68.1,True,employed,professional,architecture_and_built_environment,5.0,3.0,1050-08-01
1050,1048-49,1_1_1,1,2:1,66.2,True,employed,professional,human_resources,3.0,8.0,1050-08-01
1054,1048-49,2_2_4,2,2:2,53.5,False,,,,,,1050-08-01
1057,1048-49,2_3_7,2,2:2,52.5,True,employed,non_professional,craft_and_making,2.0,4.0,1050-08-01
106,1048-49,1_1_3,1,2:1,66.1,False,,,,,,1050-08-01
1062,1048-49,2_1_1,2,2:1,60.9,False,,,,,,1050-08-01
107,1048-49,2_2_2,2,Third,49.9,True,employed,non_professional,design_and_media,2.0,5.0,1050-08-01
1070,1048-49,2_2_6,2,2:1,62.3,False,,,,,,1050-08-01
1075,1048-49,2_2_4,2,2:1,69.2,True,further_study,,further_study,,1.0,1050-08-01
1076,1048-49,2_2_2,2,2:1,63.0,True,employed,professional,design_and_media,4.0,7.0,1050-08-01
1078,1048-49,3_1_1,3,2:2,55.0,True,employed,non_professional,research_and_academia,1.0,5.0,1050-08-01
1079,1048-49,4_2_12,4,2:1,61.8,False,,,,,,1050-08-01
1082,1048-49,2_2_5,2,2:1,68.0,True,further_study,,further_study,,1.0,1050-08-01
1084,1048-49,3_1_1,3,First,71.2,True,further_study,,further_study,,3.0,1050-08-01
1088,1048-49,2_2_3,2,2:2,51.8,True,employed,non_professional,heritage_and_curation,2.0,3.0,1050-08-01
1089,1048-49,2_4_10,2,2:1,63.9,False,,,,,,1050-08-01
109,1048-49,4_2_12,4,Third,44.1,True,employed,non_professional,education,1.0,5.0,1050-08-01
1091,1048-49,2_1_1,2,2:2,52.6,True,employed,professional,heritage_and_curation,2.0,3.0,1050-08-01
1094,1048-49,2_4_10,2,Third,48.7,True,employed,non_professional,creative_industries,2.0,2.0,1050-08-01
1096,1048-49,2_4_10,2,2:2,53.0,False,,,,,,1050-08-01
1101,1048-49,2_2_3,2,2:2,57.5,True,further_study,,further_study,,4.0,1050-08-01
1105,1048-49,2_2_3,2,2:1,64.5,True,further_study,,further_study,,4.0,1050-08-01
1108,1048-49,1_2_1,1,2:2,58.3,True,unemployed,,,,13.0,1050-08-01
1111,1048-49,2_2_6,2,2:1,60.5,False,,,,,,1050-08-01
1112,1048-49,2_2_2,2,2:2,59.2,True,employed,non_professional,architecture_and_built_environment,2.0,9.0,1050-08-01
1113,1048-49,3_2_2,3,2:2,54.5,True,employed,non_professional,research_and_academia,1.0,5.0,1050-08-01
1114,1048-49,2_2_4,2,First,70.6,False,,,,,,1050-08-01
1117,1048-49,2_2_2,2,2:1,62.6,True,employed,non_professional,creative_industries,3.0,3.0,1050-08-01
1131,1048-49,2_2_6,2,First,74.5,True,employed,professional,craft_and_making,5.0,3.0,1050-08-01
1134,1048-49,2_4_10,2,2:2,59.8,False,,,,,,1050-08-01
1137,1048-49,1_1_5,1,2:2,52.0,False,,,,,,1050-08-01
1143,1048-49,1_1_1,1,2:2,53.8,True,further_study,,further_study,,1.0,1050-08-01
115,1048-49,1_2_1,1,2:1,64.5,True,employed,professional,finance_and_banking,4.0,2.0,1050-08-01
1151,1048-49,2_4_10,2,2:1,61.5,True,employed,professional,craft_and_making,4.0,2.0,1050-08-01
1154,1048-49,1_1_1,1,2:2,54.6,False,,,,,,1050-08-01
1165,1048-49,2_2_6,2,2:2,58.4,True,employed,non_professional,design_and_media,1.0,3.0,1050-08-01
1166,1048-49,2_3_9,2,First,71.0,True,employed,professional,design_and_media,4.0,6.0,1050-08-01
1168,1048-49,3_1_1,3,2:1,66.2,True,employed,professional,ngo_and_charity,5.0,11.0,1050-08-01
1171,1048-49,2_1_1,2,2:1,64.6,False,,,,,,1050-08-01
1185,1048-49,4_2_12,4,2:2,52.3,True,further_study,,further_study,,1.0,1050-08-01
1187,1048-49,1_2_1,1,2:2,58.1,True,further_study,,further_study,,1.0,1050-08-01
1189,1048-49,2_4_10,2,2:1,60.4,True,employed,professional,architecture_and_built_environment,5.0,7.0,1050-08-01
1194,1048-49,2_2_5,2,2:1,67.2,True,unknown,,,,9.0,1050-08-01
1196,1048-49,2_2_3,2,2:1,66.2,True,unemployed,,,,16.0,1050-08-01
1208,1048-49,2_3_8,2,2:2,59.0,False,,,,,,1050-08-01
1210,1048-49,1_1_3,1,2:2,60.0,True,employed,professional,management_consulting,3.0,2.0,1050-08-01
1217,1048-49,4_2_12,4,2:1,64.9,True,employed,professional,social_care,5.0,4.0,1050-08-01
1218,1048-49,2_2_6,2,2:2,55.2,True,further_study,,further_study,,0.0,1050-08-01
1221,1048-49,2_3_9,2,2:1,66.7,False,,,,,,1050-08-01
1223,1048-49,4_2_12,4,Third,47.9,False,,,,,,1050-08-01
1229,1048-49,1_1_4,1,2:2,53.4,True,employed,professional,finance_and_banking,3.0,5.0,1050-08-01
123,1048-49,2_4_11,2,2:2,60.0,True,employed,non_professional,design_and_media,2.0,3.0,1050-08-01
1230,1048-49,1_2_1,1,2:1,61.9,True,employed,professional,management_consulting,3.0,3.0,1050-08-01
1244,1048-49,1_1_5,1,First,79.1,True,employed,professional,hospitality_and_tourism,5.0,7.0,1050-08-01
125,1048-49,2_2_6,2,2:2,56.0,False,,,,,,1050-08-01
1251,1048-49,1_2_1,1,2:2,54.2,True,employed,professional,management_consulting,4.0,5.0,1050-08-01
1255,1048-49,3_2_2,3,2:1,66.2,True,employed,professional,research_and_academia,4.0,1.0,1050-08-01
1257,1048-49,1_1_2,1,2:2,53.9,False,,,,,,1050-08-01
1266,1048-49,2_3_9,2,2:1,65.2,False,,,,,,1050-08-01
1269,1048-49,2_4_12,2,Third,49.6,True,unemployed,,,,18.0,1050-08-01
1273,1048-49,2_2_3,2,2:1,60.1,True,further_study,,further_study,,4.0,1050-08-01
1274,1048-49,2_4_10,2,2:1,66.3,True,further_study,,further_study,,1.0,1050-08-01
128,1048-49,1_1_3,1,Third,49.7,True,further_study,,further_study,,2.0,1050-08-01
1283,1048-49,2_1_1,2,2:1,64.5,False,,,,,,1050-08-01
1284,1048-49,2_3_8,2,2:2,54.4,True,employed,professional,architecture_and_built_environment,4.0,5.0,1050-08-01
1287,1048-49,2_2_2,2,2:2,51.9,True,employed,professional,design_and_media,3.0,2.0,1050-08-01
1289,1048-49,2_4_11,2,2:1,61.9,True,employed,non_professional,design_and_media,3.0,3.0,1050-08-01
129,1048-49,3_1_1,3,2:1,66.8,True,further_study,,further_study,,2.0,1050-08-01
1290,1048-49,2_2_5,2,2:1,66.6,True,employed,professional,heritage_and_curation,4.0,4.0,1050-08-01
1302,1048-49,1_2_1,1,2:2,56.9,True,employed,non_professional,legal_services,2.0,7.0,1050-08-01
1307,1048-49,2_3_8,2,2:1,62.2,True,unemployed,,,,21.0,1050-08-01
1309,1048-49,3_1_1,3,2:2,54.7,True,further_study,,further_study,,5.0,1050-08-01
1320,1048-49,2_3_8,2,2:1,69.5,True,employed,professional,heritage_and_curation,4.0,3.0,1050-08-01
1328,1048-49,3_2_2,3,2:2,55.5,False,,,,,,1050-08-01
1331,1048-49,1_1_4,1,2:2,57.5,False,,,,,,1050-08-01
1333,1048-49,2_4_12,2,2:2,53.9,False,,,,,,1050-08-01
1335,1048-49,2_3_8,2,2:2,55.6,True,employed,non_professional,architecture_and_built_environment,2.0,4.0,1050-08-01
1341,1048-49,1_2_1,1,2:2,59.4,True,employed,non_professional,human_resources,1.0,3.0,1050-08-01
1342,1048-49,1_1_5,1,2:2,53.9,True,further_study,,further_study,,2.0,1050-08-01
1345,1048-49,2_4_10,2,2:2,52.7,True,further_study,,further_study,,5.0,1050-08-01
1349,1048-49,2_2_4,2,2:2,53.2,False,,,,,,1050-08-01
1350,1048-49,4_2_12,4,2:2,50.2,True,employed,professional,education,2.0,4.0,1050-08-01
1352,1048-49,2_3_8,2,2:1,66.0,True,employed,professional,creative_industries,3.0,4.0,1050-08-01
136,1048-49,1_1_2,1,Third,48.9,False,,,,,,1050-08-01
1364,1048-49,2_4_10,2,2:2,52.2,True,employed,professional,craft_and_making,3.0,7.0,1050-08-01
1368,1048-49,2_3_9,2,2:2,58.5,True,employed,non_professional,architecture_and_built_environment,2.0,3.0,1050-08-01
1373,1048-49,4_2_12,4,2:2,55.8,True,employed,non_professional,healthcare_and_nhs,3.0,7.0,1050-08-01
1374,1048-49,2_2_3,2,2:2,58.3,False,,,,,,1050-08-01
1388,1048-49,1_1_1,1,2:2,51.0,True,employed,non_professional,management_consulting,2.0,3.0,1050-08-01
1394,1048-49,2_2_5,2,2:1,62.7,True,employed,professional,creative_industries,3.0,5.0,1050-08-01
140,1048-49,2_2_4,2,2:1,64.0,False,,,,,,1050-08-01
1404,1048-49,2_1_1,2,2:1,63.1,True,further_study,,further_study,,2.0,1050-08-01
1405,1048-49,2_1_1,2,2:1,65.8,True,employed,professional,craft_and_making,5.0,9.0,1050-08-01
1409,1048-49,1_1_1,1,2:2,54.5,False,,,,,,1050-08-01
1410,1048-49,2_4_10,2,2:2,54.9,True,employed,non_professional,heritage_and_curation,2.0,4.0,1050-08-01
1411,1048-49,2_3_9,2,Third,47.5,True,employed,professional,heritage_and_curation,3.0,6.0,1050-08-01
1417,1048-49,1_1_3,1,2:1,60.8,False,,,,,,1050-08-01
1420,1048-49,4_2_12,4,2:1,67.1,True,employed,professional,allied_health_professions,4.0,3.0,1050-08-01
1428,1048-49,2_1_1,2,2:2,50.0,True,employed,non_professional,heritage_and_curation,2.0,5.0,1050-08-01
1431,1048-49,1_1_1,1,2:2,51.4,True,employed,professional,management_consulting,4.0,9.0,1050-08-01
1448,1048-49,2_1_1,2,2:2,55.5,True,employed,non_professional,heritage_and_curation,2.0,7.0,1050-08-01
145,1048-49,2_3_9,2,First,70.3,True,employed,professional,craft_and_making,4.0,2.0,1050-08-01
1451,1048-49,4_2_12,4,First,72.9,True,employed,professional,allied_health_professions,5.0,1.0,1050-08-01
1458,1048-49,3_2_2,3,First,71.2,False,,,,,,1050-08-01
1476,1048-49,2_4_11,2,2:1,63.8,True,further_study,,further_study,,3.0,1050-08-01
1477,1048-49,3_2_2,3,2:1,60.5,False,,,,,,1050-08-01
1480,1048-49,1_1_4,1,2:1,60.8,False,,,,,,1050-08-01
1490,1048-49,2_4_10,2,2:2,59.3,True,employed,non_professional,craft_and_making,2.0,2.0,1050-08-01
1498,1048-49,2_3_8,2,2:2,59.5,True,employed,non_professional,craft_and_making,3.0,7.0,1050-08-01
15,1048-49,2_2_4,2,2:1,65.1,True,further_study,,further_study,,3.0,1050-08-01
1502,1048-49,1_1_5,1,2:1,63.7,True,employed,professional,legal_services,4.0,10.0,1050-08-01
1507,1048-49,1_1_2,1,2:2,51.4,True,employed,professional,finance_and_banking,3.0,2.0,1050-08-01
1512,1048-49,2_2_4,2,2:2,52.8,False,,,,,,1050-08-01
1529,1048-49,3_1_1,3,2:1,64.8,True,employed,professional,education,4.0,10.0,1050-08-01
1533,1048-49,1_1_4,1,First,74.1,False,,,,,,1050-08-01
1535,1048-49,2_2_4,2,2:1,65.8,False,,,,,,1050-08-01
1539,1048-49,1_1_5,1,First,73.5,True,employed,professional,hospitality_and_tourism,5.0,3.0,1050-08-01
1547,1048-49,4_2_12,4,2:1,61.2,True,employed,professional,education,5.0,9.0,1050-08-01
1552,1048-49,1_1_1,1,2:2,57.0,True,unemployed,,,,12.0,1050-08-01
1555,1048-49,2_1_1,2,2:1,66.3,True,employed,non_professional,design_and_media,3.0,10.0,1050-08-01
1560,1048-49,2_4_12,2,2:2,58.0,False,,,,,,1050-08-01
1562,1048-49,1_2_1,1,Third,48.9,True,employed,non_professional,hospitality_and_tourism,2.0,5.0,1050-08-01
1563,1048-49,2_2_5,2,2:2,55.1,True,further_study,,further_study,,1.0,1050-08-01
1567,1048-49,2_1_1,2,2:2,54.1,True,employed,non_professional,creative_industries,2.0,3.0,1050-08-01
1576,1048-49,2_2_5,2,2:2,57.7,True,unemployed,,,,16.0,1050-08-01
1577,1048-49,2_4_10,2,2:2,59.8,False,,,,,,1050-08-01
1581,1048-49,1_1_3,1,2:2,51.9,False,,,,,,1050-08-01
1588,1048-49,2_3_8,2,2:2,59.6,False,,,,,,1050-08-01
1592,1048-49,2_1_1,2,2:2,58.9,True,employed,non_professional,craft_and_making,1.0,4.0,1050-08-01
1596,1048-49,2_4_11,2,2:2,57.4,True,employed,professional,heritage_and_curation,2.0,2.0,1050-08-01
1598,1048-49,2_2_2,2,2:1,65.0,True,further_study,,further_study,,3.0,1050-08-01
1600,1048-49,2_2_4,2,2:1,65.7,True,employed,professional,design_and_media,4.0,3.0,1050-08-01
1601,1048-49,1_1_2,1,2:1,60.4,True,employed,professional,hospitality_and_tourism,4.0,1.0,1050-08-01
1603,1048-49,2_4_11,2,2:1,63.1,True,employed,professional,creative_industries,4.0,7.0,1050-08-01
1604,1048-49,2_1_1,2,2:2,58.3,True,employed,non_professional,creative_industries,2.0,4.0,1050-08-01
1609,1048-49,1_1_2,1,2:1,60.1,True,unknown,,,,10.0,1050-08-01
1612,1048-49,3_2_2,3,2:1,62.2,False,,,,,,1050-08-01
1620,1048-49,1_1_2,1,2:1,63.4,False,,,,,,1050-08-01
1622,1048-49,2_2_2,2,Third,48.6,True,employed,non_professional,design_and_media,1.0,5.0,1050-08-01
1625,1048-49,1_1_3,1,First,70.0,True,employed,professional,human_resources,5.0,8.0,1050-08-01
1636,1048-49,2_2_2,2,2:1,63.3,True,further_study,,further_study,,2.0,1050-08-01
1640,1048-49,2_2_2,2,First,77.0,False,,,,,,1050-08-01
1647,1048-49,2_2_2,2,2:2,54.0,True,employed,non_professional,craft_and_making,2.0,9.0,1050-08-01
1652,1048-49,2_2_3,2,Third,45.9,True,unknown,,,,8.0,1050-08-01
167,1048-49,1_1_1,1,2:2,58.7,True,further_study,,further_study,,4.0,1050-08-01
1674,1048-49,1_1_3,1,2:2,57.2,True,employed,professional,finance_and_banking,3.0,4.0,1050-08-01
1679,1048-49,2_4_12,2,2:1,60.9,True,employed,non_professional,creative_industries,3.0,3.0,1050-08-01
1693,1048-49,4_2_12,4,Third,49.6,False,,,,,,1050-08-01
17,1048-49,4_2_12,4,2:1,62.4,False,,,,,,1050-08-01
1704,1048-49,2_4_12,2,2:2,60.0,True,unknown,,,,4.0,1050-08-01
1707,1048-49,2_3_7,2,2:1,63.5,False,,,,,,1050-08-01
1708,1048-49,2_4_12,2,2:1,66.7,True,employed,professional,architecture_and_built_environment,3.0,4.0,1050-08-01
1709,1048-49,2_2_2,2,2:2,56.2,False,,,,,,1050-08-01
171,1048-49,2_2_2,2,2:2,54.9,False,,,,,,1050-08-01
1711,1048-49,2_3_7,2,2:2,55.9,False,,,,,,1050-08-01
1724,1048-49,2_2_4,2,Third,48.6,True,employed,professional,design_and_media,2.0,6.0,1050-08-01
1735,1048-49,2_3_8,2,2:1,65.6,False,,,,,,1050-08-01
1738,1048-49,1_1_4,1,2:1,65.8,False,,,,,,1050-08-01
1740,1048-49,3_2_2,3,First,72.0,True,unemployed,,,,18.0,1050-08-01
1746,1048-49,3_2_2,3,2:2,52.7,True,employed,non_professional,research_and_academia,1.0,5.0,1050-08-01
1754,1048-49,1_1_4,1,2:1,69.2,True,employed,professional,hospitality_and_tourism,4.0,4.0,1050-08-01
1764,1048-49,1_1_1,1,2:2,58.7,True,unemployed,,,,13.0,1050-08-01
1769,1048-49,2_1_1,2,Third,45.9,True,further_study,,further_study,,3.0,1050-08-01
1771,1048-49,2_2_2,2,2:1,64.7,True,employed,professional,craft_and_making,5.0,6.0,1050-08-01
1772,1048-49,2_2_3,2,2:1,62.1,True,employed,professional,creative_industries,5.0,7.0,1050-08-01
1773,1048-49,2_4_12,2,2:1,66.0,True,further_study,,further_study,,3.0,1050-08-01
1775,1048-49,3_2_2,3,2:2,59.4,False,,,,,,1050-08-01
1779,1048-49,2_3_8,2,2:1,65.9,True,employed,professional,heritage_and_curation,4.0,3.0,1050-08-01
1780,1048-49,3_2_2,3,2:1,67.3,True,employed,non_professional,media_and_communications,3.0,6.0,1050-08-01
1784,1048-49,1_1_3,1,2:1,64.2,True,employed,professional,finance_and_banking,4.0,5.0,1050-08-01
1787,1048-49,2_2_3,2,2:1,65.4,True,unemployed,,,,9.0,1050-08-01
1793,1048-49,1_1_4,1,2:2,55.4,True,further_study,,further_study,,2.0,1050-08-01
18,1048-49,1_1_2,1,2:1,64.0,True,employed,professional,management_consulting,4.0,2.0,1050-08-01
1800,1048-49,2_2_2,2,First,73.8,True,further_study,,further_study,,2.0,1050-08-01
1803,1048-49,3_2_2,3,2:2,59.0,True,unknown,,,,11.0,1050-08-01
1805,1048-49,2_3_7,2,2:1,62.6,True,employed,professional,design_and_media,3.0,4.0,1050-08-01
1808,1048-49,2_4_12,2,2:1,68.4,True,employed,professional,design_and_media,4.0,7.0,1050-08-01
1812,1048-49,2_2_5,2,Third,48.7,True,further_study,,further_study,,2.0,1050-08-01
1813,1048-49,2_2_5,2,2:2,57.8,True,employed,non_professional,architecture_and_built_environment,2.0,7.0,1050-08-01
1814,1048-49,2_1_1,2,2:1,60.0,True,further_study,,further_study,,3.0,1050-08-01
1819,1048-49,1_1_5,1,2:1,67.8,True,further_study,,further_study,,1.0,1050-08-01
1827,1048-49,1_1_1,1,2:2,54.4,True,employed,non_professional,hospitality_and_tourism,2.0,5.0,1050-08-01
183,1048-49,2_4_10,2,2:1,60.8,True,employed,non_professional,creative_industries,4.0,3.0,1050-08-01
1831,1048-49,2_2_5,2,2:2,58.7,True,employed,non_professional,heritage_and_curation,2.0,4.0,1050-08-01
1832,1048-49,2_2_2,2,2:2,56.4,False,,,,,,1050-08-01
1838,1048-49,3_2_2,3,2:1,64.5,True,further_study,,further_study,,1.0,1050-08-01
1839,1048-49,2_1_1,2,2:2,58.7,False,,,,,,1050-08-01
1842,1048-49,2_2_5,2,2:2,57.4,False,,,,,,1050-08-01
1843,1048-49,2_2_6,2,2:1,65.8,True,unknown,,,,2.0,1050-08-01
1848,1048-49,2_2_3,2,2:2,56.0,True,employed,professional,creative_industries,3.0,3.0,1050-08-01
1856,1048-49,1_1_4,1,2:1,63.2,False,,,,,,1050-08-01
1866,1048-49,2_3_8,2,First,70.3,False,,,,,,1050-08-01
1867,1048-49,1_1_4,1,2:1,66.6,True,employed,non_professional,hospitality_and_tourism,3.0,3.0,1050-08-01
1869,1048-49,2_2_2,2,2:1,62.7,True,employed,non_professional,creative_industries,3.0,3.0,1050-08-01
1883,1048-49,2_3_7,2,2:2,56.9,True,employed,professional,design_and_media,2.0,11.0,1050-08-01
1886,1048-49,2_3_7,2,2:1,65.7,True,further_study,,further_study,,5.0,1050-08-01
1889,1048-49,1_1_5,1,2:1,67.3,True,employed,non_professional,finance_and_banking,2.0,3.0,1050-08-01
189,1048-49,2_2_4,2,2:2,58.3,True,employed,professional,heritage_and_curation,3.0,2.0,1050-08-01
1896,1048-49,2_2_5,2,2:2,55.2,False,,,,,,1050-08-01
190,1048-49,2_1_1,2,Third,47.5,True,employed,non_professional,architecture_and_built_environment,2.0,6.0,1050-08-01
1901,1048-49,1_1_3,1,2:1,61.2,True,employed,professional,human_resources,3.0,3.0,1050-08-01
1908,1048-49,1_2_1,1,2:2,55.2,True,unemployed,,,,21.0,1050-08-01
191,1048-49,2_4_12,2,2:1,66.0,False,,,,,,1050-08-01
1910,1048-49,1_1_2,1,Third,44.9,True,employed,non_professional,legal_services,1.0,5.0,1050-08-01
1911,1048-49,2_3_7,2,2:1,66.0,True,further_study,,further_study,,1.0,1050-08-01
1934,1048-49,2_1_1,2,First,74.5,True,further_study,,further_study,,1.0,1050-08-01
1935,1048-49,2_4_10,2,2:1,66.6,False,,,,,,1050-08-01
1936,1048-49,1_2_1,1,2:1,64.7,True,further_study,,further_study,,2.0,1050-08-01
1937,1048-49,4_2_12,4,2:2,50.5,True,employed,professional,public_health,3.0,2.0,1050-08-01
194,1048-49,1_2_1,1,2:2,56.4,False,,,,,,1050-08-01
1942,1048-49,2_4_12,2,2:2,54.5,False,,,,,,1050-08-01
1944,1048-49,1_1_4,1,2:1,64.5,True,unemployed,,,,14.0,1050-08-01
1945,1048-49,3_2_2,3,2:1,66.7,False,,,,,,1050-08-01
1946,1048-49,2_3_9,2,First,71.8,True,employed,professional,craft_and_making,5.0,4.0,1050-08-01
1953,1048-49,2_3_8,2,2:1,60.8,True,further_study,,further_study,,2.0,1050-08-01
1961,1048-49,2_3_7,2,2:1,66.3,True,employed,non_professional,heritage_and_curation,3.0,1.0,1050-08-01
197,1048-49,1_2_1,1,2:2,58.8,True,unemployed,,,,15.0,1050-08-01
1975,1048-49,1_1_3,1,2:2,56.0,True,further_study,,further_study,,2.0,1050-08-01
1978,1048-49,2_4_10,2,2:1,68.6,False,,,,,,1050-08-01
1979,1048-49,2_2_4,2,2:2,55.7,False,,,,,,1050-08-01
198,1048-49,1_1_2,1,First,72.1,False,,,,,,1050-08-01
1980,1048-49,1_1_1,1,2:2,51.6,False,,,,,,1050-08-01
1982,1048-49,2_4_12,2,2:1,60.5,False,,,,,,1050-08-01
1988,1048-49,4_2_12,4,2:1,61.6,False,,,,,,1050-08-01
1990,1048-49,4_2_12,4,2:2,52.9,True,further_study,,further_study,,1.0,1050-08-01
20,1048-49,3_2_2,3,First,71.1,False,,,,,,1050-08-01
2003,1048-49,1_1_5,1,2:2,54.8,False,,,,,,1050-08-01
2010,1048-49,2_2_5,2,First,72.7,False,,,,,,1050-08-01
2015,1048-49,2_2_4,2,2:2,56.0,True,unemployed,,,,16.0,1050-08-01
2016,1048-49,3_1_1,3,2:2,51.4,True,employed,professional,ngo_and_charity,2.0,6.0,1050-08-01
2020,1048-49,4_2_12,4,2:1,66.0,True,employed,professional,allied_health_professions,4.0,2.0,1050-08-01
2024,1048-49,2_2_6,2,First,70.3,True,further_study,,further_study,,4.0,1050-08-01
2026,1048-49,1_1_4,1,First,74.8,True,further_study,,further_study,,1.0,1050-08-01
2028,1048-49,3_2_2,3,2:2,57.6,False,,,,,,1050-08-01
2029,1048-49,2_2_4,2,2:1,61.4,True,employed,non_professional,architecture_and_built_environment,4.0,6.0,1050-08-01
2032,1048-49,2_2_3,2,2:2,59.1,True,further_study,,further_study,,2.0,1050-08-01
2043,1048-49,2_1_1,2,2:2,51.7,True,employed,non_professional,creative_industries,2.0,3.0,1050-08-01
2067,1048-49,2_1_1,2,2:2,59.0,True,employed,non_professional,craft_and_making,2.0,4.0,1050-08-01
2068,1048-49,2_1_1,2,2:2,59.3,True,employed,non_professional,creative_industries,2.0,3.0,1050-08-01
2072,1048-49,2_2_3,2,Third,46.7,True,employed,professional,craft_and_making,2.0,3.0,1050-08-01
2074,1048-49,2_4_12,2,2:1,67.0,True,further_study,,further_study,,1.0,1050-08-01
2076,1048-49,2_1_1,2,2:1,61.9,True,unemployed,,,,14.0,1050-08-01
2080,1048-49,2_4_10,2,Third,45.6,False,,,,,,1050-08-01
2082,1048-49,2_3_8,2,2:2,53.5,True,employed,professional,craft_and_making,4.0,8.0,1050-08-01
2084,1048-49,1_2_1,1,2:1,67.0,True,employed,professional,management_consulting,5.0,4.0,1050-08-01
2086,1048-49,4_2_12,4,2:1,60.2,True,unemployed,,,,22.0,1050-08-01
2090,1048-49,2_3_9,2,2:2,53.7,False,,,,,,1050-08-01
2092,1048-49,2_2_2,2,2:1,69.2,True,employed,non_professional,architecture_and_built_environment,4.0,10.0,1050-08-01
2095,1048-49,2_4_12,2,2:1,60.0,True,employed,professional,creative_industries,4.0,5.0,1050-08-01
2096,1048-49,2_1_1,2,First,73.4,True,unknown,,,,14.0,1050-08-01
2097,1048-49,2_4_12,2,2:2,54.8,True,employed,non_professional,craft_and_making,2.0,10.0,1050-08-01
210,1048-49,4_2_12,4,2:1,60.6,True,employed,professional,allied_health_professions,3.0,2.0,1050-08-01
2112,1048-49,1_1_4,1,2:1,64.5,True,further_study,,further_study,,1.0,1050-08-01
2122,1048-49,3_2_2,3,Third,48.5,True,employed,non_professional,ngo_and_charity,1.0,4.0,1050-08-01
2125,1048-49,2_4_12,2,2:2,53.2,False,,,,,,1050-08-01
2129,1048-49,2_4_12,2,2:2,51.6,False,,,,,,1050-08-01
2133,1048-49,1_1_1,1,2:1,64.7,True,employed,professional,management_consulting,4.0,7.0,1050-08-01
2139,1048-49,2_2_4,2,2:2,51.0,True,employed,professional,design_and_media,3.0,1.0,1050-08-01
214,1048-49,2_1_1,2,2:1,62.6,True,employed,professional,heritage_and_curation,4.0,2.0,1050-08-01
2140,1048-49,2_3_8,2,2:1,67.3,True,further_study,,further_study,,0.0,1050-08-01
2141,1048-49,1_1_1,1,2:1,61.1,True,further_study,,further_study,,1.0,1050-08-01
2149,1048-49,2_2_6,2,First,73.2,True,further_study,,further_study,,1.0,1050-08-01
2174,1048-49,2_2_4,2,2:1,62.5,True,unemployed,,,,22.0,1050-08-01
2175,1048-49,1_1_2,1,2:1,70.0,True,employed,non_professional,hospitality_and_tourism,3.0,6.0,1050-08-01
218,1048-49,2_3_7,2,2:2,57.8,True,unemployed,,,,14.0,1050-08-01
2181,1048-49,1_1_5,1,2:1,66.0,True,employed,professional,legal_services,4.0,12.0,1050-08-01
2187,1048-49,3_1_1,3,2:1,62.4,False,,,,,,1050-08-01
219,1048-49,1_1_4,1,2:1,69.8,False,,,,,,1050-08-01
2191,1048-49,2_4_12,2,2:1,60.4,False,,,,,,1050-08-01
22,1048-49,2_4_12,2,2:2,50.5,False,,,,,,1050-08-01
2202,1048-49,4_2_12,4,2:1,64.3,False,,,,,,1050-08-01
2214,1048-49,2_3_7,2,2:1,66.9,True,employed,non_professional,architecture_and_built_environment,4.0,5.0,1050-08-01
2222,1048-49,2_4_12,2,2:1,69.3,True,further_study,,further_study,,1.0,1050-08-01
2227,1048-49,2_1_1,2,2:2,58.3,True,employed,professional,heritage_and_curation,4.0,5.0,1050-08-01
2233,1048-49,3_2_2,3,2:2,57.4,True,unemployed,,,,8.0,1050-08-01
2235,1048-49,2_2_6,2,2:1,65.2,True,employed,professional,heritage_and_curation,4.0,7.0,1050-08-01
2237,1048-49,2_2_3,2,2:2,50.5,True,employed,professional,craft_and_making,2.0,4.0,1050-08-01
224,1048-49,3_1_1,3,2:1,62.4,True,further_study,,further_study,,1.0,1050-08-01
2244,1048-49,1_1_3,1,2:1,62.8,False,,,,,,1050-08-01
2245,1048-49,2_4_10,2,2:1,64.6,True,further_study,,further_study,,2.0,1050-08-01
2248,1048-49,1_1_3,1,2:1,63.6,True,employed,professional,hospitality_and_tourism,3.0,3.0,1050-08-01
2251,1048-49,1_1_1,1,Third,49.2,False,,,,,,1050-08-01
2253,1048-49,2_2_6,2,2:1,61.3,True,employed,non_professional,design_and_media,3.0,5.0,1050-08-01
2254,1048-49,2_1_1,2,Third,49.5,True,employed,non_professional,creative_industries,2.0,2.0,1050-08-01
2257,1048-49,1_1_4,1,2:1,62.5,False,,,,,,1050-08-01
2258,1048-49,1_1_3,1,2:2,55.8,True,employed,non_professional,legal_services,2.0,5.0,1050-08-01
2260,1048-49,1_1_5,1,2:1,61.2,True,further_study,,further_study,,3.0,1050-08-01
2261,1048-49,1_1_3,1,2:1,62.4,True,further_study,,further_study,,1.0,1050-08-01
2262,1048-49,2_4_12,2,2:2,56.8,True,further_study,,further_study,,6.0,1050-08-01
2266,1048-49,1_2_1,1,2:1,61.8,True,unemployed,,,,21.0,1050-08-01
2273,1048-49,2_2_2,2,First,70.1,True,employed,professional,design_and_media,5.0,2.0,1050-08-01
2276,1048-49,2_2_3,2,2:1,64.3,False,,,,,,1050-08-01
2283,1048-49,2_4_10,2,2:1,62.7,False,,,,,,1050-08-01
2287,1048-49,2_2_4,2,2:1,63.7,True,employed,non_professional,heritage_and_curation,3.0,5.0,1050-08-01
2292,1048-49,2_4_10,2,2:1,61.1,True,further_study,,further_study,,2.0,1050-08-01
2295,1048-49,2_2_3,2,First,72.4,False,,,,,,1050-08-01
2298,1048-49,2_2_4,2,2:2,51.2,False,,,,,,1050-08-01
2300,1048-49,2_4_12,2,2:1,60.8,False,,,,,,1050-08-01
2302,1048-49,4_2_12,4,2:1,64.5,False,,,,,,1050-08-01
2303,1048-49,2_2_5,2,2:2,57.5,True,further_study,,further_study,,2.0,1050-08-01
2312,1048-49,2_2_6,2,2:2,51.9,False,,,,,,1050-08-01
2313,1048-49,2_4_12,2,2:2,50.8,False,,,,,,1050-08-01
2318,1048-49,2_3_7,2,2:1,69.7,True,unknown,,,,9.0,1050-08-01
2322,1048-49,1_1_3,1,2:2,54.5,True,further_study,,further_study,,2.0,1050-08-01
2325,1048-49,1_1_5,1,First,75.3,True,employed,professional,hospitality_and_tourism,5.0,2.0,1050-08-01
2328,1048-49,2_2_2,2,2:1,63.1,True,unknown,,,,10.0,1050-08-01
2331,1048-49,1_1_2,1,2:2,53.2,True,employed,professional,management_consulting,3.0,3.0,1050-08-01
2334,1048-49,2_3_7,2,2:1,62.4,True,employed,professional,architecture_and_built_environment,4.0,5.0,1050-08-01
2336,1048-49,3_1_1,3,2:2,58.2,True,employed,non_professional,media_and_communications,1.0,4.0,1050-08-01
234,1048-49,2_3_9,2,2:2,51.3,False,,,,,,1050-08-01
2341,1048-49,2_3_7,2,2:2,58.0,True,employed,non_professional,design_and_media,2.0,7.0,1050-08-01
2343,1048-49,2_4_11,2,2:2,51.3,True,employed,professional,creative_industries,2.0,7.0,1050-08-01
2346,1048-49,1_1_3,1,2:2,52.1,False,,,,,,1050-08-01
2347,1048-49,2_2_3,2,Third,49.3,True,employed,non_professional,creative_industries,3.0,0.0,1050-08-01
2364,1048-49,2_2_5,2,2:1,62.3,False,,,,,,1050-08-01
2381,1048-49,2_2_4,2,2:1,61.8,True,employed,non_professional,heritage_and_curation,3.0,8.0,1050-08-01
2382,1048-49,2_1_1,2,2:2,55.2,True,employed,non_professional,design_and_media,2.0,5.0,1050-08-01
2389,1048-49,1_1_5,1,First,76.6,True,further_study,,further_study,,2.0,1050-08-01
2396,1048-49,2_2_5,2,2:1,65.1,True,employed,non_professional,heritage_and_curation,3.0,3.0,1050-08-01
2398,1048-49,1_1_5,1,2:2,58.0,True,further_study,,further_study,,1.0,1050-08-01
2399,1048-49,2_3_7,2,2:1,62.8,False,,,,,,1050-08-01
2400,1048-49,1_1_1,1,2:1,64.3,True,further_study,,further_study,,5.0,1050-08-01
2403,1048-49,2_2_4,2,2:1,62.9,True,unemployed,,,,16.0,1050-08-01
2407,1048-49,2_2_4,2,2:1,61.0,True,employed,non_professional,design_and_media,3.0,7.0,1050-08-01
241,1048-49,1_1_3,1,2:1,68.7,True,further_study,,further_study,,3.0,1050-08-01
2422,1048-49,2_2_5,2,2:2,58.4,True,unknown,,,,4.0,1050-08-01
2426,1048-49,2_2_5,2,2:2,56.5,True,further_study,,further_study,,3.0,1050-08-01
2428,1048-49,3_2_2,3,2:1,62.6,True,unemployed,,,,9.0,1050-08-01
2429,1048-49,3_1_1,3,2:2,58.9,True,employed,non_professional,education,1.0,9.0,1050-08-01
2434,1048-49,1_2_1,1,2:1,62.4,True,employed,non_professional,finance_and_banking,4.0,7.0,1050-08-01
2440,1048-49,4_2_12,4,First,78.8,False,,,,,,1050-08-01
2451,1048-49,2_2_4,2,First,76.8,True,employed,professional,architecture_and_built_environment,5.0,4.0,1050-08-01
2457,1048-49,2_1_1,2,2:2,52.1,True,employed,non_professional,creative_industries,1.0,1.0,1050-08-01
2462,1048-49,2_3_8,2,2:2,59.7,True,employed,non_professional,craft_and_making,2.0,2.0,1050-08-01
2463,1048-49,3_2_2,3,2:2,58.3,False,,,,,,1050-08-01
2467,1048-49,4_2_12,4,2:1,60.4,True,employed,professional,healthcare_and_nhs,3.0,4.0,1050-08-01
2476,1048-49,1_2_1,1,Third,49.9,True,further_study,,further_study,,2.0,1050-08-01
248,1048-49,2_1_1,2,2:1,68.9,True,employed,professional,craft_and_making,4.0,3.0,1050-08-01
2485,1048-49,2_4_10,2,2:2,59.9,True,unemployed,,,,22.0,1050-08-01
2488,1048-49,4_2_12,4,First,78.7,False,,,,,,1050-08-01
2491,1048-49,2_1_1,2,2:1,60.4,False,,,,,,1050-08-01
2506,1048-49,2_2_5,2,2:2,57.8,False,,,,,,1050-08-01
251,1048-49,2_4_12,2,2:2,57.1,True,further_study,,further_study,,0.0,1050-08-01
2513,1048-49,2_3_8,2,2:1,61.7,True,employed,professional,design_and_media,4.0,4.0,1050-08-01
2515,1048-49,2_4_12,2,2:1,63.4,True,unemployed,,,,18.0,1050-08-01
2516,1048-49,1_1_5,1,2:1,63.6,False,,,,,,1050-08-01
2524,1048-49,3_2_2,3,2:1,60.2,True,employed,professional,research_and_academia,5.0,3.0,1050-08-01
2526,1048-49,1_1_5,1,2:1,62.1,True,unemployed,,,,18.0,1050-08-01
2538,1048-49,2_2_6,2,2:1,67.2,False,,,,,,1050-08-01
2543,1048-49,2_3_9,2,2:1,68.0,False,,,,,,1050-08-01
2545,1048-49,2_2_3,2,2:2,59.3,True,further_study,,further_study,,4.0,1050-08-01
255,1048-49,2_2_5,2,2:2,52.7,False,,,,,,1050-08-01
2551,1048-49,1_1_1,1,2:2,54.9,True,further_study,,further_study,,2.0,1050-08-01
2557,1048-49,2_3_7,2,First,70.7,True,employed,professional,craft_and_making,5.0,8.0,1050-08-01
2560,1048-49,2_2_4,2,2:1,61.8,True,unknown,,,,9.0,1050-08-01
2561,1048-49,2_2_2,2,2:2,52.5,True,unemployed,,,,19.0,1050-08-01
2581,1048-49,2_2_4,2,2:1,69.0,True,employed,non_professional,design_and_media,3.0,8.0,1050-08-01
2587,1048-49,2_4_12,2,2:1,67.9,False,,,,,,1050-08-01
2592,1048-49,4_2_12,4,2:2,53.1,False,,,,,,1050-08-01
2606,1048-49,2_4_10,2,Third,49.6,True,further_study,,further_study,,2.0,1050-08-01
2608,1048-49,2_2_6,2,2:2,54.9,True,employed,non_professional,architecture_and_built_environment,1.0,5.0,1050-08-01
2621,1048-49,4_2_12,4,First,85.9,True,employed,professional,education,5.0,3.0,1050-08-01
2622,1048-49,2_4_12,2,2:2,55.9,False,,,,,,1050-08-01
2627,1048-49,2_3_8,2,2:1,68.4,True,employed,professional,design_and_media,4.0,8.0,1050-08-01
263,1048-49,2_4_10,2,2:1,61.3,True,further_study,,further_study,,1.0,1050-08-01
2630,1048-49,1_2_1,1,2:2,53.2,True,employed,professional,management_consulting,2.0,7.0,1050-08-01
2631,1048-49,2_3_8,2,2:1,68.2,True,employed,professional,heritage_and_curation,5.0,4.0,1050-08-01
2633,1048-49,2_1_1,2,2:2,57.0,False,,,,,,1050-08-01
2636,1048-49,2_4_10,2,2:1,61.7,True,employed,professional,craft_and_making,5.0,8.0,1050-08-01
2637,1048-49,2_4_10,2,2:1,67.2,True,employed,non_professional,creative_industries,3.0,3.0,1050-08-01
2639,1048-49,4_2_12,4,Third,45.9,False,,,,,,1050-08-01
2641,1048-49,1_1_1,1,2:2,59.8,True,employed,non_professional,legal_services,3.0,4.0,1050-08-01
2642,1048-49,2_1_1,2,2:1,64.0,False,,,,,,1050-08-01
2644,1048-49,2_2_6,2,2:1,66.3,True,unknown,,,,14.0,1050-08-01
2647,1048-49,2_3_8,2,2:2,56.4,True,employed,non_professional,creative_industries,2.0,4.0,1050-08-01
2656,1048-49,4_2_12,4,2:2,50.2,False,,,,,,1050-08-01
2657,1048-49,1_1_4,1,Third,49.1,True,employed,non_professional,human_resources,2.0,8.0,1050-08-01
2660,1048-49,2_4_11,2,2:1,60.6,False,,,,,,1050-08-01
2671,1048-49,2_2_5,2,2:1,63.6,True,employed,professional,heritage_and_curation,3.0,6.0,1050-08-01
2678,1048-49,4_2_12,4,Third,45.9,False,,,,,,1050-08-01
2680,1048-49,2_4_12,2,Third,49.2,False,,,,,,1050-08-01
2685,1048-49,2_2_3,2,2:2,57.0,True,employed,professional,heritage_and_curation,3.0,4.0,1050-08-01
2688,1048-49,2_4_11,2,2:2,56.8,True,employed,professional,architecture_and_built_environment,3.0,9.0,1050-08-01
2690,1048-49,2_4_10,2,2:1,60.8,False,,,,,,1050-08-01
2696,1048-49,2_2_4,2,2:1,61.3,True,further_study,,further_study,,2.0,1050-08-01
2702,1048-49,2_4_12,2,2:2,59.8,False,,,,,,1050-08-01
2703,1048-49,1_1_1,1,2:2,51.7,True,employed,non_professional,management_consulting,1.0,6.0,1050-08-01
2704,1048-49,2_2_2,2,2:2,54.1,False,,,,,,1050-08-01
2709,1048-49,2_3_9,2,2:1,68.3,False,,,,,,1050-08-01
271,1048-49,2_3_8,2,2:2,58.1,True,unemployed,,,,21.0,1050-08-01
2712,1048-49,2_3_9,2,2:1,67.2,True,unemployed,,,,15.0,1050-08-01
2717,1048-49,2_2_6,2,2:2,54.5,True,unknown,,,,6.0,1050-08-01
2719,1048-49,2_4_10,2,2:1,60.6,True,further_study,,further_study,,1.0,1050-08-01
2724,1048-49,1_1_4,1,2:2,56.3,False,,,,,,1050-08-01
2729,1048-49,2_4_12,2,2:1,63.8,True,employed,professional,design_and_media,5.0,2.0,1050-08-01
2742,1048-49,2_2_5,2,2:1,63.0,True,employed,professional,heritage_and_curation,3.0,7.0,1050-08-01
2748,1048-49,2_1_1,2,2:1,66.7,True,employed,non_professional,design_and_media,2.0,7.0,1050-08-01
2751,1048-49,1_2_1,1,2:2,55.5,True,unemployed,,,,21.0,1050-08-01
2758,1048-49,1_1_2,1,2:1,64.9,False,,,,,,1050-08-01
2763,1048-49,1_1_3,1,2:1,61.5,True,unknown,,,,8.0,1050-08-01
2764,1048-49,1_1_5,1,2:2,51.8,True,employed,non_professional,legal_services,2.0,5.0,1050-08-01
2769,1048-49,2_1_1,2,First,71.7,True,further_study,,further_study,,2.0,1050-08-01
2772,1048-49,2_4_10,2,2:2,60.0,True,further_study,,further_study,,3.0,1050-08-01
2773,1048-49,4_2_12,4,2:2,51.7,True,employed,professional,social_care,2.0,4.0,1050-08-01
2802,1048-49,1_1_1,1,2:1,61.2,False,,,,,,1050-08-01
2804,1048-49,2_3_8,2,Third,48.3,True,employed,non_professional,heritage_and_curation,1.0,8.0,1050-08-01
2818,1048-49,2_2_3,2,First,71.0,True,unemployed,,,,15.0,1050-08-01
2820,1048-49,1_1_3,1,Third,46.5,True,employed,non_professional,legal_services,1.0,9.0,1050-08-01
2827,1048-49,2_3_7,2,First,71.6,False,,,,,,1050-08-01
2829,1048-49,2_3_8,2,2:2,54.2,True,further_study,,further_study,,3.0,1050-08-01
2831,1048-49,3_2_2,3,First,71.8,True,further_study,,further_study,,5.0,1050-08-01
2833,1048-49,2_3_8,2,2:1,61.8,True,employed,professional,architecture_and_built_environment,4.0,4.0,1050-08-01
2839,1048-49,1_2_1,1,2:2,52.5,False,,,,,,1050-08-01
284,1048-49,2_2_3,2,2:1,66.1,True,employed,professional,craft_and_making,3.0,6.0,1050-08-01
2846,1048-49,1_1_1,1,2:1,69.2,True,unemployed,,,,16.0,1050-08-01
2852,1048-49,2_4_10,2,2:1,60.2,True,employed,non_professional,architecture_and_built_environment,3.0,4.0,1050-08-01
2855,1048-49,2_3_8,2,2:1,63.0,False,,,,,,1050-08-01
2860,1048-49,1_1_5,1,Third,49.0,False,,,,,,1050-08-01
2874,1048-49,1_1_1,1,2:1,64.0,True,employed,non_professional,hospitality_and_tourism,4.0,5.0,1050-08-01
2882,1048-49,1_1_2,1,First,71.2,True,employed,non_professional,legal_services,4.0,6.0,1050-08-01
2888,1048-49,1_1_5,1,First,70.5,True,employed,professional,human_resources,5.0,5.0,1050-08-01
2889,1048-49,1_1_3,1,2:2,51.1,True,employed,professional,management_consulting,3.0,2.0,1050-08-01
2894,1048-49,2_2_5,2,Third,48.7,True,unemployed,,,,13.0,1050-08-01
2900,1048-49,2_2_6,2,2:2,58.3,True,employed,professional,design_and_media,3.0,4.0,1050-08-01
2904,1048-49,4_2_12,4,2:2,55.9,False,,,,,,1050-08-01
2906,1048-49,1_1_4,1,First,74.3,True,unemployed,,,,15.0,1050-08-01
2907,1048-49,2_1_1,2,2:2,59.4,True,employed,professional,craft_and_making,3.0,6.0,1050-08-01
2908,1048-49,4_2_12,4,Third,44.3,True,employed,professional,education,1.0,4.0,1050-08-01
2909,1048-49,2_3_7,2,2:2,53.3,False,,,,,,1050-08-01
2911,1048-49,2_2_3,2,2:2,56.8,False,,,,,,1050-08-01
2913,1048-49,2_2_3,2,2:2,58.6,False,,,,,,1050-08-01
292,1048-49,2_2_6,2,2:2,52.8,False,,,,,,1050-08-01
2920,1048-49,1_1_2,1,2:2,50.6,False,,,,,,1050-08-01
2928,1048-49,1_1_1,1,Third,47.3,True,employed,non_professional,hospitality_and_tourism,3.0,3.0,1050-08-01
2934,1048-49,2_3_8,2,2:2,54.8,False,,,,,,1050-08-01
295,1048-49,2_2_5,2,2:2,57.3,True,employed,professional,design_and_media,2.0,4.0,1050-08-01
2950,1048-49,1_1_5,1,2:1,63.9,False,,,,,,1050-08-01
2955,1048-49,1_2_1,1,2:2,57.0,True,employed,professional,human_resources,3.0,6.0,1050-08-01
2958,1048-49,1_2_1,1,Third,49.1,True,employed,non_professional,finance_and_banking,2.0,5.0,1050-08-01
2962,1048-49,2_2_5,2,2:2,55.9,True,employed,non_professional,creative_industries,1.0,3.0,1050-08-01
2963,1048-49,2_4_12,2,First,75.3,True,further_study,,further_study,,4.0,1050-08-01
2971,1048-49,2_2_2,2,2:2,56.5,True,employed,non_professional,architecture_and_built_environment,2.0,4.0,1050-08-01
2973,1048-49,1_1_3,1,2:2,57.4,True,employed,professional,hospitality_and_tourism,4.0,7.0,1050-08-01
2978,1048-49,1_1_1,1,2:2,50.4,True,employed,professional,legal_services,3.0,4.0,1050-08-01
2980,1048-49,3_1_1,3,2:1,64.4,True,employed,professional,public_sector_and_civil_service,4.0,4.0,1050-08-01
2991,1048-49,1_2_1,1,2:1,69.9,True,employed,professional,legal_services,5.0,2.0,1050-08-01
2993,1048-49,2_2_6,2,2:1,63.1,False,,,,,,1050-08-01
3002,1048-49,1_1_3,1,2:2,56.2,True,unemployed,,,,11.0,1050-08-01
3015,1048-49,1_1_3,1,2:1,63.3,False,,,,,,1050-08-01
3019,1048-49,4_2_12,4,2:1,64.5,False,,,,,,1050-08-01
3021,1048-49,2_2_5,2,2:1,64.0,True,employed,professional,heritage_and_curation,4.0,4.0,1050-08-01
3029,1048-49,2_1_1,2,2:1,62.2,False,,,,,,1050-08-01
303,1048-49,1_1_5,1,2:1,61.9,True,employed,professional,human_resources,3.0,6.0,1050-08-01
3036,1048-49,4_2_12,4,First,72.4,True,employed,professional,public_health,5.0,1.0,1050-08-01
3038,1048-49,2_2_2,2,2:1,61.0,True,unemployed,,,,18.0,1050-08-01
3040,1048-49,3_1_1,3,First,74.3,True,unemployed,,,,21.0,1050-08-01
3047,1048-49,2_4_12,2,2:1,65.0,False,,,,,,1050-08-01
3054,1048-49,2_2_5,2,2:1,66.5,True,employed,professional,craft_and_making,3.0,5.0,1050-08-01
3055,1048-49,4_2_12,4,First,79.8,True,employed,professional,education,5.0,6.0,1050-08-01
3058,1048-49,2_2_2,2,2:2,53.4,True,employed,non_professional,heritage_and_curation,3.0,2.0,1050-08-01
3065,1048-49,4_2_12,4,Third,49.3,True,unknown,,,,10.0,1050-08-01
3067,1048-49,2_2_3,2,2:1,62.7,False,,,,,,1050-08-01
3070,1048-49,2_2_3,2,First,70.9,True,further_study,,further_study,,4.0,1050-08-01
3071,1048-49,2_2_5,2,2:2,54.8,True,employed,non_professional,creative_industries,2.0,3.0,1050-08-01
3075,1048-49,2_4_11,2,2:2,59.1,True,unknown,,,,3.0,1050-08-01
3078,1048-49,1_1_2,1,Third,43.0,True,unknown,,,,8.0,1050-08-01
3084,1048-49,2_2_5,2,2:1,65.5,True,further_study,,further_study,,5.0,1050-08-01
3085,1048-49,2_4_10,2,2:1,68.1,True,further_study,,further_study,,3.0,1050-08-01
3089,1048-49,2_4_12,2,2:2,57.2,False,,,,,,1050-08-01
3111,1048-49,2_2_2,2,2:1,69.2,False,,,,,,1050-08-01
3116,1048-49,2_2_5,2,2:1,67.7,False,,,,,,1050-08-01
3121,1048-49,2_2_4,2,2:1,60.3,True,employed,non_professional,heritage_and_curation,2.0,2.0,1050-08-01
3124,1048-49,2_3_8,2,2:1,62.5,False,,,,,,1050-08-01
3128,1048-49,2_2_3,2,2:1,61.6,True,employed,professional,creative_industries,4.0,7.0,1050-08-01
3132,1048-49,4_2_12,4,2:1,63.5,False,,,,,,1050-08-01
3134,1048-49,2_4_10,2,2:1,66.5,True,employed,professional,craft_and_making,3.0,6.0,1050-08-01
3137,1048-49,1_1_1,1,First,71.5,False,,,,,,1050-08-01
3141,1048-49,1_1_4,1,Third,48.3,True,employed,professional,hospitality_and_tourism,2.0,7.0,1050-08-01
3144,1048-49,2_1_1,2,2:1,63.2,True,employed,non_professional,architecture_and_built_environment,4.0,8.0,1050-08-01
3152,1048-49,3_2_2,3,2:1,60.5,False,,,,,,1050-08-01
3156,1048-49,2_2_4,2,2:1,66.6,False,,,,,,1050-08-01
3158,1048-49,1_1_2,1,2:1,64.4,False,,,,,,1050-08-01
3160,1048-49,2_2_4,2,Third,44.8,False,,,,,,1050-08-01
3162,1048-49,2_4_12,2,First,71.7,True,further_study,,further_study,,6.0,1050-08-01
3164,1048-49,2_3_9,2,2:1,62.5,True,further_study,,further_study,,2.0,1050-08-01
317,1048-49,2_3_8,2,2:1,63.8,True,unknown,,,,6.0,1050-08-01
3177,1048-49,2_2_3,2,2:1,60.1,False,,,,,,1050-08-01
3182,1048-49,2_3_7,2,2:1,63.1,True,employed,non_professional,creative_industries,3.0,9.0,1050-08-01
3185,1048-49,2_2_5,2,First,79.0,True,further_study,,further_study,,1.0,1050-08-01
3186,1048-49,2_4_12,2,2:2,51.5,True,employed,non_professional,craft_and_making,2.0,6.0,1050-08-01
3195,1048-49,2_1_1,2,2:1,67.5,False,,,,,,1050-08-01
3200,1048-49,4_2_12,4,2:2,58.7,True,employed,professional,allied_health_professions,4.0,5.0,1050-08-01
3203,1048-49,4_2_12,4,First,85.3,False,,,,,,1050-08-01
3204,1048-49,2_2_6,2,Third,45.7,True,employed,non_professional,creative_industries,2.0,5.0,1050-08-01
3205,1048-49,2_2_4,2,2:2,54.7,False,,,,,,1050-08-01
3207,1048-49,2_2_2,2,2:2,57.2,True,employed,professional,craft_and_making,2.0,4.0,1050-08-01
3217,1048-49,2_2_4,2,First,76.9,False,,,,,,1050-08-01
3226,1048-49,2_3_7,2,2:1,67.1,True,employed,non_professional,craft_and_making,3.0,8.0,1050-08-01
3233,1048-49,1_1_3,1,2:1,61.0,False,,,,,,1050-08-01
3238,1048-49,2_1_1,2,2:2,58.7,True,unemployed,,,,10.0,1050-08-01
3241,1048-49,3_2_2,3,Third,48.4,False,,,,,,1050-08-01
3244,1048-49,1_1_3,1,2:1,67.0,True,employed,professional,finance_and_banking,5.0,3.0,1050-08-01
3248,1048-49,2_3_7,2,2:2,57.7,True,employed,non_professional,design_and_media,2.0,1.0,1050-08-01
3255,1048-49,2_2_3,2,2:2,57.2,True,unemployed,,,,14.0,1050-08-01
3271,1048-49,2_2_3,2,2:2,56.8,True,unknown,,,,10.0,1050-08-01
3274,1048-49,2_2_6,2,2:1,69.7,True,employed,professional,design_and_media,4.0,8.0,1050-08-01
3292,1048-49,1_1_1,1,First,71.0,False,,,,,,1050-08-01
3293,1048-49,2_2_5,2,2:1,64.1,False,,,,,,1050-08-01
3299,1048-49,1_1_4,1,2:2,58.0,True,employed,non_professional,hospitality_and_tourism,3.0,5.0,1050-08-01
33,1048-49,2_2_6,2,2:2,52.8,True,employed,non_professional,design_and_media,1.0,8.0,1050-08-01
330,1048-49,4_2_12,4,2:1,68.2,False,,,,,,1050-08-01
3313,1048-49,3_2_2,3,2:1,61.2,False,,,,,,1050-08-01
3318,1048-49,4_2_12,4,2:1,69.0,True,employed,professional,allied_health_professions,4.0,5.0,1050-08-01
3327,1048-49,1_2_1,1,2:1,65.3,True,employed,professional,management_consulting,4.0,2.0,1050-08-01
333,1048-49,4_2_12,4,2:2,57.5,True,further_study,,further_study,,1.0,1050-08-01
3330,1048-49,3_2_2,3,Third,48.6,True,further_study,,further_study,,0.0,1050-08-01
3336,1048-49,1_1_3,1,2:2,56.2,True,employed,non_professional,finance_and_banking,3.0,7.0,1050-08-01
3351,1048-49,2_3_9,2,2:1,67.6,False,,,,,,1050-08-01
3359,1048-49,2_4_12,2,First,80.7,False,,,,,,1050-08-01
336,1048-49,1_1_1,1,2:2,58.7,True,unemployed,,,,19.0,1050-08-01
3362,1048-49,1_1_5,1,2:1,61.1,True,further_study,,further_study,,2.0,1050-08-01
3366,1048-49,2_4_10,2,Third,49.2,True,employed,professional,design_and_media,3.0,7.0,1050-08-01
3373,1048-49,2_3_9,2,2:1,60.1,True,further_study,,further_study,,4.0,1050-08-01
3374,1048-49,2_4_12,2,2:2,50.4,False,,,,,,1050-08-01
338,1048-49,2_3_7,2,2:2,57.6,True,employed,professional,architecture_and_built_environment,3.0,4.0,1050-08-01
3386,1048-49,2_2_4,2,Third,47.4,True,employed,non_professional,craft_and_making,2.0,6.0,1050-08-01
3395,1048-49,2_2_5,2,First,72.3,True,employed,professional,design_and_media,5.0,3.0,1050-08-01
3401,1048-49,4_2_12,4,2:2,56.3,False,,,,,,1050-08-01
3407,1048-49,2_2_2,2,2:1,62.4,True,employed,professional,craft_and_making,4.0,2.0,1050-08-01
3408,1048-49,2_4_12,2,2:2,52.8,False,,,,,,1050-08-01
3409,1048-49,2_4_10,2,2:2,55.6,False,,,,,,1050-08-01
3410,1048-49,2_4_12,2,2:2,53.4,True,employed,non_professional,creative_industries,2.0,1.0,1050-08-01
3422,1048-49,1_1_1,1,2:2,58.9,False,,,,,,1050-08-01
3425,1048-49,1_1_1,1,2:1,67.0,False,,,,,,1050-08-01
3427,1048-49,4_2_12,4,First,72.6,True,employed,professional,public_health,5.0,6.0,1050-08-01
3431,1048-49,3_2_2,3,2:2,53.4,True,unemployed,,,,18.0,1050-08-01
3432,1048-49,1_1_5,1,2:2,53.4,False,,,,,,1050-08-01
3433,1048-49,2_3_9,2,2:2,55.0,False,,,,,,1050-08-01
3436,1048-49,2_2_6,2,2:1,65.8,True,further_study,,further_study,,5.0,1050-08-01
3440,1048-49,1_1_2,1,2:2,50.8,False,,,,,,1050-08-01
3442,1048-49,2_2_3,2,2:2,56.1,True,employed,non_professional,architecture_and_built_environment,3.0,4.0,1050-08-01
3445,1048-49,1_1_3,1,2:1,69.7,False,,,,,,1050-08-01
3448,1048-49,3_2_2,3,2:2,56.2,True,employed,non_professional,media_and_communications,2.0,5.0,1050-08-01
3452,1048-49,2_2_3,2,2:1,63.0,False,,,,,,1050-08-01
3457,1048-49,4_2_12,4,Third,42.0,True,further_study,,further_study,,2.0,1050-08-01
3470,1048-49,3_2_2,3,2:2,53.3,True,employed,non_professional,ngo_and_charity,2.0,1.0,1050-08-01
3476,1048-49,2_2_5,2,2:2,59.2,True,employed,non_professional,craft_and_making,1.0,4.0,1050-08-01
3481,1048-49,2_4_10,2,First,70.0,False,,,,,,1050-08-01
3483,1048-49,3_2_2,3,2:1,62.0,False,,,,,,1050-08-01
3486,1048-49,1_1_4,1,2:1,65.5,False,,,,,,1050-08-01
3492,1048-49,2_2_2,2,2:2,58.9,True,unemployed,,,,18.0,1050-08-01
3494,1048-49,2_3_8,2,2:2,59.8,True,employed,non_professional,creative_industries,3.0,6.0,1050-08-01
3498,1048-49,2_2_4,2,2:2,54.6,False,,,,,,1050-08-01
3509,1048-49,2_1_1,2,First,74.2,True,employed,professional,design_and_media,5.0,6.0,1050-08-01
3528,1048-49,1_1_4,1,Third,48.7,True,further_study,,further_study,,4.0,1050-08-01
3538,1048-49,1_2_1,1,2:1,68.4,True,unknown,,,,13.0,1050-08-01
3540,1048-49,1_1_4,1,2:2,55.5,True,employed,professional,legal_services,3.0,5.0,1050-08-01
3544,1048-49,2_4_11,2,2:2,55.5,True,employed,professional,creative_industries,3.0,5.0,1050-08-01
355,1048-49,2_1_1,2,2:1,61.5,False,,,,,,1050-08-01
3554,1048-49,3_1_1,3,2:2,51.0,True,employed,non_professional,education,2.0,9.0,1050-08-01
3557,1048-49,2_4_12,2,2:1,67.0,True,employed,professional,heritage_and_curation,5.0,6.0,1050-08-01
3560,1048-49,3_2_2,3,2:2,58.6,False,,,,,,1050-08-01
3564,1048-49,2_3_7,2,2:2,58.4,True,further_study,,further_study,,2.0,1050-08-01
358,1048-49,3_2_2,3,2:2,54.4,False,,,,,,1050-08-01
3581,1048-49,2_3_8,2,2:1,67.5,True,employed,non_professional,heritage_and_curation,4.0,8.0,1050-08-01
3593,1048-49,2_3_7,2,2:2,52.6,False,,,,,,1050-08-01
3594,1048-49,2_4_10,2,First,70.8,False,,,,,,1050-08-01
3598,1048-49,2_1_1,2,2:2,52.9,True,employed,non_professional,heritage_and_curation,2.0,3.0,1050-08-01
36,1048-49,2_4_12,2,2:2,54.4,True,employed,professional,creative_industries,4.0,3.0,1050-08-01
3601,1048-49,1_1_1,1,First,76.6,False,,,,,,1050-08-01
3621,1048-49,2_2_5,2,2:1,60.1,True,unemployed,,,,13.0,1050-08-01
3627,1048-49,1_1_5,1,2:2,57.0,True,employed,professional,management_consulting,2.0,7.0,1050-08-01
3631,1048-49,2_2_6,2,2:2,56.2,True,employed,non_professional,craft_and_making,2.0,3.0,1050-08-01
3645,1048-49,2_2_4,2,2:1,61.1,False,,,,,,1050-08-01
3648,1048-49,2_1_1,2,2:1,61.9,False,,,,,,1050-08-01
3653,1048-49,3_2_2,3,2:1,67.3,True,employed,professional,public_sector_and_civil_service,4.0,8.0,1050-08-01
3658,1048-49,1_1_3,1,2:2,59.8,True,employed,professional,human_resources,2.0,5.0,1050-08-01
3660,1048-49,2_2_2,2,Third,47.5,True,employed,non_professional,design_and_media,2.0,10.0,1050-08-01
3661,1048-49,2_2_3,2,First,73.6,False,,,,,,1050-08-01
3668,1048-49,2_4_11,2,2:2,52.3,False,,,,,,1050-08-01
3681,1048-49,3_1_1,3,2:1,67.8,False,,,,,,1050-08-01
3685,1048-49,4_2_12,4,First,79.0,True,further_study,,further_study,,3.0,1050-08-01
3703,1048-49,1_1_1,1,First,70.0,True,unemployed,,,,19.0,1050-08-01
3704,1048-49,4_2_12,4,2:1,69.5,False,,,,,,1050-08-01
3709,1048-49,2_2_4,2,2:1,65.9,True,employed,professional,craft_and_making,4.0,7.0,1050-08-01
3714,1048-49,1_2_1,1,2:2,53.9,True,further_study,,further_study,,5.0,1050-08-01
3715,1048-49,2_4_12,2,2:2,59.3,True,employed,non_professional,heritage_and_curation,2.0,1.0,1050-08-01
3730,1048-49,2_2_3,2,2:1,63.1,True,employed,non_professional,architecture_and_built_environment,2.0,2.0,1050-08-01
3731,1048-49,1_1_4,1,First,70.9,True,employed,professional,management_consulting,5.0,3.0,1050-08-01
3734,1048-49,2_1_1,2,2:1,63.5,False,,,,,,1050-08-01
374,1048-49,2_2_2,2,2:1,67.0,False,,,,,,1050-08-01
3740,1048-49,2_2_2,2,2:2,50.1,False,,,,,,1050-08-01
3742,1048-49,1_1_5,1,2:2,52.2,False,,,,,,1050-08-01
3743,1048-49,1_1_2,1,2:1,60.4,True,further_study,,further_study,,2.0,1050-08-01
3746,1048-49,1_1_4,1,2:1,61.7,False,,,,,,1050-08-01
3748,1048-49,2_3_7,2,2:2,56.2,True,employed,professional,architecture_and_built_environment,3.0,3.0,1050-08-01
3756,1048-49,2_1_1,2,2:2,51.8,False,,,,,,1050-08-01
3757,1048-49,2_2_2,2,2:2,52.6,False,,,,,,1050-08-01
3764,1048-49,3_2_2,3,Third,48.9,False,,,,,,1050-08-01
3777,1048-49,3_1_1,3,2:2,54.2,False,,,,,,1050-08-01
3778,1048-49,2_2_2,2,2:1,65.5,True,employed,professional,heritage_and_curation,5.0,8.0,1050-08-01
378,1048-49,2_2_6,2,2:2,52.9,True,employed,non_professional,architecture_and_built_environment,1.0,3.0,1050-08-01
3780,1048-49,1_1_3,1,2:2,52.7,True,employed,non_professional,hospitality_and_tourism,2.0,2.0,1050-08-01
3783,1048-49,2_2_2,2,2:1,65.3,True,employed,professional,craft_and_making,5.0,9.0,1050-08-01
3785,1048-49,1_1_4,1,2:2,57.7,False,,,,,,1050-08-01
3798,1048-49,2_2_6,2,2:2,56.3,False,,,,,,1050-08-01
38,1048-49,1_2_1,1,2:1,60.6,True,employed,professional,management_consulting,3.0,2.0,1050-08-01
3806,1048-49,4_2_12,4,2:1,66.8,False,,,,,,1050-08-01
3807,1048-49,1_1_5,1,2:2,55.7,True,employed,professional,hospitality_and_tourism,3.0,4.0,1050-08-01
3810,1048-49,2_3_8,2,First,73.0,True,employed,non_professional,heritage_and_curation,5.0,3.0,1050-08-01
3811,1048-49,2_2_5,2,2:1,61.3,True,further_study,,further_study,,2.0,1050-08-01
3813,1048-49,1_1_3,1,2:1,69.5,True,employed,professional,finance_and_banking,5.0,7.0,1050-08-01
3817,1048-49,2_1_1,2,2:1,62.3,True,employed,non_professional,creative_industries,3.0,5.0,1050-08-01
3819,1048-49,2_2_2,2,Third,48.0,False,,,,,,1050-08-01
382,1048-49,2_2_3,2,2:2,56.4,True,further_study,,further_study,,1.0,1050-08-01
3823,1048-49,2_2_2,2,2:1,60.6,True,employed,professional,creative_industries,4.0,11.0,1050-08-01
383,1048-49,1_1_5,1,Third,48.5,False,,,,,,1050-08-01
3835,1048-49,1_1_4,1,2:2,59.1,True,employed,professional,finance_and_banking,3.0,9.0,1050-08-01
3837,1048-49,4_2_12,4,2:2,55.7,False,,,,,,1050-08-01
3839,1048-49,2_1_1,2,2:1,67.4,True,employed,professional,craft_and_making,4.0,1.0,1050-08-01
3841,1048-49,1_1_1,1,2:1,60.5,True,further_study,,further_study,,2.0,1050-08-01
3844,1048-49,2_2_2,2,2:2,53.5,True,employed,professional,craft_and_making,3.0,9.0,1050-08-01
3845,1048-49,1_1_2,1,First,71.1,False,,,,,,1050-08-01
3846,1048-49,2_3_8,2,First,70.1,False,,,,,,1050-08-01
3850,1048-49,2_2_6,2,2:1,61.8,True,employed,professional,creative_industries,4.0,3.0,1050-08-01
3868,1048-49,2_3_9,2,2:2,59.3,True,employed,non_professional,heritage_and_curation,1.0,3.0,1050-08-01
3873,1048-49,2_2_3,2,2:2,57.4,True,employed,non_professional,heritage_and_curation,2.0,8.0,1050-08-01
3881,1048-49,1_1_4,1,2:2,60.0,True,employed,non_professional,management_consulting,2.0,5.0,1050-08-01
389,1048-49,1_1_1,1,2:2,56.4,True,further_study,,further_study,,1.0,1050-08-01
3893,1048-49,2_2_5,2,2:2,56.9,True,employed,professional,design_and_media,3.0,3.0,1050-08-01
3895,1048-49,2_3_8,2,2:2,53.3,True,employed,professional,design_and_media,3.0,2.0,1050-08-01
3899,1048-49,2_2_4,2,2:1,63.6,True,employed,professional,design_and_media,4.0,6.0,1050-08-01
390,1048-49,1_2_1,1,2:2,57.5,True,unemployed,,,,13.0,1050-08-01
3902,1048-49,1_1_3,1,Third,47.2,False,,,,,,1050-08-01
3905,1048-49,2_2_3,2,2:1,64.3,False,,,,,,1050-08-01
3912,1048-49,2_2_6,2,2:2,50.1,True,employed,professional,heritage_and_curation,3.0,3.0,1050-08-01
3917,1048-49,3_1_1,3,2:2,54.0,False,,,,,,1050-08-01
392,1048-49,2_2_2,2,2:2,53.2,True,further_study,,further_study,,3.0,1050-08-01
3924,1048-49,4_2_12,4,2:1,61.1,True,further_study,,further_study,,3.0,1050-08-01
3925,1048-49,4_2_12,4,2:1,65.4,True,employed,professional,healthcare_and_nhs,4.0,6.0,1050-08-01
3926,1048-49,1_1_3,1,2:2,52.5,True,employed,professional,finance_and_banking,4.0,8.0,1050-08-01
3929,1048-49,1_1_5,1,2:2,59.0,True,employed,professional,human_resources,3.0,1.0,1050-08-01
3932,1048-49,1_1_5,1,2:1,64.6,True,unemployed,,,,23.0,1050-08-01
3933,1048-49,1_1_4,1,2:1,68.2,False,,,,,,1050-08-01
3936,1048-49,3_2_2,3,2:1,61.0,False,,,,,,1050-08-01
3937,1048-49,4_2_12,4,Third,40.5,True,unemployed,,,,20.0,1050-08-01
394,1048-49,2_4_11,2,2:1,67.7,True,unemployed,,,,17.0,1050-08-01
3954,1048-49,1_1_2,1,2:2,53.2,True,employed,professional,human_resources,2.0,4.0,1050-08-01
3962,1048-49,2_2_5,2,2:1,65.1,True,unemployed,,,,12.0,1050-08-01
3964,1048-49,2_4_12,2,2:1,67.6,False,,,,,,1050-08-01
3966,1048-49,3_2_2,3,2:2,54.9,True,further_study,,further_study,,0.0,1050-08-01
3969,1048-49,2_3_9,2,First,75.0,True,further_study,,further_study,,3.0,1050-08-01
397,1048-49,2_3_8,2,Third,44.5,True,unemployed,,,,18.0,1050-08-01
3973,1048-49,2_3_8,2,First,75.1,True,employed,professional,creative_industries,5.0,2.0,1050-08-01
3974,1048-49,2_2_6,2,2:2,55.5,True,employed,professional,architecture_and_built_environment,2.0,3.0,1050-08-01
3977,1048-49,4_2_12,4,First,70.7,True,employed,professional,allied_health_professions,5.0,8.0,1050-08-01
3980,1048-49,2_3_8,2,2:1,62.2,True,further_study,,further_study,,2.0,1050-08-01
3981,1048-49,1_2_1,1,2:2,53.1,False,,,,,,1050-08-01
3982,1048-49,1_1_3,1,First,77.3,False,,,,,,1050-08-01
3986,1048-49,4_2_12,4,Third,46.1,False,,,,,,1050-08-01
3987,1048-49,2_4_10,2,First,72.8,False,,,,,,1050-08-01
3990,1048-49,1_1_2,1,2:1,63.8,True,further_study,,further_study,,1.0,1050-08-01
3994,1048-49,1_1_3,1,2:1,65.5,True,employed,professional,human_resources,5.0,4.0,1050-08-01
3996,1048-49,2_2_2,2,2:1,63.4,True,employed,professional,creative_industries,4.0,2.0,1050-08-01
3998,1048-49,1_2_1,1,2:2,57.7,True,further_study,,further_study,,1.0,1050-08-01
400,1048-49,2_2_5,2,2:2,59.8,True,further_study,,further_study,,1.0,1050-08-01
4007,1048-49,4_2_12,4,2:1,63.7,True,further_study,,further_study,,2.0,1050-08-01
4008,1048-49,4_2_12,4,Third,44.8,False,,,,,,1050-08-01
4009,1048-49,2_2_6,2,2:1,69.5,True,employed,non_professional,creative_industries,4.0,6.0,1050-08-01
4010,1048-49,4_2_12,4,First,70.6,True,employed,professional,public_health,5.0,4.0,1050-08-01
4014,1048-49,2_2_4,2,2:2,54.0,False,,,,,,1050-08-01
4015,1048-49,2_2_5,2,2:2,53.9,False,,,,,,1050-08-01
4019,1048-49,2_2_4,2,2:2,54.2,True,unknown,,,,13.0,1050-08-01
4023,1048-49,2_4_12,2,2:1,61.6,True,employed,non_professional,architecture_and_built_environment,3.0,2.0,1050-08-01
4025,1048-49,2_2_3,2,2:1,63.5,True,unemployed,,,,15.0,1050-08-01
4034,1048-49,1_1_4,1,First,70.6,False,,,,,,1050-08-01
4035,1048-49,4_2_12,4,First,73.4,False,,,,,,1050-08-01
4045,1048-49,2_4_10,2,First,72.2,True,employed,non_professional,craft_and_making,5.0,4.0,1050-08-01
4052,1048-49,2_4_11,2,2:1,60.4,True,employed,non_professional,craft_and_making,3.0,2.0,1050-08-01
4061,1048-49,1_1_2,1,2:2,54.9,False,,,,,,1050-08-01
4067,1048-49,2_4_11,2,2:1,67.6,True,employed,non_professional,creative_industries,3.0,10.0,1050-08-01
4071,1048-49,4_2_12,4,2:2,58.8,True,employed,professional,education,4.0,5.0,1050-08-01
4076,1048-49,2_4_12,2,2:1,67.3,True,employed,non_professional,creative_industries,3.0,10.0,1050-08-01
4077,1048-49,2_2_6,2,First,75.9,True,employed,professional,craft_and_making,5.0,1.0,1050-08-01
4081,1048-49,2_2_4,2,Third,49.1,True,employed,non_professional,design_and_media,1.0,0.0,1050-08-01
4083,1048-49,1_1_1,1,2:1,63.1,True,further_study,,further_study,,4.0,1050-08-01
4084,1048-49,2_2_6,2,2:1,68.3,True,unknown,,,,14.0,1050-08-01
4089,1048-49,2_4_12,2,First,71.7,True,employed,non_professional,craft_and_making,4.0,8.0,1050-08-01
4099,1048-49,1_1_2,1,2:2,56.4,False,,,,,,1050-08-01
410,1048-49,1_2_1,1,2:2,57.8,True,employed,professional,management_consulting,3.0,10.0,1050-08-01
4101,1048-49,2_2_2,2,2:2,52.4,True,employed,professional,creative_industries,3.0,6.0,1050-08-01
4108,1048-49,2_2_2,2,2:1,68.5,True,employed,non_professional,creative_industries,3.0,8.0,1050-08-01
411,1048-49,1_1_2,1,First,70.6,True,unemployed,,,,19.0,1050-08-01
4112,1048-49,4_2_12,4,First,85.2,True,employed,professional,public_health,5.0,3.0,1050-08-01
4113,1048-49,1_1_1,1,2:1,61.7,True,employed,professional,finance_and_banking,4.0,5.0,1050-08-01
4115,1048-49,2_2_3,2,2:1,69.2,False,,,,,,1050-08-01
4119,1048-49,3_1_1,3,First,70.2,True,unemployed,,,,16.0,1050-08-01
412,1048-49,2_4_12,2,2:2,52.7,True,unemployed,,,,14.0,1050-08-01
4127,1048-49,2_3_8,2,2:2,56.9,True,employed,non_professional,craft_and_making,2.0,2.0,1050-08-01
413,1048-49,1_1_3,1,2:2,54.8,True,further_study,,further_study,,1.0,1050-08-01
4130,1048-49,1_1_2,1,2:1,69.9,False,,,,,,1050-08-01
4133,1048-49,4_2_12,4,Third,43.6,True,unknown,,,,6.0,1050-08-01
4136,1048-49,3_2_2,3,2:2,53.1,False,,,,,,1050-08-01
4142,1048-49,2_1_1,2,2:1,65.0,True,further_study,,further_study,,4.0,1050-08-01
4161,1048-49,2_3_8,2,2:1,60.5,True,unemployed,,,,17.0,1050-08-01
4163,1048-49,2_2_3,2,2:2,55.3,True,employed,non_professional,heritage_and_curation,2.0,3.0,1050-08-01
4164,1048-49,1_1_5,1,2:1,69.2,False,,,,,,1050-08-01
4173,1048-49,4_2_12,4,2:1,67.7,True,employed,professional,public_health,4.0,3.0,1050-08-01
4175,1048-49,3_2_2,3,2:1,66.8,True,further_study,,further_study,,5.0,1050-08-01
4177,1048-49,2_3_8,2,2:1,60.5,True,employed,professional,craft_and_making,2.0,5.0,1050-08-01
4182,1048-49,2_2_3,2,2:1,64.4,True,employed,professional,heritage_and_curation,4.0,6.0,1050-08-01
4186,1048-49,4_2_12,4,First,74.2,True,further_study,,further_study,,1.0,1050-08-01
419,1048-49,2_4_11,2,2:1,67.1,True,employed,professional,architecture_and_built_environment,5.0,4.0,1050-08-01
4193,1048-49,2_3_8,2,2:2,50.2,False,,,,,,1050-08-01
4200,1048-49,3_2_2,3,2:1,64.5,True,employed,non_professional,public_sector_and_civil_service,3.0,8.0,1050-08-01
4204,1048-49,2_2_2,2,2:2,53.4,True,employed,non_professional,creative_industries,1.0,4.0,1050-08-01
4206,1048-49,1_1_2,1,2:2,50.0,False,,,,,,1050-08-01
421,1048-49,1_1_1,1,Third,48.6,True,employed,professional,human_resources,1.0,12.0,1050-08-01
422,1048-49,1_1_2,1,2:1,67.3,True,employed,professional,management_consulting,4.0,3.0,1050-08-01
4226,1048-49,2_1_1,2,2:1,62.6,False,,,,,,1050-08-01
4229,1048-49,2_1_1,2,First,78.4,True,employed,professional,design_and_media,5.0,3.0,1050-08-01
4230,1048-49,2_2_5,2,Third,47.5,True,employed,non_professional,creative_industries,2.0,8.0,1050-08-01
4236,1048-49,1_1_1,1,2:1,63.6,False,,,,,,1050-08-01
4240,1048-49,1_1_1,1,2:1,67.3,False,,,,,,1050-08-01
4241,1048-49,2_4_12,2,2:1,65.8,True,employed,professional,creative_industries,4.0,6.0,1050-08-01
4242,1048-49,1_1_3,1,2:2,59.0,True,employed,non_professional,hospitality_and_tourism,2.0,4.0,1050-08-01
4247,1048-49,2_3_7,2,2:1,64.3,False,,,,,,1050-08-01
4254,1048-49,3_2_2,3,2:1,61.7,True,employed,professional,ngo_and_charity,4.0,4.0,1050-08-01
4256,1048-49,2_4_12,2,2:2,56.3,True,employed,non_professional,creative_industries,2.0,1.0,1050-08-01
426,1048-49,4_2_12,4,First,73.8,False,,,,,,1050-08-01
4260,1048-49,1_1_4,1,2:2,58.3,True,employed,professional,finance_and_banking,3.0,6.0,1050-08-01
4269,1048-49,2_4_10,2,2:1,61.9,True,employed,professional,design_and_media,3.0,5.0,1050-08-01
4270,1048-49,2_2_5,2,2:1,60.6,True,further_study,,further_study,,4.0,1050-08-01
4276,1048-49,2_2_4,2,2:2,56.9,True,unemployed,,,,12.0,1050-08-01
4289,1048-49,2_2_5,2,2:2,55.5,False,,,,,,1050-08-01
4297,1048-49,2_4_10,2,2:2,50.0,True,further_study,,further_study,,1.0,1050-08-01
430,1048-49,1_1_3,1,2:1,60.9,True,employed,professional,hospitality_and_tourism,4.0,6.0,1050-08-01
4300,1048-49,2_2_2,2,2:1,61.3,True,employed,non_professional,heritage_and_curation,3.0,4.0,1050-08-01
4304,1048-49,2_3_7,2,2:2,58.4,True,further_study,,further_study,,1.0,1050-08-01
4309,1048-49,2_2_5,2,Third,49.0,True,employed,non_professional,heritage_and_curation,2.0,2.0,1050-08-01
4321,1048-49,1_1_1,1,2:1,61.6,False,,,,,,1050-08-01
4324,1048-49,1_1_3,1,2:1,68.0,True,employed,professional,hospitality_and_tourism,4.0,1.0,1050-08-01
4326,1048-49,1_1_2,1,First,74.8,True,further_study,,further_study,,1.0,1050-08-01
433,1048-49,2_2_5,2,2:1,60.3,True,employed,professional,design_and_media,5.0,3.0,1050-08-01
4332,1048-49,2_2_5,2,2:1,61.1,True,further_study,,further_study,,2.0,1050-08-01
4344,1048-49,2_4_12,2,2:2,59.3,False,,,,,,1050-08-01
4347,1048-49,1_1_5,1,2:1,64.5,False,,,,,,1050-08-01
4349,1048-49,1_1_1,1,First,79.3,False,,,,,,1050-08-01
4353,1048-49,4_2_12,4,2:1,69.2,True,unemployed,,,,21.0,1050-08-01
4355,1048-49,1_2_1,1,2:2,58.5,False,,,,,,1050-08-01
4357,1048-49,2_2_6,2,First,75.2,True,employed,professional,creative_industries,5.0,7.0,1050-08-01
4359,1048-49,2_4_12,2,2:2,51.2,True,further_study,,further_study,,3.0,1050-08-01
4361,1048-49,2_3_8,2,2:2,51.8,True,employed,non_professional,creative_industries,2.0,8.0,1050-08-01
4363,1048-49,2_1_1,2,Third,45.6,False,,,,,,1050-08-01
4366,1048-49,2_3_9,2,2:1,60.1,True,further_study,,further_study,,3.0,1050-08-01
4372,1048-49,1_1_4,1,2:2,59.4,False,,,,,,1050-08-01
4380,1048-49,2_4_12,2,2:2,54.0,True,employed,non_professional,craft_and_making,2.0,0.0,1050-08-01
4390,1048-49,2_3_8,2,2:2,58.4,True,employed,non_professional,creative_industries,3.0,3.0,1050-08-01
4393,1048-49,2_4_12,2,2:1,64.3,False,,,,,,1050-08-01
4400,1048-49,1_1_4,1,2:1,63.3,False,,,,,,1050-08-01
4406,1048-49,1_1_2,1,2:2,59.2,True,employed,professional,finance_and_banking,4.0,7.0,1050-08-01
4413,1048-49,1_2_1,1,2:2,58.6,False,,,,,,1050-08-01
4416,1048-49,4_2_12,4,2:2,55.2,True,further_study,,further_study,,4.0,1050-08-01
442,1048-49,2_2_4,2,2:1,61.8,False,,,,,,1050-08-01
4420,1048-49,2_4_10,2,2:2,55.0,True,employed,non_professional,design_and_media,3.0,5.0,1050-08-01
4433,1048-49,2_2_4,2,2:1,66.0,False,,,,,,1050-08-01
4436,1048-49,4_2_12,4,2:1,60.3,True,unemployed,,,,17.0,1050-08-01
4437,1048-49,2_3_9,2,2:2,58.7,False,,,,,,1050-08-01
4438,1048-49,2_2_2,2,2:1,69.9,False,,,,,,1050-08-01
4439,1048-49,2_3_8,2,2:2,58.0,True,unemployed,,,,13.0,1050-08-01
4446,1048-49,2_2_3,2,First,71.3,True,employed,professional,design_and_media,5.0,6.0,1050-08-01
4461,1048-49,1_1_3,1,2:1,67.8,True,employed,non_professional,human_resources,4.0,2.0,1050-08-01
4465,1048-49,2_4_10,2,2:2,55.9,True,unemployed,,,,10.0,1050-08-01
4466,1048-49,4_2_12,4,Third,41.6,True,further_study,,further_study,,4.0,1050-08-01
447,1048-49,2_4_10,2,2:1,61.7,True,employed,professional,architecture_and_built_environment,4.0,4.0,1050-08-01
4471,1048-49,2_2_6,2,2:1,62.2,False,,,,,,1050-08-01
4479,1048-49,2_2_5,2,2:2,59.3,False,,,,,,1050-08-01
4480,1048-49,1_1_4,1,2:2,51.2,False,,,,,,1050-08-01
4481,1048-49,2_2_4,2,2:2,57.1,True,unemployed,,,,19.0,1050-08-01
4498,1048-49,2_2_6,2,2:2,58.6,True,unknown,,,,11.0,1050-08-01
45,1048-49,2_1_1,2,First,70.1,False,,,,,,1050-08-01
4500,1048-49,2_2_5,2,2:1,66.5,True,further_study,,further_study,,1.0,1050-08-01
4503,1048-49,1_1_2,1,2:1,61.7,False,,,,,,1050-08-01
4511,1048-49,1_1_5,1,First,70.4,True,employed,professional,legal_services,5.0,4.0,1050-08-01
4513,1048-49,2_3_7,2,2:2,55.2,True,employed,non_professional,heritage_and_curation,2.0,3.0,1050-08-01
4516,1048-49,2_3_9,2,2:2,58.6,True,employed,non_professional,design_and_media,2.0,1.0,1050-08-01
4517,1048-49,1_1_5,1,2:1,68.1,True,unknown,,,,8.0,1050-08-01
452,1048-49,2_4_11,2,Third,46.5,True,unknown,,,,4.0,1050-08-01
4525,1048-49,1_1_2,1,2:1,62.6,True,further_study,,further_study,,1.0,1050-08-01
453,1048-49,2_3_7,2,2:1,62.3,True,further_study,,further_study,,6.0,1050-08-01
4534,1048-49,2_4_10,2,2:1,64.1,True,employed,professional,heritage_and_curation,4.0,3.0,1050-08-01
4535,1048-49,4_2_12,4,Third,46.0,True,employed,professional,education,3.0,3.0,1050-08-01
4536,1048-49,1_1_3,1,Third,48.8,True,employed,professional,human_resources,2.0,8.0,1050-08-01
4537,1048-49,2_4_12,2,2:2,53.3,True,further_study,,further_study,,2.0,1050-08-01
4538,1048-49,2_4_10,2,2:2,55.8,True,employed,professional,heritage_and_curation,3.0,5.0,1050-08-01
4539,1048-49,2_2_6,2,2:2,58.6,False,,,,,,1050-08-01
454,1048-49,1_1_3,1,2:2,52.1,False,,,,,,1050-08-01
4540,1048-49,2_3_7,2,2:1,61.2,True,employed,professional,craft_and_making,4.0,6.0,1050-08-01
4541,1048-49,2_4_10,2,First,71.5,True,employed,professional,heritage_and_curation,5.0,8.0,1050-08-01
4552,1048-49,1_1_2,1,First,71.5,False,,,,,,1050-08-01
4553,1048-49,1_1_2,1,2:1,60.5,True,further_study,,further_study,,5.0,1050-08-01
456,1048-49,1_2_1,1,2:2,51.2,True,unemployed,,,,12.0,1050-08-01
4562,1048-49,1_1_2,1,2:2,59.6,True,employed,professional,finance_and_banking,3.0,2.0,1050-08-01
457,1048-49,2_2_2,2,2:1,61.2,True,further_study,,further_study,,2.0,1050-08-01
4570,1048-49,2_3_8,2,First,71.2,True,employed,professional,architecture_and_built_environment,5.0,8.0,1050-08-01
4584,1048-49,2_4_12,2,2:2,55.0,True,employed,professional,craft_and_making,2.0,2.0,1050-08-01
4585,1048-49,2_3_7,2,2:2,53.0,False,,,,,,1050-08-01
4591,1048-49,2_3_7,2,2:1,68.2,True,employed,professional,heritage_and_curation,4.0,8.0,1050-08-01
4598,1048-49,2_3_7,2,2:2,57.2,False,,,,,,1050-08-01
4599,1048-49,1_1_5,1,2:2,52.0,True,employed,non_professional,human_resources,2.0,6.0,1050-08-01
46,1048-49,2_3_7,2,2:1,66.0,False,,,,,,1050-08-01
4602,1048-49,2_4_12,2,2:2,55.2,True,employed,non_professional,architecture_and_built_environment,2.0,3.0,1050-08-01
4605,1048-49,2_2_3,2,2:1,60.2,False,,,,,,1050-08-01
4614,1048-49,1_1_5,1,2:2,59.5,True,further_study,,further_study,,4.0,1050-08-01
4618,1048-49,2_1_1,2,2:2,56.9,True,employed,professional,architecture_and_built_environment,2.0,3.0,1050-08-01
462,1048-49,2_4_12,2,2:2,59.7,True,unemployed,,,,18.0,1050-08-01
4620,1048-49,2_1_1,2,First,77.2,False,,,,,,1050-08-01
4628,1048-49,1_1_5,1,2:1,62.4,True,further_study,,further_study,,1.0,1050-08-01
463,1048-49,3_2_2,3,2:2,54.6,True,employed,professional,research_and_academia,3.0,7.0,1050-08-01
4635,1048-49,2_2_2,2,2:1,68.4,True,unemployed,,,,18.0,1050-08-01
4637,1048-49,1_1_4,1,2:1,60.4,False,,,,,,1050-08-01
4643,1048-49,1_1_3,1,2:2,59.5,True,unknown,,,,4.0,1050-08-01
4645,1048-49,2_3_8,2,2:1,60.1,False,,,,,,1050-08-01
4646,1048-49,2_1_1,2,2:1,61.6,False,,,,,,1050-08-01
4650,1048-49,2_4_12,2,2:1,63.8,True,employed,non_professional,architecture_and_built_environment,3.0,4.0,1050-08-01
4651,1048-49,2_2_5,2,First,70.1,True,further_study,,further_study,,4.0,1050-08-01
4655,1048-49,1_1_2,1,2:1,66.8,True,employed,professional,hospitality_and_tourism,3.0,8.0,1050-08-01
4658,1048-49,4_2_12,4,Third,42.8,True,employed,non_professional,social_care,2.0,1.0,1050-08-01
4660,1048-49,1_1_4,1,2:2,56.1,False,,,,,,1050-08-01
4661,1048-49,2_2_3,2,2:2,56.7,True,unknown,,,,5.0,1050-08-01
4662,1048-49,2_4_10,2,2:1,63.4,True,employed,professional,heritage_and_curation,4.0,8.0,1050-08-01
4663,1048-49,2_3_9,2,2:1,61.9,True,unemployed,,,,14.0,1050-08-01
4667,1048-49,1_1_2,1,2:1,63.2,True,employed,professional,hospitality_and_tourism,4.0,8.0,1050-08-01
4676,1048-49,2_1_1,2,2:1,61.1,True,employed,professional,heritage_and_curation,4.0,6.0,1050-08-01
4677,1048-49,4_2_12,4,First,84.6,True,employed,professional,social_care,4.0,4.0,1050-08-01
4679,1048-49,2_1_1,2,First,73.7,False,,,,,,1050-08-01
4690,1048-49,4_2_12,4,First,85.2,False,,,,,,1050-08-01
4694,1048-49,2_2_4,2,2:2,51.5,False,,,,,,1050-08-01
4697,1048-49,2_4_12,2,2:2,51.3,True,further_study,,further_study,,2.0,1050-08-01
4701,1048-49,1_2_1,1,2:1,62.8,True,unknown,,,,7.0,1050-08-01
4703,1048-49,1_1_4,1,2:1,65.9,True,further_study,,further_study,,2.0,1050-08-01
4704,1048-49,2_3_7,2,2:1,64.2,True,further_study,,further_study,,4.0,1050-08-01
4710,1048-49,2_4_11,2,2:1,60.4,True,employed,professional,creative_industries,3.0,6.0,1050-08-01
4722,1048-49,2_4_12,2,2:2,59.0,True,unemployed,,,,9.0,1050-08-01
4728,1048-49,2_4_12,2,2:1,61.5,True,unknown,,,,9.0,1050-08-01
474,1048-49,4_2_12,4,First,72.7,False,,,,,,1050-08-01
4740,1048-49,2_4_12,2,First,70.8,True,employed,non_professional,heritage_and_curation,4.0,1.0,1050-08-01
4747,1048-49,2_2_6,2,2:1,62.7,True,employed,professional,heritage_and_curation,3.0,3.0,1050-08-01
4749,1048-49,1_1_4,1,2:1,60.2,True,further_study,,further_study,,3.0,1050-08-01
475,1048-49,2_2_5,2,2:2,50.1,True,employed,non_professional,heritage_and_curation,1.0,10.0,1050-08-01
4752,1048-49,2_2_6,2,Third,49.9,False,,,,,,1050-08-01
4755,1048-49,1_2_1,1,2:1,60.2,True,employed,professional,human_resources,4.0,8.0,1050-08-01
4759,1048-49,2_2_4,2,Third,44.9,True,employed,non_professional,design_and_media,2.0,2.0,1050-08-01
4761,1048-49,1_1_4,1,2:2,59.7,True,further_study,,further_study,,1.0,1050-08-01
4767,1048-49,2_3_9,2,2:2,52.9,True,employed,non_professional,creative_industries,2.0,5.0,1050-08-01
4768,1048-49,1_1_1,1,2:1,62.9,True,unknown,,,,10.0,1050-08-01
4770,1048-49,2_2_2,2,2:1,68.7,True,employed,professional,creative_industries,4.0,1.0,1050-08-01
4771,1048-49,2_4_12,2,2:1,63.7,True,employed,non_professional,design_and_media,3.0,9.0,1050-08-01
478,1048-49,2_2_5,2,2:1,67.9,True,employed,professional,heritage_and_curation,3.0,4.0,1050-08-01
4785,1048-49,2_2_2,2,2:1,61.0,True,further_study,,further_study,,3.0,1050-08-01
4788,1048-49,2_2_4,2,2:2,56.2,True,further_study,,further_study,,4.0,1050-08-01
4789,1048-49,2_3_8,2,2:1,62.1,True,unemployed,,,,8.0,1050-08-01
4792,1048-49,2_2_5,2,2:1,62.4,True,unknown,,,,7.0,1050-08-01
48,1048-49,2_4_10,2,2:1,61.5,True,employed,professional,architecture_and_built_environment,4.0,2.0,1050-08-01
4800,1048-49,2_2_2,2,2:2,56.1,True,employed,professional,craft_and_making,3.0,5.0,1050-08-01
4804,1048-49,4_2_12,4,2:2,51.8,True,employed,professional,allied_health_professions,2.0,5.0,1050-08-01
4805,1048-49,2_1_1,2,2:1,62.0,False,,,,,,1050-08-01
4810,1048-49,2_4_12,2,2:2,50.5,True,employed,professional,design_and_media,3.0,4.0,1050-08-01
4811,1048-49,2_4_12,2,2:1,67.8,True,further_study,,further_study,,3.0,1050-08-01
4812,1048-49,2_3_9,2,2:1,62.4,True,employed,professional,craft_and_making,3.0,2.0,1050-08-01
4818,1048-49,3_2_2,3,2:2,51.4,False,,,,,,1050-08-01
483,1048-49,1_1_3,1,2:2,52.2,True,employed,professional,hospitality_and_tourism,3.0,1.0,1050-08-01
4831,1048-49,2_3_8,2,2:1,60.6,False,,,,,,1050-08-01
4835,1048-49,2_1_1,2,2:2,53.5,False,,,,,,1050-08-01
4846,1048-49,2_3_8,2,2:2,55.1,True,unemployed,,,,20.0,1050-08-01
4852,1048-49,1_1_4,1,2:1,65.9,True,unknown,,,,8.0,1050-08-01
4857,1048-49,2_3_7,2,2:1,64.3,True,further_study,,further_study,,3.0,1050-08-01
4861,1048-49,1_2_1,1,2:1,62.7,True,employed,professional,management_consulting,4.0,5.0,1050-08-01
4863,1048-49,2_2_5,2,2:2,52.5,True,unemployed,,,,13.0,1050-08-01
4865,1048-49,2_3_7,2,2:2,57.2,True,employed,professional,heritage_and_curation,2.0,4.0,1050-08-01
4868,1048-49,2_2_6,2,2:1,62.9,True,employed,professional,heritage_and_curation,4.0,9.0,1050-08-01
4869,1048-49,2_2_4,2,2:2,54.8,False,,,,,,1050-08-01
487,1048-49,2_2_3,2,First,73.5,True,employed,professional,architecture_and_built_environment,5.0,10.0,1050-08-01
4872,1048-49,2_2_3,2,2:1,65.6,True,employed,professional,creative_industries,4.0,7.0,1050-08-01
4877,1048-49,2_2_4,2,First,71.0,True,further_study,,further_study,,2.0,1050-08-01
488,1048-49,2_2_6,2,2:1,60.5,True,further_study,,further_study,,2.0,1050-08-01
4880,1048-49,2_3_9,2,First,74.1,True,employed,professional,creative_industries,5.0,2.0,1050-08-01
4891,1048-49,2_2_6,2,2:1,61.1,True,further_study,,further_study,,3.0,1050-08-01
4893,1048-49,2_2_5,2,Third,49.0,True,unknown,,,,7.0,1050-08-01
491,1048-49,2_2_2,2,2:1,63.9,True,unemployed,,,,14.0,1050-08-01
4910,1048-49,2_3_7,2,2:2,59.5,True,employed,non_professional,design_and_media,3.0,7.0,1050-08-01
4913,1048-49,1_1_3,1,2:1,66.3,True,unemployed,,,,16.0,1050-08-01
4914,1048-49,1_2_1,1,2:1,67.5,True,employed,professional,human_resources,4.0,6.0,1050-08-01
4920,1048-49,1_2_1,1,Third,49.1,False,,,,,,1050-08-01
4924,1048-49,4_2_12,4,First,70.6,True,employed,professional,social_care,4.0,2.0,1050-08-01
4927,1048-49,2_2_4,2,2:1,66.9,True,further_study,,further_study,,2.0,1050-08-01
4928,1048-49,3_2_2,3,2:1,69.9,True,employed,non_professional,research_and_academia,4.0,7.0,1050-08-01
4934,1048-49,2_3_7,2,2:2,51.3,False,,,,,,1050-08-01
4944,1048-49,2_4_12,2,First,74.9,False,,,,,,1050-08-01
4951,1048-49,1_1_3,1,2:2,57.0,True,employed,non_professional,management_consulting,2.0,5.0,1050-08-01
4954,1048-49,2_4_12,2,2:2,56.0,True,employed,non_professional,design_and_media,3.0,2.0,1050-08-01
4955,1048-49,3_2_2,3,2:1,66.7,True,further_study,,further_study,,2.0,1050-08-01
4965,1048-49,2_4_12,2,2:2,57.5,False,,,,,,1050-08-01
497,1048-49,1_1_5,1,2:1,63.8,True,employed,professional,management_consulting,4.0,2.0,1050-08-01
4970,1048-49,1_1_3,1,2:2,59.2,True,employed,professional,legal_services,3.0,9.0,1050-08-01
4971,1048-49,4_2_12,4,2:2,57.7,False,,,,,,1050-08-01
4972,1048-49,4_2_12,4,2:1,64.4,True,further_study,,further_study,,3.0,1050-08-01
4984,1048-49,2_2_4,2,2:2,53.4,True,unemployed,,,,14.0,1050-08-01
4988,1048-49,1_2_1,1,2:1,60.2,False,,,,,,1050-08-01
499,1048-49,2_2_6,2,2:1,64.8,True,employed,professional,craft_and_making,5.0,1.0,1050-08-01
4990,1048-49,1_1_4,1,2:1,65.7,False,,,,,,1050-08-01
4995,1048-49,1_1_1,1,2:1,64.3,False,,,,,,1050-08-01
4996,1048-49,2_2_4,2,Third,48.9,False,,,,,,1050-08-01
4998,1048-49,2_4_11,2,2:2,59.7,True,employed,non_professional,creative_industries,1.0,5.0,1050-08-01
503,1048-49,4_2_12,4,Third,44.8,False,,,,,,1050-08-01
506,1048-49,1_1_3,1,2:2,53.2,False,,,,,,1050-08-01
511,1048-49,3_2_2,3,2:1,67.6,True,unemployed,,,,13.0,1050-08-01
514,1048-49,2_3_8,2,2:2,52.8,False,,,,,,1050-08-01
519,1048-49,2_3_8,2,2:2,53.1,True,employed,non_professional,design_and_media,2.0,8.0,1050-08-01
525,1048-49,3_2_2,3,2:2,59.8,True,employed,non_professional,education,3.0,4.0,1050-08-01
540,1048-49,2_1_1,2,2:1,64.2,True,employed,professional,creative_industries,4.0,5.0,1050-08-01
55,1048-49,2_4_10,2,2:2,57.6,True,employed,professional,design_and_media,2.0,0.0,1050-08-01
552,1048-49,1_1_4,1,2:2,54.6,True,further_study,,further_study,,1.0,1050-08-01
553,1048-49,1_1_3,1,2:1,63.8,True,further_study,,further_study,,1.0,1050-08-01
554,1048-49,2_3_9,2,2:2,54.1,False,,,,,,1050-08-01
555,1048-49,2_3_8,2,2:1,64.7,False,,,,,,1050-08-01
56,1048-49,2_3_7,2,2:2,59.3,False,,,,,,1050-08-01
560,1048-49,2_1_1,2,2:1,67.1,False,,,,,,1050-08-01
562,1048-49,2_4_12,2,2:1,66.0,False,,,,,,1050-08-01
572,1048-49,2_2_3,2,2:1,63.0,True,employed,professional,creative_industries,4.0,4.0,1050-08-01
577,1048-49,3_2_2,3,2:1,70.0,False,,,,,,1050-08-01
581,1048-49,3_2_2,3,2:1,62.3,True,employed,non_professional,ngo_and_charity,3.0,4.0,1050-08-01
582,1048-49,2_2_4,2,2:1,60.8,True,employed,non_professional,craft_and_making,3.0,12.0,1050-08-01
584,1048-49,4_2_12,4,2:1,60.0,True,employed,professional,allied_health_professions,3.0,3.0,1050-08-01
589,1048-49,2_2_3,2,First,74.6,True,employed,non_professional,creative_industries,5.0,6.0,1050-08-01
598,1048-49,3_1_1,3,2:2,52.6,True,employed,non_professional,research_and_academia,1.0,4.0,1050-08-01
603,1048-49,1_1_4,1,2:1,64.5,True,employed,non_professional,finance_and_banking,2.0,3.0,1050-08-01
606,1048-49,2_3_7,2,2:1,63.0,True,employed,non_professional,heritage_and_curation,2.0,8.0,1050-08-01
611,1048-49,2_2_2,2,2:1,65.8,True,employed,professional,creative_industries,4.0,3.0,1050-08-01
612,1048-49,1_1_4,1,2:2,58.8,True,employed,professional,management_consulting,2.0,1.0,1050-08-01
613,1048-49,2_2_6,2,2:1,61.5,True,further_study,,further_study,,1.0,1050-08-01
635,1048-49,2_2_2,2,2:1,65.7,True,employed,professional,creative_industries,4.0,3.0,1050-08-01
638,1048-49,2_3_8,2,2:1,62.5,True,employed,professional,architecture_and_built_environment,4.0,5.0,1050-08-01
64,1048-49,4_2_12,4,2:1,62.6,True,further_study,,further_study,,5.0,1050-08-01
646,1048-49,2_3_7,2,2:2,53.6,True,further_study,,further_study,,3.0,1050-08-01
656,1048-49,2_2_3,2,2:2,58.2,True,employed,professional,heritage_and_curation,3.0,7.0,1050-08-01
66,1048-49,2_2_2,2,2:2,56.3,True,employed,non_professional,architecture_and_built_environment,2.0,5.0,1050-08-01
660,1048-49,2_3_9,2,First,74.5,True,employed,professional,heritage_and_curation,5.0,3.0,1050-08-01
661,1048-49,4_2_12,4,2:1,67.0,False,,,,,,1050-08-01
674,1048-49,1_2_1,1,Third,49.2,False,,,,,,1050-08-01
681,1048-49,1_1_3,1,2:1,68.5,True,employed,professional,hospitality_and_tourism,4.0,10.0,1050-08-01
685,1048-49,2_2_4,2,2:2,56.6,True,employed,non_professional,creative_industries,1.0,2.0,1050-08-01
694,1048-49,2_3_8,2,Third,48.4,False,,,,,,1050-08-01
697,1048-49,2_2_3,2,2:1,68.8,False,,,,,,1050-08-01
700,1048-49,2_2_3,2,2:2,51.9,False,,,,,,1050-08-01
712,1048-49,2_2_2,2,2:2,51.1,True,unemployed,,,,9.0,1050-08-01
719,1048-49,2_3_7,2,2:1,65.3,True,employed,professional,craft_and_making,4.0,4.0,1050-08-01
720,1048-49,1_2_1,1,Third,49.3,True,employed,professional,management_consulting,3.0,5.0,1050-08-01
726,1048-49,2_4_11,2,2:1,65.7,False,,,,,,1050-08-01
733,1048-49,2_4_12,2,2:1,63.8,True,employed,professional,design_and_media,4.0,3.0,1050-08-01
742,1048-49,1_1_3,1,2:1,62.9,True,employed,professional,management_consulting,4.0,5.0,1050-08-01
744,1048-49,1_1_4,1,First,75.8,False,,,,,,1050-08-01
747,1048-49,2_2_4,2,2:1,62.0,True,further_study,,further_study,,3.0,1050-08-01
756,1048-49,2_2_2,2,2:1,64.0,True,employed,non_professional,heritage_and_curation,4.0,3.0,1050-08-01
759,1048-49,2_4_10,2,2:2,56.8,True,further_study,,further_study,,1.0,1050-08-01
760,1048-49,1_1_2,1,First,71.1,True,employed,professional,human_resources,5.0,3.0,1050-08-01
762,1048-49,1_1_5,1,2:2,58.0,False,,,,,,1050-08-01
763,1048-49,2_4_10,2,Third,47.5,False,,,,,,1050-08-01
772,1048-49,2_2_2,2,2:2,59.9,True,employed,non_professional,architecture_and_built_environment,1.0,8.0,1050-08-01
779,1048-49,2_2_2,2,2:2,54.9,True,further_study,,further_study,,1.0,1050-08-01
798,1048-49,2_3_7,2,2:1,63.2,True,employed,professional,creative_industries,4.0,3.0,1050-08-01
802,1048-49,3_1_1,3,2:2,56.0,True,employed,non_professional,research_and_academia,2.0,1.0,1050-08-01
803,1048-49,2_4_10,2,2:1,66.9,True,employed,professional,design_and_media,3.0,10.0,1050-08-01
807,1048-49,1_1_4,1,2:2,55.3,True,employed,professional,finance_and_banking,2.0,5.0,1050-08-01
813,1048-49,2_4_12,2,2:2,54.9,False,,,,,,1050-08-01
820,1048-49,2_2_2,2,2:2,57.2,False,,,,,,1050-08-01
832,1048-49,2_2_4,2,2:2,56.6,True,unemployed,,,,14.0,1050-08-01
847,1048-49,2_3_8,2,2:1,67.2,False,,,,,,1050-08-01
85,1048-49,1_1_3,1,2:1,61.9,True,employed,professional,finance_and_banking,4.0,2.0,1050-08-01
852,1048-49,2_2_5,2,2:1,62.0,False,,,,,,1050-08-01
855,1048-49,1_1_5,1,2:2,53.3,True,employed,non_professional,finance_and_banking,3.0,4.0,1050-08-01
861,1048-49,2_1_1,2,2:1,63.6,True,employed,professional,creative_industries,4.0,2.0,1050-08-01
862,1048-49,2_2_3,2,2:2,58.9,True,employed,non_professional,architecture_and_built_environment,1.0,4.0,1050-08-01
863,1048-49,2_4_12,2,2:2,55.4,False,,,,,,1050-08-01
865,1048-49,2_3_9,2,2:1,63.2,True,employed,non_professional,design_and_media,3.0,7.0,1050-08-01
869,1048-49,2_2_2,2,First,72.2,False,,,,,,1050-08-01
870,1048-49,4_2_12,4,2:1,61.7,False,,,,,,1050-08-01
875,1048-49,2_1_1,2,2:1,62.0,True,employed,professional,heritage_and_curation,3.0,0.0,1050-08-01
876,1048-49,1_1_3,1,2:1,65.6,True,employed,professional,human_resources,4.0,4.0,1050-08-01
877,1048-49,2_4_10,2,2:1,62.4,True,unknown,,,,9.0,1050-08-01
881,1048-49,4_2_12,4,First,71.1,True,further_study,,further_study,,1.0,1050-08-01
883,1048-49,2_4_10,2,2:2,54.4,True,employed,professional,architecture_and_built_environment,2.0,2.0,1050-08-01
884,1048-49,2_3_9,2,First,72.6,True,further_study,,further_study,,2.0,1050-08-01
886,1048-49,4_2_12,4,2:2,55.4,False,,,,,,1050-08-01
894,1048-49,2_2_6,2,2:2,55.9,True,employed,professional,design_and_media,3.0,8.0,1050-08-01
896,1048-49,2_1_1,2,2:2,59.5,True,employed,non_professional,design_and_media,1.0,4.0,1050-08-01
898,1048-49,2_2_3,2,2:2,51.2,False,,,,,,1050-08-01
911,1048-49,2_2_4,2,2:2,54.9,False,,,,,,1050-08-01
914,1048-49,2_2_2,2,2:1,68.2,True,further_study,,further_study,,4.0,1050-08-01
920,1048-49,2_4_12,2,2:1,69.1,True,further_study,,further_study,,1.0,1050-08-01
924,1048-49,1_1_4,1,2:1,65.8,True,unknown,,,,13.0,1050-08-01
938,1048-49,2_2_6,2,2:1,67.4,False,,,,,,1050-08-01
942,1048-49,2_4_10,2,2:2,55.7,True,unknown,,,,14.0,1050-08-01
949,1048-49,2_4_10,2,2:1,65.5,True,employed,professional,heritage_and_curation,4.0,8.0,1050-08-01
956,1048-49,2_1_1,2,Third,46.2,False,,,,,,1050-08-01
959,1048-49,1_1_4,1,2:2,59.0,False,,,,,,1050-08-01
961,1048-49,2_2_4,2,2:2,50.4,True,employed,professional,architecture_and_built_environment,3.0,5.0,1050-08-01
962,1048-49,1_1_4,1,2:2,55.2,False,,,,,,1050-08-01
966,1048-49,2_2_5,2,2:2,55.5,False,,,,,,1050-08-01
968,1048-49,2_1_1,2,First,71.2,True,further_study,,further_study,,3.0,1050-08-01
973,1048-49,2_4_12,2,2:1,67.4,True,further_study,,further_study,,5.0,1050-08-01
977,1048-49,4_2_12,4,Third,40.7,False,,,,,,1050-08-01
985,1048-49,2_1_1,2,2:1,69.2,True,unknown,,,,5.0,1050-08-01
987,1048-49,2_3_7,2,First,70.1,True,employed,professional,heritage_and_curation,5.0,3.0,1050-08-01
989,1048-49,1_2_1,1,2:1,65.1,True,employed,professional,management_consulting,5.0,10.0,1050-08-01
993,1048-49,1_1_1,1,2:2,59.0,True,employed,professional,human_resources,2.0,5.0,1050-08-01
998,1048-49,3_1_1,3,2:2,58.2,False,,,,,,1050-08-01
1002,1049-50,1_2_1,1,2:2,53.7,True,unemployed,,,,22.0,1051-08-01
1042,1049-50,1_1_4,1,Third,49.4,False,,,,,,1051-08-01
1056,1049-50,1_1_4,1,Third,43.2,True,unknown,,,,10.0,1051-08-01
1059,1049-50,2_3_7,2,Third,47.6,True,employed,non_professional,craft_and_making,2.0,10.0,1051-08-01
1099,1049-50,1_1_2,1,2:1,62.9,True,employed,professional,legal_services,4.0,5.0,1051-08-01
1118,1049-50,1_2_1,1,2:2,57.4,False,,,,,,1051-08-01
1126,1049-50,2_1_1,2,2:2,52.6,True,employed,professional,heritage_and_curation,2.0,8.0,1051-08-01
1224,1049-50,2_4_10,2,2:2,51.4,True,further_study,,further_study,,5.0,1051-08-01
1225,1049-50,2_4_12,2,2:2,57.3,True,employed,non_professional,craft_and_making,2.0,6.0,1051-08-01
1240,1049-50,2_3_9,2,Third,45.3,False,,,,,,1051-08-01
1246,1049-50,2_1_1,2,2:2,53.8,False,,,,,,1051-08-01
1268,1049-50,2_2_4,2,2:2,51.1,True,employed,non_professional,creative_industries,3.0,4.0,1051-08-01
1308,1049-50,1_1_4,1,2:2,53.3,True,employed,non_professional,human_resources,2.0,11.0,1051-08-01
1324,1049-50,2_4_12,2,2:2,50.9,True,employed,non_professional,design_and_media,2.0,6.0,1051-08-01
1360,1049-50,2_1_1,2,2:2,51.5,True,employed,non_professional,architecture_and_built_environment,1.0,6.0,1051-08-01
1392,1049-50,2_3_9,2,2:2,58.8,False,,,,,,1051-08-01
1542,1049-50,2_2_2,2,Third,45.8,True,employed,non_professional,creative_industries,1.0,6.0,1051-08-01
1590,1049-50,2_2_2,2,2:2,56.9,True,employed,non_professional,creative_industries,2.0,5.0,1051-08-01
1593,1049-50,2_4_12,2,Third,47.9,True,further_study,,further_study,,1.0,1051-08-01
161,1049-50,2_3_9,2,2:2,53.9,True,employed,non_professional,architecture_and_built_environment,1.0,7.0,1051-08-01
1610,1049-50,2_1_1,2,2:2,54.0,True,employed,non_professional,architecture_and_built_environment,2.0,5.0,1051-08-01
1655,1049-50,3_2_2,3,2:2,51.8,False,,,,,,1051-08-01
166,1049-50,3_2_2,3,2:1,64.7,True,further_study,,further_study,,2.0,1051-08-01
1664,1049-50,2_4_10,2,Third,47.3,False,,,,,,1051-08-01
1689,1049-50,4_2_12,4,2:2,50.1,True,further_study,,further_study,,4.0,1051-08-01
1690,1049-50,1_1_1,1,2:1,67.3,True,employed,professional,legal_services,4.0,5.0,1051-08-01
1695,1049-50,1_1_3,1,2:2,56.4,False,,,,,,1051-08-01
1697,1049-50,1_1_4,1,2:2,53.5,True,employed,non_professional,hospitality_and_tourism,3.0,6.0,1051-08-01
1725,1049-50,4_2_12,4,2:1,62.3,True,employed,professional,healthcare_and_nhs,3.0,4.0,1051-08-01
1734,1049-50,2_2_3,2,2:2,52.6,False,,,,,,1051-08-01
1739,1049-50,2_2_2,2,2:2,57.8,True,employed,professional,heritage_and_curation,2.0,5.0,1051-08-01
1777,1049-50,2_3_8,2,2:2,50.1,True,employed,non_professional,heritage_and_curation,2.0,5.0,1051-08-01
1790,1049-50,1_1_3,1,Third,47.6,True,employed,non_professional,human_resources,2.0,1.0,1051-08-01
1815,1049-50,1_1_5,1,2:1,61.6,False,,,,,,1051-08-01
1902,1049-50,4_2_12,4,2:1,69.5,True,unknown,,,,5.0,1051-08-01
1907,1049-50,3_1_1,3,2:2,53.4,False,,,,,,1051-08-01
1958,1049-50,2_3_9,2,2:2,53.2,True,unemployed,,,,17.0,1051-08-01
1968,1049-50,4_2_12,4,Third,47.4,True,employed,non_professional,social_care,1.0,2.0,1051-08-01
1992,1049-50,2_2_4,2,2:1,66.5,True,employed,non_professional,heritage_and_curation,3.0,6.0,1051-08-01
2034,1049-50,2_2_2,2,Third,49.8,False,,,,,,1051-08-01
2089,1049-50,1_1_5,1,2:2,50.7,True,employed,professional,human_resources,1.0,2.0,1051-08-01
2094,1049-50,3_1_1,3,2:1,64.0,False,,,,,,1051-08-01
2107,1049-50,3_2_2,3,2:1,62.0,False,,,,,,1051-08-01
2115,1049-50,4_2_12,4,2:2,58.2,True,employed,professional,public_health,4.0,7.0,1051-08-01
2121,1049-50,2_3_8,2,2:2,55.1,True,employed,non_professional,heritage_and_curation,2.0,2.0,1051-08-01
2152,1049-50,2_3_8,2,Third,48.8,True,employed,non_professional,architecture_and_built_environment,2.0,10.0,1051-08-01
2165,1049-50,2_3_9,2,2:1,60.1,True,further_study,,further_study,,1.0,1051-08-01
2196,1049-50,1_1_3,1,2:2,53.9,False,,,,,,1051-08-01
2205,1049-50,1_1_5,1,2:2,57.5,True,unemployed,,,,17.0,1051-08-01
2215,1049-50,1_2_1,1,2:2,56.3,True,employed,non_professional,human_resources,2.0,2.0,1051-08-01
2218,1049-50,2_2_3,2,Third,47.7,True,employed,non_professional,craft_and_making,1.0,4.0,1051-08-01
2230,1049-50,2_3_8,2,Third,49.0,False,,,,,,1051-08-01
2231,1049-50,1_1_4,1,2:2,59.3,True,further_study,,further_study,,1.0,1051-08-01
2272,1049-50,2_4_11,2,2:2,52.0,True,unemployed,,,,18.0,1051-08-01
2332,1049-50,2_2_6,2,Third,48.2,True,further_study,,further_study,,2.0,1051-08-01
2356,1049-50,4_2_12,4,Third,41.4,True,further_study,,further_study,,3.0,1051-08-01
2359,1049-50,2_2_6,2,2:1,61.2,False,,,,,,1051-08-01
236,1049-50,1_2_1,1,2:2,56.2,True,further_study,,further_study,,3.0,1051-08-01
237,1049-50,2_3_7,2,2:2,51.5,True,employed,non_professional,craft_and_making,2.0,6.0,1051-08-01
2397,1049-50,2_2_3,2,2:2,51.0,True,employed,non_professional,heritage_and_curation,1.0,5.0,1051-08-01
2402,1049-50,4_2_12,4,Third,47.9,False,,,,,,1051-08-01
244,1049-50,2_2_4,2,2:2,54.5,True,further_study,,further_study,,3.0,1051-08-01
2447,1049-50,2_4_12,2,Third,47.9,False,,,,,,1051-08-01
2455,1049-50,2_3_8,2,2:2,56.3,False,,,,,,1051-08-01
2473,1049-50,2_2_4,2,Third,47.9,True,further_study,,further_study,,1.0,1051-08-01
2484,1049-50,2_3_8,2,Third,44.9,True,employed,non_professional,design_and_media,3.0,4.0,1051-08-01
249,1049-50,2_1_1,2,Third,47.4,False,,,,,,1051-08-01
2502,1049-50,2_2_5,2,2:2,55.2,True,employed,non_professional,heritage_and_curation,2.0,4.0,1051-08-01
2527,1049-50,2_1_1,2,2:2,53.2,True,employed,non_professional,creative_industries,2.0,1.0,1051-08-01
2565,1049-50,2_3_7,2,2:1,61.4,True,employed,professional,creative_industries,4.0,2.0,1051-08-01
2575,1049-50,2_2_6,2,2:1,63.2,True,employed,professional,heritage_and_curation,3.0,5.0,1051-08-01
2578,1049-50,2_2_5,2,2:2,59.8,False,,,,,,1051-08-01
2583,1049-50,2_2_2,2,Third,49.0,False,,,,,,1051-08-01
2597,1049-50,2_4_10,2,2:1,63.8,True,employed,professional,craft_and_making,4.0,0.0,1051-08-01
2618,1049-50,2_4_12,2,Third,47.2,True,employed,non_professional,craft_and_making,2.0,4.0,1051-08-01
2638,1049-50,1_1_1,1,2:2,54.2,True,employed,professional,management_consulting,3.0,8.0,1051-08-01
2676,1049-50,2_3_8,2,2:2,55.5,True,employed,professional,creative_industries,2.0,4.0,1051-08-01
2686,1049-50,2_1_1,2,Third,47.6,True,employed,professional,architecture_and_built_environment,3.0,3.0,1051-08-01
2726,1049-50,1_1_2,1,2:2,52.5,False,,,,,,1051-08-01
2731,1049-50,3_1_1,3,2:1,67.1,False,,,,,,1051-08-01
2745,1049-50,1_1_2,1,Third,46.0,True,unemployed,,,,18.0,1051-08-01
2795,1049-50,2_3_8,2,2:2,59.3,True,further_study,,further_study,,2.0,1051-08-01
2806,1049-50,2_4_10,2,2:2,55.5,False,,,,,,1051-08-01
2824,1049-50,2_1_1,2,2:2,51.2,True,employed,professional,design_and_media,4.0,4.0,1051-08-01
2872,1049-50,2_3_8,2,2:2,55.6,True,unemployed,,,,14.0,1051-08-01
290,1049-50,1_1_2,1,Third,44.6,True,unemployed,,,,16.0,1051-08-01
2931,1049-50,2_4_12,2,2:1,61.4,False,,,,,,1051-08-01
2938,1049-50,2_4_11,2,2:1,60.4,False,,,,,,1051-08-01
2957,1049-50,3_2_2,3,2:1,63.5,True,unemployed,,,,18.0,1051-08-01
2997,1049-50,2_2_3,2,2:2,50.0,True,employed,non_professional,heritage_and_curation,3.0,1.0,1051-08-01
301,1049-50,3_2_2,3,2:2,56.6,True,employed,professional,education,4.0,1.0,1051-08-01
3048,1049-50,2_4_11,2,Third,49.1,True,unemployed,,,,19.0,1051-08-01
3069,1049-50,1_1_5,1,2:2,56.0,False,,,,,,1051-08-01
3108,1049-50,1_1_4,1,Third,44.3,True,employed,non_professional,management_consulting,1.0,9.0,1051-08-01
3120,1049-50,1_1_4,1,Third,48.1,False,,,,,,1051-08-01
3139,1049-50,2_2_2,2,2:2,53.8,True,further_study,,further_study,,1.0,1051-08-01
3149,1049-50,1_2_1,1,Third,46.6,True,employed,professional,legal_services,3.0,8.0,1051-08-01
316,1049-50,2_2_3,2,2:2,54.9,True,employed,professional,craft_and_making,3.0,5.0,1051-08-01
3169,1049-50,4_2_12,4,Third,48.1,False,,,,,,1051-08-01
3171,1049-50,2_2_4,2,2:1,60.9,True,employed,professional,creative_industries,4.0,2.0,1051-08-01
3173,1049-50,1_1_3,1,2:2,57.7,True,employed,non_professional,finance_and_banking,2.0,2.0,1051-08-01
3239,1049-50,2_3_9,2,2:2,58.0,False,,,,,,1051-08-01
3258,1049-50,2_2_5,2,2:1,61.5,True,employed,non_professional,heritage_and_curation,3.0,8.0,1051-08-01
3262,1049-50,2_4_10,2,2:2,56.3,False,,,,,,1051-08-01
3307,1049-50,1_1_2,1,Third,49.6,True,unemployed,,,,9.0,1051-08-01
3317,1049-50,2_2_4,2,2:2,50.2,False,,,,,,1051-08-01
3333,1049-50,2_2_6,2,2:2,54.0,True,employed,professional,craft_and_making,3.0,2.0,1051-08-01
3393,1049-50,1_1_2,1,2:2,52.8,False,,,,,,1051-08-01
3474,1049-50,1_1_2,1,2:1,60.3,False,,,,,,1051-08-01
3477,1049-50,3_1_1,3,2:2,54.6,True,further_study,,further_study,,2.0,1051-08-01
3515,1049-50,1_1_3,1,2:1,61.0,True,unemployed,,,,13.0,1051-08-01
3534,1049-50,2_2_3,2,2:1,67.3,True,further_study,,further_study,,1.0,1051-08-01
3551,1049-50,2_2_3,2,2:2,57.0,True,unemployed,,,,16.0,1051-08-01
3563,1049-50,2_2_4,2,2:2,53.7,False,,,,,,1051-08-01
3587,1049-50,4_2_12,4,2:2,52.6,True,employed,non_professional,public_health,1.0,7.0,1051-08-01
364,1049-50,1_1_3,1,2:1,64.8,True,employed,professional,hospitality_and_tourism,4.0,3.0,1051-08-01
3677,1049-50,2_2_6,2,Third,48.7,True,further_study,,further_study,,0.0,1051-08-01
3753,1049-50,1_1_3,1,2:2,51.6,True,unemployed,,,,8.0,1051-08-01
3767,1049-50,3_2_2,3,2:2,50.9,True,further_study,,further_study,,1.0,1051-08-01
3782,1049-50,3_2_2,3,2:2,54.8,True,employed,professional,education,1.0,2.0,1051-08-01
3784,1049-50,2_2_4,2,2:2,50.3,True,employed,professional,design_and_media,2.0,2.0,1051-08-01
3830,1049-50,1_1_4,1,First,72.9,True,unknown,,,,13.0,1051-08-01
3862,1049-50,2_3_9,2,2:2,56.4,True,employed,non_professional,creative_industries,2.0,7.0,1051-08-01
3890,1049-50,2_2_4,2,2:2,50.2,True,further_study,,further_study,,4.0,1051-08-01
3960,1049-50,1_1_4,1,2:2,56.4,False,,,,,,1051-08-01
3963,1049-50,2_4_10,2,2:2,58.2,False,,,,,,1051-08-01
3979,1049-50,2_3_8,2,2:1,66.7,False,,,,,,1051-08-01
3997,1049-50,2_2_3,2,First,72.2,True,employed,professional,heritage_and_curation,5.0,3.0,1051-08-01
4026,1049-50,2_1_1,2,2:2,59.5,False,,,,,,1051-08-01
4049,1049-50,1_1_2,1,2:2,56.5,True,employed,non_professional,legal_services,2.0,3.0,1051-08-01
4064,1049-50,2_3_9,2,Third,47.6,False,,,,,,1051-08-01
4105,1049-50,2_4_10,2,Third,47.4,True,unemployed,,,,17.0,1051-08-01
4120,1049-50,2_2_4,2,2:1,66.3,True,further_study,,further_study,,2.0,1051-08-01
4126,1049-50,1_1_4,1,2:2,51.6,False,,,,,,1051-08-01
4128,1049-50,2_2_2,2,2:2,52.4,True,further_study,,further_study,,1.0,1051-08-01
4138,1049-50,2_2_3,2,2:2,51.6,True,unemployed,,,,12.0,1051-08-01
4191,1049-50,1_1_2,1,2:2,55.9,True,employed,non_professional,legal_services,1.0,3.0,1051-08-01
4194,1049-50,2_2_4,2,First,70.3,True,employed,professional,craft_and_making,5.0,7.0,1051-08-01
4199,1049-50,1_1_4,1,Third,47.9,True,employed,professional,finance_and_banking,3.0,0.0,1051-08-01
4212,1049-50,2_2_5,2,2:2,55.2,True,employed,non_professional,craft_and_making,1.0,10.0,1051-08-01
4217,1049-50,1_1_3,1,2:1,61.8,True,further_study,,further_study,,2.0,1051-08-01
4248,1049-50,4_2_12,4,2:1,62.0,True,employed,professional,allied_health_professions,4.0,5.0,1051-08-01
4251,1049-50,3_2_2,3,Third,48.6,True,unemployed,,,,12.0,1051-08-01
4278,1049-50,4_2_12,4,2:2,51.3,True,unemployed,,,,18.0,1051-08-01
4284,1049-50,1_2_1,1,2:2,56.8,True,further_study,,further_study,,2.0,1051-08-01
4307,1049-50,1_1_2,1,2:2,56.9,False,,,,,,1051-08-01
4328,1049-50,1_2_1,1,2:2,55.9,True,employed,professional,management_consulting,3.0,4.0,1051-08-01
4488,1049-50,2_2_2,2,2:2,52.1,True,employed,non_professional,architecture_and_built_environment,2.0,5.0,1051-08-01
4494,1049-50,2_2_6,2,2:2,55.4,True,employed,non_professional,architecture_and_built_environment,2.0,10.0,1051-08-01
4518,1049-50,2_4_10,2,2:2,53.7,True,further_study,,further_study,,4.0,1051-08-01
4561,1049-50,2_3_7,2,2:2,54.5,True,employed,non_professional,creative_industries,3.0,2.0,1051-08-01
4579,1049-50,2_2_2,2,2:2,53.4,False,,,,,,1051-08-01
464,1049-50,1_1_5,1,2:2,57.1,True,employed,non_professional,hospitality_and_tourism,2.0,5.0,1051-08-01
4657,1049-50,2_4_10,2,Third,46.3,False,,,,,,1051-08-01
466,1049-50,2_4_12,2,2:2,53.4,True,employed,non_professional,heritage_and_curation,3.0,4.0,1051-08-01
4669,1049-50,4_2_12,4,2:1,65.4,True,further_study,,further_study,,4.0,1051-08-01
4685,1049-50,2_1_1,2,2:2,59.0,True,employed,professional,design_and_media,2.0,6.0,1051-08-01
470,1049-50,2_3_8,2,2:2,59.9,False,,,,,,1051-08-01
4723,1049-50,2_1_1,2,2:2,53.6,True,employed,professional,design_and_media,2.0,1.0,1051-08-01
4757,1049-50,4_2_12,4,2:2,51.4,True,further_study,,further_study,,3.0,1051-08-01
4773,1049-50,4_2_12,4,2:2,52.6,True,employed,non_professional,education,2.0,2.0,1051-08-01
4797,1049-50,1_1_5,1,2:1,69.8,True,employed,professional,hospitality_and_tourism,4.0,5.0,1051-08-01
4949,1049-50,2_3_8,2,2:2,56.1,True,employed,non_professional,craft_and_making,2.0,5.0,1051-08-01
4968,1049-50,2_1_1,2,Third,45.2,True,employed,non_professional,creative_industries,2.0,8.0,1051-08-01
498,1049-50,1_1_5,1,2:2,55.3,False,,,,,,1051-08-01
5000,1049-50,1_1_2,1,2:1,64.0,False,,,,,,1051-08-01
5005,1049-50,2_4_12,2,2:2,53.6,True,further_study,,further_study,,1.0,1051-08-01
5014,1049-50,1_1_3,1,2:1,67.0,True,further_study,,further_study,,3.0,1051-08-01
5015,1049-50,3_1_1,3,2:1,63.3,True,employed,professional,ngo_and_charity,4.0,4.0,1051-08-01
5019,1049-50,4_2_12,4,2:2,56.0,False,,,,,,1051-08-01
5024,1049-50,2_3_8,2,2:2,53.1,False,,,,,,1051-08-01
5027,1049-50,2_4_12,2,Third,48.8,True,employed,professional,heritage_and_curation,3.0,1.0,1051-08-01
5039,1049-50,2_2_3,2,2:2,53.5,False,,,,,,1051-08-01
5044,1049-50,2_3_9,2,2:2,52.6,True,employed,professional,architecture_and_built_environment,3.0,9.0,1051-08-01
5046,1049-50,1_1_4,1,2:1,68.2,True,further_study,,further_study,,4.0,1051-08-01
5050,1049-50,4_2_12,4,2:2,51.3,False,,,,,,1051-08-01
5051,1049-50,2_3_9,2,2:1,62.5,False,,,,,,1051-08-01
5056,1049-50,2_3_8,2,2:2,51.1,True,employed,non_professional,craft_and_making,2.0,2.0,1051-08-01
5062,1049-50,2_2_3,2,2:1,64.0,True,further_study,,further_study,,5.0,1051-08-01
5067,1049-50,2_1_1,2,2:2,54.7,True,employed,non_professional,creative_industries,2.0,3.0,1051-08-01
5069,1049-50,2_3_7,2,2:1,67.2,True,further_study,,further_study,,2.0,1051-08-01
5074,1049-50,2_2_2,2,2:1,63.1,True,further_study,,further_study,,3.0,1051-08-01
5079,1049-50,1_2_1,1,2:2,53.4,True,employed,professional,legal_services,3.0,5.0,1051-08-01
5080,1049-50,2_3_8,2,2:2,57.7,True,employed,non_professional,design_and_media,3.0,2.0,1051-08-01
5082,1049-50,2_4_10,2,Third,47.4,True,further_study,,further_study,,1.0,1051-08-01
5089,1049-50,1_1_4,1,First,72.4,True,employed,professional,hospitality_and_tourism,4.0,3.0,1051-08-01
5092,1049-50,4_2_12,4,Third,46.1,True,employed,non_professional,public_health,2.0,8.0,1051-08-01
510,1049-50,2_2_6,2,Third,46.3,True,further_study,,further_study,,2.0,1051-08-01
5100,1049-50,2_2_5,2,2:1,61.6,True,employed,professional,creative_industries,4.0,3.0,1051-08-01
5103,1049-50,1_1_4,1,2:2,50.8,False,,,,,,1051-08-01
5104,1049-50,2_2_2,2,2:2,60.0,True,unknown,,,,7.0,1051-08-01
5113,1049-50,2_2_5,2,2:2,54.6,True,further_study,,further_study,,1.0,1051-08-01
5116,1049-50,2_2_3,2,2:1,63.0,True,employed,professional,architecture_and_built_environment,3.0,8.0,1051-08-01
5117,1049-50,2_2_3,2,2:1,69.6,True,further_study,,further_study,,2.0,1051-08-01
5119,1049-50,1_1_2,1,2:1,67.4,True,employed,non_professional,finance_and_banking,4.0,1.0,1051-08-01
5122,1049-50,2_3_7,2,2:2,59.4,False,,,,,,1051-08-01
5129,1049-50,2_2_4,2,2:2,56.6,True,employed,non_professional,architecture_and_built_environment,1.0,3.0,1051-08-01
5130,1049-50,2_3_9,2,2:1,62.7,False,,,,,,1051-08-01
5131,1049-50,3_1_1,3,2:1,68.4,False,,,,,,1051-08-01
5135,1049-50,4_2_12,4,2:1,61.1,True,further_study,,further_study,,2.0,1051-08-01
5150,1049-50,2_4_10,2,2:1,66.6,False,,,,,,1051-08-01
5153,1049-50,1_1_5,1,2:1,67.2,True,further_study,,further_study,,1.0,1051-08-01
5156,1049-50,2_4_11,2,2:2,53.9,True,further_study,,further_study,,1.0,1051-08-01
5157,1049-50,2_3_7,2,2:2,52.3,False,,,,,,1051-08-01
5169,1049-50,2_3_9,2,2:1,67.9,False,,,,,,1051-08-01
5171,1049-50,1_1_2,1,2:1,64.5,False,,,,,,1051-08-01
5182,1049-50,2_2_5,2,2:1,63.3,True,employed,professional,design_and_media,4.0,2.0,1051-08-01
5199,1049-50,2_3_7,2,2:2,53.1,True,further_study,,further_study,,2.0,1051-08-01
520,1049-50,2_4_12,2,2:1,63.0,True,unemployed,,,,19.0,1051-08-01
5204,1049-50,1_1_3,1,2:1,63.0,True,further_study,,further_study,,4.0,1051-08-01
5207,1049-50,1_1_1,1,2:1,63.0,False,,,,,,1051-08-01
5220,1049-50,1_1_2,1,2:2,52.9,True,employed,non_professional,human_resources,2.0,8.0,1051-08-01
5221,1049-50,3_2_2,3,2:2,58.2,True,employed,professional,education,4.0,4.0,1051-08-01
5222,1049-50,2_1_1,2,2:1,61.3,False,,,,,,1051-08-01
5223,1049-50,1_1_4,1,2:2,54.3,True,unemployed,,,,9.0,1051-08-01
5224,1049-50,2_3_7,2,2:1,64.3,True,employed,non_professional,creative_industries,4.0,0.0,1051-08-01
5232,1049-50,2_2_5,2,First,71.8,True,employed,professional,creative_industries,5.0,3.0,1051-08-01
5237,1049-50,1_1_3,1,2:1,62.1,False,,,,,,1051-08-01
5245,1049-50,2_2_4,2,2:2,56.3,False,,,,,,1051-08-01
5246,1049-50,3_2_2,3,First,71.3,False,,,,,,1051-08-01
5262,1049-50,2_3_9,2,2:1,60.2,True,employed,non_professional,architecture_and_built_environment,3.0,7.0,1051-08-01
5264,1049-50,1_1_4,1,2:2,57.7,False,,,,,,1051-08-01
5265,1049-50,2_3_9,2,Third,46.1,True,unknown,,,,5.0,1051-08-01
5268,1049-50,2_4_12,2,First,72.6,True,employed,professional,heritage_and_curation,5.0,3.0,1051-08-01
5271,1049-50,1_1_2,1,2:1,62.4,False,,,,,,1051-08-01
5272,1049-50,4_2_12,4,2:2,51.0,True,employed,professional,public_health,2.0,8.0,1051-08-01
5278,1049-50,2_2_3,2,2:2,54.5,True,employed,non_professional,design_and_media,1.0,3.0,1051-08-01
5280,1049-50,1_1_4,1,2:1,65.2,True,employed,professional,hospitality_and_tourism,4.0,6.0,1051-08-01
5283,1049-50,3_2_2,3,2:2,50.2,False,,,,,,1051-08-01
5295,1049-50,1_1_2,1,2:1,63.2,False,,,,,,1051-08-01
5298,1049-50,2_2_4,2,2:2,59.0,True,employed,non_professional,design_and_media,1.0,4.0,1051-08-01
5300,1049-50,2_4_10,2,2:2,52.5,True,further_study,,further_study,,3.0,1051-08-01
5302,1049-50,2_3_8,2,2:2,59.4,False,,,,,,1051-08-01
5305,1049-50,2_2_6,2,First,71.4,True,employed,non_professional,architecture_and_built_environment,4.0,11.0,1051-08-01
5312,1049-50,1_1_2,1,2:2,56.3,True,employed,professional,hospitality_and_tourism,2.0,4.0,1051-08-01
5315,1049-50,1_1_3,1,2:1,61.2,False,,,,,,1051-08-01
5319,1049-50,2_4_11,2,2:2,53.9,False,,,,,,1051-08-01
5332,1049-50,4_2_12,4,Third,42.5,True,unemployed,,,,23.0,1051-08-01
5333,1049-50,2_2_3,2,2:1,66.4,True,employed,non_professional,design_and_media,3.0,0.0,1051-08-01
5334,1049-50,2_2_2,2,2:2,55.6,True,employed,professional,craft_and_making,2.0,9.0,1051-08-01
5336,1049-50,4_2_12,4,2:1,62.4,True,further_study,,further_study,,2.0,1051-08-01
5337,1049-50,1_2_1,1,2:2,54.1,True,further_study,,further_study,,3.0,1051-08-01
5339,1049-50,2_2_5,2,2:1,60.3,True,employed,non_professional,heritage_and_curation,4.0,4.0,1051-08-01
5340,1049-50,2_2_4,2,2:2,56.1,True,employed,non_professional,craft_and_making,1.0,4.0,1051-08-01
5343,1049-50,2_2_3,2,First,70.7,True,employed,professional,heritage_and_curation,5.0,5.0,1051-08-01
5344,1049-50,2_1_1,2,2:1,66.8,False,,,,,,1051-08-01
5351,1049-50,2_2_3,2,First,72.1,True,employed,professional,heritage_and_curation,5.0,5.0,1051-08-01
5365,1049-50,1_1_4,1,Third,48.9,False,,,,,,1051-08-01
5372,1049-50,2_4_11,2,2:1,61.7,True,further_study,,further_study,,1.0,1051-08-01
5385,1049-50,2_2_5,2,2:1,61.5,True,employed,non_professional,architecture_and_built_environment,2.0,4.0,1051-08-01
5387,1049-50,2_2_4,2,2:1,62.3,True,further_study,,further_study,,1.0,1051-08-01
5394,1049-50,2_4_11,2,2:1,64.0,True,employed,professional,creative_industries,3.0,8.0,1051-08-01
5399,1049-50,1_1_2,1,2:2,57.1,False,,,,,,1051-08-01
5408,1049-50,2_3_7,2,2:2,55.5,True,employed,non_professional,heritage_and_curation,3.0,6.0,1051-08-01
5415,1049-50,2_4_12,2,2:2,52.2,True,employed,non_professional,craft_and_making,3.0,6.0,1051-08-01
5421,1049-50,1_2_1,1,2:2,58.8,True,unemployed,,,,10.0,1051-08-01
5434,1049-50,2_2_4,2,2:2,54.6,True,employed,non_professional,design_and_media,1.0,5.0,1051-08-01
5439,1049-50,1_2_1,1,2:1,62.1,True,further_study,,further_study,,2.0,1051-08-01
5448,1049-50,2_1_1,2,2:1,62.8,True,employed,professional,heritage_and_curation,4.0,4.0,1051-08-01
5450,1049-50,2_4_12,2,2:1,69.5,False,,,,,,1051-08-01
5472,1049-50,4_2_12,4,2:2,53.6,False,,,,,,1051-08-01
5485,1049-50,2_3_8,2,2:2,54.5,True,further_study,,further_study,,3.0,1051-08-01
5489,1049-50,2_3_7,2,Third,48.0,False,,,,,,1051-08-01
5491,1049-50,1_1_5,1,2:1,69.1,True,further_study,,further_study,,3.0,1051-08-01
5494,1049-50,2_4_11,2,2:2,59.2,True,employed,non_professional,design_and_media,2.0,6.0,1051-08-01
5499,1049-50,2_2_6,2,Third,49.0,True,employed,non_professional,heritage_and_curation,1.0,8.0,1051-08-01
5502,1049-50,4_2_12,4,2:2,56.1,True,further_study,,further_study,,1.0,1051-08-01
5504,1049-50,1_1_2,1,2:1,66.1,True,employed,professional,finance_and_banking,5.0,6.0,1051-08-01
5506,1049-50,4_2_12,4,First,77.0,False,,,,,,1051-08-01
5509,1049-50,1_1_5,1,2:2,58.8,True,employed,professional,hospitality_and_tourism,3.0,4.0,1051-08-01
5513,1049-50,2_3_7,2,2:2,54.8,False,,,,,,1051-08-01
5519,1049-50,1_1_4,1,2:1,69.1,False,,,,,,1051-08-01
5522,1049-50,2_2_4,2,2:2,53.6,True,unknown,,,,12.0,1051-08-01
5523,1049-50,4_2_12,4,2:1,66.6,False,,,,,,1051-08-01
5524,1049-50,1_1_2,1,2:1,68.9,True,employed,professional,human_resources,3.0,5.0,1051-08-01
5531,1049-50,1_1_4,1,2:2,53.6,True,employed,professional,legal_services,3.0,6.0,1051-08-01
5536,1049-50,2_2_2,2,2:2,56.3,True,employed,professional,design_and_media,2.0,5.0,1051-08-01
5539,1049-50,2_2_5,2,2:2,58.9,False,,,,,,1051-08-01
5548,1049-50,2_4_10,2,2:2,57.2,False,,,,,,1051-08-01
5551,1049-50,3_2_2,3,2:2,58.6,False,,,,,,1051-08-01
5563,1049-50,1_1_3,1,First,71.1,True,employed,professional,hospitality_and_tourism,5.0,7.0,1051-08-01
5568,1049-50,2_4_10,2,2:1,61.2,True,further_study,,further_study,,1.0,1051-08-01
5571,1049-50,2_4_10,2,2:1,61.2,True,unemployed,,,,17.0,1051-08-01
5572,1049-50,2_3_7,2,2:2,54.3,True,employed,non_professional,architecture_and_built_environment,2.0,4.0,1051-08-01
5573,1049-50,1_1_4,1,2:2,58.6,True,further_study,,further_study,,3.0,1051-08-01
5577,1049-50,2_3_8,2,2:1,69.8,False,,,,,,1051-08-01
5578,1049-50,2_4_10,2,First,70.3,True,further_study,,further_study,,1.0,1051-08-01
5587,1049-50,1_1_1,1,First,73.9,False,,,,,,1051-08-01
5599,1049-50,2_3_8,2,2:2,57.6,False,,,,,,1051-08-01
5607,1049-50,1_1_4,1,2:1,65.0,True,employed,professional,finance_and_banking,4.0,3.0,1051-08-01
5610,1049-50,2_2_5,2,First,75.5,True,employed,professional,heritage_and_curation,5.0,5.0,1051-08-01
5616,1049-50,1_2_1,1,2:1,64.8,True,employed,professional,human_resources,5.0,5.0,1051-08-01
5621,1049-50,1_2_1,1,2:1,67.1,False,,,,,,1051-08-01
5623,1049-50,3_2_2,3,2:1,62.0,False,,,,,,1051-08-01
5628,1049-50,2_3_7,2,2:1,66.2,True,employed,professional,heritage_and_curation,4.0,3.0,1051-08-01
5629,1049-50,2_2_3,2,2:1,61.3,True,employed,non_professional,design_and_media,4.0,5.0,1051-08-01
5630,1049-50,2_2_2,2,2:1,65.7,True,employed,professional,architecture_and_built_environment,4.0,3.0,1051-08-01
5631,1049-50,2_4_11,2,2:1,66.5,True,employed,professional,craft_and_making,5.0,2.0,1051-08-01
5636,1049-50,1_1_4,1,2:2,52.3,False,,,,,,1051-08-01
5642,1049-50,1_1_4,1,2:1,65.6,True,employed,non_professional,human_resources,3.0,9.0,1051-08-01
5650,1049-50,4_2_12,4,Third,45.4,False,,,,,,1051-08-01
5655,1049-50,1_2_1,1,2:1,64.1,False,,,,,,1051-08-01
5661,1049-50,2_2_4,2,2:1,60.8,True,employed,professional,craft_and_making,3.0,8.0,1051-08-01
5662,1049-50,2_1_1,2,2:2,51.4,False,,,,,,1051-08-01
5665,1049-50,1_1_3,1,2:1,67.7,True,employed,professional,management_consulting,5.0,2.0,1051-08-01
5667,1049-50,2_4_11,2,2:1,60.1,True,employed,non_professional,creative_industries,3.0,5.0,1051-08-01
5670,1049-50,2_2_3,2,2:2,53.6,False,,,,,,1051-08-01
5673,1049-50,2_2_2,2,2:2,54.3,False,,,,,,1051-08-01
5682,1049-50,2_2_4,2,2:1,64.7,True,employed,professional,creative_industries,5.0,4.0,1051-08-01
5691,1049-50,2_4_12,2,2:1,64.8,False,,,,,,1051-08-01
5693,1049-50,4_2_12,4,2:1,65.0,True,unemployed,,,,11.0,1051-08-01
5703,1049-50,2_2_5,2,First,70.2,True,unknown,,,,12.0,1051-08-01
5707,1049-50,2_3_7,2,2:2,58.3,False,,,,,,1051-08-01
5709,1049-50,3_2_2,3,2:1,66.1,True,employed,professional,ngo_and_charity,4.0,5.0,1051-08-01
5723,1049-50,2_4_10,2,2:1,62.1,False,,,,,,1051-08-01
5728,1049-50,2_3_8,2,2:1,69.8,False,,,,,,1051-08-01
5731,1049-50,4_2_12,4,2:2,56.3,True,further_study,,further_study,,0.0,1051-08-01
5745,1049-50,2_4_12,2,2:2,53.6,False,,,,,,1051-08-01
5748,1049-50,2_3_8,2,2:1,68.9,True,employed,non_professional,design_and_media,2.0,7.0,1051-08-01
5751,1049-50,1_2_1,1,2:2,56.6,True,unemployed,,,,14.0,1051-08-01
5756,1049-50,2_2_5,2,2:2,54.8,False,,,,,,1051-08-01
5762,1049-50,4_2_12,4,2:1,69.1,True,unemployed,,,,14.0,1051-08-01
5767,1049-50,2_4_10,2,2:1,65.5,True,employed,professional,heritage_and_curation,4.0,1.0,1051-08-01
5768,1049-50,2_2_4,2,2:2,50.5,False,,,,,,1051-08-01
5777,1049-50,2_2_4,2,2:1,60.1,True,employed,professional,creative_industries,4.0,5.0,1051-08-01
5780,1049-50,2_4_10,2,2:2,55.9,True,employed,non_professional,design_and_media,3.0,6.0,1051-08-01
5781,1049-50,2_2_2,2,2:2,51.1,True,employed,non_professional,architecture_and_built_environment,2.0,7.0,1051-08-01
5782,1049-50,1_1_5,1,2:1,64.0,True,further_study,,further_study,,1.0,1051-08-01
5784,1049-50,2_1_1,2,2:1,68.2,False,,,,,,1051-08-01
5793,1049-50,1_2_1,1,2:1,61.7,True,employed,non_professional,legal_services,2.0,2.0,1051-08-01
5799,1049-50,1_1_2,1,2:2,51.4,False,,,,,,1051-08-01
5801,1049-50,2_1_1,2,2:2,54.6,True,further_study,,further_study,,1.0,1051-08-01
5822,1049-50,2_2_5,2,2:2,53.0,False,,,,,,1051-08-01
5837,1049-50,2_2_3,2,2:1,60.0,False,,,,,,1051-08-01
5855,1049-50,3_2_2,3,2:2,59.4,True,employed,professional,education,3.0,3.0,1051-08-01
5857,1049-50,1_1_5,1,First,75.7,True,employed,professional,human_resources,5.0,10.0,1051-08-01
5866,1049-50,1_1_3,1,2:2,54.2,True,employed,non_professional,hospitality_and_tourism,2.0,4.0,1051-08-01
5868,1049-50,2_4_10,2,First,77.6,False,,,,,,1051-08-01
5881,1049-50,2_3_8,2,Third,45.0,False,,,,,,1051-08-01
5886,1049-50,1_1_4,1,2:1,64.6,True,employed,non_professional,human_resources,3.0,6.0,1051-08-01
5892,1049-50,2_2_5,2,2:1,62.7,True,employed,non_professional,craft_and_making,3.0,2.0,1051-08-01
5898,1049-50,2_4_12,2,2:1,66.0,True,employed,professional,creative_industries,4.0,5.0,1051-08-01
59,1049-50,2_2_5,2,Third,49.7,False,,,,,,1051-08-01
5904,1049-50,2_2_4,2,2:2,57.0,True,further_study,,further_study,,3.0,1051-08-01
5905,1049-50,2_3_7,2,2:1,68.7,True,employed,professional,creative_industries,4.0,4.0,1051-08-01
5906,1049-50,4_2_12,4,First,77.3,True,further_study,,further_study,,1.0,1051-08-01
5915,1049-50,3_2_2,3,2:1,61.8,False,,,,,,1051-08-01
5927,1049-50,1_1_3,1,First,70.5,True,further_study,,further_study,,1.0,1051-08-01
5932,1049-50,4_2_12,4,Third,46.2,True,further_study,,further_study,,1.0,1051-08-01
5936,1049-50,2_3_8,2,2:1,65.7,True,unemployed,,,,14.0,1051-08-01
5937,1049-50,2_4_12,2,2:2,50.5,True,employed,non_professional,craft_and_making,2.0,3.0,1051-08-01
5943,1049-50,2_4_12,2,2:1,60.7,True,employed,non_professional,architecture_and_built_environment,2.0,5.0,1051-08-01
5944,1049-50,4_2_12,4,First,70.2,True,further_study,,further_study,,3.0,1051-08-01
5947,1049-50,2_4_12,2,2:1,62.2,True,employed,professional,heritage_and_curation,4.0,1.0,1051-08-01
5953,1049-50,4_2_12,4,2:1,69.2,True,employed,non_professional,social_care,3.0,7.0,1051-08-01
5955,1049-50,2_1_1,2,2:1,60.0,False,,,,,,1051-08-01
5963,1049-50,3_2_2,3,2:2,53.5,True,unknown,,,,16.0,1051-08-01
5966,1049-50,4_2_12,4,2:2,57.8,True,employed,professional,public_health,3.0,4.0,1051-08-01
5968,1049-50,2_3_7,2,2:1,68.2,False,,,,,,1051-08-01
5976,1049-50,2_4_10,2,2:1,62.5,True,further_study,,further_study,,2.0,1051-08-01
5980,1049-50,2_3_8,2,Third,49.1,False,,,,,,1051-08-01
6,1049-50,2_2_2,2,2:1,67.0,True,further_study,,further_study,,3.0,1051-08-01
6001,1049-50,2_2_4,2,First,75.2,False,,,,,,1051-08-01
6010,1049-50,2_2_3,2,Third,48.6,False,,,,,,1051-08-01
6011,1049-50,4_2_12,4,2:1,61.4,True,employed,professional,public_health,4.0,3.0,1051-08-01
6024,1049-50,2_4_12,2,2:1,64.7,False,,,,,,1051-08-01
6033,1049-50,2_3_8,2,2:2,55.6,True,unknown,,,,13.0,1051-08-01
6035,1049-50,2_1_1,2,2:2,50.9,False,,,,,,1051-08-01
6038,1049-50,2_1_1,2,2:1,62.2,True,employed,professional,craft_and_making,4.0,4.0,1051-08-01
6049,1049-50,1_1_3,1,2:1,62.8,True,employed,professional,finance_and_banking,5.0,3.0,1051-08-01
6051,1049-50,1_1_2,1,2:2,53.6,False,,,,,,1051-08-01
6052,1049-50,2_4_10,2,2:1,63.5,False,,,,,,1051-08-01
6065,1049-50,2_4_12,2,Third,48.7,False,,,,,,1051-08-01
6067,1049-50,2_2_2,2,2:2,60.0,True,employed,professional,creative_industries,4.0,1.0,1051-08-01
6069,1049-50,2_1_1,2,2:2,59.6,False,,,,,,1051-08-01
6081,1049-50,2_4_10,2,2:2,54.2,False,,,,,,1051-08-01
6083,1049-50,2_2_6,2,2:2,54.5,True,employed,professional,craft_and_making,3.0,2.0,1051-08-01
6086,1049-50,2_2_3,2,2:1,65.1,True,unknown,,,,15.0,1051-08-01
6104,1049-50,3_2_2,3,Third,44.9,True,unemployed,,,,13.0,1051-08-01
6105,1049-50,2_2_2,2,2:2,50.5,True,employed,professional,design_and_media,2.0,10.0,1051-08-01
6106,1049-50,2_3_8,2,2:2,58.6,False,,,,,,1051-08-01
6110,1049-50,1_1_5,1,First,74.5,False,,,,,,1051-08-01
6120,1049-50,2_4_12,2,2:2,56.4,True,further_study,,further_study,,2.0,1051-08-01
6123,1049-50,1_1_2,1,2:2,58.8,False,,,,,,1051-08-01
6124,1049-50,1_1_1,1,2:1,60.9,False,,,,,,1051-08-01
6130,1049-50,2_4_12,2,2:1,68.4,True,employed,non_professional,design_and_media,3.0,7.0,1051-08-01
6132,1049-50,2_4_12,2,2:1,66.9,True,employed,professional,creative_industries,4.0,6.0,1051-08-01
6138,1049-50,2_4_10,2,2:2,51.0,True,further_study,,further_study,,0.0,1051-08-01
6142,1049-50,2_4_11,2,2:2,58.4,False,,,,,,1051-08-01
6143,1049-50,2_2_4,2,2:2,52.4,False,,,,,,1051-08-01
6144,1049-50,2_2_2,2,2:1,66.7,True,unemployed,,,,16.0,1051-08-01
6155,1049-50,2_4_10,2,2:1,61.0,True,further_study,,further_study,,4.0,1051-08-01
6157,1049-50,2_4_12,2,2:1,64.6,False,,,,,,1051-08-01
6158,1049-50,1_1_3,1,2:1,60.2,True,further_study,,further_study,,3.0,1051-08-01
6165,1049-50,3_2_2,3,2:2,55.0,True,unemployed,,,,16.0,1051-08-01
6169,1049-50,4_2_12,4,2:1,65.6,False,,,,,,1051-08-01
6175,1049-50,4_2_12,4,2:2,55.6,True,employed,professional,public_health,3.0,8.0,1051-08-01
6177,1049-50,2_2_5,2,2:1,61.2,True,employed,professional,heritage_and_curation,3.0,3.0,1051-08-01
6179,1049-50,1_2_1,1,2:2,55.9,True,employed,non_professional,hospitality_and_tourism,2.0,2.0,1051-08-01
6180,1049-50,2_2_6,2,2:1,61.5,True,employed,non_professional,heritage_and_curation,3.0,6.0,1051-08-01
6188,1049-50,2_1_1,2,First,70.4,True,employed,professional,heritage_and_curation,5.0,4.0,1051-08-01
6189,1049-50,2_3_9,2,2:1,64.8,True,further_study,,further_study,,3.0,1051-08-01
6193,1049-50,1_1_1,1,2:2,56.6,True,employed,professional,management_consulting,4.0,5.0,1051-08-01
6196,1049-50,2_2_6,2,2:1,60.7,True,employed,professional,heritage_and_curation,4.0,4.0,1051-08-01
62,1049-50,2_2_3,2,Third,44.9,True,employed,non_professional,architecture_and_built_environment,2.0,4.0,1051-08-01
6203,1049-50,1_1_4,1,2:2,57.7,True,employed,professional,human_resources,4.0,4.0,1051-08-01
6210,1049-50,2_2_5,2,2:1,60.7,False,,,,,,1051-08-01
6215,1049-50,2_2_4,2,2:2,57.6,True,unemployed,,,,15.0,1051-08-01
6220,1049-50,2_2_4,2,Third,49.0,False,,,,,,1051-08-01
6228,1049-50,2_3_7,2,2:1,63.5,True,employed,professional,architecture_and_built_environment,4.0,8.0,1051-08-01
6231,1049-50,2_3_8,2,2:1,60.3,True,employed,professional,craft_and_making,5.0,2.0,1051-08-01
6235,1049-50,1_1_5,1,2:1,61.8,False,,,,,,1051-08-01
6240,1049-50,2_3_7,2,2:2,56.9,True,employed,non_professional,heritage_and_curation,2.0,3.0,1051-08-01
6243,1049-50,4_2_12,4,2:2,50.9,True,employed,non_professional,social_care,1.0,5.0,1051-08-01
6244,1049-50,2_2_2,2,2:2,52.4,True,employed,non_professional,heritage_and_curation,1.0,5.0,1051-08-01
6245,1049-50,2_2_6,2,2:1,64.5,True,employed,non_professional,design_and_media,3.0,4.0,1051-08-01
6246,1049-50,4_2_12,4,2:1,64.4,False,,,,,,1051-08-01
6247,1049-50,2_4_12,2,Third,47.9,True,employed,non_professional,design_and_media,2.0,2.0,1051-08-01
6248,1049-50,3_1_1,3,2:1,60.7,True,employed,professional,ngo_and_charity,4.0,5.0,1051-08-01
6250,1049-50,1_1_1,1,2:1,69.1,False,,,,,,1051-08-01
6251,1049-50,2_4_11,2,2:2,54.0,True,employed,non_professional,heritage_and_curation,2.0,0.0,1051-08-01
6254,1049-50,3_2_2,3,2:2,54.2,True,unemployed,,,,19.0,1051-08-01
6261,1049-50,2_2_3,2,First,73.8,False,,,,,,1051-08-01
6268,1049-50,2_2_5,2,2:1,61.2,True,further_study,,further_study,,1.0,1051-08-01
6272,1049-50,2_3_7,2,2:1,62.1,False,,,,,,1051-08-01
6274,1049-50,2_4_12,2,2:1,67.3,True,unemployed,,,,13.0,1051-08-01
6275,1049-50,2_3_8,2,Third,49.1,False,,,,,,1051-08-01
6276,1049-50,1_1_4,1,2:1,66.9,False,,,,,,1051-08-01
6277,1049-50,2_2_4,2,2:1,65.6,False,,,,,,1051-08-01
6281,1049-50,4_2_12,4,2:2,56.8,True,employed,professional,education,2.0,3.0,1051-08-01
6284,1049-50,3_1_1,3,2:1,61.1,True,employed,professional,research_and_academia,4.0,3.0,1051-08-01
6287,1049-50,2_2_6,2,2:2,50.4,True,employed,professional,architecture_and_built_environment,3.0,3.0,1051-08-01
6289,1049-50,4_2_12,4,2:1,65.7,True,unemployed,,,,17.0,1051-08-01
6292,1049-50,2_2_5,2,2:1,67.5,False,,,,,,1051-08-01
6297,1049-50,4_2_12,4,2:1,64.6,True,unemployed,,,,12.0,1051-08-01
6301,1049-50,2_3_9,2,2:1,62.5,True,employed,professional,craft_and_making,4.0,7.0,1051-08-01
6303,1049-50,2_4_12,2,2:1,66.6,False,,,,,,1051-08-01
6306,1049-50,1_2_1,1,2:2,59.3,True,employed,professional,legal_services,3.0,7.0,1051-08-01
6315,1049-50,2_1_1,2,2:1,68.3,True,employed,non_professional,heritage_and_curation,4.0,2.0,1051-08-01
6320,1049-50,2_4_10,2,2:1,61.8,True,employed,professional,creative_industries,4.0,2.0,1051-08-01
6322,1049-50,2_1_1,2,2:1,65.1,True,employed,professional,heritage_and_curation,4.0,6.0,1051-08-01
6323,1049-50,4_2_12,4,2:2,59.9,False,,,,,,1051-08-01
6325,1049-50,2_3_7,2,2:2,57.0,False,,,,,,1051-08-01
6326,1049-50,2_2_2,2,2:2,55.9,False,,,,,,1051-08-01
6327,1049-50,3_1_1,3,First,71.0,False,,,,,,1051-08-01
6336,1049-50,1_1_1,1,2:1,68.3,True,employed,professional,hospitality_and_tourism,4.0,6.0,1051-08-01
6339,1049-50,4_2_12,4,Third,43.1,True,unemployed,,,,17.0,1051-08-01
6345,1049-50,1_1_5,1,2:1,67.5,True,further_study,,further_study,,2.0,1051-08-01
6367,1049-50,1_1_5,1,2:1,68.0,True,further_study,,further_study,,3.0,1051-08-01
6372,1049-50,4_2_12,4,2:2,52.9,False,,,,,,1051-08-01
6380,1049-50,2_1_1,2,2:1,65.2,False,,,,,,1051-08-01
6384,1049-50,2_3_7,2,2:2,53.1,False,,,,,,1051-08-01
6399,1049-50,1_1_5,1,2:1,65.8,True,employed,professional,legal_services,4.0,1.0,1051-08-01
6401,1049-50,2_4_11,2,2:2,55.5,True,further_study,,further_study,,4.0,1051-08-01
6404,1049-50,1_1_4,1,2:1,62.6,False,,,,,,1051-08-01
6412,1049-50,2_3_7,2,First,72.8,False,,,,,,1051-08-01
6413,1049-50,1_2_1,1,2:1,61.7,True,employed,professional,legal_services,4.0,4.0,1051-08-01
6414,1049-50,2_3_8,2,2:1,68.9,True,further_study,,further_study,,1.0,1051-08-01
6418,1049-50,3_1_1,3,Third,49.9,False,,,,,,1051-08-01
6419,1049-50,2_3_9,2,Third,49.0,True,employed,non_professional,design_and_media,2.0,5.0,1051-08-01
6421,1049-50,2_4_12,2,2:1,67.2,True,employed,professional,heritage_and_curation,4.0,3.0,1051-08-01
6435,1049-50,1_1_2,1,2:1,65.1,True,employed,professional,human_resources,4.0,3.0,1051-08-01
6439,1049-50,2_4_12,2,2:1,65.2,True,employed,professional,craft_and_making,4.0,6.0,1051-08-01
6440,1049-50,2_3_7,2,2:1,67.7,True,unemployed,,,,16.0,1051-08-01
6442,1049-50,2_4_10,2,2:2,54.8,True,further_study,,further_study,,1.0,1051-08-01
6443,1049-50,2_4_10,2,2:1,61.6,True,employed,non_professional,creative_industries,3.0,6.0,1051-08-01
6448,1049-50,2_2_3,2,2:1,63.3,True,employed,professional,architecture_and_built_environment,4.0,1.0,1051-08-01
645,1049-50,1_1_3,1,2:2,52.2,False,,,,,,1051-08-01
6451,1049-50,4_2_12,4,First,82.6,True,employed,professional,public_health,5.0,3.0,1051-08-01
6458,1049-50,2_4_10,2,2:2,51.3,True,employed,professional,craft_and_making,4.0,7.0,1051-08-01
6471,1049-50,1_1_3,1,First,70.5,True,further_study,,further_study,,1.0,1051-08-01
6477,1049-50,4_2_12,4,2:1,65.6,True,employed,professional,education,4.0,7.0,1051-08-01
6479,1049-50,2_2_3,2,2:1,66.7,True,further_study,,further_study,,3.0,1051-08-01
6492,1049-50,3_2_2,3,2:2,56.7,True,employed,non_professional,public_sector_and_civil_service,3.0,6.0,1051-08-01
6494,1049-50,1_1_2,1,First,71.4,True,employed,professional,finance_and_banking,5.0,4.0,1051-08-01
6497,1049-50,1_1_2,1,2:2,56.4,False,,,,,,1051-08-01
6498,1049-50,2_1_1,2,First,71.5,True,employed,professional,craft_and_making,5.0,4.0,1051-08-01
6501,1049-50,2_2_6,2,2:2,55.2,True,employed,professional,heritage_and_curation,2.0,2.0,1051-08-01
6504,1049-50,2_2_5,2,2:1,65.3,False,,,,,,1051-08-01
6507,1049-50,2_4_10,2,2:2,58.2,True,employed,non_professional,architecture_and_built_environment,2.0,5.0,1051-08-01
6509,1049-50,2_4_12,2,2:1,65.3,True,employed,professional,architecture_and_built_environment,4.0,8.0,1051-08-01
6510,1049-50,1_1_4,1,2:1,61.8,True,employed,professional,management_consulting,4.0,8.0,1051-08-01
6514,1049-50,2_1_1,2,2:1,61.7,False,,,,,,1051-08-01
6520,1049-50,1_1_5,1,2:2,54.1,True,unemployed,,,,11.0,1051-08-01
653,1049-50,1_1_2,1,2:1,65.0,True,further_study,,further_study,,2.0,1051-08-01
6535,1049-50,1_2_1,1,2:2,52.5,False,,,,,,1051-08-01
6537,1049-50,2_2_3,2,2:2,56.0,True,unemployed,,,,13.0,1051-08-01
6539,1049-50,2_2_2,2,2:2,55.5,True,employed,non_professional,creative_industries,1.0,8.0,1051-08-01
6542,1049-50,4_2_12,4,2:2,50.1,False,,,,,,1051-08-01
6554,1049-50,2_2_2,2,Third,48.9,False,,,,,,1051-08-01
6560,1049-50,3_1_1,3,2:2,54.2,True,employed,professional,research_and_academia,2.0,6.0,1051-08-01
6563,1049-50,2_2_5,2,2:1,65.5,True,unemployed,,,,15.0,1051-08-01
6567,1049-50,1_1_2,1,2:2,58.2,True,unemployed,,,,13.0,1051-08-01
6570,1049-50,2_2_5,2,First,75.3,True,further_study,,further_study,,4.0,1051-08-01
6575,1049-50,1_1_3,1,2:1,68.7,False,,,,,,1051-08-01
6579,1049-50,4_2_12,4,2:2,57.1,True,employed,professional,allied_health_professions,2.0,4.0,1051-08-01
6583,1049-50,2_2_2,2,2:1,65.3,True,employed,professional,architecture_and_built_environment,3.0,5.0,1051-08-01
6586,1049-50,2_4_11,2,First,73.0,True,employed,professional,design_and_media,5.0,3.0,1051-08-01
6587,1049-50,2_2_6,2,2:1,68.7,True,employed,non_professional,creative_industries,3.0,1.0,1051-08-01
6589,1049-50,2_2_3,2,2:1,64.4,True,unknown,,,,17.0,1051-08-01
6609,1049-50,1_1_5,1,Third,50.0,False,,,,,,1051-08-01
6611,1049-50,2_3_7,2,2:2,58.6,False,,,,,,1051-08-01
6615,1049-50,1_1_5,1,First,70.4,False,,,,,,1051-08-01
6624,1049-50,2_2_4,2,2:1,66.7,True,employed,professional,design_and_media,3.0,5.0,1051-08-01
6630,1049-50,2_3_8,2,2:2,54.8,True,employed,non_professional,creative_industries,3.0,6.0,1051-08-01
6641,1049-50,1_2_1,1,2:1,64.8,False,,,,,,1051-08-01
6643,1049-50,3_1_1,3,2:1,61.2,True,unknown,,,,11.0,1051-08-01
6650,1049-50,4_2_12,4,First,85.6,True,further_study,,further_study,,3.0,1051-08-01
6655,1049-50,2_1_1,2,2:1,62.9,False,,,,,,1051-08-01
6658,1049-50,1_1_3,1,2:2,52.3,False,,,,,,1051-08-01
6663,1049-50,2_2_4,2,2:1,60.9,True,further_study,,further_study,,1.0,1051-08-01
6669,1049-50,2_3_8,2,Third,47.6,True,further_study,,further_study,,5.0,1051-08-01
6672,1049-50,2_1_1,2,2:1,60.1,True,employed,professional,architecture_and_built_environment,5.0,6.0,1051-08-01
6679,1049-50,1_2_1,1,2:2,55.1,True,employed,professional,human_resources,3.0,7.0,1051-08-01
6683,1049-50,2_3_8,2,2:1,63.6,True,employed,non_professional,creative_industries,4.0,4.0,1051-08-01
6686,1049-50,2_2_5,2,2:1,63.9,False,,,,,,1051-08-01
6687,1049-50,2_2_3,2,2:1,62.4,False,,,,,,1051-08-01
6693,1049-50,2_2_4,2,2:2,55.7,True,further_study,,further_study,,1.0,1051-08-01
6694,1049-50,2_3_7,2,2:1,69.1,True,employed,professional,heritage_and_curation,5.0,6.0,1051-08-01
6698,1049-50,2_4_11,2,2:2,58.4,True,employed,professional,heritage_and_curation,2.0,4.0,1051-08-01
6704,1049-50,2_2_5,2,2:2,58.5,False,,,,,,1051-08-01
6706,1049-50,2_3_8,2,2:2,60.0,True,employed,professional,heritage_and_curation,3.0,8.0,1051-08-01
6707,1049-50,3_1_1,3,First,70.5,True,further_study,,further_study,,3.0,1051-08-01
6712,1049-50,2_3_8,2,First,75.2,True,further_study,,further_study,,2.0,1051-08-01
6720,1049-50,2_2_4,2,2:2,56.7,True,employed,non_professional,craft_and_making,2.0,3.0,1051-08-01
6721,1049-50,3_1_1,3,2:2,59.2,True,unemployed,,,,19.0,1051-08-01
6723,1049-50,2_4_10,2,2:2,50.5,True,employed,non_professional,design_and_media,1.0,8.0,1051-08-01
6731,1049-50,4_2_12,4,Third,49.0,False,,,,,,1051-08-01
6734,1049-50,2_2_2,2,2:2,59.2,True,further_study,,further_study,,2.0,1051-08-01
6742,1049-50,2_2_2,2,2:2,57.7,False,,,,,,1051-08-01
6743,1049-50,2_2_6,2,First,76.2,False,,,,,,1051-08-01
6744,1049-50,2_3_8,2,First,70.3,False,,,,,,1051-08-01
6749,1049-50,1_1_3,1,2:2,54.5,True,employed,non_professional,management_consulting,2.0,10.0,1051-08-01
6750,1049-50,2_4_12,2,2:1,64.0,True,employed,non_professional,architecture_and_built_environment,4.0,2.0,1051-08-01
6756,1049-50,2_4_12,2,2:2,58.6,True,employed,non_professional,creative_industries,2.0,6.0,1051-08-01
6758,1049-50,2_3_9,2,2:2,56.2,True,further_study,,further_study,,4.0,1051-08-01
6762,1049-50,2_1_1,2,First,73.5,True,employed,professional,architecture_and_built_environment,5.0,2.0,1051-08-01
6765,1049-50,3_1_1,3,2:2,50.1,False,,,,,,1051-08-01
6766,1049-50,1_1_1,1,2:1,68.9,False,,,,,,1051-08-01
6777,1049-50,2_4_10,2,2:1,62.3,False,,,,,,1051-08-01
6781,1049-50,4_2_12,4,2:1,64.9,True,employed,professional,allied_health_professions,5.0,2.0,1051-08-01
6782,1049-50,2_2_3,2,2:2,52.4,True,employed,non_professional,design_and_media,2.0,6.0,1051-08-01
679,1049-50,4_2_12,4,Third,45.4,False,,,,,,1051-08-01
6793,1049-50,1_1_2,1,2:2,50.8,True,employed,professional,legal_services,2.0,4.0,1051-08-01
6795,1049-50,1_1_5,1,2:2,52.2,True,unemployed,,,,15.0,1051-08-01
6796,1049-50,2_3_9,2,First,78.0,True,employed,professional,creative_industries,5.0,10.0,1051-08-01
6800,1049-50,4_2_12,4,Third,45.4,True,employed,professional,allied_health_professions,3.0,11.0,1051-08-01
6807,1049-50,2_2_4,2,2:2,54.6,True,employed,non_professional,creative_industries,1.0,4.0,1051-08-01
6811,1049-50,1_1_5,1,2:1,64.3,False,,,,,,1051-08-01
6812,1049-50,2_2_4,2,2:1,64.0,True,employed,non_professional,creative_industries,3.0,2.0,1051-08-01
6818,1049-50,2_2_5,2,2:2,54.5,True,employed,non_professional,design_and_media,2.0,9.0,1051-08-01
6819,1049-50,2_3_8,2,2:2,55.8,True,employed,professional,heritage_and_curation,2.0,6.0,1051-08-01
682,1049-50,2_3_7,2,2:2,57.9,True,employed,professional,design_and_media,3.0,3.0,1051-08-01
6823,1049-50,2_2_4,2,2:1,61.7,True,unemployed,,,,10.0,1051-08-01
6838,1049-50,2_2_4,2,2:1,63.0,True,further_study,,further_study,,1.0,1051-08-01
6844,1049-50,2_2_3,2,2:2,54.8,True,employed,non_professional,craft_and_making,1.0,3.0,1051-08-01
6845,1049-50,4_2_12,4,Third,45.6,False,,,,,,1051-08-01
6848,1049-50,4_2_12,4,2:2,50.6,True,employed,professional,education,3.0,6.0,1051-08-01
6849,1049-50,2_2_4,2,2:2,59.5,False,,,,,,1051-08-01
6862,1049-50,1_1_4,1,Third,49.9,True,further_study,,further_study,,3.0,1051-08-01
6863,1049-50,2_3_7,2,2:1,60.7,True,unemployed,,,,11.0,1051-08-01
6865,1049-50,2_2_2,2,2:2,57.4,True,unemployed,,,,14.0,1051-08-01
6872,1049-50,1_1_4,1,2:1,62.6,True,employed,professional,management_consulting,4.0,5.0,1051-08-01
6880,1049-50,4_2_12,4,Third,45.3,True,employed,non_professional,healthcare_and_nhs,1.0,8.0,1051-08-01
689,1049-50,2_3_9,2,2:2,51.4,True,employed,non_professional,craft_and_making,3.0,5.0,1051-08-01
6915,1049-50,3_2_2,3,First,73.9,True,employed,professional,public_sector_and_civil_service,5.0,4.0,1051-08-01
6918,1049-50,2_3_9,2,Third,49.6,False,,,,,,1051-08-01
6920,1049-50,1_1_1,1,2:1,63.1,True,unknown,,,,9.0,1051-08-01
6921,1049-50,2_2_3,2,2:2,57.2,True,employed,professional,design_and_media,3.0,5.0,1051-08-01
6928,1049-50,1_1_2,1,2:1,68.2,True,employed,professional,management_consulting,4.0,7.0,1051-08-01
6931,1049-50,2_3_8,2,2:2,54.6,True,further_study,,further_study,,3.0,1051-08-01
6932,1049-50,2_4_12,2,2:2,52.9,False,,,,,,1051-08-01
6935,1049-50,2_3_8,2,2:2,54.9,True,unemployed,,,,14.0,1051-08-01
6936,1049-50,2_3_8,2,2:1,68.5,False,,,,,,1051-08-01
6938,1049-50,2_3_7,2,2:1,63.9,True,employed,professional,heritage_and_curation,4.0,3.0,1051-08-01
6944,1049-50,1_1_4,1,2:1,66.2,True,further_study,,further_study,,1.0,1051-08-01
6945,1049-50,3_1_1,3,First,72.8,True,further_study,,further_study,,2.0,1051-08-01
6950,1049-50,1_2_1,1,2:1,67.0,False,,,,,,1051-08-01
6953,1049-50,4_2_12,4,Third,43.8,True,unemployed,,,,14.0,1051-08-01
6957,1049-50,2_4_12,2,2:2,56.3,True,employed,non_professional,heritage_and_curation,1.0,1.0,1051-08-01
6966,1049-50,1_1_4,1,2:1,60.2,True,employed,non_professional,finance_and_banking,4.0,3.0,1051-08-01
6968,1049-50,2_2_3,2,First,73.2,True,employed,professional,creative_industries,5.0,7.0,1051-08-01
6970,1049-50,1_1_5,1,First,72.7,True,further_study,,further_study,,2.0,1051-08-01
6971,1049-50,4_2_12,4,First,77.6,True,employed,professional,social_care,4.0,3.0,1051-08-01
6973,1049-50,2_4_11,2,2:2,58.9,True,employed,professional,creative_industries,3.0,1.0,1051-08-01
6974,1049-50,2_3_7,2,2:2,56.6,False,,,,,,1051-08-01
6975,1049-50,1_2_1,1,2:1,67.1,True,unemployed,,,,13.0,1051-08-01
6976,1049-50,2_2_2,2,2:1,61.6,True,employed,professional,creative_industries,4.0,4.0,1051-08-01
6978,1049-50,4_2_12,4,Third,47.5,False,,,,,,1051-08-01
6983,1049-50,1_1_5,1,Third,49.3,True,employed,professional,human_resources,2.0,2.0,1051-08-01
6996,1049-50,2_2_6,2,2:2,58.0,True,unemployed,,,,17.0,1051-08-01
6999,1049-50,2_2_2,2,2:2,53.3,False,,,,,,1051-08-01
7002,1049-50,1_1_3,1,2:2,53.9,False,,,,,,1051-08-01
7004,1049-50,2_2_4,2,2:1,68.6,True,further_study,,further_study,,1.0,1051-08-01
7005,1049-50,2_2_4,2,2:1,60.8,True,employed,professional,craft_and_making,4.0,2.0,1051-08-01
701,1049-50,2_3_8,2,2:2,59.5,False,,,,,,1051-08-01
7014,1049-50,1_1_1,1,2:2,54.1,True,employed,non_professional,management_consulting,3.0,7.0,1051-08-01
7019,1049-50,4_2_12,4,Third,45.0,False,,,,,,1051-08-01
7023,1049-50,1_1_1,1,2:1,62.0,True,employed,professional,legal_services,4.0,3.0,1051-08-01
7026,1049-50,2_1_1,2,2:2,54.7,False,,,,,,1051-08-01
7030,1049-50,2_2_2,2,2:2,57.9,True,employed,professional,design_and_media,3.0,3.0,1051-08-01
7033,1049-50,2_2_5,2,2:2,57.1,True,employed,non_professional,craft_and_making,2.0,5.0,1051-08-01
7041,1049-50,2_3_8,2,2:2,59.7,True,unemployed,,,,17.0,1051-08-01
7046,1049-50,4_2_12,4,First,73.3,True,unemployed,,,,18.0,1051-08-01
7052,1049-50,2_4_12,2,2:1,69.3,False,,,,,,1051-08-01
7055,1049-50,2_3_8,2,2:2,55.5,True,employed,non_professional,design_and_media,1.0,7.0,1051-08-01
7058,1049-50,2_2_4,2,2:1,63.4,True,employed,professional,heritage_and_curation,5.0,4.0,1051-08-01
7060,1049-50,2_3_8,2,2:2,57.5,False,,,,,,1051-08-01
7066,1049-50,2_1_1,2,2:2,52.4,True,employed,non_professional,heritage_and_curation,2.0,3.0,1051-08-01
7067,1049-50,1_1_4,1,2:2,53.2,True,employed,professional,human_resources,3.0,3.0,1051-08-01
7069,1049-50,4_2_12,4,Third,48.4,True,employed,professional,healthcare_and_nhs,1.0,8.0,1051-08-01
7076,1049-50,2_4_10,2,Third,44.5,True,employed,non_professional,heritage_and_curation,2.0,8.0,1051-08-01
7084,1049-50,3_1_1,3,2:1,68.1,False,,,,,,1051-08-01
7092,1049-50,2_3_8,2,2:2,56.9,False,,,,,,1051-08-01
7094,1049-50,2_2_5,2,Third,48.8,True,employed,non_professional,design_and_media,3.0,3.0,1051-08-01
7097,1049-50,2_4_12,2,2:1,63.6,False,,,,,,1051-08-01
7099,1049-50,2_1_1,2,2:1,68.0,False,,,,,,1051-08-01
7107,1049-50,1_1_3,1,2:2,54.3,True,employed,professional,hospitality_and_tourism,3.0,4.0,1051-08-01
7114,1049-50,4_2_12,4,First,80.3,True,further_study,,further_study,,3.0,1051-08-01
7115,1049-50,2_4_12,2,First,70.8,False,,,,,,1051-08-01
7118,1049-50,2_2_6,2,2:2,51.8,True,employed,professional,design_and_media,3.0,2.0,1051-08-01
7119,1049-50,2_2_6,2,2:1,64.2,False,,,,,,1051-08-01
7134,1049-50,1_2_1,1,2:1,65.7,False,,,,,,1051-08-01
7144,1049-50,4_2_12,4,First,70.5,False,,,,,,1051-08-01
7145,1049-50,1_2_1,1,2:1,61.8,True,further_study,,further_study,,1.0,1051-08-01
7153,1049-50,1_1_3,1,2:1,64.8,True,employed,professional,human_resources,5.0,4.0,1051-08-01
7161,1049-50,1_1_3,1,2:1,64.6,True,unemployed,,,,17.0,1051-08-01
7170,1049-50,1_1_5,1,2:2,52.1,True,unknown,,,,5.0,1051-08-01
7177,1049-50,2_2_4,2,2:2,57.0,True,unemployed,,,,11.0,1051-08-01
7181,1049-50,1_1_5,1,2:1,66.9,True,employed,professional,legal_services,3.0,8.0,1051-08-01
7193,1049-50,4_2_12,4,2:1,64.2,False,,,,,,1051-08-01
7194,1049-50,2_4_12,2,2:1,64.2,True,employed,non_professional,craft_and_making,3.0,6.0,1051-08-01
7203,1049-50,2_2_2,2,First,71.2,True,unemployed,,,,10.0,1051-08-01
7209,1049-50,4_2_12,4,First,77.1,True,employed,professional,education,5.0,6.0,1051-08-01
7211,1049-50,3_2_2,3,2:2,56.6,True,further_study,,further_study,,2.0,1051-08-01
7215,1049-50,2_2_3,2,2:1,62.1,False,,,,,,1051-08-01
7217,1049-50,3_2_2,3,2:1,62.8,True,employed,professional,public_sector_and_civil_service,4.0,3.0,1051-08-01
7224,1049-50,1_2_1,1,2:1,60.5,True,employed,professional,hospitality_and_tourism,4.0,5.0,1051-08-01
7226,1049-50,1_1_3,1,2:2,57.6,True,employed,professional,hospitality_and_tourism,3.0,5.0,1051-08-01
7229,1049-50,2_2_2,2,2:2,57.0,False,,,,,,1051-08-01
7236,1049-50,2_4_10,2,2:1,64.1,True,further_study,,further_study,,3.0,1051-08-01
7239,1049-50,2_4_10,2,2:1,62.5,True,unknown,,,,14.0,1051-08-01
7244,1049-50,4_2_12,4,Third,49.4,False,,,,,,1051-08-01
7246,1049-50,4_2_12,4,2:2,54.4,True,employed,professional,education,3.0,5.0,1051-08-01
7248,1049-50,2_3_9,2,First,71.4,True,employed,non_professional,architecture_and_built_environment,5.0,3.0,1051-08-01
7257,1049-50,2_4_12,2,2:2,52.0,False,,,,,,1051-08-01
7261,1049-50,2_1_1,2,2:1,63.7,True,employed,non_professional,creative_industries,3.0,8.0,1051-08-01
7263,1049-50,2_3_7,2,2:1,60.5,True,further_study,,further_study,,1.0,1051-08-01
7264,1049-50,2_2_3,2,2:1,61.3,True,employed,professional,creative_industries,3.0,5.0,1051-08-01
7267,1049-50,2_2_3,2,First,72.2,True,employed,professional,craft_and_making,5.0,8.0,1051-08-01
7271,1049-50,2_1_1,2,2:2,56.0,True,unknown,,,,8.0,1051-08-01
7273,1049-50,2_4_11,2,2:2,58.5,True,employed,non_professional,heritage_and_curation,2.0,9.0,1051-08-01
7275,1049-50,2_2_2,2,2:2,52.7,True,employed,professional,design_and_media,3.0,5.0,1051-08-01
7278,1049-50,3_1_1,3,2:1,67.8,True,employed,professional,ngo_and_charity,5.0,6.0,1051-08-01
7279,1049-50,2_2_3,2,2:2,59.2,False,,,,,,1051-08-01
7281,1049-50,3_2_2,3,2:1,66.5,False,,,,,,1051-08-01
7282,1049-50,4_2_12,4,2:2,56.6,True,employed,non_professional,allied_health_professions,2.0,4.0,1051-08-01
7286,1049-50,2_2_3,2,2:2,52.3,False,,,,,,1051-08-01
7290,1049-50,2_1_1,2,2:1,66.0,True,employed,non_professional,design_and_media,3.0,7.0,1051-08-01
7300,1049-50,2_1_1,2,First,75.3,True,employed,non_professional,heritage_and_curation,4.0,8.0,1051-08-01
7302,1049-50,2_2_5,2,2:2,53.5,True,further_study,,further_study,,3.0,1051-08-01
7305,1049-50,4_2_12,4,2:1,63.5,False,,,,,,1051-08-01
7313,1049-50,2_4_12,2,Third,47.0,True,employed,non_professional,craft_and_making,2.0,8.0,1051-08-01
7316,1049-50,1_1_3,1,2:1,60.7,False,,,,,,1051-08-01
7318,1049-50,2_3_7,2,Third,47.9,False,,,,,,1051-08-01
7325,1049-50,2_2_3,2,2:1,62.0,False,,,,,,1051-08-01
7334,1049-50,1_1_4,1,2:1,62.0,True,unemployed,,,,13.0,1051-08-01
7335,1049-50,1_1_4,1,2:1,65.9,True,further_study,,further_study,,4.0,1051-08-01
7340,1049-50,2_3_7,2,2:2,57.9,True,employed,professional,design_and_media,2.0,3.0,1051-08-01
7348,1049-50,2_3_7,2,2:1,65.0,True,employed,non_professional,architecture_and_built_environment,3.0,4.0,1051-08-01
7360,1049-50,2_3_8,2,2:2,53.5,True,employed,non_professional,heritage_and_curation,2.0,3.0,1051-08-01
7362,1049-50,2_2_3,2,2:1,68.8,True,further_study,,further_study,,2.0,1051-08-01
7363,1049-50,1_2_1,1,2:1,61.5,True,unemployed,,,,20.0,1051-08-01
7364,1049-50,2_2_2,2,2:2,60.0,True,further_study,,further_study,,3.0,1051-08-01
7367,1049-50,2_3_9,2,2:1,70.0,True,unknown,,,,5.0,1051-08-01
7380,1049-50,1_1_1,1,Third,48.7,True,employed,non_professional,finance_and_banking,1.0,9.0,1051-08-01
7385,1049-50,1_1_2,1,2:1,67.3,True,unemployed,,,,20.0,1051-08-01
7386,1049-50,4_2_12,4,First,76.6,False,,,,,,1051-08-01
7393,1049-50,2_3_7,2,2:2,51.0,True,employed,professional,heritage_and_curation,2.0,6.0,1051-08-01
7399,1049-50,2_4_10,2,2:2,56.2,True,employed,non_professional,design_and_media,2.0,1.0,1051-08-01
7403,1049-50,2_2_2,2,2:2,55.7,True,further_study,,further_study,,1.0,1051-08-01
7405,1049-50,1_1_3,1,2:2,56.5,True,employed,professional,human_resources,3.0,5.0,1051-08-01
7406,1049-50,1_1_1,1,2:1,68.2,True,further_study,,further_study,,1.0,1051-08-01
7408,1049-50,4_2_12,4,2:1,61.8,True,employed,non_professional,public_health,3.0,5.0,1051-08-01
7409,1049-50,2_2_2,2,First,74.9,False,,,,,,1051-08-01
7411,1049-50,3_2_2,3,2:2,58.2,True,employed,professional,ngo_and_charity,3.0,7.0,1051-08-01
7414,1049-50,2_2_5,2,2:1,61.7,True,employed,non_professional,creative_industries,3.0,3.0,1051-08-01
7415,1049-50,3_1_1,3,2:2,55.0,True,employed,non_professional,public_sector_and_civil_service,1.0,6.0,1051-08-01
7419,1049-50,2_2_6,2,2:1,64.6,True,further_study,,further_study,,4.0,1051-08-01
7421,1049-50,2_3_9,2,Third,46.5,True,employed,non_professional,craft_and_making,1.0,4.0,1051-08-01
7432,1049-50,2_4_10,2,2:1,60.3,True,employed,professional,heritage_and_curation,3.0,7.0,1051-08-01
7440,1049-50,2_4_10,2,Third,49.0,True,unemployed,,,,9.0,1051-08-01
7448,1049-50,2_2_6,2,2:1,63.3,False,,,,,,1051-08-01
7449,1049-50,2_4_12,2,2:2,52.8,False,,,,,,1051-08-01
7450,1049-50,1_1_2,1,2:2,59.1,True,employed,professional,management_consulting,3.0,6.0,1051-08-01
7454,1049-50,2_2_5,2,2:1,62.8,True,unemployed,,,,18.0,1051-08-01
7464,1049-50,1_1_1,1,2:1,63.8,True,employed,non_professional,finance_and_banking,2.0,10.0,1051-08-01
7468,1049-50,3_1_1,3,2:1,63.1,True,further_study,,further_study,,4.0,1051-08-01
7469,1049-50,2_2_2,2,First,72.3,True,employed,non_professional,creative_industries,4.0,6.0,1051-08-01
7474,1049-50,2_2_4,2,2:1,60.1,False,,,,,,1051-08-01
7478,1049-50,1_1_3,1,2:2,53.1,True,employed,professional,finance_and_banking,3.0,2.0,1051-08-01
7482,1049-50,1_1_1,1,2:2,53.3,True,unemployed,,,,7.0,1051-08-01
7486,1049-50,2_4_10,2,2:1,65.3,True,employed,professional,craft_and_making,3.0,2.0,1051-08-01
7490,1049-50,1_1_4,1,2:2,56.4,True,further_study,,further_study,,3.0,1051-08-01
7493,1049-50,2_1_1,2,2:2,59.3,True,employed,non_professional,heritage_and_curation,3.0,4.0,1051-08-01
7497,1049-50,2_2_6,2,2:1,60.9,True,further_study,,further_study,,1.0,1051-08-01
7499,1049-50,2_2_5,2,2:2,57.5,True,employed,non_professional,craft_and_making,2.0,3.0,1051-08-01
7505,1049-50,3_2_2,3,First,70.1,False,,,,,,1051-08-01
7514,1049-50,1_2_1,1,2:1,63.3,True,employed,professional,hospitality_and_tourism,4.0,3.0,1051-08-01
7516,1049-50,2_3_9,2,2:2,57.0,True,employed,professional,design_and_media,3.0,8.0,1051-08-01
7525,1049-50,2_3_9,2,2:1,66.5,False,,,,,,1051-08-01
7527,1049-50,2_2_3,2,2:2,53.0,False,,,,,,1051-08-01
7528,1049-50,1_2_1,1,2:1,63.0,False,,,,,,1051-08-01
7530,1049-50,2_4_10,2,2:2,51.9,True,employed,professional,architecture_and_built_environment,3.0,4.0,1051-08-01
7531,1049-50,2_3_9,2,2:1,60.9,False,,,,,,1051-08-01
7535,1049-50,2_2_5,2,Third,47.3,True,further_study,,further_study,,1.0,1051-08-01
7557,1049-50,1_1_1,1,2:2,52.5,True,employed,professional,hospitality_and_tourism,3.0,10.0,1051-08-01
7562,1049-50,2_4_12,2,Third,46.0,False,,,,,,1051-08-01
7566,1049-50,4_2_12,4,2:2,55.6,True,employed,professional,allied_health_professions,3.0,6.0,1051-08-01
7574,1049-50,2_2_5,2,2:2,57.1,False,,,,,,1051-08-01
7588,1049-50,2_2_2,2,2:2,57.9,True,employed,non_professional,architecture_and_built_environment,2.0,8.0,1051-08-01
7594,1049-50,2_2_2,2,2:1,63.8,True,employed,professional,architecture_and_built_environment,5.0,5.0,1051-08-01
7596,1049-50,2_2_5,2,2:1,65.3,False,,,,,,1051-08-01
7624,1049-50,2_3_7,2,2:2,56.3,False,,,,,,1051-08-01
7626,1049-50,1_1_2,1,2:1,61.2,True,unemployed,,,,8.0,1051-08-01
7627,1049-50,2_1_1,2,2:1,67.7,True,employed,professional,design_and_media,5.0,6.0,1051-08-01
7635,1049-50,2_2_5,2,2:1,60.6,True,employed,professional,heritage_and_curation,3.0,3.0,1051-08-01
7636,1049-50,1_1_2,1,2:1,61.6,True,unemployed,,,,16.0,1051-08-01
7637,1049-50,2_2_4,2,2:2,58.1,True,employed,non_professional,craft_and_making,2.0,1.0,1051-08-01
7638,1049-50,2_2_4,2,2:1,67.7,False,,,,,,1051-08-01
7639,1049-50,2_1_1,2,2:2,54.5,False,,,,,,1051-08-01
7640,1049-50,4_2_12,4,2:1,63.7,False,,,,,,1051-08-01
7645,1049-50,2_3_7,2,2:1,69.5,True,further_study,,further_study,,0.0,1051-08-01
7646,1049-50,2_3_7,2,2:2,56.6,True,further_study,,further_study,,0.0,1051-08-01
7650,1049-50,2_3_8,2,Third,47.3,False,,,,,,1051-08-01
7651,1049-50,1_2_1,1,2:1,60.9,True,unknown,,,,10.0,1051-08-01
7656,1049-50,2_4_11,2,2:2,52.4,False,,,,,,1051-08-01
7662,1049-50,1_1_1,1,2:1,64.7,False,,,,,,1051-08-01
7676,1049-50,2_4_10,2,2:2,58.8,False,,,,,,1051-08-01
7686,1049-50,1_1_2,1,2:1,69.5,True,unemployed,,,,18.0,1051-08-01
7691,1049-50,2_2_2,2,2:2,54.8,False,,,,,,1051-08-01
7693,1049-50,1_1_4,1,2:1,67.0,True,employed,professional,hospitality_and_tourism,4.0,7.0,1051-08-01
7697,1049-50,1_2_1,1,2:2,55.4,True,unemployed,,,,13.0,1051-08-01
7698,1049-50,3_2_2,3,2:1,61.6,True,further_study,,further_study,,3.0,1051-08-01
7699,1049-50,2_4_11,2,2:2,59.5,True,unemployed,,,,15.0,1051-08-01
7703,1049-50,2_2_6,2,First,70.7,False,,,,,,1051-08-01
771,1049-50,2_3_9,2,2:2,53.5,True,employed,professional,design_and_media,3.0,4.0,1051-08-01
7711,1049-50,1_1_2,1,2:1,61.4,True,employed,professional,legal_services,4.0,9.0,1051-08-01
7713,1049-50,3_2_2,3,2:2,53.6,False,,,,,,1051-08-01
7719,1049-50,2_2_2,2,2:2,56.9,False,,,,,,1051-08-01
7722,1049-50,2_2_3,2,2:1,60.4,True,unknown,,,,15.0,1051-08-01
7726,1049-50,2_3_7,2,2:1,62.6,False,,,,,,1051-08-01
7729,1049-50,1_1_3,1,2:1,64.2,True,employed,professional,legal_services,4.0,7.0,1051-08-01
773,1049-50,2_2_5,2,2:1,62.6,True,employed,professional,creative_industries,4.0,8.0,1051-08-01
7735,1049-50,2_4_12,2,2:1,63.4,True,further_study,,further_study,,1.0,1051-08-01
7739,1049-50,2_4_11,2,2:2,51.7,False,,,,,,1051-08-01
7740,1049-50,1_1_2,1,2:2,56.5,False,,,,,,1051-08-01
7742,1049-50,4_2_12,4,First,72.8,True,further_study,,further_study,,3.0,1051-08-01
7746,1049-50,1_1_3,1,2:2,52.9,True,employed,non_professional,hospitality_and_tourism,3.0,7.0,1051-08-01
7748,1049-50,2_2_5,2,2:2,56.3,True,employed,professional,architecture_and_built_environment,4.0,3.0,1051-08-01
7749,1049-50,2_3_8,2,2:1,68.6,False,,,,,,1051-08-01
7759,1049-50,2_2_5,2,2:1,69.7,False,,,,,,1051-08-01
7765,1049-50,1_1_4,1,2:2,52.3,True,employed,non_professional,hospitality_and_tourism,1.0,3.0,1051-08-01
7769,1049-50,2_3_8,2,2:1,61.9,True,further_study,,further_study,,2.0,1051-08-01
7775,1049-50,4_2_12,4,2:2,57.8,True,employed,professional,allied_health_professions,3.0,2.0,1051-08-01
7776,1049-50,2_3_7,2,Third,48.7,True,employed,non_professional,craft_and_making,3.0,2.0,1051-08-01
7779,1049-50,1_1_2,1,2:2,51.6,True,unemployed,,,,8.0,1051-08-01
7785,1049-50,2_2_6,2,2:1,66.3,False,,,,,,1051-08-01
7786,1049-50,2_1_1,2,2:2,53.9,False,,,,,,1051-08-01
7788,1049-50,2_4_12,2,2:2,56.5,True,employed,non_professional,heritage_and_curation,1.0,5.0,1051-08-01
7793,1049-50,2_2_5,2,2:2,54.3,True,unemployed,,,,16.0,1051-08-01
7796,1049-50,2_3_8,2,2:1,67.5,True,employed,professional,heritage_and_curation,5.0,6.0,1051-08-01
7811,1049-50,2_2_6,2,2:2,56.8,True,further_study,,further_study,,4.0,1051-08-01
7813,1049-50,1_1_2,1,2:2,58.1,False,,,,,,1051-08-01
7816,1049-50,2_1_1,2,Third,44.0,True,employed,non_professional,heritage_and_curation,2.0,2.0,1051-08-01
7818,1049-50,4_2_12,4,First,72.6,True,employed,professional,public_health,5.0,2.0,1051-08-01
7820,1049-50,3_2_2,3,2:1,66.1,False,,,,,,1051-08-01
7823,1049-50,2_1_1,2,2:1,61.1,True,employed,professional,design_and_media,3.0,1.0,1051-08-01
7827,1049-50,2_3_7,2,2:2,52.2,True,employed,non_professional,design_and_media,1.0,2.0,1051-08-01
7828,1049-50,2_2_4,2,2:1,67.1,False,,,,,,1051-08-01
7830,1049-50,1_2_1,1,2:2,55.7,True,unknown,,,,6.0,1051-08-01
7831,1049-50,2_2_5,2,2:1,63.6,True,employed,professional,design_and_media,4.0,8.0,1051-08-01
7839,1049-50,2_3_7,2,2:2,50.2,True,employed,non_professional,heritage_and_curation,3.0,1.0,1051-08-01
7842,1049-50,2_2_3,2,2:1,66.6,True,employed,professional,heritage_and_curation,5.0,5.0,1051-08-01
7848,1049-50,1_1_2,1,2:2,53.3,True,employed,professional,human_resources,2.0,4.0,1051-08-01
7853,1049-50,2_2_4,2,2:1,60.4,False,,,,,,1051-08-01
7856,1049-50,2_4_12,2,First,74.8,True,employed,professional,creative_industries,5.0,6.0,1051-08-01
7859,1049-50,2_3_8,2,Third,49.1,True,employed,non_professional,craft_and_making,2.0,9.0,1051-08-01
7864,1049-50,2_4_12,2,2:1,69.5,True,employed,professional,design_and_media,5.0,6.0,1051-08-01
7872,1049-50,2_2_5,2,2:1,64.6,True,employed,professional,heritage_and_curation,4.0,4.0,1051-08-01
7880,1049-50,4_2_12,4,First,82.4,False,,,,,,1051-08-01
7881,1049-50,1_1_4,1,2:2,50.5,False,,,,,,1051-08-01
7885,1049-50,3_2_2,3,2:2,52.0,False,,,,,,1051-08-01
7889,1049-50,2_2_6,2,First,72.4,True,further_study,,further_study,,5.0,1051-08-01
7892,1049-50,1_1_4,1,2:1,61.9,True,employed,professional,legal_services,4.0,6.0,1051-08-01
7896,1049-50,3_2_2,3,2:1,61.0,True,employed,professional,ngo_and_charity,4.0,6.0,1051-08-01
7900,1049-50,1_1_1,1,2:1,62.5,True,unknown,,,,13.0,1051-08-01
7909,1049-50,2_2_2,2,2:1,62.4,True,employed,professional,architecture_and_built_environment,4.0,2.0,1051-08-01
7917,1049-50,2_2_3,2,2:2,52.7,True,employed,professional,heritage_and_curation,4.0,4.0,1051-08-01
7920,1049-50,1_1_1,1,2:2,58.7,True,employed,professional,management_consulting,3.0,3.0,1051-08-01
7923,1049-50,2_2_3,2,2:2,54.4,False,,,,,,1051-08-01
7925,1049-50,2_2_5,2,First,71.3,True,employed,professional,craft_and_making,5.0,5.0,1051-08-01
7927,1049-50,2_2_6,2,2:2,54.7,True,employed,non_professional,heritage_and_curation,1.0,3.0,1051-08-01
7928,1049-50,2_3_7,2,2:2,57.3,True,unknown,,,,13.0,1051-08-01
7930,1049-50,2_2_5,2,2:1,65.0,False,,,,,,1051-08-01
7933,1049-50,2_4_10,2,2:1,62.0,False,,,,,,1051-08-01
7934,1049-50,2_3_8,2,2:1,63.2,True,further_study,,further_study,,1.0,1051-08-01
7937,1049-50,1_1_5,1,2:2,53.9,True,further_study,,further_study,,1.0,1051-08-01
7949,1049-50,2_2_3,2,2:2,55.6,True,employed,professional,design_and_media,3.0,6.0,1051-08-01
7950,1049-50,1_1_3,1,First,72.5,True,employed,non_professional,legal_services,4.0,7.0,1051-08-01
7952,1049-50,1_1_4,1,2:2,55.7,False,,,,,,1051-08-01
7961,1049-50,3_2_2,3,2:2,56.6,False,,,,,,1051-08-01
7967,1049-50,4_2_12,4,2:2,53.6,True,employed,non_professional,social_care,2.0,3.0,1051-08-01
7970,1049-50,1_1_4,1,2:1,66.1,True,unemployed,,,,14.0,1051-08-01
7973,1049-50,2_2_5,2,2:1,63.8,True,further_study,,further_study,,3.0,1051-08-01
7975,1049-50,1_1_4,1,2:1,66.4,False,,,,,,1051-08-01
7978,1049-50,2_2_4,2,2:2,55.8,True,further_study,,further_study,,4.0,1051-08-01
7982,1049-50,2_1_1,2,First,71.2,True,employed,professional,design_and_media,5.0,2.0,1051-08-01
7986,1049-50,2_1_1,2,Third,47.0,True,employed,non_professional,architecture_and_built_environment,3.0,10.0,1051-08-01
7989,1049-50,2_1_1,2,2:2,50.4,True,further_study,,further_study,,3.0,1051-08-01
7992,1049-50,2_2_2,2,2:2,52.7,True,further_study,,further_study,,3.0,1051-08-01
7993,1049-50,1_1_1,1,First,70.7,True,unemployed,,,,14.0,1051-08-01
7994,1049-50,1_1_4,1,Third,48.7,True,further_study,,further_study,,3.0,1051-08-01
7997,1049-50,4_2_12,4,2:1,65.7,False,,,,,,1051-08-01
8003,1049-50,2_2_2,2,2:1,60.9,True,employed,non_professional,design_and_media,3.0,6.0,1051-08-01
8005,1049-50,2_4_10,2,2:1,63.2,True,further_study,,further_study,,3.0,1051-08-01
8007,1049-50,2_3_8,2,2:1,64.5,True,employed,professional,heritage_and_curation,4.0,2.0,1051-08-01
8013,1049-50,4_2_12,4,Third,49.2,False,,,,,,1051-08-01
8014,1049-50,1_1_5,1,2:1,62.4,True,employed,professional,management_consulting,3.0,9.0,1051-08-01
8032,1049-50,1_1_1,1,2:1,65.5,False,,,,,,1051-08-01
8034,1049-50,2_2_4,2,2:2,56.8,True,employed,non_professional,craft_and_making,2.0,8.0,1051-08-01
8038,1049-50,2_4_11,2,2:1,62.8,False,,,,,,1051-08-01
8041,1049-50,2_1_1,2,2:1,69.6,False,,,,,,1051-08-01
8042,1049-50,2_2_5,2,2:1,67.0,True,further_study,,further_study,,2.0,1051-08-01
8048,1049-50,3_1_1,3,2:1,62.2,True,employed,non_professional,ngo_and_charity,3.0,2.0,1051-08-01
8052,1049-50,1_1_1,1,2:1,61.7,True,further_study,,further_study,,2.0,1051-08-01
8054,1049-50,2_4_12,2,2:2,58.3,True,unemployed,,,,18.0,1051-08-01
8056,1049-50,2_2_5,2,2:2,53.5,False,,,,,,1051-08-01
8061,1049-50,2_1_1,2,2:1,66.7,True,further_study,,further_study,,3.0,1051-08-01
8062,1049-50,2_1_1,2,2:1,63.5,False,,,,,,1051-08-01
8063,1049-50,2_4_11,2,Third,49.1,True,employed,non_professional,craft_and_making,2.0,2.0,1051-08-01
8066,1049-50,2_3_7,2,2:2,53.7,True,employed,non_professional,creative_industries,2.0,2.0,1051-08-01
8071,1049-50,2_2_2,2,2:2,56.9,True,employed,professional,creative_industries,4.0,3.0,1051-08-01
8077,1049-50,2_4_10,2,2:2,52.6,True,employed,non_professional,design_and_media,2.0,10.0,1051-08-01
8081,1049-50,2_3_8,2,2:1,67.7,True,unemployed,,,,9.0,1051-08-01
8086,1049-50,1_1_3,1,First,70.8,True,employed,professional,legal_services,4.0,4.0,1051-08-01
8093,1049-50,2_2_6,2,2:1,60.7,True,employed,professional,creative_industries,4.0,7.0,1051-08-01
8112,1049-50,1_1_4,1,2:1,65.7,True,unknown,,,,11.0,1051-08-01
8121,1049-50,2_2_5,2,2:2,58.1,True,employed,non_professional,craft_and_making,1.0,8.0,1051-08-01
8127,1049-50,2_3_8,2,2:1,62.8,True,unemployed,,,,17.0,1051-08-01
8129,1049-50,2_3_9,2,First,71.0,True,employed,professional,design_and_media,5.0,3.0,1051-08-01
8136,1049-50,2_4_12,2,2:2,56.5,False,,,,,,1051-08-01
8139,1049-50,2_2_6,2,2:1,69.5,False,,,,,,1051-08-01
8148,1049-50,2_2_4,2,First,76.9,True,employed,professional,design_and_media,5.0,8.0,1051-08-01
8151,1049-50,1_1_4,1,2:2,56.5,True,further_study,,further_study,,2.0,1051-08-01
8163,1049-50,2_1_1,2,2:2,53.4,True,unknown,,,,11.0,1051-08-01
8166,1049-50,4_2_12,4,First,75.6,False,,,,,,1051-08-01
8171,1049-50,1_1_3,1,2:1,64.8,False,,,,,,1051-08-01
8183,1049-50,2_2_6,2,2:1,65.8,True,employed,non_professional,heritage_and_curation,3.0,3.0,1051-08-01
8193,1049-50,2_4_10,2,2:2,55.9,True,employed,professional,architecture_and_built_environment,4.0,3.0,1051-08-01
8201,1049-50,3_2_2,3,2:2,59.2,True,further_study,,further_study,,1.0,1051-08-01
821,1049-50,2_3_9,2,2:2,52.9,True,employed,non_professional,heritage_and_curation,2.0,8.0,1051-08-01
8215,1049-50,2_3_7,2,2:1,60.4,True,employed,professional,creative_industries,4.0,7.0,1051-08-01
8219,1049-50,2_4_12,2,2:1,65.1,True,employed,professional,craft_and_making,5.0,5.0,1051-08-01
8229,1049-50,2_2_3,2,2:1,66.5,True,unemployed,,,,17.0,1051-08-01
8230,1049-50,3_2_2,3,2:2,59.7,True,employed,non_professional,research_and_academia,2.0,6.0,1051-08-01
8231,1049-50,2_2_2,2,2:1,60.5,False,,,,,,1051-08-01
8233,1049-50,2_2_3,2,2:1,61.0,False,,,,,,1051-08-01
8239,1049-50,2_4_11,2,2:2,52.9,True,employed,professional,architecture_and_built_environment,2.0,6.0,1051-08-01
8249,1049-50,2_4_10,2,2:1,67.4,True,employed,non_professional,design_and_media,4.0,2.0,1051-08-01
8250,1049-50,2_4_12,2,2:2,50.8,True,employed,non_professional,craft_and_making,2.0,1.0,1051-08-01
8251,1049-50,2_4_12,2,2:2,57.9,True,employed,non_professional,heritage_and_curation,2.0,7.0,1051-08-01
8257,1049-50,1_1_4,1,2:2,56.8,False,,,,,,1051-08-01
8258,1049-50,2_2_6,2,2:1,64.2,False,,,,,,1051-08-01
8260,1049-50,2_3_9,2,First,72.2,True,employed,professional,craft_and_making,5.0,1.0,1051-08-01
8266,1049-50,1_1_1,1,2:1,67.4,True,further_study,,further_study,,2.0,1051-08-01
8271,1049-50,2_2_5,2,2:2,58.4,True,further_study,,further_study,,1.0,1051-08-01
8276,1049-50,1_1_1,1,2:1,69.2,True,employed,professional,management_consulting,4.0,6.0,1051-08-01
8278,1049-50,1_1_1,1,2:2,52.6,True,further_study,,further_study,,1.0,1051-08-01
8280,1049-50,2_4_12,2,2:2,59.8,False,,,,,,1051-08-01
8281,1049-50,2_1_1,2,2:2,55.8,True,employed,non_professional,architecture_and_built_environment,1.0,7.0,1051-08-01
8282,1049-50,4_2_12,4,2:1,60.4,True,employed,professional,allied_health_professions,4.0,2.0,1051-08-01
8290,1049-50,2_4_10,2,2:1,67.6,False,,,,,,1051-08-01
8292,1049-50,2_2_4,2,2:2,56.5,False,,,,,,1051-08-01
8293,1049-50,2_2_4,2,2:2,56.4,True,unknown,,,,5.0,1051-08-01
8304,1049-50,2_2_4,2,2:2,59.2,False,,,,,,1051-08-01
8306,1049-50,1_1_3,1,First,73.7,False,,,,,,1051-08-01
8311,1049-50,4_2_12,4,First,70.3,True,employed,professional,allied_health_professions,5.0,2.0,1051-08-01
8322,1049-50,2_2_3,2,2:1,66.1,False,,,,,,1051-08-01
8326,1049-50,2_2_6,2,First,75.1,True,employed,professional,design_and_media,5.0,3.0,1051-08-01
8330,1049-50,2_4_12,2,2:1,61.2,False,,,,,,1051-08-01
8334,1049-50,2_2_4,2,2:1,69.0,False,,,,,,1051-08-01
834,1049-50,2_2_2,2,2:2,53.7,False,,,,,,1051-08-01
8341,1049-50,4_2_12,4,First,73.9,False,,,,,,1051-08-01
8343,1049-50,2_4_10,2,Third,49.9,True,further_study,,further_study,,0.0,1051-08-01
8344,1049-50,1_1_3,1,2:1,67.3,True,employed,professional,finance_and_banking,5.0,6.0,1051-08-01
8353,1049-50,1_1_2,1,2:1,64.2,True,employed,professional,finance_and_banking,4.0,2.0,1051-08-01
8356,1049-50,2_4_11,2,2:1,64.8,True,further_study,,further_study,,0.0,1051-08-01
8362,1049-50,2_2_6,2,2:2,57.5,True,employed,non_professional,design_and_media,1.0,8.0,1051-08-01
8373,1049-50,4_2_12,4,First,72.7,False,,,,,,1051-08-01
8377,1049-50,1_1_5,1,2:1,69.7,True,employed,professional,management_consulting,4.0,8.0,1051-08-01
8378,1049-50,2_3_7,2,Third,46.0,True,employed,non_professional,craft_and_making,3.0,9.0,1051-08-01
8379,1049-50,2_3_9,2,2:2,58.3,True,further_study,,further_study,,1.0,1051-08-01
8388,1049-50,2_4_12,2,First,70.0,True,employed,professional,craft_and_making,5.0,8.0,1051-08-01
8392,1049-50,2_3_8,2,2:1,63.4,True,further_study,,further_study,,4.0,1051-08-01
8402,1049-50,1_1_3,1,2:2,53.0,True,further_study,,further_study,,2.0,1051-08-01
8404,1049-50,2_2_6,2,2:2,53.6,True,employed,non_professional,craft_and_making,2.0,3.0,1051-08-01
8407,1049-50,1_2_1,1,2:2,57.7,True,employed,non_professional,human_resources,3.0,4.0,1051-08-01
8410,1049-50,1_1_3,1,2:2,58.3,False,,,,,,1051-08-01
8415,1049-50,4_2_12,4,First,71.9,False,,,,,,1051-08-01
8416,1049-50,2_2_3,2,2:2,57.8,False,,,,,,1051-08-01
8417,1049-50,2_4_10,2,2:2,57.6,True,employed,non_professional,heritage_and_curation,2.0,3.0,1051-08-01
8418,1049-50,4_2_12,4,2:2,55.1,True,employed,non_professional,healthcare_and_nhs,1.0,5.0,1051-08-01
8419,1049-50,2_3_7,2,2:1,66.7,True,further_study,,further_study,,1.0,1051-08-01
8429,1049-50,2_3_8,2,2:1,65.9,True,employed,non_professional,creative_industries,3.0,2.0,1051-08-01
8434,1049-50,2_4_10,2,2:2,59.4,True,unknown,,,,7.0,1051-08-01
8439,1049-50,2_2_3,2,2:1,61.6,True,further_study,,further_study,,5.0,1051-08-01
8443,1049-50,2_2_3,2,2:1,60.1,True,employed,professional,craft_and_making,4.0,6.0,1051-08-01
8448,1049-50,4_2_12,4,First,76.2,True,employed,professional,social_care,5.0,5.0,1051-08-01
8451,1049-50,3_2_2,3,First,70.4,False,,,,,,1051-08-01
8463,1049-50,2_3_7,2,2:2,53.0,True,unemployed,,,,22.0,1051-08-01
8466,1049-50,2_1_1,2,2:2,58.5,True,unemployed,,,,13.0,1051-08-01
8469,1049-50,2_3_8,2,2:2,59.3,False,,,,,,1051-08-01
8473,1049-50,1_1_5,1,2:2,56.3,True,employed,non_professional,human_resources,1.0,3.0,1051-08-01
8474,1049-50,2_4_12,2,2:2,52.2,True,employed,non_professional,creative_industries,3.0,7.0,1051-08-01
8478,1049-50,3_1_1,3,2:2,58.4,False,,,,,,1051-08-01
8480,1049-50,1_1_4,1,2:2,57.4,False,,,,,,1051-08-01
8483,1049-50,2_2_6,2,2:1,69.7,True,unemployed,,,,11.0,1051-08-01
8489,1049-50,1_2_1,1,2:2,51.5,True,unemployed,,,,12.0,1051-08-01
8498,1049-50,2_2_3,2,Third,48.6,True,employed,non_professional,heritage_and_curation,2.0,3.0,1051-08-01
850,1049-50,2_4_10,2,2:2,52.6,True,further_study,,further_study,,2.0,1051-08-01
8504,1049-50,1_1_4,1,2:1,64.2,True,unemployed,,,,7.0,1051-08-01
8509,1049-50,2_3_9,2,2:1,63.0,True,unemployed,,,,21.0,1051-08-01
8511,1049-50,1_1_4,1,2:1,62.9,False,,,,,,1051-08-01
8513,1049-50,2_2_5,2,2:2,50.5,True,further_study,,further_study,,3.0,1051-08-01
8514,1049-50,1_1_4,1,Third,47.8,True,employed,professional,legal_services,2.0,7.0,1051-08-01
8515,1049-50,2_2_3,2,2:1,60.5,True,employed,professional,heritage_and_curation,3.0,3.0,1051-08-01
8521,1049-50,2_2_6,2,2:1,67.3,True,employed,professional,architecture_and_built_environment,4.0,6.0,1051-08-01
8542,1049-50,4_2_12,4,2:2,51.6,True,employed,professional,social_care,1.0,1.0,1051-08-01
8544,1049-50,2_2_6,2,2:2,57.3,True,employed,non_professional,creative_industries,3.0,1.0,1051-08-01
8547,1049-50,2_3_7,2,Third,49.1,True,employed,professional,craft_and_making,2.0,7.0,1051-08-01
8551,1049-50,3_2_2,3,First,73.8,True,employed,professional,research_and_academia,5.0,11.0,1051-08-01
8559,1049-50,4_2_12,4,Third,46.5,True,employed,professional,healthcare_and_nhs,2.0,8.0,1051-08-01
8563,1049-50,2_4_10,2,2:1,60.2,True,further_study,,further_study,,1.0,1051-08-01
8567,1049-50,2_2_2,2,2:2,56.0,True,unemployed,,,,11.0,1051-08-01
8568,1049-50,2_2_2,2,2:2,58.1,False,,,,,,1051-08-01
8571,1049-50,2_2_5,2,2:2,52.5,False,,,,,,1051-08-01
8575,1049-50,1_1_2,1,2:2,55.2,True,employed,non_professional,finance_and_banking,2.0,2.0,1051-08-01
8585,1049-50,1_2_1,1,2:2,54.8,False,,,,,,1051-08-01
8596,1049-50,2_4_12,2,2:1,63.4,True,employed,non_professional,heritage_and_curation,2.0,3.0,1051-08-01
8597,1049-50,2_3_8,2,2:1,63.0,True,employed,professional,heritage_and_curation,4.0,2.0,1051-08-01
8602,1049-50,2_4_10,2,2:1,69.3,False,,,,,,1051-08-01
8603,1049-50,2_4_12,2,Third,49.9,True,employed,professional,architecture_and_built_environment,2.0,1.0,1051-08-01
8606,1049-50,2_3_7,2,2:1,64.4,False,,,,,,1051-08-01
8610,1049-50,2_2_3,2,Third,48.1,True,employed,non_professional,craft_and_making,2.0,6.0,1051-08-01
8613,1049-50,1_1_3,1,2:1,63.8,False,,,,,,1051-08-01
8617,1049-50,1_1_1,1,2:1,62.4,True,employed,professional,hospitality_and_tourism,4.0,9.0,1051-08-01
8626,1049-50,2_2_6,2,2:1,62.9,True,unknown,,,,11.0,1051-08-01
8630,1049-50,2_2_4,2,2:1,61.4,False,,,,,,1051-08-01
8631,1049-50,1_1_1,1,2:1,62.6,True,employed,professional,management_consulting,5.0,4.0,1051-08-01
8634,1049-50,2_4_11,2,2:2,51.0,False,,,,,,1051-08-01
8637,1049-50,2_2_4,2,Third,48.6,True,employed,non_professional,design_and_media,1.0,3.0,1051-08-01
8640,1049-50,3_2_2,3,2:1,65.0,True,unknown,,,,3.0,1051-08-01
8651,1049-50,2_3_9,2,2:2,52.1,False,,,,,,1051-08-01
8652,1049-50,1_1_5,1,2:2,56.9,True,further_study,,further_study,,2.0,1051-08-01
8653,1049-50,4_2_12,4,First,81.7,True,employed,professional,allied_health_professions,5.0,6.0,1051-08-01
8657,1049-50,1_1_5,1,2:2,56.4,True,employed,professional,hospitality_and_tourism,3.0,3.0,1051-08-01
8658,1049-50,2_2_2,2,2:2,55.4,True,unknown,,,,5.0,1051-08-01
8663,1049-50,2_1_1,2,2:2,58.2,True,employed,professional,heritage_and_curation,2.0,6.0,1051-08-01
8664,1049-50,2_4_10,2,2:2,57.6,True,further_study,,further_study,,4.0,1051-08-01
8665,1049-50,1_2_1,1,2:2,55.0,True,further_study,,further_study,,4.0,1051-08-01
8671,1049-50,1_1_1,1,2:2,58.0,True,unknown,,,,2.0,1051-08-01
8677,1049-50,4_2_12,4,First,77.5,True,employed,professional,public_health,5.0,3.0,1051-08-01
8681,1049-50,2_2_6,2,2:2,57.2,True,employed,non_professional,design_and_media,3.0,7.0,1051-08-01
8691,1049-50,1_1_1,1,2:2,58.0,False,,,,,,1051-08-01
8694,1049-50,2_2_5,2,2:1,60.4,True,employed,non_professional,heritage_and_curation,3.0,10.0,1051-08-01
8695,1049-50,2_2_2,2,First,71.3,False,,,,,,1051-08-01
8696,1049-50,2_1_1,2,First,72.5,False,,,,,,1051-08-01
8705,1049-50,1_1_1,1,2:2,53.8,True,further_study,,further_study,,1.0,1051-08-01
8708,1049-50,1_1_2,1,2:1,61.7,False,,,,,,1051-08-01
8709,1049-50,1_1_4,1,2:1,64.0,True,further_study,,further_study,,1.0,1051-08-01
8718,1049-50,2_4_12,2,First,74.7,True,employed,professional,craft_and_making,5.0,3.0,1051-08-01
8719,1049-50,4_2_12,4,2:2,50.7,False,,,,,,1051-08-01
8721,1049-50,1_1_5,1,2:1,69.7,False,,,,,,1051-08-01
8722,1049-50,3_1_1,3,2:1,64.7,False,,,,,,1051-08-01
8729,1049-50,4_2_12,4,Third,42.2,True,employed,non_professional,allied_health_professions,2.0,4.0,1051-08-01
8731,1049-50,2_1_1,2,2:2,54.7,False,,,,,,1051-08-01
8733,1049-50,1_1_4,1,2:2,59.9,True,further_study,,further_study,,1.0,1051-08-01
8743,1049-50,1_1_4,1,Third,45.8,False,,,,,,1051-08-01
8748,1049-50,2_3_8,2,2:2,53.5,True,further_study,,further_study,,2.0,1051-08-01
8759,1049-50,2_3_7,2,2:1,68.8,False,,,,,,1051-08-01
8760,1049-50,2_4_11,2,2:2,52.7,False,,,,,,1051-08-01
8761,1049-50,2_1_1,2,2:1,63.8,False,,,,,,1051-08-01
8763,1049-50,4_2_12,4,2:2,52.5,False,,,,,,1051-08-01
8766,1049-50,2_2_4,2,2:2,58.0,True,employed,non_professional,design_and_media,1.0,6.0,1051-08-01
8776,1049-50,2_3_9,2,2:2,58.6,True,employed,non_professional,design_and_media,1.0,4.0,1051-08-01
8779,1049-50,1_1_5,1,First,72.0,True,further_study,,further_study,,3.0,1051-08-01
8781,1049-50,1_2_1,1,2:2,51.9,True,employed,non_professional,human_resources,2.0,3.0,1051-08-01
8782,1049-50,2_2_4,2,2:1,60.1,False,,,,,,1051-08-01
8783,1049-50,3_1_1,3,2:1,67.1,True,employed,professional,media_and_communications,5.0,4.0,1051-08-01
8785,1049-50,1_1_3,1,2:2,51.0,True,employed,non_professional,finance_and_banking,1.0,6.0,1051-08-01
8788,1049-50,1_1_2,1,2:1,61.4,False,,,,,,1051-08-01
8796,1049-50,2_2_4,2,2:1,61.8,True,unemployed,,,,17.0,1051-08-01
8808,1049-50,4_2_12,4,2:1,63.2,False,,,,,,1051-08-01
8821,1049-50,3_2_2,3,2:2,53.6,True,employed,professional,ngo_and_charity,2.0,7.0,1051-08-01
8822,1049-50,1_1_5,1,2:1,61.4,False,,,,,,1051-08-01
8823,1049-50,3_2_2,3,2:1,65.9,False,,,,,,1051-08-01
8828,1049-50,4_2_12,4,2:2,59.4,False,,,,,,1051-08-01
8829,1049-50,2_3_8,2,First,70.3,False,,,,,,1051-08-01
8830,1049-50,1_1_2,1,2:2,59.0,False,,,,,,1051-08-01
8831,1049-50,2_2_3,2,2:1,63.2,True,employed,professional,craft_and_making,4.0,4.0,1051-08-01
8838,1049-50,2_2_5,2,2:1,66.6,True,employed,professional,heritage_and_curation,4.0,3.0,1051-08-01
8839,1049-50,2_3_9,2,First,70.5,False,,,,,,1051-08-01
8840,1049-50,4_2_12,4,2:2,55.8,True,employed,non_professional,allied_health_professions,3.0,2.0,1051-08-01
8845,1049-50,2_3_9,2,2:1,66.3,True,employed,non_professional,creative_industries,3.0,2.0,1051-08-01
8850,1049-50,2_3_7,2,2:2,56.8,True,further_study,,further_study,,2.0,1051-08-01
8851,1049-50,2_3_8,2,First,71.3,True,further_study,,further_study,,2.0,1051-08-01
8863,1049-50,2_2_2,2,First,71.8,True,employed,professional,craft_and_making,5.0,7.0,1051-08-01
8869,1049-50,1_1_1,1,First,72.2,True,employed,professional,human_resources,5.0,3.0,1051-08-01
8872,1049-50,1_1_4,1,2:1,61.2,False,,,,,,1051-08-01
8873,1049-50,2_2_5,2,2:1,66.5,True,further_study,,further_study,,2.0,1051-08-01
8874,1049-50,2_4_10,2,2:2,54.1,True,employed,professional,heritage_and_curation,3.0,4.0,1051-08-01
8875,1049-50,3_2_2,3,2:2,57.0,True,employed,professional,media_and_communications,2.0,7.0,1051-08-01
8876,1049-50,1_2_1,1,2:2,58.2,False,,,,,,1051-08-01
8890,1049-50,4_2_12,4,2:1,62.0,True,employed,professional,social_care,3.0,6.0,1051-08-01
8891,1049-50,2_4_12,2,First,72.6,True,employed,professional,heritage_and_curation,5.0,0.0,1051-08-01
8892,1049-50,1_1_1,1,2:2,57.9,True,employed,professional,human_resources,3.0,6.0,1051-08-01
8893,1049-50,3_2_2,3,2:2,56.3,True,employed,professional,education,4.0,6.0,1051-08-01
8895,1049-50,3_2_2,3,2:1,63.8,False,,,,,,1051-08-01
8900,1049-50,2_2_2,2,2:2,59.7,True,employed,professional,architecture_and_built_environment,3.0,3.0,1051-08-01
8903,1049-50,1_1_2,1,2:2,54.8,True,employed,professional,management_consulting,3.0,8.0,1051-08-01
8904,1049-50,2_3_7,2,2:1,65.8,True,employed,professional,architecture_and_built_environment,5.0,3.0,1051-08-01
8906,1049-50,1_1_4,1,2:1,69.2,False,,,,,,1051-08-01
8913,1049-50,2_4_12,2,2:1,69.3,False,,,,,,1051-08-01
8917,1049-50,2_1_1,2,2:2,58.7,False,,,,,,1051-08-01
8922,1049-50,4_2_12,4,2:2,58.1,True,employed,professional,allied_health_professions,3.0,9.0,1051-08-01
8927,1049-50,2_1_1,2,2:2,53.4,True,unemployed,,,,10.0,1051-08-01
8929,1049-50,2_4_11,2,2:1,67.8,True,unemployed,,,,17.0,1051-08-01
8932,1049-50,2_3_8,2,2:1,61.1,False,,,,,,1051-08-01
8936,1049-50,2_2_6,2,2:1,62.2,True,employed,professional,creative_industries,4.0,3.0,1051-08-01
8939,1049-50,1_1_1,1,2:1,63.1,False,,,,,,1051-08-01
8942,1049-50,1_1_1,1,2:2,53.0,True,employed,professional,hospitality_and_tourism,3.0,2.0,1051-08-01
8946,1049-50,1_2_1,1,2:2,55.0,True,employed,professional,finance_and_banking,2.0,6.0,1051-08-01
8948,1049-50,4_2_12,4,Third,49.4,True,employed,non_professional,education,2.0,8.0,1051-08-01
8951,1049-50,1_1_3,1,2:2,57.8,True,employed,professional,legal_services,3.0,4.0,1051-08-01
8968,1049-50,2_3_8,2,2:2,59.0,True,further_study,,further_study,,1.0,1051-08-01
8973,1049-50,2_3_8,2,2:1,61.6,False,,,,,,1051-08-01
8990,1049-50,2_3_8,2,2:1,64.6,False,,,,,,1051-08-01
9000,1049-50,2_1_1,2,2:1,61.0,True,employed,non_professional,heritage_and_curation,4.0,4.0,1051-08-01
9002,1049-50,2_2_2,2,2:1,61.3,True,employed,professional,heritage_and_curation,3.0,4.0,1051-08-01
9005,1049-50,2_2_5,2,First,73.2,True,further_study,,further_study,,3.0,1051-08-01
9007,1049-50,2_3_7,2,2:1,64.0,True,employed,professional,design_and_media,4.0,3.0,1051-08-01
9009,1049-50,1_1_2,1,2:1,68.9,True,unemployed,,,,13.0,1051-08-01
9012,1049-50,2_3_7,2,First,70.3,True,further_study,,further_study,,5.0,1051-08-01
9019,1049-50,2_3_8,2,First,74.5,True,further_study,,further_study,,5.0,1051-08-01
9027,1049-50,2_3_7,2,First,73.2,True,further_study,,further_study,,2.0,1051-08-01
9033,1049-50,2_3_7,2,2:2,53.4,True,employed,non_professional,architecture_and_built_environment,2.0,6.0,1051-08-01
9036,1049-50,1_1_5,1,2:2,60.0,False,,,,,,1051-08-01
9040,1049-50,1_2_1,1,2:1,67.2,False,,,,,,1051-08-01
9045,1049-50,2_3_8,2,2:1,63.7,True,further_study,,further_study,,2.0,1051-08-01
9048,1049-50,2_4_11,2,2:1,62.7,False,,,,,,1051-08-01
9065,1049-50,4_2_12,4,Third,47.8,True,employed,non_professional,public_health,1.0,4.0,1051-08-01
9073,1049-50,2_2_3,2,2:1,60.7,True,further_study,,further_study,,2.0,1051-08-01
9075,1049-50,2_2_2,2,2:2,54.7,True,employed,professional,craft_and_making,3.0,6.0,1051-08-01
9076,1049-50,4_2_12,4,Third,47.4,True,further_study,,further_study,,5.0,1051-08-01
9079,1049-50,2_2_6,2,2:2,59.6,True,employed,non_professional,architecture_and_built_environment,2.0,5.0,1051-08-01
9089,1049-50,2_1_1,2,2:2,56.8,True,employed,professional,creative_industries,2.0,9.0,1051-08-01
9095,1049-50,2_2_6,2,2:1,63.2,True,employed,non_professional,craft_and_making,4.0,1.0,1051-08-01
9096,1049-50,2_2_5,2,2:2,58.7,True,employed,professional,architecture_and_built_environment,4.0,7.0,1051-08-01
9101,1049-50,2_3_8,2,First,71.8,True,employed,professional,craft_and_making,5.0,7.0,1051-08-01
9117,1049-50,1_1_5,1,First,72.3,True,unemployed,,,,14.0,1051-08-01
9123,1049-50,3_1_1,3,2:1,60.8,False,,,,,,1051-08-01
9129,1049-50,1_1_1,1,2:2,59.5,True,unemployed,,,,17.0,1051-08-01
9132,1049-50,3_2_2,3,2:2,55.9,True,further_study,,further_study,,1.0,1051-08-01
9138,1049-50,3_1_1,3,2:2,56.6,False,,,,,,1051-08-01
9145,1049-50,3_2_2,3,2:2,57.5,True,employed,professional,research_and_academia,3.0,2.0,1051-08-01
9155,1049-50,2_4_12,2,2:2,57.8,True,employed,professional,craft_and_making,3.0,4.0,1051-08-01
9158,1049-50,1_1_4,1,2:1,68.2,True,further_study,,further_study,,1.0,1051-08-01
9163,1049-50,2_3_8,2,2:1,62.8,True,employed,professional,creative_industries,4.0,6.0,1051-08-01
9174,1049-50,2_4_11,2,2:1,68.3,True,employed,non_professional,design_and_media,3.0,4.0,1051-08-01
9185,1049-50,1_1_3,1,2:1,67.0,True,unemployed,,,,10.0,1051-08-01
9187,1049-50,2_4_12,2,2:1,62.3,True,further_study,,further_study,,2.0,1051-08-01
9188,1049-50,2_3_7,2,2:1,65.1,True,employed,professional,craft_and_making,4.0,3.0,1051-08-01
9194,1049-50,2_2_2,2,2:2,52.9,False,,,,,,1051-08-01
9196,1049-50,1_1_4,1,2:2,52.9,True,further_study,,further_study,,3.0,1051-08-01
9198,1049-50,4_2_12,4,Third,42.5,True,unknown,,,,4.0,1051-08-01
9199,1049-50,3_2_2,3,2:1,68.2,False,,,,,,1051-08-01
9204,1049-50,2_2_4,2,2:2,50.6,True,employed,non_professional,architecture_and_built_environment,2.0,4.0,1051-08-01
9213,1049-50,1_1_4,1,2:2,52.0,True,employed,non_professional,legal_services,2.0,6.0,1051-08-01
9224,1049-50,2_1_1,2,2:1,67.1,False,,,,,,1051-08-01
9233,1049-50,1_1_3,1,2:1,67.7,True,employed,professional,human_resources,4.0,4.0,1051-08-01
9234,1049-50,4_2_12,4,First,71.5,True,employed,professional,social_care,4.0,7.0,1051-08-01
9237,1049-50,1_1_2,1,Third,48.2,True,employed,professional,human_resources,3.0,4.0,1051-08-01
9239,1049-50,1_1_4,1,2:1,67.7,False,,,,,,1051-08-01
9241,1049-50,2_2_5,2,2:2,53.6,True,employed,non_professional,heritage_and_curation,3.0,11.0,1051-08-01
9245,1049-50,2_2_5,2,2:1,60.9,True,employed,non_professional,creative_industries,5.0,8.0,1051-08-01
925,1049-50,2_2_6,2,Third,44.5,True,employed,non_professional,craft_and_making,1.0,4.0,1051-08-01
9253,1049-50,2_4_11,2,2:1,65.1,False,,,,,,1051-08-01
9255,1049-50,2_2_4,2,2:2,54.9,False,,,,,,1051-08-01
9258,1049-50,4_2_12,4,2:1,61.8,False,,,,,,1051-08-01
9263,1049-50,4_2_12,4,2:1,66.6,False,,,,,,1051-08-01
9266,1049-50,2_3_8,2,2:2,56.8,True,unemployed,,,,13.0,1051-08-01
9274,1049-50,2_4_10,2,2:1,61.3,True,employed,non_professional,architecture_and_built_environment,3.0,4.0,1051-08-01
9276,1049-50,2_3_8,2,First,73.2,True,employed,professional,creative_industries,4.0,3.0,1051-08-01
9279,1049-50,1_1_2,1,Third,49.6,False,,,,,,1051-08-01
928,1049-50,1_1_5,1,2:1,64.7,True,employed,professional,hospitality_and_tourism,4.0,4.0,1051-08-01
9282,1049-50,1_2_1,1,2:2,52.6,True,employed,non_professional,legal_services,1.0,4.0,1051-08-01
9288,1049-50,4_2_12,4,2:1,67.5,True,employed,professional,healthcare_and_nhs,4.0,6.0,1051-08-01
9295,1049-50,4_2_12,4,Third,48.6,True,further_study,,further_study,,1.0,1051-08-01
9305,1049-50,2_3_7,2,2:2,58.9,False,,,,,,1051-08-01
9310,1049-50,3_2_2,3,2:2,59.2,True,employed,professional,public_sector_and_civil_service,4.0,3.0,1051-08-01
9317,1049-50,2_4_12,2,2:2,51.7,True,further_study,,further_study,,3.0,1051-08-01
9327,1049-50,2_4_12,2,2:2,51.5,False,,,,,,1051-08-01
9328,1049-50,1_1_4,1,2:1,64.9,True,unknown,,,,12.0,1051-08-01
9330,1049-50,1_1_1,1,2:1,64.5,True,employed,professional,human_resources,4.0,3.0,1051-08-01
9338,1049-50,2_1_1,2,2:2,58.8,True,employed,professional,creative_industries,3.0,9.0,1051-08-01
9342,1049-50,2_4_12,2,2:2,59.2,True,employed,professional,craft_and_making,2.0,3.0,1051-08-01
9356,1049-50,1_1_3,1,2:2,51.5,True,further_study,,further_study,,5.0,1051-08-01
9358,1049-50,1_1_1,1,2:2,58.6,True,employed,non_professional,legal_services,2.0,8.0,1051-08-01
9367,1049-50,2_3_9,2,2:1,62.9,False,,,,,,1051-08-01
9386,1049-50,2_4_11,2,Third,43.6,True,employed,non_professional,heritage_and_curation,2.0,4.0,1051-08-01
9388,1049-50,4_2_12,4,2:1,68.2,False,,,,,,1051-08-01
9390,1049-50,2_2_5,2,2:1,61.0,False,,,,,,1051-08-01
9394,1049-50,2_1_1,2,First,74.2,True,employed,professional,heritage_and_curation,5.0,3.0,1051-08-01
9395,1049-50,2_2_2,2,Third,47.0,True,employed,non_professional,architecture_and_built_environment,2.0,4.0,1051-08-01
9410,1049-50,4_2_12,4,2:2,54.2,False,,,,,,1051-08-01
9412,1049-50,1_2_1,1,2:2,57.5,True,employed,non_professional,finance_and_banking,2.0,5.0,1051-08-01
9413,1049-50,1_1_1,1,2:2,55.2,True,unemployed,,,,19.0,1051-08-01
9420,1049-50,2_2_3,2,2:1,60.6,False,,,,,,1051-08-01
9421,1049-50,3_2_2,3,2:2,51.0,False,,,,,,1051-08-01
9423,1049-50,2_4_12,2,2:2,52.5,True,employed,non_professional,architecture_and_built_environment,1.0,11.0,1051-08-01
9424,1049-50,2_4_12,2,2:1,61.5,True,employed,professional,craft_and_making,4.0,3.0,1051-08-01
9429,1049-50,2_2_6,2,Third,49.1,True,unemployed,,,,10.0,1051-08-01
9432,1049-50,3_1_1,3,2:2,54.6,True,employed,non_professional,research_and_academia,2.0,3.0,1051-08-01
9434,1049-50,2_2_5,2,2:1,62.9,True,further_study,,further_study,,3.0,1051-08-01
9450,1049-50,1_1_5,1,2:1,63.0,True,employed,non_professional,human_resources,3.0,3.0,1051-08-01
9452,1049-50,2_4_10,2,2:2,51.5,False,,,,,,1051-08-01
9457,1049-50,2_3_8,2,2:2,53.7,False,,,,,,1051-08-01
9459,1049-50,4_2_12,4,2:2,55.8,True,further_study,,further_study,,4.0,1051-08-01
946,1049-50,1_1_3,1,2:1,65.4,True,employed,professional,hospitality_and_tourism,2.0,8.0,1051-08-01
9461,1049-50,2_3_8,2,2:2,57.4,True,employed,non_professional,architecture_and_built_environment,2.0,3.0,1051-08-01
9479,1049-50,4_2_12,4,2:1,62.7,False,,,,,,1051-08-01
9483,1049-50,4_2_12,4,2:1,65.6,True,employed,professional,allied_health_professions,4.0,1.0,1051-08-01
9484,1049-50,2_2_2,2,2:2,54.8,True,employed,professional,craft_and_making,2.0,3.0,1051-08-01
9486,1049-50,2_4_12,2,2:2,50.9,True,employed,professional,heritage_and_curation,3.0,3.0,1051-08-01
9488,1049-50,2_2_4,2,2:1,64.3,True,employed,professional,craft_and_making,4.0,5.0,1051-08-01
9492,1049-50,1_1_2,1,2:1,65.3,True,employed,professional,legal_services,4.0,3.0,1051-08-01
9494,1049-50,3_2_2,3,First,73.4,False,,,,,,1051-08-01
9496,1049-50,2_4_10,2,2:2,57.2,False,,,,,,1051-08-01
9502,1049-50,4_2_12,4,2:1,64.5,False,,,,,,1051-08-01
9504,1049-50,4_2_12,4,2:2,58.2,False,,,,,,1051-08-01
9506,1049-50,2_3_7,2,2:1,60.7,True,employed,professional,craft_and_making,4.0,2.0,1051-08-01
951,1049-50,2_3_9,2,2:1,62.0,True,employed,professional,design_and_media,4.0,9.0,1051-08-01
9520,1049-50,1_1_1,1,Third,41.7,True,employed,non_professional,finance_and_banking,1.0,6.0,1051-08-01
9521,1049-50,1_1_3,1,Third,49.3,False,,,,,,1051-08-01
9526,1049-50,2_2_6,2,2:2,59.2,True,employed,non_professional,creative_industries,3.0,10.0,1051-08-01
9531,1049-50,2_2_3,2,2:1,60.4,True,unemployed,,,,17.0,1051-08-01
9532,1049-50,2_1_1,2,2:2,51.2,False,,,,,,1051-08-01
9533,1049-50,2_4_11,2,2:2,52.1,False,,,,,,1051-08-01
9534,1049-50,4_2_12,4,2:1,60.0,True,employed,professional,healthcare_and_nhs,5.0,6.0,1051-08-01
9540,1049-50,2_3_8,2,2:2,59.0,True,further_study,,further_study,,3.0,1051-08-01
9541,1049-50,1_1_5,1,2:1,62.0,True,unemployed,,,,21.0,1051-08-01
9545,1049-50,1_1_4,1,2:2,51.3,False,,,,,,1051-08-01
9547,1049-50,3_1_1,3,First,77.7,True,further_study,,further_study,,4.0,1051-08-01
9562,1049-50,4_2_12,4,2:2,59.2,True,employed,non_professional,social_care,2.0,7.0,1051-08-01
9573,1049-50,2_4_11,2,2:1,61.3,False,,,,,,1051-08-01
9577,1049-50,2_2_6,2,2:2,57.3,True,employed,non_professional,heritage_and_curation,3.0,2.0,1051-08-01
9581,1049-50,4_2_12,4,2:1,64.5,False,,,,,,1051-08-01
9586,1049-50,2_1_1,2,2:2,55.5,False,,,,,,1051-08-01
9592,1049-50,2_4_12,2,2:1,60.4,True,further_study,,further_study,,4.0,1051-08-01
9597,1049-50,1_1_3,1,2:2,57.2,False,,,,,,1051-08-01
9606,1049-50,2_2_2,2,2:2,53.1,True,further_study,,further_study,,0.0,1051-08-01
9607,1049-50,4_2_12,4,First,77.7,True,employed,professional,healthcare_and_nhs,5.0,3.0,1051-08-01
9615,1049-50,2_2_5,2,First,70.5,False,,,,,,1051-08-01
9617,1049-50,1_1_1,1,First,71.4,True,employed,professional,finance_and_banking,5.0,2.0,1051-08-01
9621,1049-50,1_1_1,1,2:1,64.7,True,unknown,,,,7.0,1051-08-01
9623,1049-50,2_2_3,2,2:1,66.4,True,employed,professional,heritage_and_curation,4.0,8.0,1051-08-01
9624,1049-50,1_2_1,1,2:2,51.7,True,employed,non_professional,finance_and_banking,2.0,9.0,1051-08-01
9629,1049-50,3_1_1,3,2:1,62.5,True,employed,professional,public_sector_and_civil_service,4.0,9.0,1051-08-01
9635,1049-50,2_2_2,2,2:2,57.7,True,employed,professional,heritage_and_curation,2.0,4.0,1051-08-01
9640,1049-50,1_1_2,1,First,73.8,True,employed,professional,finance_and_banking,5.0,2.0,1051-08-01
9644,1049-50,2_4_11,2,2:1,62.5,True,further_study,,further_study,,1.0,1051-08-01
9650,1049-50,2_1_1,2,2:2,57.5,False,,,,,,1051-08-01
9656,1049-50,2_2_5,2,2:2,52.3,False,,,,,,1051-08-01
9669,1049-50,2_3_9,2,2:2,56.9,True,unemployed,,,,17.0,1051-08-01
9674,1049-50,2_4_12,2,2:2,50.2,True,employed,non_professional,creative_industries,2.0,3.0,1051-08-01
9687,1049-50,4_2_12,4,2:2,50.8,True,employed,professional,public_health,3.0,12.0,1051-08-01
9689,1049-50,2_2_4,2,2:2,59.1,False,,,,,,1051-08-01
9692,1049-50,2_2_3,2,2:1,61.7,True,employed,professional,architecture_and_built_environment,4.0,2.0,1051-08-01
9693,1049-50,2_3_8,2,Third,47.6,False,,,,,,1051-08-01
9694,1049-50,2_2_6,2,First,72.2,False,,,,,,1051-08-01
9701,1049-50,4_2_12,4,Third,43.3,False,,,,,,1051-08-01
9705,1049-50,2_1_1,2,2:2,54.3,True,further_study,,further_study,,3.0,1051-08-01
9709,1049-50,3_2_2,3,Third,49.7,False,,,,,,1051-08-01
972,1049-50,1_1_2,1,2:2,55.2,False,,,,,,1051-08-01
9720,1049-50,2_2_2,2,Third,45.5,True,employed,non_professional,design_and_media,2.0,2.0,1051-08-01
9731,1049-50,1_1_4,1,2:1,63.6,True,employed,professional,hospitality_and_tourism,3.0,6.0,1051-08-01
9734,1049-50,2_1_1,2,2:2,59.5,False,,,,,,1051-08-01
9735,1049-50,2_2_3,2,2:1,68.4,True,employed,professional,craft_and_making,3.0,6.0,1051-08-01
9740,1049-50,4_2_12,4,First,79.6,True,employed,professional,healthcare_and_nhs,5.0,3.0,1051-08-01
9753,1049-50,2_4_11,2,2:2,52.8,False,,,,,,1051-08-01
9756,1049-50,2_2_5,2,2:2,59.0,True,further_study,,further_study,,3.0,1051-08-01
9758,1049-50,2_4_11,2,2:2,54.9,True,employed,non_professional,design_and_media,2.0,2.0,1051-08-01
9759,1049-50,2_2_5,2,2:2,54.5,True,further_study,,further_study,,0.0,1051-08-01
9760,1049-50,2_4_10,2,2:2,50.8,True,employed,professional,architecture_and_built_environment,3.0,7.0,1051-08-01
9769,1049-50,2_3_7,2,Third,48.7,True,employed,non_professional,creative_industries,3.0,2.0,1051-08-01
9771,1049-50,1_2_1,1,2:1,67.9,False,,,,,,1051-08-01
9775,1049-50,2_2_2,2,2:1,60.0,True,unknown,,,,2.0,1051-08-01
9776,1049-50,2_2_2,2,2:2,53.6,True,employed,professional,architecture_and_built_environment,3.0,4.0,1051-08-01
9778,1049-50,2_2_3,2,2:1,62.0,False,,,,,,1051-08-01
9779,1049-50,2_2_5,2,2:2,50.6,True,employed,professional,design_and_media,3.0,3.0,1051-08-01
9782,1049-50,1_2_1,1,2:1,68.3,True,further_study,,further_study,,2.0,1051-08-01
9785,1049-50,4_2_12,4,First,80.0,False,,,,,,1051-08-01
9792,1049-50,2_4_12,2,2:1,63.1,True,unemployed,,,,20.0,1051-08-01
9797,1049-50,2_3_7,2,Third,48.8,False,,,,,,1051-08-01
9798,1049-50,2_1_1,2,2:2,55.4,True,employed,non_professional,design_and_media,1.0,5.0,1051-08-01
9799,1049-50,2_4_12,2,2:1,65.4,False,,,,,,1051-08-01
9812,1049-50,1_1_3,1,First,72.6,False,,,,,,1051-08-01
9815,1049-50,2_1_1,2,Third,49.0,True,employed,professional,heritage_and_curation,2.0,6.0,1051-08-01
9816,1049-50,4_2_12,4,Third,47.4,False,,,,,,1051-08-01
9818,1049-50,2_3_8,2,2:2,55.8,True,employed,professional,design_and_media,4.0,1.0,1051-08-01
9828,1049-50,2_4_11,2,2:1,61.7,True,employed,professional,heritage_and_curation,3.0,1.0,1051-08-01
9829,1049-50,4_2_12,4,2:1,69.6,False,,,,,,1051-08-01
9832,1049-50,3_1_1,3,2:2,56.5,True,further_study,,further_study,,1.0,1051-08-01
9834,1049-50,1_1_1,1,2:1,69.0,True,unemployed,,,,21.0,1051-08-01
9835,1049-50,2_4_10,2,Third,46.4,False,,,,,,1051-08-01
9839,1049-50,2_3_7,2,2:2,58.7,False,,,,,,1051-08-01
9844,1049-50,1_1_5,1,2:1,65.9,False,,,,,,1051-08-01
9849,1049-50,1_1_3,1,2:1,69.0,True,employed,non_professional,hospitality_and_tourism,4.0,8.0,1051-08-01
9854,1049-50,1_1_4,1,2:1,65.2,True,employed,professional,finance_and_banking,4.0,4.0,1051-08-01
9855,1049-50,2_3_8,2,2:1,65.8,True,employed,non_professional,creative_industries,3.0,3.0,1051-08-01
9860,1049-50,1_1_3,1,2:2,50.1,True,employed,professional,human_resources,2.0,3.0,1051-08-01
9863,1049-50,2_1_1,2,2:2,53.8,True,employed,non_professional,architecture_and_built_environment,2.0,6.0,1051-08-01
9865,1049-50,1_1_4,1,2:1,60.9,True,further_study,,further_study,,5.0,1051-08-01
9867,1049-50,4_2_12,4,2:2,56.7,True,unemployed,,,,15.0,1051-08-01
9868,1049-50,2_2_4,2,2:2,54.9,True,employed,professional,design_and_media,3.0,1.0,1051-08-01
9869,1049-50,2_2_5,2,2:2,57.7,True,employed,non_professional,architecture_and_built_environment,2.0,10.0,1051-08-01
9875,1049-50,1_2_1,1,2:2,58.0,False,,,,,,1051-08-01
9876,1049-50,2_2_4,2,2:1,64.0,True,employed,professional,architecture_and_built_environment,4.0,3.0,1051-08-01
9880,1049-50,2_3_7,2,2:2,56.5,True,employed,non_professional,design_and_media,2.0,2.0,1051-08-01
9892,1049-50,2_2_4,2,2:1,69.3,True,employed,professional,craft_and_making,4.0,4.0,1051-08-01
9896,1049-50,2_3_7,2,2:1,66.1,True,employed,professional,heritage_and_curation,4.0,5.0,1051-08-01
9900,1049-50,2_2_5,2,2:2,59.5,True,employed,professional,heritage_and_curation,3.0,4.0,1051-08-01
9906,1049-50,2_2_4,2,Third,49.8,True,employed,non_professional,architecture_and_built_environment,1.0,5.0,1051-08-01
9908,1049-50,2_4_11,2,2:1,60.4,True,employed,professional,creative_industries,4.0,3.0,1051-08-01
9914,1049-50,1_1_3,1,2:1,63.4,True,employed,professional,hospitality_and_tourism,4.0,8.0,1051-08-01
9925,1049-50,2_2_4,2,2:1,66.0,True,employed,professional,creative_industries,4.0,2.0,1051-08-01
9926,1049-50,2_2_5,2,2:1,64.6,False,,,,,,1051-08-01
9929,1049-50,1_1_2,1,2:1,66.5,True,employed,professional,management_consulting,4.0,3.0,1051-08-01
9932,1049-50,1_1_5,1,2:2,53.3,True,employed,non_professional,finance_and_banking,2.0,6.0,1051-08-01
9936,1049-50,1_1_1,1,2:1,69.7,True,employed,professional,management_consulting,4.0,3.0,1051-08-01
9942,1049-50,2_2_2,2,2:1,61.5,True,further_study,,further_study,,5.0,1051-08-01
9947,1049-50,2_3_8,2,First,72.5,True,further_study,,further_study,,3.0,1051-08-01
9950,1049-50,1_1_1,1,2:2,59.1,False,,,,,,1051-08-01
9953,1049-50,1_2_1,1,Third,45.8,False,,,,,,1051-08-01
9957,1049-50,1_1_3,1,2:1,66.2,True,employed,professional,legal_services,3.0,11.0,1051-08-01
9959,1049-50,1_1_5,1,2:1,60.4,True,further_study,,further_study,,1.0,1051-08-01
9962,1049-50,4_2_12,4,2:2,53.4,True,employed,professional,education,3.0,3.0,1051-08-01
9963,1049-50,2_2_4,2,2:2,59.4,True,employed,non_professional,architecture_and_built_environment,1.0,4.0,1051-08-01
9964,1049-50,2_2_6,2,2:2,59.4,True,unknown,,,,6.0,1051-08-01
9968,1049-50,2_2_5,2,First,74.2,False,,,,,,1051-08-01
9975,1049-50,2_2_2,2,2:1,68.2,True,employed,non_professional,creative_industries,5.0,7.0,1051-08-01
9980,1049-50,2_1_1,2,2:2,57.6,False,,,,,,1051-08-01
9986,1049-50,4_2_12,4,2:2,57.3,False,,,,,,1051-08-01
9991,1049-50,3_1_1,3,2:1,61.1,True,employed,professional,ngo_and_charity,4.0,7.0,1051-08-01
10001,1050-51,3_1_1,3,2:2,59.3,True,employed,professional,media_and_communications,3.0,5.0,1052-08-01
10007,1050-51,2_3_7,2,2:1,60.6,True,employed,non_professional,heritage_and_curation,2.0,8.0,1052-08-01
10010,1050-51,4_2_12,4,First,70.9,True,employed,professional,public_health,5.0,6.0,1052-08-01
10011,1050-51,1_1_3,1,2:2,54.0,True,further_study,,further_study,,2.0,1052-08-01
10014,1050-51,2_3_8,2,2:2,57.6,True,further_study,,further_study,,1.0,1052-08-01
10015,1050-51,4_2_12,4,First,70.4,True,employed,professional,healthcare_and_nhs,5.0,4.0,1052-08-01
10018,1050-51,2_3_9,2,2:1,69.6,True,unemployed,,,,16.0,1052-08-01
10024,1050-51,2_3_7,2,2:1,64.0,True,employed,professional,heritage_and_curation,5.0,4.0,1052-08-01
10026,1050-51,4_2_12,4,2:1,66.5,True,employed,professional,healthcare_and_nhs,4.0,2.0,1052-08-01
10032,1050-51,1_1_1,1,2:1,62.3,True,employed,professional,management_consulting,5.0,1.0,1052-08-01
10036,1050-51,1_1_3,1,2:2,59.3,True,further_study,,further_study,,5.0,1052-08-01
10039,1050-51,1_1_3,1,First,70.5,True,employed,professional,human_resources,4.0,10.0,1052-08-01
10046,1050-51,4_2_12,4,Third,44.9,True,employed,professional,allied_health_professions,3.0,3.0,1052-08-01
10059,1050-51,1_1_5,1,2:1,65.7,False,,,,,,1052-08-01
10063,1050-51,2_2_2,2,First,71.9,True,unemployed,,,,12.0,1052-08-01
10072,1050-51,2_2_3,2,2:2,53.1,True,further_study,,further_study,,1.0,1052-08-01
10077,1050-51,1_2_1,1,2:1,69.9,False,,,,,,1052-08-01
10082,1050-51,1_1_2,1,2:1,69.5,False,,,,,,1052-08-01
10087,1050-51,4_2_12,4,2:1,68.6,True,further_study,,further_study,,2.0,1052-08-01
10089,1050-51,1_1_2,1,2:2,57.2,True,further_study,,further_study,,5.0,1052-08-01
10096,1050-51,4_2_12,4,2:1,69.1,True,unknown,,,,2.0,1052-08-01
10102,1050-51,2_3_8,2,2:1,67.2,True,employed,non_professional,heritage_and_curation,4.0,2.0,1052-08-01
10105,1050-51,4_2_12,4,2:2,59.2,True,employed,non_professional,social_care,3.0,1.0,1052-08-01
10121,1050-51,4_2_12,4,Third,40.6,True,employed,professional,social_care,2.0,2.0,1052-08-01
10134,1050-51,1_1_1,1,2:1,67.4,True,employed,non_professional,legal_services,3.0,9.0,1052-08-01
10141,1050-51,2_2_5,2,First,70.4,True,employed,non_professional,design_and_media,4.0,4.0,1052-08-01
10142,1050-51,2_3_8,2,2:1,61.8,True,employed,professional,heritage_and_curation,4.0,7.0,1052-08-01
10144,1050-51,2_4_12,2,2:1,61.4,True,employed,professional,creative_industries,4.0,6.0,1052-08-01
10146,1050-51,2_3_8,2,2:1,61.7,True,employed,professional,heritage_and_curation,4.0,2.0,1052-08-01
10148,1050-51,2_2_4,2,First,71.7,True,employed,non_professional,creative_industries,4.0,3.0,1052-08-01
10157,1050-51,2_2_6,2,2:2,53.2,True,further_study,,further_study,,4.0,1052-08-01
10161,1050-51,2_3_8,2,2:1,62.1,True,employed,non_professional,creative_industries,3.0,1.0,1052-08-01
10169,1050-51,1_1_3,1,2:2,59.8,True,employed,professional,legal_services,3.0,4.0,1052-08-01
10171,1050-51,2_4_10,2,2:1,60.1,True,further_study,,further_study,,4.0,1052-08-01
10172,1050-51,2_2_3,2,2:1,69.2,True,further_study,,further_study,,2.0,1052-08-01
10177,1050-51,1_1_3,1,Third,49.2,False,,,,,,1052-08-01
10180,1050-51,1_1_3,1,2:1,65.4,True,employed,professional,hospitality_and_tourism,3.0,1.0,1052-08-01
10182,1050-51,2_2_6,2,2:1,63.9,True,employed,professional,creative_industries,3.0,9.0,1052-08-01
10184,1050-51,2_4_10,2,2:1,65.2,False,,,,,,1052-08-01
10192,1050-51,4_2_12,4,2:2,54.2,False,,,,,,1052-08-01
10197,1050-51,2_4_11,2,2:1,67.8,True,further_study,,further_study,,2.0,1052-08-01
10202,1050-51,1_1_3,1,2:1,69.1,False,,,,,,1052-08-01
10205,1050-51,1_1_2,1,2:2,56.3,True,unknown,,,,11.0,1052-08-01
10206,1050-51,1_2_1,1,2:1,65.2,True,further_study,,further_study,,3.0,1052-08-01
10227,1050-51,2_3_8,2,2:1,62.0,True,employed,professional,creative_industries,4.0,4.0,1052-08-01
10228,1050-51,3_2_2,3,2:1,67.1,True,employed,professional,research_and_academia,3.0,6.0,1052-08-01
10229,1050-51,4_2_12,4,Third,48.9,True,employed,professional,healthcare_and_nhs,1.0,8.0,1052-08-01
10232,1050-51,3_1_1,3,First,70.3,False,,,,,,1052-08-01
10234,1050-51,2_2_6,2,First,76.3,False,,,,,,1052-08-01
10239,1050-51,3_1_1,3,2:2,57.3,True,employed,professional,education,3.0,7.0,1052-08-01
10240,1050-51,2_2_4,2,2:1,60.2,True,further_study,,further_study,,4.0,1052-08-01
10242,1050-51,2_2_4,2,2:2,56.0,True,unemployed,,,,9.0,1052-08-01
10245,1050-51,4_2_12,4,Third,49.9,True,employed,professional,public_health,3.0,8.0,1052-08-01
10246,1050-51,2_4_12,2,2:1,62.5,True,unemployed,,,,11.0,1052-08-01
10247,1050-51,3_2_2,3,2:1,65.3,True,employed,non_professional,media_and_communications,3.0,8.0,1052-08-01
10256,1050-51,1_1_1,1,2:1,60.9,False,,,,,,1052-08-01
10261,1050-51,2_4_10,2,Third,49.8,True,employed,non_professional,architecture_and_built_environment,2.0,3.0,1052-08-01
10266,1050-51,2_2_2,2,2:2,53.6,True,employed,professional,design_and_media,3.0,6.0,1052-08-01
10268,1050-51,1_2_1,1,2:2,53.6,True,employed,non_professional,hospitality_and_tourism,2.0,7.0,1052-08-01
10271,1050-51,2_3_8,2,2:1,64.3,False,,,,,,1052-08-01
10279,1050-51,1_2_1,1,2:2,59.9,True,employed,professional,hospitality_and_tourism,5.0,3.0,1052-08-01
10294,1050-51,1_1_5,1,2:1,61.0,True,unemployed,,,,15.0,1052-08-01
10299,1050-51,1_2_1,1,2:2,56.8,False,,,,,,1052-08-01
10300,1050-51,2_3_7,2,2:2,51.8,False,,,,,,1052-08-01
10302,1050-51,2_4_12,2,2:1,68.2,True,employed,professional,design_and_media,4.0,5.0,1052-08-01
10324,1050-51,1_2_1,1,Third,48.9,True,unknown,,,,10.0,1052-08-01
10330,1050-51,2_2_5,2,2:1,67.2,True,employed,non_professional,craft_and_making,3.0,3.0,1052-08-01
10335,1050-51,2_3_8,2,2:2,55.1,True,further_study,,further_study,,3.0,1052-08-01
10336,1050-51,4_2_12,4,2:2,53.7,False,,,,,,1052-08-01
10341,1050-51,2_3_7,2,2:1,68.0,True,further_study,,further_study,,2.0,1052-08-01
10347,1050-51,2_4_12,2,2:2,57.6,True,employed,non_professional,heritage_and_curation,2.0,8.0,1052-08-01
10353,1050-51,4_2_12,4,First,81.2,True,further_study,,further_study,,1.0,1052-08-01
10357,1050-51,2_3_8,2,2:1,67.6,True,unemployed,,,,15.0,1052-08-01
10359,1050-51,1_1_2,1,2:1,63.2,True,unknown,,,,6.0,1052-08-01
10363,1050-51,2_2_2,2,2:2,57.6,False,,,,,,1052-08-01
10366,1050-51,1_2_1,1,First,72.9,False,,,,,,1052-08-01
10372,1050-51,2_3_8,2,2:1,66.9,False,,,,,,1052-08-01
10376,1050-51,1_1_2,1,2:2,58.6,True,employed,non_professional,hospitality_and_tourism,2.0,4.0,1052-08-01
10398,1050-51,1_1_2,1,2:1,61.7,True,employed,non_professional,hospitality_and_tourism,3.0,5.0,1052-08-01
10408,1050-51,2_1_1,2,2:2,59.8,True,employed,professional,creative_industries,3.0,7.0,1052-08-01
10414,1050-51,2_1_1,2,2:2,59.4,True,unemployed,,,,15.0,1052-08-01
10415,1050-51,1_1_3,1,2:2,51.8,False,,,,,,1052-08-01
10423,1050-51,2_3_8,2,2:1,63.0,False,,,,,,1052-08-01
10426,1050-51,4_2_12,4,2:2,52.7,True,employed,professional,social_care,3.0,7.0,1052-08-01
10432,1050-51,2_2_3,2,2:2,52.7,True,employed,professional,creative_industries,4.0,8.0,1052-08-01
10433,1050-51,1_1_2,1,First,71.0,True,unemployed,,,,14.0,1052-08-01
10437,1050-51,2_3_8,2,2:2,54.8,True,employed,non_professional,architecture_and_built_environment,2.0,2.0,1052-08-01
10439,1050-51,2_2_6,2,2:2,59.6,True,employed,non_professional,creative_industries,2.0,9.0,1052-08-01
10440,1050-51,2_2_3,2,2:1,66.1,True,employed,professional,heritage_and_curation,4.0,4.0,1052-08-01
10442,1050-51,2_1_1,2,2:2,59.8,True,employed,professional,design_and_media,3.0,8.0,1052-08-01
10444,1050-51,1_1_3,1,2:1,68.0,True,further_study,,further_study,,5.0,1052-08-01
10445,1050-51,2_4_12,2,2:2,53.4,True,further_study,,further_study,,1.0,1052-08-01
10446,1050-51,2_1_1,2,Third,49.8,True,employed,professional,craft_and_making,4.0,9.0,1052-08-01
10447,1050-51,2_3_8,2,2:2,58.9,True,employed,professional,heritage_and_curation,3.0,5.0,1052-08-01
10454,1050-51,3_2_2,3,2:2,59.0,False,,,,,,1052-08-01
10466,1050-51,4_2_12,4,2:2,59.1,True,further_study,,further_study,,5.0,1052-08-01
10467,1050-51,2_4_11,2,2:2,58.1,True,employed,non_professional,creative_industries,3.0,4.0,1052-08-01
10468,1050-51,2_2_4,2,2:1,64.0,True,employed,non_professional,craft_and_making,4.0,4.0,1052-08-01
10472,1050-51,1_2_1,1,Third,46.8,True,employed,professional,management_consulting,3.0,3.0,1052-08-01
10474,1050-51,2_4_11,2,2:2,52.3,True,employed,non_professional,design_and_media,2.0,2.0,1052-08-01
10478,1050-51,2_1_1,2,2:2,56.8,True,employed,non_professional,creative_industries,3.0,7.0,1052-08-01
10482,1050-51,2_1_1,2,2:2,58.8,True,employed,professional,architecture_and_built_environment,3.0,2.0,1052-08-01
10499,1050-51,1_1_1,1,2:2,58.2,False,,,,,,1052-08-01
10500,1050-51,2_3_8,2,2:1,63.4,True,employed,non_professional,heritage_and_curation,3.0,3.0,1052-08-01
10503,1050-51,3_2_2,3,First,70.8,True,employed,non_professional,research_and_academia,4.0,5.0,1052-08-01
10505,1050-51,2_2_6,2,2:2,58.5,False,,,,,,1052-08-01
10528,1050-51,2_3_7,2,2:1,69.0,True,further_study,,further_study,,2.0,1052-08-01
10530,1050-51,1_2_1,1,2:2,59.0,True,unemployed,,,,14.0,1052-08-01
10533,1050-51,2_2_2,2,2:1,65.9,False,,,,,,1052-08-01
10535,1050-51,2_4_12,2,2:2,58.1,False,,,,,,1052-08-01
10542,1050-51,2_3_8,2,2:2,54.8,True,employed,professional,architecture_and_built_environment,3.0,3.0,1052-08-01
10551,1050-51,1_2_1,1,2:1,64.8,True,employed,professional,hospitality_and_tourism,4.0,5.0,1052-08-01
10552,1050-51,2_3_7,2,Third,49.6,True,unknown,,,,8.0,1052-08-01
10558,1050-51,4_2_12,4,2:1,63.5,True,unknown,,,,14.0,1052-08-01
10564,1050-51,2_2_4,2,2:1,60.8,True,further_study,,further_study,,4.0,1052-08-01
10567,1050-51,1_1_2,1,Third,47.8,True,further_study,,further_study,,1.0,1052-08-01
10568,1050-51,1_2_1,1,2:2,53.5,True,employed,non_professional,legal_services,2.0,2.0,1052-08-01
10574,1050-51,2_1_1,2,Third,48.4,True,employed,non_professional,architecture_and_built_environment,2.0,7.0,1052-08-01
10575,1050-51,4_2_12,4,2:1,62.8,True,employed,professional,public_health,4.0,3.0,1052-08-01
10579,1050-51,2_2_5,2,2:1,62.0,True,employed,professional,creative_industries,4.0,1.0,1052-08-01
10580,1050-51,1_2_1,1,2:2,55.1,False,,,,,,1052-08-01
10581,1050-51,2_4_12,2,2:1,65.8,True,employed,non_professional,design_and_media,4.0,4.0,1052-08-01
10589,1050-51,1_1_3,1,2:2,59.3,True,employed,professional,human_resources,3.0,9.0,1052-08-01
10592,1050-51,1_1_2,1,2:2,55.1,True,further_study,,further_study,,3.0,1052-08-01
10595,1050-51,1_1_4,1,2:1,69.1,True,further_study,,further_study,,5.0,1052-08-01
10602,1050-51,2_2_4,2,2:2,50.5,True,employed,non_professional,design_and_media,2.0,4.0,1052-08-01
10610,1050-51,2_4_10,2,2:2,58.4,True,employed,professional,design_and_media,3.0,3.0,1052-08-01
10613,1050-51,2_2_2,2,2:2,58.9,False,,,,,,1052-08-01
10615,1050-51,2_4_10,2,2:2,58.0,False,,,,,,1052-08-01
10622,1050-51,2_3_8,2,2:1,66.5,True,unemployed,,,,15.0,1052-08-01
10629,1050-51,3_1_1,3,2:2,54.0,False,,,,,,1052-08-01
10635,1050-51,2_3_8,2,2:1,64.8,True,employed,professional,craft_and_making,4.0,3.0,1052-08-01
10637,1050-51,2_2_4,2,2:2,50.2,False,,,,,,1052-08-01
10639,1050-51,2_1_1,2,2:2,54.3,True,employed,non_professional,creative_industries,1.0,6.0,1052-08-01
10641,1050-51,4_2_12,4,First,76.6,False,,,,,,1052-08-01
10650,1050-51,2_4_12,2,2:1,63.7,True,employed,professional,heritage_and_curation,4.0,8.0,1052-08-01
10668,1050-51,2_2_5,2,2:2,50.1,False,,,,,,1052-08-01
10673,1050-51,4_2_12,4,2:2,59.9,True,employed,professional,allied_health_professions,3.0,8.0,1052-08-01
10674,1050-51,4_2_12,4,Third,46.5,False,,,,,,1052-08-01
10676,1050-51,2_3_9,2,2:2,56.4,True,employed,non_professional,craft_and_making,2.0,2.0,1052-08-01
10680,1050-51,1_1_3,1,2:2,52.1,True,employed,professional,human_resources,2.0,9.0,1052-08-01
10684,1050-51,1_1_3,1,2:2,59.8,True,unknown,,,,7.0,1052-08-01
10688,1050-51,2_2_6,2,2:2,50.8,False,,,,,,1052-08-01
10691,1050-51,1_2_1,1,2:1,65.7,True,employed,professional,hospitality_and_tourism,4.0,10.0,1052-08-01
10692,1050-51,2_2_5,2,First,78.5,False,,,,,,1052-08-01
10694,1050-51,2_1_1,2,2:1,66.3,True,unemployed,,,,21.0,1052-08-01
10696,1050-51,2_3_7,2,First,70.1,True,employed,professional,heritage_and_curation,5.0,9.0,1052-08-01
10701,1050-51,2_3_7,2,2:1,66.3,True,employed,professional,heritage_and_curation,5.0,2.0,1052-08-01
10715,1050-51,2_4_10,2,2:1,65.7,True,further_study,,further_study,,3.0,1052-08-01
10718,1050-51,1_1_5,1,2:2,50.8,True,unemployed,,,,17.0,1052-08-01
10722,1050-51,1_1_5,1,2:1,67.3,True,employed,non_professional,human_resources,3.0,2.0,1052-08-01
10724,1050-51,2_2_5,2,2:1,66.0,True,employed,professional,architecture_and_built_environment,5.0,9.0,1052-08-01
10729,1050-51,2_4_11,2,2:1,63.5,False,,,,,,1052-08-01
10732,1050-51,1_2_1,1,2:1,68.1,False,,,,,,1052-08-01
10742,1050-51,2_3_9,2,2:2,53.1,True,employed,non_professional,heritage_and_curation,2.0,9.0,1052-08-01
10745,1050-51,2_1_1,2,First,74.6,True,unknown,,,,10.0,1052-08-01
10747,1050-51,2_3_8,2,2:2,58.3,True,employed,non_professional,heritage_and_curation,1.0,7.0,1052-08-01
10753,1050-51,2_3_8,2,2:2,52.9,True,further_study,,further_study,,0.0,1052-08-01
10761,1050-51,1_1_3,1,First,71.8,True,employed,professional,human_resources,5.0,2.0,1052-08-01
10770,1050-51,2_4_12,2,2:2,54.4,True,employed,non_professional,architecture_and_built_environment,1.0,5.0,1052-08-01
10780,1050-51,1_1_5,1,2:1,65.5,True,further_study,,further_study,,1.0,1052-08-01
10786,1050-51,2_2_4,2,2:2,59.0,True,unknown,,,,5.0,1052-08-01
10787,1050-51,2_3_7,2,2:1,69.5,False,,,,,,1052-08-01
10796,1050-51,2_2_2,2,2:1,63.6,False,,,,,,1052-08-01
10799,1050-51,2_2_4,2,2:1,67.2,True,employed,non_professional,craft_and_making,4.0,3.0,1052-08-01
10810,1050-51,1_1_3,1,2:2,52.3,True,further_study,,further_study,,2.0,1052-08-01
10817,1050-51,1_1_5,1,2:2,54.7,False,,,,,,1052-08-01
10827,1050-51,1_1_3,1,2:2,54.8,False,,,,,,1052-08-01
10832,1050-51,4_2_12,4,Third,49.6,False,,,,,,1052-08-01
10841,1050-51,2_4_11,2,2:1,68.6,True,employed,professional,design_and_media,4.0,5.0,1052-08-01
10842,1050-51,2_2_3,2,2:1,64.0,False,,,,,,1052-08-01
10851,1050-51,2_1_1,2,2:1,69.4,True,employed,professional,heritage_and_curation,5.0,2.0,1052-08-01
10852,1050-51,2_4_12,2,2:2,57.0,True,employed,professional,creative_industries,2.0,2.0,1052-08-01
10855,1050-51,2_3_7,2,Third,47.8,True,unemployed,,,,15.0,1052-08-01
10856,1050-51,2_4_10,2,2:2,58.7,True,employed,non_professional,craft_and_making,1.0,9.0,1052-08-01
10861,1050-51,2_3_7,2,2:2,54.4,True,unemployed,,,,12.0,1052-08-01
10863,1050-51,1_1_2,1,2:1,60.2,True,further_study,,further_study,,2.0,1052-08-01
10872,1050-51,2_1_1,2,2:1,64.4,True,employed,non_professional,creative_industries,3.0,5.0,1052-08-01
10882,1050-51,3_2_2,3,2:2,52.6,True,employed,professional,ngo_and_charity,3.0,2.0,1052-08-01
10885,1050-51,3_2_2,3,2:1,62.3,True,employed,professional,ngo_and_charity,5.0,5.0,1052-08-01
10890,1050-51,2_4_10,2,2:2,59.8,True,employed,non_professional,heritage_and_curation,2.0,3.0,1052-08-01
10893,1050-51,2_4_10,2,2:1,64.7,True,employed,professional,design_and_media,5.0,6.0,1052-08-01
10894,1050-51,2_4_10,2,Third,49.7,True,unknown,,,,8.0,1052-08-01
10896,1050-51,1_1_4,1,2:1,60.9,True,employed,non_professional,legal_services,2.0,1.0,1052-08-01
10901,1050-51,4_2_12,4,2:1,65.2,True,further_study,,further_study,,4.0,1052-08-01
10912,1050-51,2_2_2,2,2:1,68.9,False,,,,,,1052-08-01
10918,1050-51,2_3_7,2,Third,49.1,False,,,,,,1052-08-01
10919,1050-51,2_3_7,2,First,77.5,True,employed,professional,heritage_and_curation,5.0,8.0,1052-08-01
10933,1050-51,2_4_10,2,2:2,51.4,True,employed,professional,creative_industries,3.0,2.0,1052-08-01
10938,1050-51,2_2_2,2,2:1,63.9,True,employed,non_professional,architecture_and_built_environment,3.0,5.0,1052-08-01
10939,1050-51,1_1_3,1,2:1,60.0,True,employed,professional,finance_and_banking,4.0,2.0,1052-08-01
10943,1050-51,1_1_3,1,2:1,63.2,True,employed,non_professional,legal_services,3.0,8.0,1052-08-01
10944,1050-51,1_1_3,1,2:1,69.2,True,employed,professional,finance_and_banking,4.0,9.0,1052-08-01
10948,1050-51,3_1_1,3,First,70.1,True,employed,professional,research_and_academia,5.0,4.0,1052-08-01
10952,1050-51,2_2_3,2,First,73.6,True,employed,professional,craft_and_making,5.0,3.0,1052-08-01
10953,1050-51,2_4_12,2,2:1,63.0,True,employed,professional,craft_and_making,4.0,3.0,1052-08-01
10960,1050-51,2_4_12,2,2:1,61.9,True,unemployed,,,,22.0,1052-08-01
10964,1050-51,3_2_2,3,2:2,53.0,False,,,,,,1052-08-01
10965,1050-51,2_2_3,2,2:1,63.6,False,,,,,,1052-08-01
10966,1050-51,1_1_3,1,2:1,68.6,True,further_study,,further_study,,2.0,1052-08-01
10967,1050-51,2_4_11,2,2:1,69.8,True,unemployed,,,,15.0,1052-08-01
10969,1050-51,2_4_12,2,2:1,65.1,True,employed,professional,design_and_media,4.0,8.0,1052-08-01
10970,1050-51,2_4_12,2,2:1,67.2,True,employed,professional,craft_and_making,4.0,2.0,1052-08-01
10973,1050-51,2_2_2,2,2:2,58.4,True,employed,non_professional,design_and_media,2.0,3.0,1052-08-01
10977,1050-51,2_2_5,2,2:1,63.9,True,employed,professional,craft_and_making,4.0,5.0,1052-08-01
10979,1050-51,2_3_7,2,First,75.0,False,,,,,,1052-08-01
10991,1050-51,2_1_1,2,2:1,63.2,False,,,,,,1052-08-01
10993,1050-51,2_4_12,2,First,70.7,False,,,,,,1052-08-01
10999,1050-51,4_2_12,4,2:2,57.3,True,employed,non_professional,public_health,2.0,6.0,1052-08-01
11001,1050-51,2_2_2,2,2:1,66.8,True,employed,professional,craft_and_making,4.0,4.0,1052-08-01
11002,1050-51,1_1_2,1,First,71.6,True,further_study,,further_study,,6.0,1052-08-01
11008,1050-51,2_2_3,2,2:2,55.2,False,,,,,,1052-08-01
11013,1050-51,1_1_5,1,2:2,55.0,False,,,,,,1052-08-01
11015,1050-51,2_2_2,2,2:2,59.5,True,employed,professional,creative_industries,2.0,2.0,1052-08-01
11017,1050-51,2_3_8,2,2:2,57.7,True,employed,non_professional,architecture_and_built_environment,2.0,4.0,1052-08-01
11022,1050-51,2_2_4,2,2:2,53.4,True,employed,non_professional,creative_industries,2.0,9.0,1052-08-01
11028,1050-51,2_3_8,2,2:1,60.1,True,employed,non_professional,design_and_media,2.0,1.0,1052-08-01
11033,1050-51,2_2_2,2,First,74.7,True,employed,professional,design_and_media,5.0,7.0,1052-08-01
11042,1050-51,4_2_12,4,2:1,64.7,True,employed,professional,public_health,4.0,5.0,1052-08-01
11044,1050-51,2_2_5,2,2:2,55.2,False,,,,,,1052-08-01
11045,1050-51,2_3_8,2,2:2,56.8,True,employed,professional,craft_and_making,2.0,2.0,1052-08-01
11046,1050-51,2_4_12,2,2:1,68.7,False,,,,,,1052-08-01
11053,1050-51,2_2_2,2,2:2,53.8,True,employed,professional,architecture_and_built_environment,2.0,3.0,1052-08-01
11055,1050-51,2_2_2,2,2:2,51.2,True,employed,professional,design_and_media,3.0,9.0,1052-08-01
11058,1050-51,2_4_12,2,2:2,59.7,True,employed,professional,heritage_and_curation,4.0,3.0,1052-08-01
11061,1050-51,2_1_1,2,2:2,56.7,True,employed,non_professional,craft_and_making,3.0,2.0,1052-08-01
11071,1050-51,2_3_8,2,2:2,53.5,True,employed,professional,architecture_and_built_environment,4.0,5.0,1052-08-01
11089,1050-51,2_4_10,2,Third,46.9,True,employed,non_professional,heritage_and_curation,1.0,7.0,1052-08-01
11091,1050-51,2_1_1,2,2:2,50.4,False,,,,,,1052-08-01
11099,1050-51,2_3_7,2,2:1,60.4,True,further_study,,further_study,,1.0,1052-08-01
11103,1050-51,1_2_1,1,2:1,60.0,True,employed,professional,human_resources,4.0,6.0,1052-08-01
11104,1050-51,2_2_3,2,Third,46.4,False,,,,,,1052-08-01
11105,1050-51,1_1_2,1,2:2,58.6,True,employed,non_professional,legal_services,2.0,9.0,1052-08-01
11106,1050-51,2_2_2,2,2:1,65.8,False,,,,,,1052-08-01
11107,1050-51,3_2_2,3,2:1,62.6,True,employed,professional,education,4.0,5.0,1052-08-01
11108,1050-51,2_4_12,2,2:2,58.0,False,,,,,,1052-08-01
11111,1050-51,2_2_2,2,2:2,53.3,True,further_study,,further_study,,3.0,1052-08-01
11112,1050-51,2_2_5,2,2:1,62.9,False,,,,,,1052-08-01
11114,1050-51,2_3_8,2,2:2,52.3,False,,,,,,1052-08-01
11116,1050-51,2_1_1,2,2:2,53.1,True,employed,professional,craft_and_making,1.0,8.0,1052-08-01
11126,1050-51,2_4_10,2,2:2,56.9,True,unknown,,,,4.0,1052-08-01
11128,1050-51,4_2_12,4,2:1,67.9,True,unemployed,,,,16.0,1052-08-01
11138,1050-51,1_1_3,1,Third,46.4,True,employed,non_professional,human_resources,1.0,9.0,1052-08-01
11139,1050-51,2_2_5,2,2:1,64.5,True,employed,professional,creative_industries,4.0,6.0,1052-08-01
11146,1050-51,2_4_12,2,2:2,51.6,True,unemployed,,,,16.0,1052-08-01
11149,1050-51,3_1_1,3,2:1,62.9,False,,,,,,1052-08-01
11151,1050-51,2_3_8,2,2:1,64.8,True,employed,professional,creative_industries,4.0,4.0,1052-08-01
11157,1050-51,1_1_1,1,2:2,57.4,True,employed,professional,hospitality_and_tourism,3.0,4.0,1052-08-01
11161,1050-51,2_4_11,2,2:1,62.0,False,,,,,,1052-08-01
11167,1050-51,2_4_11,2,2:1,61.7,True,further_study,,further_study,,3.0,1052-08-01
11177,1050-51,1_1_2,1,2:2,58.0,True,employed,non_professional,management_consulting,1.0,3.0,1052-08-01
11179,1050-51,2_2_3,2,2:1,63.6,True,employed,professional,creative_industries,4.0,3.0,1052-08-01
11186,1050-51,4_2_12,4,Third,48.6,True,employed,non_professional,public_health,2.0,4.0,1052-08-01
11190,1050-51,3_1_1,3,2:1,67.7,True,employed,professional,education,4.0,4.0,1052-08-01
11197,1050-51,1_1_4,1,2:1,67.3,False,,,,,,1052-08-01
11204,1050-51,2_1_1,2,2:1,62.9,True,employed,professional,design_and_media,3.0,7.0,1052-08-01
11207,1050-51,2_2_2,2,2:2,58.3,False,,,,,,1052-08-01
11208,1050-51,2_3_9,2,2:2,57.6,True,unknown,,,,8.0,1052-08-01
11209,1050-51,3_1_1,3,2:1,66.6,False,,,,,,1052-08-01
11216,1050-51,2_2_5,2,Third,49.6,False,,,,,,1052-08-01
11219,1050-51,2_4_10,2,2:1,61.3,True,further_study,,further_study,,3.0,1052-08-01
11225,1050-51,2_2_3,2,2:2,55.4,False,,,,,,1052-08-01
11227,1050-51,2_3_7,2,2:1,64.1,True,further_study,,further_study,,1.0,1052-08-01
11233,1050-51,1_1_5,1,2:1,60.1,True,further_study,,further_study,,1.0,1052-08-01
11235,1050-51,4_2_12,4,2:1,64.1,True,employed,professional,social_care,4.0,10.0,1052-08-01
11243,1050-51,2_2_3,2,2:1,68.0,True,unemployed,,,,7.0,1052-08-01
11249,1050-51,2_2_4,2,2:1,60.3,True,employed,non_professional,craft_and_making,4.0,6.0,1052-08-01
11251,1050-51,1_2_1,1,First,70.3,True,employed,professional,human_resources,5.0,3.0,1052-08-01
11254,1050-51,1_2_1,1,2:2,57.0,True,further_study,,further_study,,1.0,1052-08-01
11267,1050-51,1_2_1,1,Third,47.1,False,,,,,,1052-08-01
11274,1050-51,1_1_5,1,First,73.1,True,unemployed,,,,14.0,1052-08-01
11275,1050-51,4_2_12,4,2:1,64.1,True,further_study,,further_study,,1.0,1052-08-01
11277,1050-51,2_4_11,2,2:2,59.4,True,employed,non_professional,design_and_media,1.0,3.0,1052-08-01
11279,1050-51,2_2_5,2,First,74.1,False,,,,,,1052-08-01
11281,1050-51,2_4_11,2,2:1,63.2,True,unknown,,,,7.0,1052-08-01
11285,1050-51,2_2_4,2,First,79.4,True,further_study,,further_study,,1.0,1052-08-01
11292,1050-51,1_1_5,1,2:2,56.2,False,,,,,,1052-08-01
11293,1050-51,2_4_10,2,2:1,62.9,False,,,,,,1052-08-01
11294,1050-51,1_1_3,1,2:2,57.8,True,employed,professional,hospitality_and_tourism,3.0,6.0,1052-08-01
11295,1050-51,2_2_5,2,2:1,62.0,False,,,,,,1052-08-01
11296,1050-51,2_4_10,2,2:1,67.7,True,unemployed,,,,12.0,1052-08-01
11302,1050-51,4_2_12,4,First,80.9,True,further_study,,further_study,,1.0,1052-08-01
11305,1050-51,3_1_1,3,Third,47.5,True,employed,non_professional,media_and_communications,2.0,6.0,1052-08-01
11311,1050-51,2_2_3,2,2:1,68.8,True,employed,non_professional,design_and_media,3.0,4.0,1052-08-01
11314,1050-51,1_1_4,1,2:1,60.8,True,employed,professional,legal_services,3.0,6.0,1052-08-01
11317,1050-51,2_4_11,2,2:1,65.0,True,employed,professional,creative_industries,3.0,9.0,1052-08-01
11321,1050-51,2_2_4,2,Third,45.6,True,employed,non_professional,craft_and_making,2.0,5.0,1052-08-01
11325,1050-51,1_1_1,1,2:1,65.3,True,employed,professional,legal_services,4.0,4.0,1052-08-01
11329,1050-51,4_2_12,4,2:2,51.2,True,employed,non_professional,social_care,2.0,2.0,1052-08-01
11331,1050-51,2_4_11,2,2:1,68.7,True,further_study,,further_study,,1.0,1052-08-01
11336,1050-51,2_4_10,2,2:1,61.5,False,,,,,,1052-08-01
11337,1050-51,2_2_5,2,2:2,58.9,True,employed,non_professional,creative_industries,2.0,3.0,1052-08-01
11361,1050-51,4_2_12,4,Third,48.2,False,,,,,,1052-08-01
11365,1050-51,1_1_5,1,2:2,58.0,True,employed,professional,human_resources,3.0,11.0,1052-08-01
11367,1050-51,1_1_5,1,2:1,64.3,False,,,,,,1052-08-01
11372,1050-51,2_3_8,2,2:2,58.4,True,unemployed,,,,10.0,1052-08-01
11376,1050-51,2_2_2,2,2:1,65.3,True,employed,professional,design_and_media,5.0,3.0,1052-08-01
11377,1050-51,2_2_3,2,2:2,57.6,True,unemployed,,,,11.0,1052-08-01
11378,1050-51,2_4_12,2,Third,48.6,True,unemployed,,,,17.0,1052-08-01
11390,1050-51,1_1_3,1,2:2,59.8,True,further_study,,further_study,,2.0,1052-08-01
11394,1050-51,1_2_1,1,2:1,64.7,True,employed,professional,legal_services,5.0,3.0,1052-08-01
11395,1050-51,2_4_12,2,2:1,60.9,False,,,,,,1052-08-01
11396,1050-51,2_3_8,2,2:2,57.9,False,,,,,,1052-08-01
11409,1050-51,2_3_8,2,2:2,54.1,False,,,,,,1052-08-01
11419,1050-51,1_1_2,1,2:1,60.7,True,employed,professional,finance_and_banking,4.0,6.0,1052-08-01
11434,1050-51,2_2_4,2,2:1,67.8,True,unemployed,,,,10.0,1052-08-01
11435,1050-51,1_1_5,1,2:2,56.0,True,employed,professional,human_resources,2.0,2.0,1052-08-01
11436,1050-51,2_2_3,2,2:1,60.8,True,unknown,,,,7.0,1052-08-01
11440,1050-51,4_2_12,4,2:2,59.2,True,employed,professional,social_care,3.0,3.0,1052-08-01
11444,1050-51,3_2_2,3,2:2,50.5,True,employed,professional,research_and_academia,3.0,3.0,1052-08-01
11447,1050-51,2_4_10,2,2:1,61.3,False,,,,,,1052-08-01
11449,1050-51,2_2_6,2,Third,48.5,True,employed,non_professional,craft_and_making,1.0,2.0,1052-08-01
11451,1050-51,1_2_1,1,2:2,56.5,True,employed,non_professional,legal_services,2.0,7.0,1052-08-01
11452,1050-51,1_1_1,1,2:1,67.5,False,,,,,,1052-08-01
11460,1050-51,2_4_10,2,2:1,65.0,False,,,,,,1052-08-01
11464,1050-51,1_1_1,1,2:1,65.8,True,employed,professional,human_resources,4.0,7.0,1052-08-01
11469,1050-51,2_1_1,2,2:2,51.3,True,employed,non_professional,heritage_and_curation,2.0,4.0,1052-08-01
11475,1050-51,2_2_2,2,2:2,53.4,True,further_study,,further_study,,5.0,1052-08-01
11477,1050-51,1_2_1,1,2:2,57.5,False,,,,,,1052-08-01
11483,1050-51,2_4_12,2,First,70.2,True,employed,professional,craft_and_making,4.0,9.0,1052-08-01
11484,1050-51,1_1_2,1,2:1,63.3,False,,,,,,1052-08-01
11496,1050-51,2_4_12,2,2:2,58.9,True,employed,professional,heritage_and_curation,3.0,7.0,1052-08-01
11497,1050-51,2_4_12,2,2:1,64.3,False,,,,,,1052-08-01
11509,1050-51,1_1_3,1,2:1,62.9,True,further_study,,further_study,,5.0,1052-08-01
11517,1050-51,2_3_8,2,2:1,60.0,False,,,,,,1052-08-01
11521,1050-51,2_3_8,2,2:1,67.5,True,employed,non_professional,architecture_and_built_environment,3.0,9.0,1052-08-01
11533,1050-51,3_1_1,3,Third,49.0,False,,,,,,1052-08-01
11541,1050-51,1_1_3,1,2:2,56.7,True,employed,non_professional,management_consulting,2.0,1.0,1052-08-01
11542,1050-51,2_2_5,2,2:1,66.0,False,,,,,,1052-08-01
11548,1050-51,1_1_1,1,2:1,63.6,False,,,,,,1052-08-01
11560,1050-51,2_2_4,2,2:1,66.8,False,,,,,,1052-08-01
11562,1050-51,2_1_1,2,2:1,64.7,False,,,,,,1052-08-01
11564,1050-51,2_3_9,2,2:2,58.6,False,,,,,,1052-08-01
11579,1050-51,2_2_3,2,2:1,60.8,True,employed,professional,creative_industries,4.0,6.0,1052-08-01
11580,1050-51,2_2_4,2,2:1,64.2,False,,,,,,1052-08-01
11581,1050-51,2_3_7,2,2:1,67.2,True,further_study,,further_study,,1.0,1052-08-01
11585,1050-51,1_1_2,1,2:1,65.3,True,further_study,,further_study,,1.0,1052-08-01
11586,1050-51,2_2_5,2,2:2,58.8,True,further_study,,further_study,,1.0,1052-08-01
11588,1050-51,2_1_1,2,Third,44.4,True,employed,non_professional,creative_industries,1.0,2.0,1052-08-01
11593,1050-51,2_4_10,2,2:2,59.0,True,unemployed,,,,14.0,1052-08-01
11595,1050-51,1_1_5,1,Third,48.3,True,unknown,,,,7.0,1052-08-01
11599,1050-51,1_1_4,1,Third,49.6,False,,,,,,1052-08-01
11601,1050-51,2_3_9,2,First,71.8,True,employed,professional,heritage_and_curation,4.0,2.0,1052-08-01
11610,1050-51,2_2_4,2,2:1,68.5,False,,,,,,1052-08-01
11611,1050-51,2_2_5,2,First,75.8,True,employed,non_professional,architecture_and_built_environment,4.0,3.0,1052-08-01
11617,1050-51,2_4_10,2,2:2,52.0,False,,,,,,1052-08-01
11618,1050-51,4_2_12,4,Third,45.0,True,employed,professional,education,2.0,2.0,1052-08-01
11623,1050-51,1_1_3,1,2:2,58.0,True,employed,non_professional,hospitality_and_tourism,1.0,7.0,1052-08-01
11628,1050-51,2_4_10,2,2:2,55.2,True,unemployed,,,,20.0,1052-08-01
11633,1050-51,2_2_4,2,2:1,63.6,True,employed,professional,creative_industries,4.0,1.0,1052-08-01
11634,1050-51,2_4_10,2,2:2,59.5,True,employed,non_professional,craft_and_making,2.0,8.0,1052-08-01
11636,1050-51,3_2_2,3,2:1,62.8,True,unemployed,,,,13.0,1052-08-01
11648,1050-51,1_1_1,1,2:2,57.1,True,further_study,,further_study,,1.0,1052-08-01
11649,1050-51,2_2_3,2,2:1,66.0,False,,,,,,1052-08-01
11658,1050-51,2_2_2,2,Third,49.9,False,,,,,,1052-08-01
11668,1050-51,4_2_12,4,2:1,68.2,True,employed,professional,education,4.0,8.0,1052-08-01
11670,1050-51,1_2_1,1,2:1,61.5,False,,,,,,1052-08-01
11674,1050-51,2_4_12,2,2:2,59.4,True,unemployed,,,,13.0,1052-08-01
11679,1050-51,2_2_3,2,2:1,63.1,True,further_study,,further_study,,2.0,1052-08-01
11683,1050-51,2_1_1,2,2:2,51.6,True,further_study,,further_study,,2.0,1052-08-01
11686,1050-51,2_2_4,2,2:1,65.7,True,further_study,,further_study,,4.0,1052-08-01
11687,1050-51,1_1_3,1,Third,47.1,True,employed,non_professional,finance_and_banking,2.0,4.0,1052-08-01
1169,1050-51,2_1_1,2,Third,49.5,True,employed,professional,architecture_and_built_environment,4.0,9.0,1052-08-01
11703,1050-51,2_3_8,2,2:1,60.6,False,,,,,,1052-08-01
11709,1050-51,3_2_2,3,2:2,56.2,False,,,,,,1052-08-01
11711,1050-51,2_3_8,2,First,70.8,True,unknown,,,,9.0,1052-08-01
11721,1050-51,1_1_2,1,2:1,65.9,True,employed,professional,hospitality_and_tourism,5.0,5.0,1052-08-01
11722,1050-51,3_1_1,3,2:2,55.0,True,employed,non_professional,media_and_communications,1.0,2.0,1052-08-01
11724,1050-51,2_4_12,2,2:1,66.8,True,employed,professional,architecture_and_built_environment,5.0,9.0,1052-08-01
11727,1050-51,1_1_3,1,First,71.1,True,employed,professional,management_consulting,4.0,8.0,1052-08-01
11728,1050-51,2_3_8,2,2:2,59.2,True,employed,non_professional,design_and_media,3.0,9.0,1052-08-01
11733,1050-51,2_3_8,2,2:2,53.6,True,unknown,,,,8.0,1052-08-01
11738,1050-51,1_1_3,1,2:2,54.8,True,employed,professional,legal_services,1.0,4.0,1052-08-01
11740,1050-51,1_2_1,1,2:2,52.2,True,unemployed,,,,13.0,1052-08-01
11743,1050-51,2_3_7,2,2:1,62.5,True,further_study,,further_study,,4.0,1052-08-01
11744,1050-51,2_4_11,2,2:1,69.4,False,,,,,,1052-08-01
11746,1050-51,1_1_1,1,2:1,61.5,True,employed,non_professional,management_consulting,3.0,8.0,1052-08-01
11750,1050-51,2_4_12,2,2:1,60.5,False,,,,,,1052-08-01
11757,1050-51,4_2_12,4,2:2,57.1,True,unknown,,,,6.0,1052-08-01
11780,1050-51,2_4_10,2,2:1,65.5,True,employed,non_professional,creative_industries,3.0,2.0,1052-08-01
11781,1050-51,2_2_5,2,2:1,68.8,True,employed,professional,architecture_and_built_environment,4.0,2.0,1052-08-01
11783,1050-51,2_3_9,2,2:1,67.7,False,,,,,,1052-08-01
11790,1050-51,2_2_2,2,2:2,56.9,False,,,,,,1052-08-01
11796,1050-51,2_4_12,2,Third,48.0,True,unknown,,,,9.0,1052-08-01
11798,1050-51,2_2_6,2,2:1,62.4,False,,,,,,1052-08-01
11803,1050-51,1_1_3,1,2:1,62.0,False,,,,,,1052-08-01
11807,1050-51,2_2_2,2,Third,47.8,True,unknown,,,,1.0,1052-08-01
11810,1050-51,2_3_8,2,2:1,63.6,False,,,,,,1052-08-01
11817,1050-51,1_1_1,1,Third,47.9,False,,,,,,1052-08-01
11819,1050-51,2_3_8,2,2:2,59.1,False,,,,,,1052-08-01
11820,1050-51,3_2_2,3,2:2,51.0,True,unemployed,,,,17.0,1052-08-01
11838,1050-51,1_2_1,1,2:1,60.7,True,further_study,,further_study,,1.0,1052-08-01
11839,1050-51,2_4_10,2,2:1,63.2,True,employed,non_professional,architecture_and_built_environment,4.0,9.0,1052-08-01
11848,1050-51,3_2_2,3,2:1,62.4,True,further_study,,further_study,,4.0,1052-08-01
11850,1050-51,2_3_8,2,2:1,63.5,True,unknown,,,,6.0,1052-08-01
11858,1050-51,2_2_4,2,2:2,54.8,True,employed,non_professional,design_and_media,2.0,1.0,1052-08-01
11860,1050-51,2_1_1,2,2:1,62.3,False,,,,,,1052-08-01
11865,1050-51,1_1_3,1,2:1,67.8,True,employed,professional,finance_and_banking,4.0,4.0,1052-08-01
11870,1050-51,4_2_12,4,Third,47.3,True,unknown,,,,13.0,1052-08-01
11871,1050-51,2_2_3,2,2:2,52.9,True,employed,non_professional,creative_industries,1.0,8.0,1052-08-01
11874,1050-51,1_2_1,1,2:2,53.1,True,employed,professional,human_resources,2.0,0.0,1052-08-01
11879,1050-51,2_2_5,2,2:1,69.9,True,further_study,,further_study,,2.0,1052-08-01
11887,1050-51,1_1_2,1,2:2,52.1,True,employed,non_professional,management_consulting,2.0,8.0,1052-08-01
11895,1050-51,2_1_1,2,2:1,64.0,True,employed,professional,creative_industries,4.0,1.0,1052-08-01
11896,1050-51,2_2_6,2,2:2,53.1,False,,,,,,1052-08-01
11898,1050-51,1_1_2,1,2:2,54.3,False,,,,,,1052-08-01
11904,1050-51,1_1_5,1,2:1,60.8,True,employed,professional,human_resources,5.0,3.0,1052-08-01
11907,1050-51,3_2_2,3,2:2,55.9,False,,,,,,1052-08-01
11912,1050-51,2_3_8,2,2:2,53.9,False,,,,,,1052-08-01
11929,1050-51,1_1_2,1,2:2,56.6,False,,,,,,1052-08-01
11933,1050-51,2_2_6,2,2:1,62.8,False,,,,,,1052-08-01
11936,1050-51,3_1_1,3,Third,47.3,True,further_study,,further_study,,2.0,1052-08-01
11939,1050-51,1_1_1,1,2:2,52.5,True,further_study,,further_study,,3.0,1052-08-01
11941,1050-51,2_2_6,2,Third,48.4,True,employed,non_professional,creative_industries,2.0,8.0,1052-08-01
11958,1050-51,1_1_2,1,2:1,63.8,True,employed,professional,legal_services,4.0,8.0,1052-08-01
11966,1050-51,1_1_3,1,2:1,69.1,True,unknown,,,,11.0,1052-08-01
11975,1050-51,1_1_5,1,2:1,66.0,True,employed,non_professional,management_consulting,2.0,4.0,1052-08-01
11986,1050-51,2_3_7,2,Third,47.1,True,employed,non_professional,design_and_media,1.0,2.0,1052-08-01
11987,1050-51,2_2_6,2,2:2,54.2,True,employed,non_professional,heritage_and_curation,2.0,2.0,1052-08-01
11995,1050-51,1_1_4,1,2:2,58.4,True,employed,professional,hospitality_and_tourism,3.0,4.0,1052-08-01
11996,1050-51,2_3_8,2,Third,49.9,True,further_study,,further_study,,2.0,1052-08-01
11999,1050-51,2_2_2,2,2:1,67.4,False,,,,,,1052-08-01
12009,1050-51,2_4_10,2,2:1,64.8,True,employed,professional,architecture_and_built_environment,4.0,8.0,1052-08-01
12018,1050-51,1_1_3,1,2:1,65.6,True,employed,professional,management_consulting,4.0,8.0,1052-08-01
12026,1050-51,2_2_3,2,2:2,56.5,True,employed,professional,design_and_media,2.0,4.0,1052-08-01
12036,1050-51,4_2_12,4,First,76.6,True,further_study,,further_study,,2.0,1052-08-01
12044,1050-51,1_1_3,1,First,71.4,True,unknown,,,,9.0,1052-08-01
12051,1050-51,1_2_1,1,2:1,67.5,True,employed,professional,management_consulting,4.0,1.0,1052-08-01
12053,1050-51,1_1_2,1,2:1,69.6,True,further_study,,further_study,,1.0,1052-08-01
12059,1050-51,2_2_3,2,2:1,64.2,True,further_study,,further_study,,1.0,1052-08-01
12060,1050-51,2_3_7,2,2:2,54.5,True,further_study,,further_study,,4.0,1052-08-01
12065,1050-51,2_4_10,2,Third,49.0,True,employed,non_professional,design_and_media,1.0,2.0,1052-08-01
12072,1050-51,2_4_10,2,2:2,55.5,True,employed,non_professional,architecture_and_built_environment,2.0,7.0,1052-08-01
12074,1050-51,2_4_12,2,2:2,59.6,True,employed,non_professional,craft_and_making,3.0,7.0,1052-08-01
12078,1050-51,2_2_2,2,2:2,57.6,True,unemployed,,,,10.0,1052-08-01
12080,1050-51,2_3_8,2,Third,47.8,True,employed,non_professional,architecture_and_built_environment,2.0,9.0,1052-08-01
12081,1050-51,2_2_4,2,Third,48.9,True,unemployed,,,,17.0,1052-08-01
12086,1050-51,2_2_4,2,2:1,63.7,True,employed,non_professional,craft_and_making,4.0,1.0,1052-08-01
12090,1050-51,2_3_8,2,2:2,51.7,False,,,,,,1052-08-01
12108,1050-51,2_2_6,2,2:2,58.0,True,unemployed,,,,19.0,1052-08-01
12111,1050-51,2_3_8,2,2:1,68.1,False,,,,,,1052-08-01
12116,1050-51,2_3_9,2,First,75.7,True,unknown,,,,11.0,1052-08-01
12118,1050-51,1_1_1,1,First,78.5,True,unknown,,,,12.0,1052-08-01
12123,1050-51,4_2_12,4,Third,45.5,False,,,,,,1052-08-01
12124,1050-51,4_2_12,4,Third,46.7,False,,,,,,1052-08-01
12125,1050-51,2_2_6,2,2:1,64.3,True,employed,professional,creative_industries,2.0,3.0,1052-08-01
12127,1050-51,2_3_8,2,2:2,60.0,False,,,,,,1052-08-01
12133,1050-51,2_2_3,2,2:1,69.4,False,,,,,,1052-08-01
12135,1050-51,2_2_5,2,2:1,65.5,False,,,,,,1052-08-01
12144,1050-51,1_2_1,1,2:1,65.0,False,,,,,,1052-08-01
12153,1050-51,4_2_12,4,Third,43.6,True,employed,non_professional,healthcare_and_nhs,2.0,3.0,1052-08-01
12154,1050-51,1_1_4,1,2:1,68.5,True,employed,professional,human_resources,4.0,4.0,1052-08-01
12162,1050-51,2_1_1,2,2:2,57.1,True,employed,non_professional,design_and_media,3.0,3.0,1052-08-01
12173,1050-51,2_2_4,2,2:1,64.9,True,unemployed,,,,16.0,1052-08-01
12176,1050-51,1_1_1,1,First,71.6,True,employed,professional,hospitality_and_tourism,5.0,4.0,1052-08-01
12179,1050-51,2_3_8,2,2:1,62.7,True,unknown,,,,6.0,1052-08-01
12180,1050-51,1_1_1,1,First,78.5,True,employed,professional,finance_and_banking,5.0,3.0,1052-08-01
12183,1050-51,2_2_4,2,2:1,65.3,True,employed,professional,creative_industries,4.0,11.0,1052-08-01
12185,1050-51,2_3_8,2,2:1,61.3,False,,,,,,1052-08-01
12186,1050-51,2_2_4,2,First,70.2,True,employed,professional,architecture_and_built_environment,5.0,5.0,1052-08-01
12187,1050-51,2_1_1,2,2:1,60.0,False,,,,,,1052-08-01
12189,1050-51,1_2_1,1,2:2,56.0,True,employed,professional,human_resources,2.0,3.0,1052-08-01
12190,1050-51,1_2_1,1,2:1,61.8,False,,,,,,1052-08-01
12202,1050-51,2_3_7,2,Third,48.6,True,further_study,,further_study,,1.0,1052-08-01
12207,1050-51,2_2_6,2,First,70.7,True,employed,non_professional,architecture_and_built_environment,4.0,1.0,1052-08-01
12209,1050-51,2_4_11,2,2:2,53.7,True,unemployed,,,,9.0,1052-08-01
12214,1050-51,2_2_6,2,2:2,52.0,False,,,,,,1052-08-01
12216,1050-51,2_4_12,2,2:2,52.1,True,employed,professional,architecture_and_built_environment,4.0,5.0,1052-08-01
12221,1050-51,3_1_1,3,First,73.4,False,,,,,,1052-08-01
12227,1050-51,2_2_5,2,2:1,62.6,True,further_study,,further_study,,2.0,1052-08-01
12230,1050-51,2_4_12,2,2:1,63.7,False,,,,,,1052-08-01
12235,1050-51,2_2_6,2,2:2,51.5,True,employed,non_professional,architecture_and_built_environment,2.0,8.0,1052-08-01
12236,1050-51,2_2_6,2,2:1,61.1,False,,,,,,1052-08-01
12241,1050-51,2_2_6,2,2:2,54.2,False,,,,,,1052-08-01
12244,1050-51,1_2_1,1,2:1,67.4,True,further_study,,further_study,,3.0,1052-08-01
12263,1050-51,2_2_6,2,2:2,55.3,True,unknown,,,,9.0,1052-08-01
12265,1050-51,2_4_12,2,Third,48.9,True,unemployed,,,,17.0,1052-08-01
12272,1050-51,2_1_1,2,2:1,60.0,True,employed,non_professional,architecture_and_built_environment,4.0,6.0,1052-08-01
12273,1050-51,2_2_3,2,2:1,64.0,True,employed,professional,craft_and_making,4.0,6.0,1052-08-01
12276,1050-51,2_3_8,2,2:2,50.3,True,unemployed,,,,19.0,1052-08-01
12277,1050-51,4_2_12,4,First,92.8,False,,,,,,1052-08-01
12278,1050-51,2_2_5,2,2:2,57.9,True,employed,professional,design_and_media,2.0,4.0,1052-08-01
12283,1050-51,2_3_7,2,2:2,55.5,True,further_study,,further_study,,0.0,1052-08-01
12286,1050-51,1_2_1,1,2:2,59.0,True,employed,professional,management_consulting,2.0,5.0,1052-08-01
12287,1050-51,3_1_1,3,2:1,61.9,True,unemployed,,,,15.0,1052-08-01
12291,1050-51,1_1_3,1,Third,46.2,True,unemployed,,,,14.0,1052-08-01
12300,1050-51,3_2_2,3,2:2,58.5,False,,,,,,1052-08-01
12305,1050-51,2_2_3,2,2:1,60.7,True,employed,non_professional,architecture_and_built_environment,3.0,3.0,1052-08-01
12313,1050-51,2_3_7,2,First,78.6,True,employed,professional,creative_industries,5.0,5.0,1052-08-01
12314,1050-51,2_3_9,2,2:1,69.1,True,employed,professional,architecture_and_built_environment,4.0,6.0,1052-08-01
12321,1050-51,1_1_1,1,2:2,52.2,True,employed,professional,management_consulting,3.0,2.0,1052-08-01
12324,1050-51,2_2_3,2,Third,49.7,False,,,,,,1052-08-01
12334,1050-51,2_3_7,2,2:2,56.7,True,employed,non_professional,architecture_and_built_environment,1.0,2.0,1052-08-01
12336,1050-51,2_2_2,2,First,74.0,False,,,,,,1052-08-01
12343,1050-51,2_2_3,2,2:2,54.9,True,employed,professional,architecture_and_built_environment,3.0,1.0,1052-08-01
12347,1050-51,1_1_2,1,2:2,57.7,False,,,,,,1052-08-01
12348,1050-51,1_1_2,1,2:2,50.2,True,employed,professional,management_consulting,2.0,6.0,1052-08-01
12350,1050-51,1_1_3,1,2:1,62.6,False,,,,,,1052-08-01
12352,1050-51,2_3_8,2,2:1,60.0,True,employed,non_professional,architecture_and_built_environment,2.0,5.0,1052-08-01
12365,1050-51,2_4_12,2,2:1,61.7,True,employed,professional,creative_industries,4.0,3.0,1052-08-01
12374,1050-51,2_4_10,2,2:2,56.7,True,further_study,,further_study,,4.0,1052-08-01
12375,1050-51,2_2_5,2,2:1,67.2,True,employed,non_professional,creative_industries,3.0,10.0,1052-08-01
12376,1050-51,3_2_2,3,2:2,58.9,True,unknown,,,,7.0,1052-08-01
12378,1050-51,2_2_6,2,Third,44.5,True,unemployed,,,,12.0,1052-08-01
12379,1050-51,3_2_2,3,2:1,66.8,True,employed,professional,public_sector_and_civil_service,4.0,6.0,1052-08-01
12386,1050-51,2_2_4,2,2:2,58.0,True,employed,non_professional,craft_and_making,2.0,9.0,1052-08-01
12394,1050-51,4_2_12,4,First,91.1,True,employed,professional,education,5.0,3.0,1052-08-01
12398,1050-51,1_2_1,1,Third,47.5,True,employed,professional,finance_and_banking,3.0,5.0,1052-08-01
12403,1050-51,4_2_12,4,2:1,68.1,True,employed,non_professional,allied_health_professions,2.0,8.0,1052-08-01
12412,1050-51,2_4_10,2,2:2,51.6,True,employed,non_professional,creative_industries,3.0,6.0,1052-08-01
12422,1050-51,2_3_7,2,2:1,67.4,True,employed,professional,design_and_media,4.0,7.0,1052-08-01
12423,1050-51,2_4_11,2,Third,48.9,True,employed,non_professional,craft_and_making,2.0,7.0,1052-08-01
12427,1050-51,2_4_12,2,Third,47.5,True,employed,professional,architecture_and_built_environment,2.0,3.0,1052-08-01
12431,1050-51,2_1_1,2,2:2,52.6,True,further_study,,further_study,,2.0,1052-08-01
12434,1050-51,4_2_12,4,Third,47.7,True,unknown,,,,1.0,1052-08-01
12450,1050-51,2_2_2,2,2:1,65.7,True,further_study,,further_study,,2.0,1052-08-01
12452,1050-51,1_1_1,1,2:1,63.7,True,further_study,,further_study,,1.0,1052-08-01
12458,1050-51,2_2_3,2,Third,49.9,True,employed,non_professional,design_and_media,2.0,4.0,1052-08-01
12463,1050-51,2_4_12,2,2:2,54.2,True,further_study,,further_study,,2.0,1052-08-01
12464,1050-51,4_2_12,4,2:1,60.2,True,employed,non_professional,allied_health_professions,4.0,3.0,1052-08-01
12468,1050-51,2_2_3,2,2:2,51.7,True,employed,non_professional,craft_and_making,2.0,3.0,1052-08-01
12470,1050-51,2_4_11,2,2:1,66.7,True,employed,professional,creative_industries,4.0,4.0,1052-08-01
12473,1050-51,1_1_3,1,First,74.5,True,further_study,,further_study,,1.0,1052-08-01
12475,1050-51,1_1_5,1,2:2,54.8,True,employed,professional,human_resources,4.0,4.0,1052-08-01
12479,1050-51,2_3_8,2,First,71.5,True,employed,professional,heritage_and_curation,5.0,1.0,1052-08-01
12481,1050-51,2_2_2,2,2:1,61.1,True,employed,professional,heritage_and_curation,3.0,3.0,1052-08-01
12482,1050-51,2_2_3,2,2:1,68.6,False,,,,,,1052-08-01
12489,1050-51,2_2_4,2,2:2,56.4,True,employed,non_professional,craft_and_making,2.0,4.0,1052-08-01
12492,1050-51,1_2_1,1,Third,44.1,False,,,,,,1052-08-01
12495,1050-51,2_4_12,2,2:2,59.2,True,employed,non_professional,craft_and_making,2.0,3.0,1052-08-01
12496,1050-51,2_3_7,2,Third,49.6,False,,,,,,1052-08-01
12502,1050-51,3_1_1,3,2:1,62.9,True,employed,professional,public_sector_and_civil_service,4.0,4.0,1052-08-01
12505,1050-51,2_4_10,2,2:2,58.1,False,,,,,,1052-08-01
12507,1050-51,1_1_4,1,2:2,50.4,True,employed,professional,human_resources,3.0,8.0,1052-08-01
12511,1050-51,1_1_3,1,2:2,55.2,False,,,,,,1052-08-01
12513,1050-51,4_2_12,4,2:2,52.8,True,further_study,,further_study,,1.0,1052-08-01
12518,1050-51,2_2_3,2,2:1,60.5,False,,,,,,1052-08-01
12527,1050-51,2_2_5,2,First,70.3,False,,,,,,1052-08-01
12528,1050-51,3_2_2,3,2:2,58.6,True,unemployed,,,,17.0,1052-08-01
12543,1050-51,3_1_1,3,2:1,61.0,False,,,,,,1052-08-01
12545,1050-51,2_3_8,2,2:2,57.5,True,employed,non_professional,design_and_media,3.0,11.0,1052-08-01
12547,1050-51,1_1_4,1,First,71.2,True,employed,professional,human_resources,5.0,3.0,1052-08-01
12559,1050-51,1_1_4,1,2:1,60.7,False,,,,,,1052-08-01
12560,1050-51,2_4_12,2,2:2,52.5,False,,,,,,1052-08-01
12561,1050-51,2_4_12,2,2:1,60.6,False,,,,,,1052-08-01
12567,1050-51,2_2_2,2,First,70.9,False,,,,,,1052-08-01
12569,1050-51,4_2_12,4,2:1,63.0,False,,,,,,1052-08-01
12570,1050-51,3_2_2,3,2:1,66.9,True,employed,professional,research_and_academia,5.0,4.0,1052-08-01
12577,1050-51,1_1_3,1,First,71.1,True,employed,professional,management_consulting,5.0,6.0,1052-08-01
12585,1050-51,1_2_1,1,2:2,54.4,True,unemployed,,,,14.0,1052-08-01
12589,1050-51,2_4_12,2,2:1,63.8,True,unemployed,,,,16.0,1052-08-01
12593,1050-51,4_2_12,4,2:2,57.4,True,further_study,,further_study,,1.0,1052-08-01
12595,1050-51,1_2_1,1,2:2,57.5,True,employed,non_professional,finance_and_banking,2.0,8.0,1052-08-01
12608,1050-51,2_2_5,2,2:2,54.0,True,employed,professional,creative_industries,3.0,8.0,1052-08-01
12609,1050-51,1_2_1,1,2:1,66.3,True,employed,professional,human_resources,5.0,4.0,1052-08-01
12610,1050-51,2_4_11,2,2:1,62.1,False,,,,,,1052-08-01
12614,1050-51,4_2_12,4,2:2,55.9,False,,,,,,1052-08-01
12617,1050-51,1_1_2,1,2:1,63.6,False,,,,,,1052-08-01
12621,1050-51,2_3_9,2,First,76.3,True,further_study,,further_study,,3.0,1052-08-01
12622,1050-51,2_4_12,2,2:2,57.9,True,employed,professional,design_and_media,1.0,2.0,1052-08-01
12632,1050-51,1_2_1,1,2:1,61.5,True,employed,professional,legal_services,4.0,2.0,1052-08-01
12633,1050-51,4_2_12,4,Third,42.5,True,employed,professional,healthcare_and_nhs,2.0,8.0,1052-08-01
12634,1050-51,2_2_3,2,2:1,61.1,True,further_study,,further_study,,3.0,1052-08-01
12637,1050-51,2_1_1,2,2:1,68.3,True,employed,professional,heritage_and_curation,4.0,7.0,1052-08-01
12639,1050-51,2_3_8,2,2:1,64.0,True,further_study,,further_study,,2.0,1052-08-01
12643,1050-51,2_1_1,2,First,70.9,True,employed,non_professional,heritage_and_curation,4.0,5.0,1052-08-01
12645,1050-51,2_2_3,2,Third,46.4,False,,,,,,1052-08-01
12652,1050-51,1_2_1,1,2:1,65.7,True,employed,professional,management_consulting,4.0,2.0,1052-08-01
12653,1050-51,2_2_2,2,2:2,57.0,False,,,,,,1052-08-01
12664,1050-51,2_3_8,2,2:1,64.2,True,employed,professional,heritage_and_curation,5.0,7.0,1052-08-01
12672,1050-51,2_2_3,2,2:2,50.6,True,unknown,,,,15.0,1052-08-01
12677,1050-51,2_1_1,2,2:2,55.0,False,,,,,,1052-08-01
12685,1050-51,2_3_8,2,First,72.2,False,,,,,,1052-08-01
12693,1050-51,2_4_10,2,2:1,62.5,True,further_study,,further_study,,4.0,1052-08-01
12694,1050-51,2_4_12,2,2:1,64.9,False,,,,,,1052-08-01
12701,1050-51,2_4_12,2,2:2,53.0,True,employed,non_professional,heritage_and_curation,2.0,5.0,1052-08-01
12707,1050-51,1_1_5,1,2:1,68.1,True,employed,professional,management_consulting,4.0,4.0,1052-08-01
12722,1050-51,2_3_7,2,2:1,61.3,True,employed,non_professional,heritage_and_curation,4.0,6.0,1052-08-01
12724,1050-51,2_4_11,2,2:1,62.1,False,,,,,,1052-08-01
12729,1050-51,2_2_2,2,2:1,63.5,True,employed,professional,heritage_and_curation,3.0,5.0,1052-08-01
12735,1050-51,2_2_6,2,Third,45.2,False,,,,,,1052-08-01
12740,1050-51,1_1_4,1,2:2,53.6,False,,,,,,1052-08-01
12746,1050-51,1_2_1,1,2:1,67.3,False,,,,,,1052-08-01
12750,1050-51,2_4_11,2,Third,47.3,True,employed,non_professional,heritage_and_curation,3.0,9.0,1052-08-01
12757,1050-51,2_4_12,2,2:2,56.0,True,employed,non_professional,craft_and_making,2.0,2.0,1052-08-01
12758,1050-51,1_2_1,1,2:1,62.0,True,employed,professional,finance_and_banking,3.0,4.0,1052-08-01
12759,1050-51,3_2_2,3,2:1,60.6,True,employed,professional,media_and_communications,5.0,10.0,1052-08-01
12760,1050-51,1_1_1,1,2:1,64.2,False,,,,,,1052-08-01
12767,1050-51,2_2_3,2,Third,48.8,True,further_study,,further_study,,2.0,1052-08-01
12769,1050-51,2_2_2,2,2:2,51.3,True,employed,non_professional,creative_industries,2.0,2.0,1052-08-01
12777,1050-51,3_2_2,3,2:1,63.7,False,,,,,,1052-08-01
12785,1050-51,1_1_4,1,2:1,62.4,True,further_study,,further_study,,5.0,1052-08-01
12786,1050-51,2_1_1,2,2:1,63.4,False,,,,,,1052-08-01
12792,1050-51,2_2_4,2,2:1,63.0,True,further_study,,further_study,,3.0,1052-08-01
12795,1050-51,1_1_3,1,2:2,52.9,False,,,,,,1052-08-01
12796,1050-51,4_2_12,4,2:1,65.8,False,,,,,,1052-08-01
12797,1050-51,2_4_12,2,2:2,52.2,True,unknown,,,,10.0,1052-08-01
12798,1050-51,2_3_8,2,2:1,61.8,False,,,,,,1052-08-01
12802,1050-51,2_2_2,2,First,70.4,True,unemployed,,,,16.0,1052-08-01
12803,1050-51,2_2_3,2,2:2,51.5,True,employed,non_professional,design_and_media,2.0,3.0,1052-08-01
12805,1050-51,2_3_7,2,2:1,67.7,True,further_study,,further_study,,1.0,1052-08-01
12806,1050-51,3_1_1,3,Third,46.0,True,employed,professional,ngo_and_charity,2.0,9.0,1052-08-01
12808,1050-51,2_4_10,2,2:2,54.8,True,employed,professional,creative_industries,2.0,4.0,1052-08-01
12821,1050-51,1_1_2,1,2:1,64.1,True,further_study,,further_study,,1.0,1052-08-01
12826,1050-51,2_2_5,2,2:2,53.1,True,employed,non_professional,craft_and_making,2.0,7.0,1052-08-01
12828,1050-51,1_1_5,1,2:1,63.0,True,employed,professional,management_consulting,4.0,8.0,1052-08-01
12829,1050-51,2_2_3,2,2:2,54.8,False,,,,,,1052-08-01
12836,1050-51,2_1_1,2,2:2,51.2,False,,,,,,1052-08-01
12838,1050-51,1_1_2,1,2:1,62.3,True,employed,professional,legal_services,3.0,3.0,1052-08-01
12843,1050-51,2_2_6,2,2:2,58.0,False,,,,,,1052-08-01
12860,1050-51,2_2_2,2,2:1,68.0,True,employed,professional,craft_and_making,4.0,10.0,1052-08-01
12865,1050-51,2_2_4,2,First,73.0,True,employed,professional,creative_industries,5.0,1.0,1052-08-01
12866,1050-51,4_2_12,4,2:1,61.3,False,,,,,,1052-08-01
12875,1050-51,2_2_5,2,First,75.1,True,employed,professional,architecture_and_built_environment,5.0,5.0,1052-08-01
12883,1050-51,2_2_2,2,2:2,55.4,True,employed,non_professional,craft_and_making,2.0,9.0,1052-08-01
12884,1050-51,2_3_7,2,2:1,63.6,True,employed,professional,creative_industries,4.0,6.0,1052-08-01
12887,1050-51,2_3_8,2,2:2,58.9,True,employed,non_professional,architecture_and_built_environment,2.0,5.0,1052-08-01
12892,1050-51,2_3_7,2,2:1,66.0,True,further_study,,further_study,,1.0,1052-08-01
12914,1050-51,1_2_1,1,2:1,64.0,True,employed,professional,hospitality_and_tourism,4.0,4.0,1052-08-01
12915,1050-51,2_1_1,2,2:2,58.3,False,,,,,,1052-08-01
12922,1050-51,1_1_5,1,2:1,60.2,True,employed,professional,hospitality_and_tourism,4.0,3.0,1052-08-01
12928,1050-51,2_3_7,2,2:2,53.1,False,,,,,,1052-08-01
12929,1050-51,3_1_1,3,2:1,64.2,True,employed,professional,ngo_and_charity,4.0,2.0,1052-08-01
12933,1050-51,1_1_3,1,2:2,59.3,True,employed,professional,human_resources,3.0,3.0,1052-08-01
12936,1050-51,2_2_6,2,First,71.0,True,employed,professional,creative_industries,5.0,7.0,1052-08-01
12938,1050-51,2_3_7,2,First,73.2,True,further_study,,further_study,,2.0,1052-08-01
12950,1050-51,3_2_2,3,2:1,67.1,False,,,,,,1052-08-01
12951,1050-51,2_2_2,2,2:2,59.8,True,unemployed,,,,13.0,1052-08-01
12952,1050-51,2_4_11,2,2:1,67.0,True,employed,non_professional,heritage_and_curation,3.0,4.0,1052-08-01
12961,1050-51,2_2_3,2,2:1,69.8,False,,,,,,1052-08-01
12971,1050-51,2_2_3,2,2:1,69.2,False,,,,,,1052-08-01
12973,1050-51,2_4_12,2,2:2,60.0,False,,,,,,1052-08-01
12982,1050-51,4_2_12,4,First,70.0,True,further_study,,further_study,,2.0,1052-08-01
12990,1050-51,2_2_2,2,2:2,57.3,True,unknown,,,,9.0,1052-08-01
12999,1050-51,1_1_1,1,2:1,65.8,True,employed,professional,hospitality_and_tourism,4.0,4.0,1052-08-01
13000,1050-51,2_4_12,2,2:1,60.9,True,employed,non_professional,creative_industries,3.0,8.0,1052-08-01
13004,1050-51,2_4_11,2,2:1,68.8,False,,,,,,1052-08-01
13008,1050-51,2_2_3,2,2:1,66.1,True,employed,professional,heritage_and_curation,5.0,5.0,1052-08-01
13009,1050-51,2_2_2,2,2:2,57.1,True,employed,professional,craft_and_making,4.0,9.0,1052-08-01
13016,1050-51,2_2_3,2,2:2,57.2,False,,,,,,1052-08-01
13021,1050-51,2_2_4,2,2:1,62.8,True,unknown,,,,3.0,1052-08-01
13026,1050-51,2_1_1,2,2:1,62.3,True,employed,non_professional,design_and_media,3.0,8.0,1052-08-01
13031,1050-51,2_2_3,2,2:2,58.9,True,employed,non_professional,design_and_media,1.0,2.0,1052-08-01
13034,1050-51,2_3_8,2,2:2,58.5,True,employed,non_professional,architecture_and_built_environment,2.0,12.0,1052-08-01
13036,1050-51,2_1_1,2,2:2,51.9,True,further_study,,further_study,,4.0,1052-08-01
13044,1050-51,1_1_3,1,2:2,58.6,True,unemployed,,,,12.0,1052-08-01
13055,1050-51,1_1_2,1,2:2,56.7,False,,,,,,1052-08-01
13064,1050-51,2_2_5,2,First,71.0,True,employed,professional,design_and_media,5.0,1.0,1052-08-01
13065,1050-51,2_2_2,2,2:2,58.3,False,,,,,,1052-08-01
13068,1050-51,2_4_12,2,2:1,62.1,True,employed,non_professional,design_and_media,2.0,3.0,1052-08-01
13072,1050-51,2_1_1,2,2:1,65.0,True,employed,professional,creative_industries,5.0,4.0,1052-08-01
13083,1050-51,3_2_2,3,2:1,68.9,True,further_study,,further_study,,3.0,1052-08-01
13087,1050-51,1_1_4,1,First,73.5,True,unemployed,,,,18.0,1052-08-01
13095,1050-51,2_2_5,2,2:2,57.3,True,employed,non_professional,craft_and_making,2.0,5.0,1052-08-01
13097,1050-51,1_1_4,1,2:2,57.7,False,,,,,,1052-08-01
13100,1050-51,1_1_3,1,2:1,69.4,True,employed,non_professional,finance_and_banking,4.0,8.0,1052-08-01
13102,1050-51,2_2_5,2,2:2,58.0,True,unknown,,,,8.0,1052-08-01
13106,1050-51,3_1_1,3,2:1,69.4,False,,,,,,1052-08-01
13110,1050-51,2_2_4,2,2:1,60.8,True,unknown,,,,5.0,1052-08-01
13112,1050-51,2_2_3,2,First,72.6,True,employed,professional,heritage_and_curation,4.0,3.0,1052-08-01
13116,1050-51,4_2_12,4,First,85.5,True,further_study,,further_study,,2.0,1052-08-01
13117,1050-51,4_2_12,4,Third,49.4,True,employed,professional,social_care,2.0,9.0,1052-08-01
13120,1050-51,4_2_12,4,First,72.7,False,,,,,,1052-08-01
13124,1050-51,2_2_5,2,2:2,56.4,False,,,,,,1052-08-01
13139,1050-51,2_3_8,2,2:1,67.0,True,employed,professional,creative_industries,4.0,10.0,1052-08-01
13146,1050-51,2_2_6,2,2:2,54.5,True,further_study,,further_study,,3.0,1052-08-01
13151,1050-51,2_3_9,2,First,71.1,True,further_study,,further_study,,4.0,1052-08-01
13153,1050-51,4_2_12,4,Third,49.5,False,,,,,,1052-08-01
13162,1050-51,2_3_7,2,Third,49.2,True,employed,professional,heritage_and_curation,3.0,5.0,1052-08-01
13167,1050-51,2_2_4,2,2:2,56.9,True,unemployed,,,,12.0,1052-08-01
13178,1050-51,1_1_4,1,2:2,58.3,True,employed,non_professional,management_consulting,2.0,5.0,1052-08-01
13179,1050-51,4_2_12,4,2:2,52.2,True,further_study,,further_study,,0.0,1052-08-01
13185,1050-51,2_2_4,2,2:2,59.7,True,further_study,,further_study,,2.0,1052-08-01
13189,1050-51,2_2_4,2,2:1,61.4,True,further_study,,further_study,,4.0,1052-08-01
13194,1050-51,4_2_12,4,2:1,60.8,False,,,,,,1052-08-01
13196,1050-51,4_2_12,4,2:2,50.2,False,,,,,,1052-08-01
13204,1050-51,2_3_9,2,2:1,65.5,True,unemployed,,,,16.0,1052-08-01
13208,1050-51,1_2_1,1,2:1,66.5,True,further_study,,further_study,,2.0,1052-08-01
13212,1050-51,2_2_2,2,2:1,60.7,False,,,,,,1052-08-01
13214,1050-51,2_2_4,2,2:2,59.8,True,employed,professional,design_and_media,3.0,2.0,1052-08-01
13221,1050-51,4_2_12,4,2:2,52.2,True,further_study,,further_study,,3.0,1052-08-01
13224,1050-51,1_1_2,1,2:1,69.6,True,employed,professional,finance_and_banking,5.0,6.0,1052-08-01
13226,1050-51,2_2_5,2,Third,48.4,True,further_study,,further_study,,3.0,1052-08-01
13228,1050-51,2_2_4,2,Third,48.5,True,unemployed,,,,20.0,1052-08-01
13234,1050-51,2_2_6,2,2:2,55.8,False,,,,,,1052-08-01
13238,1050-51,1_1_5,1,2:2,55.7,True,employed,non_professional,hospitality_and_tourism,2.0,7.0,1052-08-01
13258,1050-51,2_3_8,2,2:1,63.5,False,,,,,,1052-08-01
13266,1050-51,2_4_12,2,Third,48.0,True,employed,non_professional,creative_industries,2.0,2.0,1052-08-01
13282,1050-51,1_1_2,1,2:2,52.6,True,employed,professional,hospitality_and_tourism,4.0,2.0,1052-08-01
13295,1050-51,1_1_2,1,2:1,68.3,False,,,,,,1052-08-01
13298,1050-51,2_3_7,2,2:2,57.8,True,employed,non_professional,design_and_media,3.0,7.0,1052-08-01
13301,1050-51,3_2_2,3,2:1,62.9,True,employed,professional,media_and_communications,4.0,8.0,1052-08-01
13302,1050-51,2_2_4,2,2:1,61.3,True,unemployed,,,,17.0,1052-08-01
13308,1050-51,2_2_4,2,2:2,56.2,True,employed,professional,architecture_and_built_environment,4.0,7.0,1052-08-01
13309,1050-51,1_2_1,1,2:1,63.5,True,unknown,,,,5.0,1052-08-01
13311,1050-51,2_3_9,2,2:1,66.9,True,further_study,,further_study,,3.0,1052-08-01
13314,1050-51,2_1_1,2,2:1,67.9,True,employed,non_professional,architecture_and_built_environment,4.0,5.0,1052-08-01
13315,1050-51,2_1_1,2,2:2,53.6,False,,,,,,1052-08-01
13316,1050-51,1_1_2,1,2:1,60.0,True,employed,professional,management_consulting,3.0,3.0,1052-08-01
13318,1050-51,1_1_5,1,2:1,66.7,False,,,,,,1052-08-01
13319,1050-51,3_2_2,3,2:2,59.1,False,,,,,,1052-08-01
13328,1050-51,2_4_12,2,2:1,66.9,True,further_study,,further_study,,1.0,1052-08-01
13333,1050-51,2_2_6,2,2:2,59.0,True,unemployed,,,,22.0,1052-08-01
13343,1050-51,2_1_1,2,First,74.4,True,employed,professional,craft_and_making,5.0,2.0,1052-08-01
13346,1050-51,2_4_12,2,2:1,63.8,True,employed,non_professional,creative_industries,4.0,3.0,1052-08-01
13349,1050-51,1_1_1,1,First,73.3,True,further_study,,further_study,,2.0,1052-08-01
13351,1050-51,2_3_8,2,2:2,52.1,True,employed,professional,heritage_and_curation,4.0,4.0,1052-08-01
13353,1050-51,2_4_12,2,Third,49.3,True,employed,non_professional,design_and_media,2.0,9.0,1052-08-01
13356,1050-51,2_2_3,2,2:2,52.1,True,unemployed,,,,16.0,1052-08-01
13358,1050-51,1_1_4,1,Third,42.0,True,employed,non_professional,legal_services,1.0,5.0,1052-08-01
13360,1050-51,2_2_5,2,2:2,56.8,False,,,,,,1052-08-01
13367,1050-51,2_2_5,2,Third,47.8,True,further_study,,further_study,,2.0,1052-08-01
13371,1050-51,2_3_9,2,2:2,54.5,True,further_study,,further_study,,5.0,1052-08-01
13374,1050-51,2_2_4,2,2:1,65.7,False,,,,,,1052-08-01
13375,1050-51,2_1_1,2,2:1,68.8,True,employed,professional,architecture_and_built_environment,4.0,7.0,1052-08-01
13383,1050-51,1_1_3,1,2:2,53.4,True,unknown,,,,5.0,1052-08-01
13388,1050-51,2_2_6,2,2:1,61.0,False,,,,,,1052-08-01
13389,1050-51,1_2_1,1,2:2,56.1,False,,,,,,1052-08-01
13390,1050-51,1_1_3,1,2:1,62.1,True,further_study,,further_study,,5.0,1052-08-01
13415,1050-51,2_1_1,2,2:2,51.6,True,further_study,,further_study,,2.0,1052-08-01
13416,1050-51,1_1_1,1,2:1,64.3,True,employed,non_professional,human_resources,3.0,8.0,1052-08-01
13430,1050-51,2_2_2,2,2:1,60.2,True,further_study,,further_study,,4.0,1052-08-01
13450,1050-51,2_2_4,2,2:1,69.3,False,,,,,,1052-08-01
13453,1050-51,2_4_11,2,2:2,55.8,True,employed,non_professional,heritage_and_curation,2.0,4.0,1052-08-01
13454,1050-51,2_4_12,2,2:2,56.1,True,employed,non_professional,design_and_media,2.0,4.0,1052-08-01
13455,1050-51,2_2_3,2,2:2,54.4,True,employed,professional,heritage_and_curation,1.0,9.0,1052-08-01
13458,1050-51,2_2_6,2,First,70.5,True,employed,professional,creative_industries,5.0,3.0,1052-08-01
13464,1050-51,1_1_4,1,Third,49.8,True,unknown,,,,1.0,1052-08-01
13470,1050-51,2_1_1,2,2:1,63.6,False,,,,,,1052-08-01
13474,1050-51,2_2_4,2,2:1,60.0,False,,,,,,1052-08-01
13475,1050-51,4_2_12,4,2:1,67.6,True,unemployed,,,,21.0,1052-08-01
13478,1050-51,1_1_3,1,First,75.2,True,employed,professional,hospitality_and_tourism,5.0,7.0,1052-08-01
13481,1050-51,2_3_7,2,2:1,63.7,True,further_study,,further_study,,1.0,1052-08-01
13483,1050-51,2_4_10,2,2:2,56.7,True,employed,non_professional,heritage_and_curation,1.0,9.0,1052-08-01
13493,1050-51,2_3_9,2,2:1,60.6,True,unemployed,,,,10.0,1052-08-01
13501,1050-51,3_2_2,3,2:2,59.4,True,employed,non_professional,media_and_communications,1.0,4.0,1052-08-01
13512,1050-51,2_3_7,2,First,74.7,True,employed,non_professional,architecture_and_built_environment,5.0,3.0,1052-08-01
13513,1050-51,2_2_2,2,2:2,54.1,True,employed,non_professional,heritage_and_curation,1.0,8.0,1052-08-01
13514,1050-51,2_2_6,2,2:1,60.2,True,further_study,,further_study,,2.0,1052-08-01
13518,1050-51,3_1_1,3,2:2,56.7,True,employed,professional,ngo_and_charity,2.0,2.0,1052-08-01
13521,1050-51,2_1_1,2,2:1,60.2,True,employed,non_professional,heritage_and_curation,4.0,4.0,1052-08-01
13527,1050-51,2_2_4,2,2:2,59.6,True,employed,non_professional,craft_and_making,2.0,3.0,1052-08-01
1353,1050-51,2_2_6,2,Third,47.3,True,employed,non_professional,architecture_and_built_environment,2.0,6.0,1052-08-01
13530,1050-51,2_4_12,2,First,71.5,False,,,,,,1052-08-01
13543,1050-51,2_1_1,2,2:1,60.9,True,further_study,,further_study,,1.0,1052-08-01
13553,1050-51,2_1_1,2,2:1,64.8,True,further_study,,further_study,,2.0,1052-08-01
13558,1050-51,2_3_8,2,Third,47.3,True,employed,non_professional,craft_and_making,2.0,3.0,1052-08-01
13560,1050-51,4_2_12,4,2:1,64.2,True,employed,professional,public_health,4.0,7.0,1052-08-01
13567,1050-51,1_1_3,1,2:1,60.8,False,,,,,,1052-08-01
13570,1050-51,2_2_4,2,2:1,62.8,True,employed,professional,design_and_media,4.0,5.0,1052-08-01
13574,1050-51,2_2_3,2,2:1,62.6,True,further_study,,further_study,,1.0,1052-08-01
13586,1050-51,2_3_8,2,2:2,54.9,True,employed,non_professional,architecture_and_built_environment,2.0,8.0,1052-08-01
13590,1050-51,3_1_1,3,2:2,57.2,True,employed,professional,ngo_and_charity,3.0,10.0,1052-08-01
13593,1050-51,1_1_5,1,2:2,57.8,True,employed,professional,legal_services,3.0,9.0,1052-08-01
13597,1050-51,2_3_7,2,2:2,54.5,True,employed,professional,creative_industries,3.0,3.0,1052-08-01
13605,1050-51,2_2_5,2,2:1,69.7,True,employed,professional,creative_industries,4.0,5.0,1052-08-01
13618,1050-51,1_1_3,1,2:2,51.8,True,employed,professional,hospitality_and_tourism,2.0,8.0,1052-08-01
13619,1050-51,3_2_2,3,First,70.4,True,further_study,,further_study,,0.0,1052-08-01
13628,1050-51,2_2_4,2,2:1,60.9,True,employed,non_professional,creative_industries,3.0,4.0,1052-08-01
13629,1050-51,2_4_12,2,First,71.3,True,employed,professional,design_and_media,5.0,8.0,1052-08-01
13637,1050-51,2_3_8,2,2:2,51.1,True,further_study,,further_study,,2.0,1052-08-01
13652,1050-51,4_2_12,4,Third,49.8,True,employed,non_professional,social_care,2.0,9.0,1052-08-01
13655,1050-51,2_2_3,2,2:1,60.3,True,employed,non_professional,craft_and_making,4.0,8.0,1052-08-01
13656,1050-51,2_3_7,2,2:2,54.0,True,further_study,,further_study,,3.0,1052-08-01
13657,1050-51,2_1_1,2,2:1,63.2,True,unknown,,,,5.0,1052-08-01
13658,1050-51,2_3_8,2,2:2,57.9,False,,,,,,1052-08-01
13659,1050-51,3_2_2,3,2:1,67.8,True,employed,professional,media_and_communications,4.0,9.0,1052-08-01
13662,1050-51,2_3_9,2,2:1,61.3,True,employed,non_professional,architecture_and_built_environment,3.0,8.0,1052-08-01
13664,1050-51,2_2_2,2,2:1,62.2,True,employed,non_professional,architecture_and_built_environment,3.0,7.0,1052-08-01
13675,1050-51,2_2_3,2,2:1,62.6,False,,,,,,1052-08-01
13677,1050-51,4_2_12,4,First,87.1,False,,,,,,1052-08-01
13681,1050-51,4_2_12,4,2:2,56.0,True,unemployed,,,,16.0,1052-08-01
13683,1050-51,4_2_12,4,First,73.4,True,employed,professional,allied_health_professions,5.0,6.0,1052-08-01
13688,1050-51,2_4_10,2,2:2,55.4,True,employed,non_professional,craft_and_making,1.0,7.0,1052-08-01
13690,1050-51,1_1_5,1,2:1,69.1,False,,,,,,1052-08-01
13698,1050-51,2_3_9,2,2:2,51.7,True,further_study,,further_study,,1.0,1052-08-01
13699,1050-51,2_2_2,2,2:2,56.2,True,employed,non_professional,architecture_and_built_environment,1.0,3.0,1052-08-01
13701,1050-51,2_2_2,2,2:2,51.9,False,,,,,,1052-08-01
13705,1050-51,2_3_8,2,2:1,63.7,True,employed,professional,creative_industries,4.0,6.0,1052-08-01
13712,1050-51,2_3_8,2,2:2,52.4,True,employed,professional,creative_industries,3.0,5.0,1052-08-01
13715,1050-51,1_1_4,1,2:2,59.6,False,,,,,,1052-08-01
13720,1050-51,1_1_1,1,2:1,64.0,True,employed,professional,hospitality_and_tourism,5.0,2.0,1052-08-01
13721,1050-51,4_2_12,4,2:2,54.2,True,employed,professional,education,4.0,4.0,1052-08-01
13722,1050-51,3_1_1,3,First,70.1,False,,,,,,1052-08-01
13728,1050-51,2_3_7,2,2:2,53.1,True,further_study,,further_study,,4.0,1052-08-01
13731,1050-51,2_3_7,2,Third,48.4,True,unemployed,,,,14.0,1052-08-01
13732,1050-51,2_3_9,2,Third,49.8,True,unemployed,,,,12.0,1052-08-01
13733,1050-51,1_1_4,1,2:2,55.8,True,employed,professional,hospitality_and_tourism,3.0,8.0,1052-08-01
13736,1050-51,1_1_4,1,2:2,55.8,False,,,,,,1052-08-01
13738,1050-51,2_2_3,2,First,73.8,True,further_study,,further_study,,4.0,1052-08-01
13739,1050-51,2_2_3,2,2:2,51.6,True,employed,professional,heritage_and_curation,2.0,7.0,1052-08-01
13745,1050-51,2_2_2,2,2:1,61.6,False,,,,,,1052-08-01
13746,1050-51,2_2_5,2,2:1,67.9,True,employed,professional,craft_and_making,4.0,5.0,1052-08-01
13756,1050-51,4_2_12,4,2:1,63.3,True,further_study,,further_study,,3.0,1052-08-01
13759,1050-51,1_1_1,1,2:1,65.6,False,,,,,,1052-08-01
13764,1050-51,1_1_3,1,2:1,64.9,True,further_study,,further_study,,3.0,1052-08-01
13774,1050-51,2_3_7,2,Third,49.9,False,,,,,,1052-08-01
13777,1050-51,2_2_2,2,2:2,52.1,False,,,,,,1052-08-01
13779,1050-51,2_2_2,2,2:2,53.1,True,further_study,,further_study,,2.0,1052-08-01
13783,1050-51,2_2_3,2,2:2,58.3,False,,,,,,1052-08-01
13784,1050-51,2_2_2,2,2:2,56.8,False,,,,,,1052-08-01
13796,1050-51,2_2_2,2,Third,47.4,True,employed,non_professional,architecture_and_built_environment,2.0,5.0,1052-08-01
13809,1050-51,2_2_5,2,2:1,68.4,True,employed,non_professional,heritage_and_curation,4.0,5.0,1052-08-01
13825,1050-51,2_4_10,2,2:2,55.0,True,further_study,,further_study,,2.0,1052-08-01
13844,1050-51,2_3_7,2,2:1,61.6,True,employed,professional,heritage_and_curation,4.0,4.0,1052-08-01
13854,1050-51,2_2_2,2,2:2,54.0,True,employed,non_professional,heritage_and_curation,3.0,3.0,1052-08-01
13861,1050-51,2_1_1,2,2:1,62.6,True,further_study,,further_study,,2.0,1052-08-01
13864,1050-51,2_4_12,2,2:2,56.6,True,further_study,,further_study,,2.0,1052-08-01
13865,1050-51,4_2_12,4,Third,40.7,False,,,,,,1052-08-01
13872,1050-51,2_3_8,2,2:2,52.2,True,employed,professional,heritage_and_curation,3.0,9.0,1052-08-01
13877,1050-51,2_2_2,2,2:1,62.1,True,employed,professional,architecture_and_built_environment,4.0,6.0,1052-08-01
13884,1050-51,2_2_5,2,2:2,59.7,False,,,,,,1052-08-01
13892,1050-51,2_2_5,2,2:1,65.1,False,,,,,,1052-08-01
13897,1050-51,2_4_10,2,2:2,59.1,True,employed,non_professional,architecture_and_built_environment,2.0,5.0,1052-08-01
13899,1050-51,2_2_3,2,2:1,69.9,False,,,,,,1052-08-01
13903,1050-51,2_4_12,2,2:1,61.5,False,,,,,,1052-08-01
13904,1050-51,2_2_3,2,2:1,65.6,True,employed,non_professional,creative_industries,4.0,8.0,1052-08-01
13906,1050-51,2_2_5,2,2:2,57.2,False,,,,,,1052-08-01
13907,1050-51,2_2_6,2,2:2,58.3,False,,,,,,1052-08-01
13911,1050-51,1_1_5,1,2:1,66.9,False,,,,,,1052-08-01
13912,1050-51,2_2_4,2,2:2,58.8,False,,,,,,1052-08-01
13913,1050-51,1_1_3,1,2:2,52.0,True,employed,non_professional,hospitality_and_tourism,1.0,4.0,1052-08-01
13919,1050-51,2_1_1,2,2:2,58.7,False,,,,,,1052-08-01
13921,1050-51,1_1_1,1,2:1,63.8,False,,,,,,1052-08-01
13928,1050-51,2_2_5,2,2:2,59.3,True,further_study,,further_study,,3.0,1052-08-01
13931,1050-51,1_1_5,1,Third,48.8,True,further_study,,further_study,,5.0,1052-08-01
13953,1050-51,2_2_4,2,2:1,62.3,False,,,,,,1052-08-01
13954,1050-51,1_2_1,1,2:1,67.2,True,employed,professional,legal_services,4.0,7.0,1052-08-01
13966,1050-51,2_3_9,2,2:1,63.5,False,,,,,,1052-08-01
13967,1050-51,2_3_8,2,2:1,65.3,True,unemployed,,,,13.0,1052-08-01
13970,1050-51,2_3_9,2,2:1,65.0,False,,,,,,1052-08-01
13974,1050-51,1_1_2,1,2:2,56.5,False,,,,,,1052-08-01
13979,1050-51,2_4_12,2,2:1,64.2,True,employed,professional,design_and_media,5.0,12.0,1052-08-01
13981,1050-51,2_3_8,2,2:2,53.1,False,,,,,,1052-08-01
13993,1050-51,3_2_2,3,2:1,67.4,True,employed,non_professional,media_and_communications,3.0,7.0,1052-08-01
13996,1050-51,4_2_12,4,First,78.4,False,,,,,,1052-08-01
14016,1050-51,2_4_11,2,2:1,69.1,True,employed,professional,architecture_and_built_environment,3.0,8.0,1052-08-01
14017,1050-51,1_1_3,1,2:2,59.8,True,further_study,,further_study,,4.0,1052-08-01
14022,1050-51,2_2_2,2,2:2,56.0,True,employed,professional,design_and_media,1.0,5.0,1052-08-01
14024,1050-51,2_3_8,2,2:2,56.9,True,unknown,,,,15.0,1052-08-01
14032,1050-51,2_1_1,2,2:2,55.7,True,employed,non_professional,design_and_media,1.0,2.0,1052-08-01
14041,1050-51,2_3_9,2,2:1,62.2,True,further_study,,further_study,,2.0,1052-08-01
14042,1050-51,2_4_12,2,2:1,66.6,True,employed,professional,design_and_media,4.0,1.0,1052-08-01
14044,1050-51,3_1_1,3,2:2,55.9,True,further_study,,further_study,,2.0,1052-08-01
14045,1050-51,3_2_2,3,2:2,58.9,True,employed,professional,ngo_and_charity,4.0,3.0,1052-08-01
14051,1050-51,4_2_12,4,2:1,68.5,False,,,,,,1052-08-01
14056,1050-51,2_2_5,2,2:2,60.0,True,further_study,,further_study,,1.0,1052-08-01
14059,1050-51,2_1_1,2,2:2,59.8,True,employed,non_professional,craft_and_making,2.0,7.0,1052-08-01
14060,1050-51,2_2_5,2,2:1,64.0,False,,,,,,1052-08-01
14061,1050-51,2_2_3,2,2:2,56.2,False,,,,,,1052-08-01
14072,1050-51,2_3_9,2,2:1,69.0,True,employed,professional,heritage_and_curation,3.0,5.0,1052-08-01
14079,1050-51,2_2_2,2,First,76.0,False,,,,,,1052-08-01
14081,1050-51,1_1_4,1,2:1,65.7,True,employed,professional,finance_and_banking,4.0,4.0,1052-08-01
14086,1050-51,2_4_12,2,2:2,51.0,False,,,,,,1052-08-01
14087,1050-51,4_2_12,4,2:2,55.2,True,employed,professional,education,3.0,10.0,1052-08-01
14089,1050-51,2_3_7,2,2:1,64.6,True,employed,non_professional,heritage_and_curation,3.0,8.0,1052-08-01
14095,1050-51,2_4_11,2,2:1,65.9,True,employed,non_professional,architecture_and_built_environment,3.0,9.0,1052-08-01
14096,1050-51,1_1_4,1,2:1,69.5,True,further_study,,further_study,,1.0,1052-08-01
14100,1050-51,2_2_2,2,2:2,55.6,True,employed,professional,heritage_and_curation,4.0,10.0,1052-08-01
14105,1050-51,2_2_2,2,2:1,65.3,False,,,,,,1052-08-01
14112,1050-51,1_1_5,1,2:2,51.8,True,employed,professional,hospitality_and_tourism,2.0,8.0,1052-08-01
14118,1050-51,4_2_12,4,2:1,68.6,False,,,,,,1052-08-01
14131,1050-51,2_4_12,2,2:2,55.9,True,unknown,,,,2.0,1052-08-01
14142,1050-51,1_1_3,1,2:1,60.2,False,,,,,,1052-08-01
14153,1050-51,2_1_1,2,2:1,62.7,True,employed,non_professional,design_and_media,3.0,4.0,1052-08-01
14154,1050-51,4_2_12,4,First,72.2,False,,,,,,1052-08-01
14157,1050-51,2_4_12,2,2:1,66.8,False,,,,,,1052-08-01
14162,1050-51,4_2_12,4,First,70.3,True,further_study,,further_study,,3.0,1052-08-01
14163,1050-51,3_1_1,3,2:2,57.5,True,employed,non_professional,media_and_communications,2.0,2.0,1052-08-01
14165,1050-51,4_2_12,4,First,70.0,True,employed,professional,education,5.0,4.0,1052-08-01
14171,1050-51,2_2_4,2,2:2,50.0,True,employed,professional,design_and_media,2.0,6.0,1052-08-01
14172,1050-51,4_2_12,4,Third,43.7,True,further_study,,further_study,,1.0,1052-08-01
14175,1050-51,2_4_12,2,Third,49.3,True,unemployed,,,,13.0,1052-08-01
14180,1050-51,2_4_10,2,2:2,58.5,True,employed,professional,heritage_and_curation,3.0,8.0,1052-08-01
14188,1050-51,2_2_6,2,2:2,56.5,True,employed,professional,architecture_and_built_environment,4.0,4.0,1052-08-01
14192,1050-51,4_2_12,4,2:2,59.7,True,unemployed,,,,18.0,1052-08-01
14194,1050-51,2_4_10,2,2:2,55.1,True,employed,non_professional,architecture_and_built_environment,2.0,5.0,1052-08-01
14197,1050-51,1_1_2,1,First,71.0,False,,,,,,1052-08-01
14209,1050-51,2_1_1,2,2:2,54.0,True,unknown,,,,1.0,1052-08-01
14214,1050-51,2_2_2,2,2:2,58.7,True,further_study,,further_study,,3.0,1052-08-01
14218,1050-51,4_2_12,4,2:2,58.4,True,unemployed,,,,15.0,1052-08-01
14220,1050-51,1_1_2,1,Third,49.3,True,employed,non_professional,hospitality_and_tourism,1.0,5.0,1052-08-01
14222,1050-51,2_2_2,2,2:2,59.8,True,employed,non_professional,creative_industries,2.0,11.0,1052-08-01
14223,1050-51,2_2_5,2,2:1,64.7,False,,,,,,1052-08-01
14228,1050-51,2_2_3,2,2:1,61.6,True,employed,professional,creative_industries,4.0,3.0,1052-08-01
14231,1050-51,2_3_7,2,2:2,55.2,True,further_study,,further_study,,4.0,1052-08-01
14244,1050-51,1_1_3,1,2:2,59.2,True,employed,professional,human_resources,4.0,6.0,1052-08-01
14249,1050-51,4_2_12,4,2:2,55.2,True,employed,non_professional,healthcare_and_nhs,2.0,5.0,1052-08-01
14258,1050-51,3_2_2,3,2:1,69.9,True,employed,professional,ngo_and_charity,4.0,6.0,1052-08-01
14262,1050-51,2_2_2,2,2:1,66.2,True,unknown,,,,16.0,1052-08-01
14263,1050-51,2_3_8,2,2:2,54.2,True,further_study,,further_study,,5.0,1052-08-01
14271,1050-51,4_2_12,4,2:1,64.2,True,employed,professional,education,4.0,9.0,1052-08-01
14275,1050-51,1_2_1,1,2:2,52.0,True,employed,non_professional,human_resources,2.0,7.0,1052-08-01
14284,1050-51,2_4_10,2,2:2,51.5,True,further_study,,further_study,,1.0,1052-08-01
14285,1050-51,1_1_2,1,Third,49.7,False,,,,,,1052-08-01
14291,1050-51,2_4_12,2,2:1,69.1,True,employed,professional,craft_and_making,4.0,5.0,1052-08-01
14297,1050-51,2_3_8,2,2:2,56.3,True,further_study,,further_study,,2.0,1052-08-01
14301,1050-51,3_2_2,3,2:1,65.0,True,employed,professional,public_sector_and_civil_service,4.0,6.0,1052-08-01
14302,1050-51,2_2_5,2,Third,45.2,False,,,,,,1052-08-01
14304,1050-51,1_1_4,1,First,75.0,False,,,,,,1052-08-01
14314,1050-51,1_1_2,1,Third,49.6,False,,,,,,1052-08-01
14325,1050-51,3_2_2,3,2:1,68.8,False,,,,,,1052-08-01
14327,1050-51,2_3_9,2,2:1,68.7,True,employed,non_professional,craft_and_making,4.0,6.0,1052-08-01
14330,1050-51,4_2_12,4,2:2,50.7,True,further_study,,further_study,,1.0,1052-08-01
14332,1050-51,2_4_12,2,Third,49.6,True,employed,non_professional,design_and_media,2.0,4.0,1052-08-01
14338,1050-51,1_1_2,1,2:2,50.1,True,employed,professional,management_consulting,3.0,3.0,1052-08-01
14340,1050-51,2_3_8,2,2:1,67.2,True,further_study,,further_study,,3.0,1052-08-01
14351,1050-51,2_4_10,2,2:2,50.0,True,employed,non_professional,craft_and_making,2.0,1.0,1052-08-01
14364,1050-51,2_4_12,2,2:1,68.2,True,employed,professional,creative_industries,3.0,7.0,1052-08-01
14373,1050-51,1_1_1,1,First,73.9,False,,,,,,1052-08-01
14380,1050-51,1_1_4,1,First,74.7,True,employed,professional,hospitality_and_tourism,5.0,7.0,1052-08-01
14381,1050-51,2_2_4,2,2:1,64.7,True,unemployed,,,,7.0,1052-08-01
14391,1050-51,2_1_1,2,First,71.9,False,,,,,,1052-08-01
14400,1050-51,2_3_9,2,2:1,68.9,True,further_study,,further_study,,1.0,1052-08-01
14408,1050-51,1_2_1,1,2:2,54.3,True,employed,professional,management_consulting,2.0,8.0,1052-08-01
14410,1050-51,2_4_11,2,2:2,54.7,True,further_study,,further_study,,2.0,1052-08-01
14411,1050-51,2_1_1,2,Third,49.5,True,employed,professional,craft_and_making,2.0,6.0,1052-08-01
14413,1050-51,2_1_1,2,First,71.7,False,,,,,,1052-08-01
14415,1050-51,2_3_8,2,2:1,61.5,True,employed,professional,creative_industries,4.0,8.0,1052-08-01
14418,1050-51,2_4_12,2,2:2,57.3,False,,,,,,1052-08-01
14424,1050-51,2_3_8,2,2:1,66.3,False,,,,,,1052-08-01
14429,1050-51,1_1_2,1,2:2,51.3,True,employed,professional,finance_and_banking,4.0,2.0,1052-08-01
14430,1050-51,2_2_4,2,2:1,60.3,False,,,,,,1052-08-01
14431,1050-51,2_4_12,2,2:1,64.6,True,unknown,,,,8.0,1052-08-01
14435,1050-51,2_2_2,2,2:2,54.0,True,employed,professional,craft_and_making,3.0,7.0,1052-08-01
14441,1050-51,2_1_1,2,Third,47.0,True,unknown,,,,4.0,1052-08-01
14447,1050-51,2_3_8,2,2:1,67.1,False,,,,,,1052-08-01
14452,1050-51,2_3_8,2,2:2,53.6,True,further_study,,further_study,,1.0,1052-08-01
14463,1050-51,2_2_6,2,2:2,57.3,True,unemployed,,,,12.0,1052-08-01
14469,1050-51,2_2_2,2,2:2,55.3,True,employed,non_professional,architecture_and_built_environment,2.0,9.0,1052-08-01
14472,1050-51,1_1_5,1,First,72.8,True,employed,professional,legal_services,5.0,4.0,1052-08-01
14474,1050-51,2_2_5,2,2:2,51.0,False,,,,,,1052-08-01
14475,1050-51,2_3_7,2,2:1,60.8,True,further_study,,further_study,,1.0,1052-08-01
14478,1050-51,2_2_5,2,2:2,54.8,True,employed,non_professional,craft_and_making,1.0,1.0,1052-08-01
14480,1050-51,2_4_10,2,2:2,58.7,True,employed,non_professional,design_and_media,2.0,2.0,1052-08-01
14486,1050-51,1_1_4,1,2:2,51.5,True,further_study,,further_study,,4.0,1052-08-01
14489,1050-51,2_2_3,2,2:1,61.8,True,employed,professional,creative_industries,4.0,1.0,1052-08-01
14491,1050-51,2_3_7,2,2:2,50.8,True,employed,non_professional,design_and_media,2.0,3.0,1052-08-01
14492,1050-51,3_1_1,3,2:1,68.4,True,employed,professional,media_and_communications,4.0,4.0,1052-08-01
14494,1050-51,1_1_3,1,2:1,61.1,True,unemployed,,,,17.0,1052-08-01
14509,1050-51,1_1_2,1,2:1,66.0,True,further_study,,further_study,,2.0,1052-08-01
14511,1050-51,2_2_3,2,2:2,55.7,True,employed,professional,creative_industries,2.0,6.0,1052-08-01
14513,1050-51,2_2_3,2,2:2,52.1,True,unknown,,,,7.0,1052-08-01
14514,1050-51,1_1_1,1,2:1,62.2,True,employed,professional,human_resources,5.0,2.0,1052-08-01
1452,1050-51,1_1_5,1,2:2,55.8,False,,,,,,1052-08-01
14520,1050-51,1_1_3,1,2:1,64.4,False,,,,,,1052-08-01
14525,1050-51,1_1_5,1,2:1,62.7,False,,,,,,1052-08-01
14536,1050-51,2_2_3,2,2:1,61.7,True,unknown,,,,9.0,1052-08-01
14537,1050-51,2_2_5,2,First,73.3,False,,,,,,1052-08-01
14539,1050-51,1_1_3,1,2:1,64.9,True,unemployed,,,,19.0,1052-08-01
14540,1050-51,2_2_5,2,2:1,64.6,False,,,,,,1052-08-01
14546,1050-51,4_2_12,4,2:1,62.7,True,further_study,,further_study,,3.0,1052-08-01
14552,1050-51,2_1_1,2,2:2,56.7,True,employed,non_professional,craft_and_making,2.0,2.0,1052-08-01
14554,1050-51,1_2_1,1,2:2,59.6,False,,,,,,1052-08-01
14560,1050-51,2_1_1,2,2:2,56.1,True,employed,non_professional,craft_and_making,3.0,11.0,1052-08-01
14570,1050-51,2_1_1,2,2:1,68.5,True,unemployed,,,,21.0,1052-08-01
14576,1050-51,2_4_10,2,2:1,65.0,True,employed,professional,heritage_and_curation,4.0,3.0,1052-08-01
14577,1050-51,1_1_4,1,2:1,65.2,True,further_study,,further_study,,1.0,1052-08-01
14582,1050-51,2_4_12,2,2:2,57.4,True,employed,non_professional,design_and_media,3.0,2.0,1052-08-01
14599,1050-51,2_2_2,2,2:2,58.8,True,employed,professional,craft_and_making,3.0,8.0,1052-08-01
14601,1050-51,4_2_12,4,2:1,63.6,False,,,,,,1052-08-01
14609,1050-51,1_1_4,1,2:2,52.6,False,,,,,,1052-08-01
14615,1050-51,1_1_3,1,2:1,64.1,True,unemployed,,,,19.0,1052-08-01
14631,1050-51,1_2_1,1,2:1,65.9,True,employed,professional,management_consulting,4.0,4.0,1052-08-01
14634,1050-51,1_1_5,1,2:2,56.7,False,,,,,,1052-08-01
14636,1050-51,2_4_12,2,2:1,61.1,True,employed,non_professional,design_and_media,3.0,5.0,1052-08-01
14638,1050-51,2_2_6,2,2:2,56.8,True,further_study,,further_study,,4.0,1052-08-01
14642,1050-51,2_3_8,2,2:2,59.2,False,,,,,,1052-08-01
14649,1050-51,2_4_10,2,2:1,62.3,True,unemployed,,,,12.0,1052-08-01
14650,1050-51,2_4_12,2,2:2,52.4,True,employed,non_professional,design_and_media,2.0,4.0,1052-08-01
14658,1050-51,2_4_12,2,2:1,61.1,False,,,,,,1052-08-01
14661,1050-51,2_2_2,2,2:2,52.6,True,further_study,,further_study,,3.0,1052-08-01
14667,1050-51,2_2_3,2,2:1,62.1,True,further_study,,further_study,,2.0,1052-08-01
14670,1050-51,2_1_1,2,First,70.1,True,employed,non_professional,design_and_media,4.0,5.0,1052-08-01
14683,1050-51,4_2_12,4,2:2,54.4,True,employed,professional,public_health,3.0,3.0,1052-08-01
14686,1050-51,4_2_12,4,Third,48.2,True,further_study,,further_study,,0.0,1052-08-01
14688,1050-51,2_2_3,2,2:2,59.5,True,further_study,,further_study,,1.0,1052-08-01
14708,1050-51,2_4_12,2,First,71.5,True,employed,professional,craft_and_making,5.0,2.0,1052-08-01
14710,1050-51,1_1_5,1,2:2,59.4,True,unknown,,,,8.0,1052-08-01
14716,1050-51,2_3_9,2,First,73.3,True,unemployed,,,,9.0,1052-08-01
14718,1050-51,1_1_3,1,2:1,62.1,False,,,,,,1052-08-01
14722,1050-51,2_2_2,2,Third,48.4,True,further_study,,further_study,,3.0,1052-08-01
14730,1050-51,1_2_1,1,2:2,54.1,True,employed,professional,human_resources,3.0,3.0,1052-08-01
14736,1050-51,4_2_12,4,First,72.0,False,,,,,,1052-08-01
14737,1050-51,2_2_4,2,First,71.8,False,,,,,,1052-08-01
14741,1050-51,2_1_1,2,First,71.6,False,,,,,,1052-08-01
14744,1050-51,1_1_2,1,2:2,55.3,True,employed,professional,human_resources,2.0,3.0,1052-08-01
14753,1050-51,2_3_8,2,2:1,69.2,False,,,,,,1052-08-01
14757,1050-51,2_2_3,2,2:1,64.9,True,employed,non_professional,design_and_media,3.0,3.0,1052-08-01
14764,1050-51,2_4_10,2,2:2,52.2,False,,,,,,1052-08-01
14769,1050-51,2_4_12,2,First,72.1,True,employed,non_professional,architecture_and_built_environment,4.0,11.0,1052-08-01
14777,1050-51,2_2_3,2,2:1,67.1,True,employed,professional,craft_and_making,5.0,5.0,1052-08-01
14778,1050-51,4_2_12,4,2:1,67.2,True,employed,professional,public_health,5.0,7.0,1052-08-01
14779,1050-51,2_1_1,2,2:2,54.1,True,unemployed,,,,16.0,1052-08-01
14780,1050-51,4_2_12,4,2:1,62.7,True,employed,professional,social_care,4.0,9.0,1052-08-01
14786,1050-51,1_1_4,1,2:2,56.7,True,employed,professional,finance_and_banking,3.0,6.0,1052-08-01
14788,1050-51,4_2_12,4,2:1,61.0,False,,,,,,1052-08-01
14801,1050-51,2_3_7,2,2:2,55.7,True,employed,non_professional,design_and_media,1.0,2.0,1052-08-01
14805,1050-51,1_2_1,1,2:2,53.3,True,employed,professional,finance_and_banking,3.0,7.0,1052-08-01
14808,1050-51,2_2_5,2,2:1,67.2,False,,,,,,1052-08-01
14824,1050-51,3_2_2,3,2:2,54.9,True,further_study,,further_study,,3.0,1052-08-01
14826,1050-51,2_2_3,2,2:1,65.7,True,employed,non_professional,creative_industries,4.0,8.0,1052-08-01
1483,1050-51,2_2_3,2,2:2,54.6,True,further_study,,further_study,,4.0,1052-08-01
14836,1050-51,1_1_3,1,2:1,62.9,True,unknown,,,,9.0,1052-08-01
14837,1050-51,2_3_8,2,2:2,56.1,False,,,,,,1052-08-01
14841,1050-51,2_2_5,2,2:2,52.8,False,,,,,,1052-08-01
14844,1050-51,2_4_10,2,2:2,57.2,True,employed,non_professional,design_and_media,2.0,8.0,1052-08-01
14851,1050-51,2_2_3,2,Third,49.8,True,unemployed,,,,13.0,1052-08-01
14857,1050-51,2_2_6,2,First,71.1,True,employed,professional,architecture_and_built_environment,5.0,6.0,1052-08-01
14861,1050-51,2_3_7,2,First,72.9,False,,,,,,1052-08-01
14862,1050-51,2_2_3,2,2:2,52.4,True,employed,non_professional,architecture_and_built_environment,2.0,5.0,1052-08-01
14882,1050-51,1_1_2,1,2:1,68.4,False,,,,,,1052-08-01
14891,1050-51,4_2_12,4,2:1,62.2,True,further_study,,further_study,,4.0,1052-08-01
14894,1050-51,2_3_8,2,2:1,64.4,True,further_study,,further_study,,1.0,1052-08-01
14897,1050-51,2_3_8,2,2:1,61.8,True,employed,professional,design_and_media,4.0,2.0,1052-08-01
14908,1050-51,2_2_4,2,2:2,52.3,True,further_study,,further_study,,4.0,1052-08-01
14923,1050-51,1_1_3,1,2:2,56.6,False,,,,,,1052-08-01
14925,1050-51,2_4_10,2,2:1,65.9,True,unemployed,,,,15.0,1052-08-01
14929,1050-51,2_3_9,2,2:2,54.3,False,,,,,,1052-08-01
14937,1050-51,1_1_5,1,2:2,52.1,True,unknown,,,,6.0,1052-08-01
14938,1050-51,4_2_12,4,First,71.5,True,employed,professional,social_care,5.0,10.0,1052-08-01
14944,1050-51,1_1_5,1,2:1,63.0,False,,,,,,1052-08-01
14945,1050-51,4_2_12,4,First,73.4,True,employed,professional,allied_health_professions,5.0,10.0,1052-08-01
14946,1050-51,4_2_12,4,First,77.7,True,employed,professional,allied_health_professions,5.0,6.0,1052-08-01
14952,1050-51,2_2_5,2,2:1,67.0,True,employed,non_professional,architecture_and_built_environment,3.0,8.0,1052-08-01
14953,1050-51,1_1_5,1,2:1,66.5,True,employed,professional,finance_and_banking,4.0,8.0,1052-08-01
14956,1050-51,2_2_2,2,2:2,51.4,False,,,,,,1052-08-01
14957,1050-51,2_2_4,2,First,71.0,False,,,,,,1052-08-01
14958,1050-51,2_2_3,2,2:1,60.8,False,,,,,,1052-08-01
14959,1050-51,1_1_1,1,2:2,55.1,True,employed,non_professional,hospitality_and_tourism,3.0,6.0,1052-08-01
14962,1050-51,2_1_1,2,2:1,60.8,False,,,,,,1052-08-01
14966,1050-51,2_3_8,2,Third,48.9,True,employed,non_professional,heritage_and_curation,2.0,6.0,1052-08-01
14968,1050-51,1_1_4,1,2:1,66.2,False,,,,,,1052-08-01
14973,1050-51,2_2_5,2,2:1,61.1,True,further_study,,further_study,,1.0,1052-08-01
14976,1050-51,2_2_5,2,2:2,57.3,True,employed,non_professional,creative_industries,2.0,9.0,1052-08-01
14981,1050-51,2_2_2,2,2:2,55.4,False,,,,,,1052-08-01
14985,1050-51,2_3_7,2,2:1,67.9,False,,,,,,1052-08-01
14986,1050-51,4_2_12,4,First,77.4,True,further_study,,further_study,,3.0,1052-08-01
14987,1050-51,3_2_2,3,2:2,55.0,True,employed,non_professional,research_and_academia,3.0,4.0,1052-08-01
14988,1050-51,2_4_12,2,2:1,65.6,False,,,,,,1052-08-01
14990,1050-51,2_4_12,2,2:1,64.0,True,further_study,,further_study,,2.0,1052-08-01
14992,1050-51,1_1_2,1,First,78.2,True,further_study,,further_study,,2.0,1052-08-01
14994,1050-51,1_1_3,1,2:2,55.9,False,,,,,,1052-08-01
14996,1050-51,2_4_12,2,Third,48.5,True,employed,non_professional,creative_industries,2.0,5.0,1052-08-01
152,1050-51,2_3_8,2,Third,44.6,True,further_study,,further_study,,1.0,1052-08-01
1615,1050-51,2_2_5,2,Third,46.2,True,unknown,,,,16.0,1052-08-01
1676,1050-51,2_2_6,2,2:2,55.8,True,employed,non_professional,design_and_media,2.0,6.0,1052-08-01
1687,1050-51,2_2_3,2,2:2,51.6,True,further_study,,further_study,,1.0,1052-08-01
1749,1050-51,2_3_7,2,Third,49.7,False,,,,,,1052-08-01
1795,1050-51,4_2_12,4,2:2,52.7,True,unknown,,,,10.0,1052-08-01
1941,1050-51,2_2_2,2,2:1,61.6,True,further_study,,further_study,,2.0,1052-08-01
2101,1050-51,1_1_3,1,2:2,54.0,False,,,,,,1052-08-01
2132,1050-51,2_4_10,2,Third,45.7,True,employed,non_professional,craft_and_making,1.0,4.0,1052-08-01
2288,1050-51,1_1_4,1,Third,45.8,True,employed,professional,management_consulting,2.0,4.0,1052-08-01
2571,1050-51,1_1_4,1,Third,49.6,False,,,,,,1052-08-01
2605,1050-51,1_1_5,1,2:2,51.7,False,,,,,,1052-08-01
275,1050-51,2_2_2,2,Third,45.3,True,employed,non_professional,heritage_and_curation,2.0,6.0,1052-08-01
277,1050-51,2_2_5,2,2:2,50.4,True,employed,non_professional,heritage_and_curation,2.0,3.0,1052-08-01
2808,1050-51,2_2_4,2,Third,44.5,True,employed,professional,design_and_media,3.0,3.0,1052-08-01
287,1050-51,1_2_1,1,2:2,57.4,True,employed,professional,legal_services,2.0,5.0,1052-08-01
3016,1050-51,2_1_1,2,2:2,51.6,True,employed,non_professional,creative_industries,1.0,6.0,1052-08-01
3074,1050-51,1_2_1,1,2:2,54.4,True,unknown,,,,9.0,1052-08-01
3223,1050-51,1_1_2,1,2:2,54.1,True,employed,non_professional,management_consulting,2.0,4.0,1052-08-01
3237,1050-51,2_4_10,2,2:2,54.2,False,,,,,,1052-08-01
326,1050-51,2_1_1,2,2:2,51.9,True,further_study,,further_study,,3.0,1052-08-01
3404,1050-51,2_3_7,2,2:2,56.9,True,employed,non_professional,creative_industries,3.0,2.0,1052-08-01
3546,1050-51,1_1_4,1,Third,49.1,False,,,,,,1052-08-01
3585,1050-51,1_1_1,1,Third,48.0,True,further_study,,further_study,,2.0,1052-08-01
3865,1050-51,3_1_1,3,2:2,54.0,False,,,,,,1052-08-01
391,1050-51,1_1_3,1,Third,48.8,True,employed,non_professional,hospitality_and_tourism,2.0,3.0,1052-08-01
3931,1050-51,2_3_8,2,2:2,54.6,True,further_study,,further_study,,2.0,1052-08-01
3949,1050-51,1_1_2,1,2:2,51.8,False,,,,,,1052-08-01
4027,1050-51,2_4_12,2,2:2,53.8,True,unemployed,,,,14.0,1052-08-01
4110,1050-51,2_4_10,2,2:1,67.1,False,,,,,,1052-08-01
4147,1050-51,4_2_12,4,2:2,50.3,False,,,,,,1052-08-01
4211,1050-51,2_1_1,2,2:2,55.6,True,employed,non_professional,design_and_media,1.0,1.0,1052-08-01
4261,1050-51,1_2_1,1,Third,49.5,True,employed,professional,human_resources,2.0,5.0,1052-08-01
4358,1050-51,1_1_3,1,2:2,51.0,False,,,,,,1052-08-01
437,1050-51,2_4_11,2,Third,47.6,True,employed,non_professional,heritage_and_curation,2.0,4.0,1052-08-01
4388,1050-51,1_2_1,1,2:1,65.4,True,employed,non_professional,human_resources,2.0,4.0,1052-08-01
4414,1050-51,2_2_4,2,Third,48.7,False,,,,,,1052-08-01
4596,1050-51,2_3_8,2,2:1,61.5,False,,,,,,1052-08-01
4647,1050-51,2_3_7,2,Third,48.8,True,further_study,,further_study,,2.0,1052-08-01
4779,1050-51,2_3_8,2,2:2,51.8,True,employed,non_professional,craft_and_making,1.0,6.0,1052-08-01
4796,1050-51,1_1_3,1,Third,46.5,False,,,,,,1052-08-01
4885,1050-51,3_2_2,3,2:1,60.6,True,further_study,,further_study,,3.0,1052-08-01
4975,1050-51,2_2_4,2,Third,44.2,True,employed,non_professional,design_and_media,1.0,4.0,1052-08-01
5001,1050-51,1_2_1,1,2:2,52.1,True,unemployed,,,,20.0,1052-08-01
5008,1050-51,2_2_4,2,Third,48.9,True,unemployed,,,,15.0,1052-08-01
5012,1050-51,1_1_1,1,2:2,56.5,False,,,,,,1052-08-01
5031,1050-51,3_2_2,3,2:2,54.2,True,employed,non_professional,research_and_academia,3.0,5.0,1052-08-01
5052,1050-51,1_2_1,1,2:2,54.6,True,further_study,,further_study,,3.0,1052-08-01
5055,1050-51,3_1_1,3,Third,46.0,True,employed,non_professional,media_and_communications,2.0,2.0,1052-08-01
5097,1050-51,2_3_8,2,2:2,50.7,False,,,,,,1052-08-01
5143,1050-51,2_3_7,2,Third,49.2,False,,,,,,1052-08-01
5159,1050-51,1_1_5,1,2:2,58.6,True,employed,professional,finance_and_banking,4.0,2.0,1052-08-01
5183,1050-51,3_1_1,3,Third,47.3,True,employed,professional,research_and_academia,2.0,4.0,1052-08-01
5229,1050-51,3_1_1,3,2:2,54.4,True,further_study,,further_study,,2.0,1052-08-01
5282,1050-51,1_1_2,1,2:2,50.6,True,employed,professional,hospitality_and_tourism,3.0,3.0,1052-08-01
5287,1050-51,2_4_10,2,2:2,54.3,True,employed,professional,creative_industries,3.0,5.0,1052-08-01
5289,1050-51,1_1_3,1,2:1,63.5,True,employed,professional,hospitality_and_tourism,4.0,3.0,1052-08-01
5291,1050-51,3_2_2,3,2:2,55.3,True,employed,non_professional,research_and_academia,1.0,5.0,1052-08-01
5314,1050-51,3_2_2,3,Third,45.6,True,further_study,,further_study,,1.0,1052-08-01
5370,1050-51,2_4_12,2,2:2,51.7,True,employed,non_professional,heritage_and_curation,2.0,9.0,1052-08-01
5371,1050-51,2_2_3,2,2:2,54.0,True,employed,non_professional,design_and_media,2.0,6.0,1052-08-01
5400,1050-51,2_3_7,2,2:1,65.5,True,employed,professional,design_and_media,4.0,7.0,1052-08-01
5423,1050-51,2_4_12,2,2:2,57.0,True,employed,professional,creative_industries,3.0,8.0,1052-08-01
5447,1050-51,1_1_2,1,2:1,60.7,False,,,,,,1052-08-01
5515,1050-51,2_2_2,2,Third,46.3,True,employed,non_professional,architecture_and_built_environment,1.0,2.0,1052-08-01
5526,1050-51,2_4_12,2,2:2,59.4,True,further_study,,further_study,,4.0,1052-08-01
5622,1050-51,2_4_10,2,First,72.8,False,,,,,,1052-08-01
563,1050-51,2_1_1,2,Third,48.0,False,,,,,,1052-08-01
5680,1050-51,2_3_7,2,2:2,57.4,True,further_study,,further_study,,5.0,1052-08-01
5732,1050-51,1_1_5,1,2:2,51.2,True,employed,professional,management_consulting,2.0,9.0,1052-08-01
5736,1050-51,1_2_1,1,2:2,58.1,True,employed,professional,management_consulting,3.0,3.0,1052-08-01
5775,1050-51,2_1_1,2,2:1,68.3,True,employed,professional,architecture_and_built_environment,3.0,4.0,1052-08-01
5832,1050-51,2_4_12,2,Third,48.7,True,further_study,,further_study,,3.0,1052-08-01
5838,1050-51,2_4_12,2,2:2,59.1,True,employed,professional,craft_and_making,3.0,8.0,1052-08-01
5870,1050-51,2_1_1,2,2:2,53.1,True,further_study,,further_study,,4.0,1052-08-01
5894,1050-51,2_3_8,2,2:2,58.5,True,employed,non_professional,design_and_media,2.0,4.0,1052-08-01
5907,1050-51,3_2_2,3,2:2,50.4,True,further_study,,further_study,,5.0,1052-08-01
6004,1050-51,2_2_3,2,2:2,54.9,True,employed,non_professional,creative_industries,1.0,4.0,1052-08-01
6016,1050-51,2_4_12,2,2:1,63.4,False,,,,,,1052-08-01
6027,1050-51,3_2_2,3,Third,46.7,True,further_study,,further_study,,5.0,1052-08-01
6028,1050-51,2_2_2,2,2:2,53.4,True,unemployed,,,,18.0,1052-08-01
6100,1050-51,2_4_11,2,2:2,50.5,True,employed,professional,architecture_and_built_environment,3.0,0.0,1052-08-01
6119,1050-51,2_4_11,2,2:2,51.1,False,,,,,,1052-08-01
6133,1050-51,4_2_12,4,Third,43.8,True,employed,non_professional,social_care,3.0,2.0,1052-08-01
6150,1050-51,2_2_2,2,2:2,55.0,False,,,,,,1052-08-01
6152,1050-51,1_1_5,1,2:2,59.7,True,further_study,,further_study,,1.0,1052-08-01
6166,1050-51,2_3_7,2,2:2,52.7,True,unknown,,,,16.0,1052-08-01
6186,1050-51,2_1_1,2,2:2,50.9,True,employed,non_professional,craft_and_making,3.0,1.0,1052-08-01
6194,1050-51,2_2_5,2,2:1,65.2,True,employed,professional,heritage_and_curation,2.0,1.0,1052-08-01
6200,1050-51,1_1_3,1,2:2,55.5,False,,,,,,1052-08-01
6205,1050-51,2_3_7,2,2:2,55.8,True,unemployed,,,,10.0,1052-08-01
6258,1050-51,2_3_9,2,2:2,52.7,False,,,,,,1052-08-01
6262,1050-51,2_4_12,2,2:2,54.5,True,employed,professional,craft_and_making,3.0,9.0,1052-08-01
6293,1050-51,2_4_11,2,Third,47.8,False,,,,,,1052-08-01
6316,1050-51,1_1_1,1,2:2,50.6,True,further_study,,further_study,,2.0,1052-08-01
6341,1050-51,2_2_5,2,2:2,50.7,True,employed,non_professional,architecture_and_built_environment,2.0,8.0,1052-08-01
6387,1050-51,1_1_3,1,2:1,67.6,False,,,,,,1052-08-01
6416,1050-51,2_4_12,2,2:1,61.2,True,further_study,,further_study,,4.0,1052-08-01
6431,1050-51,1_1_4,1,2:1,60.9,True,unemployed,,,,18.0,1052-08-01
6447,1050-51,3_2_2,3,2:2,50.1,False,,,,,,1052-08-01
6488,1050-51,2_3_8,2,2:1,65.5,True,unemployed,,,,17.0,1052-08-01
6508,1050-51,2_2_4,2,2:2,53.1,False,,,,,,1052-08-01
6525,1050-51,2_4_11,2,2:2,50.3,True,employed,non_professional,creative_industries,2.0,6.0,1052-08-01
6530,1050-51,3_2_2,3,2:1,66.6,False,,,,,,1052-08-01
6541,1050-51,1_2_1,1,2:2,58.8,True,further_study,,further_study,,0.0,1052-08-01
6668,1050-51,1_1_1,1,2:2,51.3,True,employed,professional,legal_services,3.0,10.0,1052-08-01
6670,1050-51,2_2_4,2,2:2,53.2,True,employed,non_professional,design_and_media,1.0,1.0,1052-08-01
672,1050-51,2_3_7,2,2:2,51.3,True,employed,non_professional,craft_and_making,2.0,4.0,1052-08-01
6746,1050-51,2_3_9,2,Third,44.8,False,,,,,,1052-08-01
6809,1050-51,1_1_5,1,2:2,54.7,True,employed,professional,management_consulting,3.0,5.0,1052-08-01
6821,1050-51,1_1_4,1,Third,49.1,True,further_study,,further_study,,4.0,1052-08-01
6866,1050-51,1_1_3,1,2:2,51.6,True,further_study,,further_study,,3.0,1052-08-01
6870,1050-51,1_1_3,1,2:1,60.9,True,employed,professional,legal_services,4.0,2.0,1052-08-01
6912,1050-51,2_4_12,2,2:2,57.4,False,,,,,,1052-08-01
6914,1050-51,1_1_3,1,2:1,63.8,False,,,,,,1052-08-01
6984,1050-51,1_1_4,1,2:2,52.5,True,employed,professional,finance_and_banking,3.0,2.0,1052-08-01
6990,1050-51,1_1_4,1,2:2,50.5,True,further_study,,further_study,,1.0,1052-08-01
7096,1050-51,1_1_3,1,Third,48.2,True,employed,professional,legal_services,3.0,7.0,1052-08-01
7141,1050-51,1_2_1,1,2:2,52.6,True,employed,non_professional,finance_and_banking,2.0,8.0,1052-08-01
7158,1050-51,2_2_4,2,2:1,62.6,False,,,,,,1052-08-01
7179,1050-51,2_2_4,2,Third,48.0,False,,,,,,1052-08-01
7183,1050-51,4_2_12,4,Third,49.0,True,further_study,,further_study,,5.0,1052-08-01
7220,1050-51,4_2_12,4,Third,49.4,True,further_study,,further_study,,4.0,1052-08-01
7240,1050-51,4_2_12,4,2:1,61.3,True,employed,professional,education,4.0,7.0,1052-08-01
7256,1050-51,2_3_9,2,Third,48.5,True,employed,non_professional,creative_industries,1.0,10.0,1052-08-01
7304,1050-51,2_2_5,2,2:2,51.0,True,employed,non_professional,heritage_and_curation,2.0,2.0,1052-08-01
7315,1050-51,2_3_8,2,2:2,50.2,True,employed,non_professional,creative_industries,2.0,8.0,1052-08-01
7326,1050-51,4_2_12,4,2:1,62.1,True,further_study,,further_study,,2.0,1052-08-01
7330,1050-51,2_4_12,2,2:2,53.2,True,employed,non_professional,heritage_and_curation,2.0,7.0,1052-08-01
7349,1050-51,2_2_6,2,Third,45.8,True,unknown,,,,4.0,1052-08-01
7361,1050-51,2_2_3,2,Third,49.4,True,employed,non_professional,craft_and_making,1.0,4.0,1052-08-01
7376,1050-51,1_2_1,1,2:1,60.7,True,further_study,,further_study,,3.0,1052-08-01
7558,1050-51,2_2_4,2,Third,49.7,False,,,,,,1052-08-01
7563,1050-51,2_3_8,2,Third,47.1,True,employed,non_professional,architecture_and_built_environment,1.0,2.0,1052-08-01
7604,1050-51,2_1_1,2,2:2,52.6,False,,,,,,1052-08-01
7619,1050-51,2_4_12,2,2:2,57.5,True,further_study,,further_study,,3.0,1052-08-01
7647,1050-51,2_2_3,2,Third,47.6,False,,,,,,1052-08-01
7670,1050-51,2_2_3,2,Third,45.7,False,,,,,,1052-08-01
7671,1050-51,2_4_11,2,Third,44.6,False,,,,,,1052-08-01
7733,1050-51,1_1_5,1,2:2,51.3,True,further_study,,further_study,,2.0,1052-08-01
7754,1050-51,4_2_12,4,2:2,50.7,True,further_study,,further_study,,3.0,1052-08-01
7761,1050-51,2_2_5,2,2:2,57.4,True,employed,non_professional,design_and_media,1.0,5.0,1052-08-01
7807,1050-51,2_1_1,2,2:2,53.4,True,employed,non_professional,design_and_media,2.0,3.0,1052-08-01
7814,1050-51,2_1_1,2,2:2,57.1,True,employed,non_professional,craft_and_making,3.0,6.0,1052-08-01
7815,1050-51,3_2_2,3,2:2,53.0,True,employed,professional,research_and_academia,4.0,10.0,1052-08-01
7836,1050-51,1_1_1,1,Third,47.9,False,,,,,,1052-08-01
7840,1050-51,2_4_10,2,2:2,51.1,True,further_study,,further_study,,3.0,1052-08-01
7883,1050-51,2_4_11,2,2:2,53.5,True,further_study,,further_study,,1.0,1052-08-01
7924,1050-51,2_2_5,2,First,71.9,False,,,,,,1052-08-01
7926,1050-51,2_4_11,2,2:2,57.3,False,,,,,,1052-08-01
7940,1050-51,2_2_4,2,2:2,55.7,True,further_study,,further_study,,3.0,1052-08-01
80,1050-51,1_1_2,1,2:2,50.2,True,employed,non_professional,management_consulting,2.0,4.0,1052-08-01
8037,1050-51,2_2_4,2,Third,49.3,True,unknown,,,,6.0,1052-08-01
8097,1050-51,1_1_1,1,2:2,50.6,True,further_study,,further_study,,3.0,1052-08-01
8144,1050-51,1_1_5,1,2:1,67.7,True,employed,non_professional,hospitality_and_tourism,4.0,9.0,1052-08-01
8180,1050-51,1_1_3,1,2:2,53.7,True,employed,non_professional,hospitality_and_tourism,2.0,2.0,1052-08-01
8210,1050-51,2_2_2,2,Third,45.7,True,employed,non_professional,architecture_and_built_environment,2.0,1.0,1052-08-01
8354,1050-51,2_4_12,2,2:2,50.8,True,further_study,,further_study,,2.0,1052-08-01
8370,1050-51,1_1_1,1,2:2,52.2,True,further_study,,further_study,,2.0,1052-08-01
8436,1050-51,1_2_1,1,Third,47.9,True,employed,professional,finance_and_banking,2.0,4.0,1052-08-01
8468,1050-51,2_4_12,2,2:2,56.8,True,employed,professional,design_and_media,3.0,2.0,1052-08-01
8497,1050-51,2_2_6,2,2:2,57.1,True,employed,non_professional,heritage_and_curation,1.0,2.0,1052-08-01
8524,1050-51,2_3_8,2,2:1,61.2,True,employed,professional,craft_and_making,5.0,8.0,1052-08-01
8534,1050-51,1_1_5,1,2:2,57.8,False,,,,,,1052-08-01
8545,1050-51,2_4_12,2,Third,43.2,False,,,,,,1052-08-01
8621,1050-51,1_1_3,1,Third,44.0,True,unemployed,,,,10.0,1052-08-01
8650,1050-51,1_1_3,1,2:2,56.4,True,employed,non_professional,human_resources,2.0,4.0,1052-08-01
8672,1050-51,4_2_12,4,2:2,59.3,True,further_study,,further_study,,3.0,1052-08-01
8745,1050-51,1_1_3,1,2:2,56.0,False,,,,,,1052-08-01
8752,1050-51,2_3_7,2,2:2,56.6,False,,,,,,1052-08-01
8765,1050-51,2_2_4,2,2:2,55.5,False,,,,,,1052-08-01
8816,1050-51,2_3_7,2,Third,46.5,True,employed,non_professional,heritage_and_curation,2.0,2.0,1052-08-01
8841,1050-51,1_1_4,1,2:2,51.3,False,,,,,,1052-08-01
8843,1050-51,2_3_7,2,2:2,56.8,True,employed,non_professional,creative_industries,1.0,7.0,1052-08-01
8862,1050-51,1_1_2,1,2:2,55.2,True,employed,professional,human_resources,3.0,2.0,1052-08-01
8882,1050-51,2_3_7,2,2:1,65.3,False,,,,,,1052-08-01
8953,1050-51,2_3_8,2,2:2,56.9,False,,,,,,1052-08-01
8960,1050-51,3_1_1,3,2:2,53.7,True,unemployed,,,,11.0,1052-08-01
8966,1050-51,2_1_1,2,2:2,50.8,False,,,,,,1052-08-01
8977,1050-51,3_2_2,3,2:2,58.1,True,employed,professional,public_sector_and_civil_service,3.0,7.0,1052-08-01
9024,1050-51,1_1_3,1,Third,45.2,False,,,,,,1052-08-01
9034,1050-51,4_2_12,4,2:2,52.6,True,employed,professional,allied_health_professions,4.0,4.0,1052-08-01
9038,1050-51,1_1_2,1,2:2,59.6,True,further_study,,further_study,,1.0,1052-08-01
9050,1050-51,1_1_4,1,2:2,55.9,False,,,,,,1052-08-01
9063,1050-51,4_2_12,4,2:2,57.8,True,employed,professional,social_care,3.0,6.0,1052-08-01
9078,1050-51,1_1_3,1,2:2,52.3,True,employed,non_professional,hospitality_and_tourism,2.0,1.0,1052-08-01
9080,1050-51,2_4_12,2,2:2,50.3,False,,,,,,1052-08-01
9106,1050-51,2_2_2,2,2:2,53.3,True,employed,non_professional,architecture_and_built_environment,3.0,8.0,1052-08-01
9130,1050-51,1_1_4,1,Third,47.6,True,employed,professional,management_consulting,2.0,4.0,1052-08-01
9142,1050-51,1_1_2,1,2:2,55.6,True,employed,non_professional,legal_services,2.0,10.0,1052-08-01
9146,1050-51,2_4_10,2,2:2,55.4,False,,,,,,1052-08-01
9192,1050-51,2_4_12,2,Third,44.2,True,employed,professional,creative_industries,3.0,3.0,1052-08-01
9208,1050-51,2_2_5,2,2:2,56.0,False,,,,,,1052-08-01
9247,1050-51,2_1_1,2,2:2,58.8,True,employed,professional,design_and_media,3.0,3.0,1052-08-01
9260,1050-51,2_4_12,2,2:2,50.7,True,employed,non_professional,design_and_media,2.0,3.0,1052-08-01
9277,1050-51,2_4_11,2,2:2,53.4,True,employed,professional,creative_industries,3.0,1.0,1052-08-01
9287,1050-51,1_1_4,1,Third,45.6,True,unemployed,,,,14.0,1052-08-01
929,1050-51,4_2_12,4,2:1,60.7,True,unemployed,,,,18.0,1052-08-01
9294,1050-51,2_4_11,2,Third,44.8,True,employed,non_professional,craft_and_making,1.0,4.0,1052-08-01
9359,1050-51,1_1_5,1,Third,47.7,True,unemployed,,,,8.0,1052-08-01
9380,1050-51,2_2_2,2,2:1,67.3,True,unknown,,,,0.0,1052-08-01
9383,1050-51,2_2_2,2,2:2,51.2,False,,,,,,1052-08-01
9433,1050-51,2_2_5,2,2:1,65.6,False,,,,,,1052-08-01
9440,1050-51,2_2_5,2,2:1,64.6,False,,,,,,1052-08-01
9472,1050-51,2_4_12,2,2:2,52.0,False,,,,,,1052-08-01
9487,1050-51,2_4_12,2,2:1,65.6,True,further_study,,further_study,,1.0,1052-08-01
9598,1050-51,3_2_2,3,2:2,58.7,False,,,,,,1052-08-01
9673,1050-51,2_1_1,2,Third,47.8,True,unemployed,,,,14.0,1052-08-01
9746,1050-51,1_1_1,1,2:2,50.2,True,employed,non_professional,finance_and_banking,1.0,8.0,1052-08-01
9806,1050-51,1_1_4,1,2:2,55.3,False,,,,,,1052-08-01
9883,1050-51,2_3_7,2,2:2,53.2,True,employed,non_professional,design_and_media,1.0,4.0,1052-08-01
9901,1050-51,2_1_1,2,Third,45.6,False,,,,,,1052-08-01
9904,1050-51,2_2_4,2,2:2,51.9,True,employed,professional,craft_and_making,4.0,5.0,1052-08-01
9924,1050-51,4_2_12,4,Third,45.3,True,unemployed,,,,19.0,1052-08-01
9982,1050-51,4_2_12,4,2:2,56.0,True,unknown,,,,10.0,1052-08-01
10044,1051-52,1_2_1,1,2:2,50.6,True,further_study,,further_study,,3.0,1053-08-01
10051,1051-52,3_2_2,3,Third,49.1,False,,,,,,1053-08-01
10061,1051-52,1_1_5,1,Third,46.4,True,employed,non_professional,legal_services,2.0,4.0,1053-08-01
10109,1051-52,2_2_5,2,2:2,51.3,False,,,,,,1053-08-01
10119,1051-52,3_2_2,3,First,71.4,True,employed,non_professional,ngo_and_charity,5.0,7.0,1053-08-01
10131,1051-52,2_1_1,2,2:2,57.2,True,further_study,,further_study,,3.0,1053-08-01
10166,1051-52,2_1_1,2,Third,48.5,True,employed,non_professional,creative_industries,2.0,1.0,1053-08-01
10218,1051-52,2_4_12,2,2:1,69.1,False,,,,,,1053-08-01
10252,1051-52,1_1_5,1,Third,49.8,True,further_study,,further_study,,2.0,1053-08-01
10317,1051-52,2_4_10,2,2:2,58.5,False,,,,,,1053-08-01
10326,1051-52,1_2_1,1,2:2,56.6,True,further_study,,further_study,,2.0,1053-08-01
10360,1051-52,2_3_8,2,2:1,65.0,False,,,,,,1053-08-01
10361,1051-52,2_2_2,2,2:2,58.4,False,,,,,,1053-08-01
10383,1051-52,1_2_1,1,2:2,53.2,False,,,,,,1053-08-01
10410,1051-52,1_1_4,1,Third,48.3,False,,,,,,1053-08-01
10430,1051-52,2_2_6,2,2:2,59.1,True,employed,non_professional,design_and_media,2.0,2.0,1053-08-01
10452,1051-52,2_2_5,2,Third,47.3,True,further_study,,further_study,,2.0,1053-08-01
10493,1051-52,3_1_1,3,2:2,58.2,False,,,,,,1053-08-01
10538,1051-52,2_3_8,2,2:2,58.5,True,employed,professional,creative_industries,4.0,5.0,1053-08-01
10572,1051-52,4_2_12,4,2:2,51.2,False,,,,,,1053-08-01
10597,1051-52,3_1_1,3,2:2,52.4,True,further_study,,further_study,,2.0,1053-08-01
10599,1051-52,2_2_5,2,2:2,55.5,True,employed,non_professional,design_and_media,2.0,7.0,1053-08-01
10628,1051-52,2_2_3,2,Third,47.8,False,,,,,,1053-08-01
10651,1051-52,1_2_1,1,Third,49.6,True,employed,non_professional,human_resources,1.0,3.0,1053-08-01
10669,1051-52,2_2_2,2,Third,46.6,True,employed,non_professional,craft_and_making,2.0,6.0,1053-08-01
10705,1051-52,2_2_6,2,2:2,53.7,True,further_study,,further_study,,5.0,1053-08-01
10734,1051-52,3_2_2,3,2:2,50.3,True,unknown,,,,10.0,1053-08-01
10758,1051-52,2_4_10,2,First,73.7,True,employed,professional,creative_industries,5.0,3.0,1053-08-01
10778,1051-52,3_2_2,3,Third,48.8,False,,,,,,1053-08-01
10826,1051-52,3_2_2,3,2:2,58.6,True,further_study,,further_study,,2.0,1053-08-01
10887,1051-52,2_4_12,2,2:2,55.3,True,employed,non_professional,design_and_media,2.0,6.0,1053-08-01
10904,1051-52,1_1_2,1,2:2,54.5,True,further_study,,further_study,,2.0,1053-08-01
10950,1051-52,1_1_2,1,Third,49.2,True,employed,professional,finance_and_banking,3.0,5.0,1053-08-01
10983,1051-52,2_3_7,2,2:1,63.0,True,further_study,,further_study,,4.0,1053-08-01
11027,1051-52,2_3_8,2,2:2,59.8,True,employed,professional,craft_and_making,3.0,6.0,1053-08-01
11041,1051-52,2_1_1,2,Third,49.2,True,employed,non_professional,architecture_and_built_environment,1.0,5.0,1053-08-01
11067,1051-52,1_1_4,1,2:2,55.5,False,,,,,,1053-08-01
11115,1051-52,1_2_1,1,2:2,55.5,True,employed,professional,human_resources,2.0,8.0,1053-08-01
11168,1051-52,2_4_10,2,Third,46.7,False,,,,,,1053-08-01
11172,1051-52,3_1_1,3,2:2,54.8,True,further_study,,further_study,,2.0,1053-08-01
11185,1051-52,1_1_3,1,2:2,58.6,True,employed,professional,management_consulting,2.0,4.0,1053-08-01
11188,1051-52,1_1_2,1,2:2,54.5,True,employed,non_professional,management_consulting,1.0,2.0,1053-08-01
11196,1051-52,2_2_2,2,2:1,61.4,True,unemployed,,,,22.0,1053-08-01
11245,1051-52,2_2_3,2,2:1,63.2,True,employed,professional,heritage_and_curation,4.0,8.0,1053-08-01
11261,1051-52,2_1_1,2,2:2,53.2,True,employed,professional,craft_and_making,2.0,4.0,1053-08-01
11290,1051-52,2_2_4,2,2:2,52.3,True,employed,non_professional,architecture_and_built_environment,3.0,4.0,1053-08-01
11362,1051-52,2_3_8,2,2:2,58.9,False,,,,,,1053-08-01
1138,1051-52,2_2_2,2,2:2,53.9,True,further_study,,further_study,,3.0,1053-08-01
11388,1051-52,2_2_4,2,2:2,55.1,True,further_study,,further_study,,2.0,1053-08-01
11416,1051-52,2_2_2,2,2:2,55.1,True,employed,non_professional,creative_industries,2.0,2.0,1053-08-01
11431,1051-52,2_1_1,2,2:2,52.5,True,employed,non_professional,heritage_and_curation,2.0,6.0,1053-08-01
11492,1051-52,4_2_12,4,Third,47.4,True,employed,professional,healthcare_and_nhs,3.0,4.0,1053-08-01
11506,1051-52,1_1_3,1,2:2,55.0,True,employed,non_professional,legal_services,2.0,4.0,1053-08-01
11514,1051-52,2_1_1,2,2:2,54.0,True,employed,professional,craft_and_making,4.0,6.0,1053-08-01
11609,1051-52,2_3_8,2,Third,45.1,True,employed,professional,craft_and_making,2.0,3.0,1053-08-01
11675,1051-52,2_3_8,2,2:2,52.0,True,employed,non_professional,architecture_and_built_environment,2.0,2.0,1053-08-01
11689,1051-52,2_2_5,2,Third,41.1,True,unemployed,,,,12.0,1053-08-01
11729,1051-52,2_2_5,2,2:2,52.7,True,employed,non_professional,design_and_media,2.0,6.0,1053-08-01
11748,1051-52,2_4_10,2,2:1,64.5,False,,,,,,1053-08-01
11773,1051-52,2_4_12,2,2:2,56.6,True,further_study,,further_study,,3.0,1053-08-01
1183,1051-52,2_3_7,2,2:2,52.1,True,unemployed,,,,18.0,1053-08-01
11856,1051-52,2_3_7,2,2:2,54.5,True,unknown,,,,11.0,1053-08-01
11888,1051-52,2_2_5,2,2:2,58.0,True,further_study,,further_study,,2.0,1053-08-01
11925,1051-52,2_2_2,2,2:2,55.0,True,further_study,,further_study,,1.0,1053-08-01
11937,1051-52,3_2_2,3,2:2,50.7,True,further_study,,further_study,,1.0,1053-08-01
11963,1051-52,4_2_12,4,First,70.0,True,further_study,,further_study,,2.0,1053-08-01
11992,1051-52,2_2_4,2,2:2,57.9,True,employed,professional,architecture_and_built_environment,2.0,6.0,1053-08-01
11994,1051-52,3_2_2,3,Third,48.8,False,,,,,,1053-08-01
12023,1051-52,2_2_2,2,2:2,55.0,True,further_study,,further_study,,4.0,1053-08-01
12035,1051-52,1_1_4,1,2:2,60.0,False,,,,,,1053-08-01
12056,1051-52,2_3_8,2,Third,43.2,False,,,,,,1053-08-01
12063,1051-52,2_1_1,2,Third,43.4,True,employed,non_professional,creative_industries,2.0,9.0,1053-08-01
12064,1051-52,2_2_2,2,2:2,59.5,True,unemployed,,,,16.0,1053-08-01
12069,1051-52,2_2_4,2,2:2,52.1,True,employed,professional,design_and_media,3.0,2.0,1053-08-01
12099,1051-52,2_2_5,2,2:2,51.0,True,employed,professional,creative_industries,3.0,1.0,1053-08-01
12160,1051-52,2_4_12,2,2:2,55.5,True,employed,non_professional,heritage_and_curation,2.0,4.0,1053-08-01
12165,1051-52,2_3_7,2,2:2,54.3,True,employed,professional,craft_and_making,2.0,3.0,1053-08-01
12166,1051-52,2_3_9,2,2:2,58.5,False,,,,,,1053-08-01
12169,1051-52,2_1_1,2,2:2,54.8,False,,,,,,1053-08-01
12201,1051-52,3_2_2,3,2:2,55.0,True,employed,non_professional,education,2.0,6.0,1053-08-01
12281,1051-52,4_2_12,4,Third,49.3,True,employed,professional,social_care,3.0,2.0,1053-08-01
12337,1051-52,2_3_9,2,2:1,62.8,False,,,,,,1053-08-01
12345,1051-52,2_2_2,2,Third,43.8,True,employed,non_professional,creative_industries,1.0,1.0,1053-08-01
12397,1051-52,1_2_1,1,2:2,51.0,True,further_study,,further_study,,4.0,1053-08-01
12436,1051-52,2_2_5,2,2:2,58.9,True,employed,professional,design_and_media,3.0,10.0,1053-08-01
12445,1051-52,2_3_8,2,2:1,66.5,False,,,,,,1053-08-01
12456,1051-52,1_1_1,1,Third,45.8,False,,,,,,1053-08-01
12460,1051-52,1_2_1,1,2:2,50.1,True,employed,professional,finance_and_banking,3.0,4.0,1053-08-01
12503,1051-52,1_1_1,1,2:2,50.0,True,employed,professional,finance_and_banking,1.0,4.0,1053-08-01
12516,1051-52,2_4_10,2,2:1,65.2,False,,,,,,1053-08-01
12526,1051-52,2_2_5,2,2:2,51.7,True,employed,professional,heritage_and_curation,4.0,8.0,1053-08-01
12529,1051-52,2_2_4,2,2:2,57.9,True,employed,non_professional,creative_industries,2.0,5.0,1053-08-01
12552,1051-52,1_1_3,1,Third,48.2,True,employed,non_professional,management_consulting,1.0,1.0,1053-08-01
12601,1051-52,1_1_2,1,Third,48.5,False,,,,,,1053-08-01
12603,1051-52,2_2_4,2,2:1,65.8,True,unknown,,,,1.0,1053-08-01
12612,1051-52,1_1_2,1,2:2,58.2,True,employed,non_professional,human_resources,2.0,8.0,1053-08-01
12697,1051-52,2_2_4,2,2:2,52.5,True,employed,professional,creative_industries,3.0,3.0,1053-08-01
12713,1051-52,2_2_6,2,2:2,59.2,True,further_study,,further_study,,3.0,1053-08-01
12715,1051-52,1_1_2,1,First,71.8,False,,,,,,1053-08-01
12734,1051-52,1_1_1,1,2:2,52.9,True,employed,non_professional,hospitality_and_tourism,2.0,3.0,1053-08-01
1278,1051-52,2_3_7,2,2:1,60.9,True,employed,non_professional,heritage_and_curation,4.0,2.0,1053-08-01
12791,1051-52,1_1_3,1,2:2,54.2,False,,,,,,1053-08-01
12885,1051-52,2_3_7,2,2:2,56.6,True,further_study,,further_study,,1.0,1053-08-01
12886,1051-52,2_1_1,2,Third,49.1,False,,,,,,1053-08-01
12898,1051-52,1_1_2,1,2:2,58.1,True,further_study,,further_study,,3.0,1053-08-01
12958,1051-52,2_3_7,2,2:2,51.1,True,employed,non_professional,design_and_media,3.0,4.0,1053-08-01
12959,1051-52,3_2_2,3,2:2,55.2,True,employed,professional,ngo_and_charity,3.0,2.0,1053-08-01
12975,1051-52,1_1_1,1,Third,48.4,True,employed,non_professional,finance_and_banking,2.0,5.0,1053-08-01
12991,1051-52,1_1_1,1,2:2,52.5,True,further_study,,further_study,,1.0,1053-08-01
13062,1051-52,1_1_1,1,2:2,52.3,False,,,,,,1053-08-01
13071,1051-52,2_3_7,2,2:2,57.0,True,employed,professional,design_and_media,3.0,6.0,1053-08-01
13081,1051-52,2_1_1,2,2:2,52.6,False,,,,,,1053-08-01
13119,1051-52,2_2_6,2,2:1,62.6,True,employed,professional,creative_industries,4.0,3.0,1053-08-01
13122,1051-52,2_1_1,2,2:1,66.1,True,further_study,,further_study,,3.0,1053-08-01
13131,1051-52,2_3_8,2,2:2,53.4,True,unknown,,,,3.0,1053-08-01
13138,1051-52,2_4_10,2,2:2,52.2,True,employed,professional,creative_industries,2.0,3.0,1053-08-01
13148,1051-52,2_3_8,2,2:2,57.4,True,unknown,,,,7.0,1053-08-01
13160,1051-52,4_2_12,4,Third,45.7,False,,,,,,1053-08-01
13169,1051-52,2_2_4,2,2:2,57.7,True,employed,non_professional,craft_and_making,2.0,4.0,1053-08-01
13227,1051-52,2_2_6,2,2:2,52.8,False,,,,,,1053-08-01
13230,1051-52,2_2_6,2,First,70.3,True,unemployed,,,,16.0,1053-08-01
13249,1051-52,2_3_9,2,2:2,54.7,True,employed,professional,craft_and_making,3.0,4.0,1053-08-01
13270,1051-52,2_3_8,2,2:1,62.1,True,employed,non_professional,design_and_media,2.0,2.0,1053-08-01
13287,1051-52,1_1_4,1,2:1,63.2,True,employed,professional,management_consulting,4.0,4.0,1053-08-01
13293,1051-52,4_2_12,4,Third,43.4,False,,,,,,1053-08-01
13296,1051-52,2_4_10,2,2:2,54.5,True,unemployed,,,,13.0,1053-08-01
13304,1051-52,1_1_4,1,2:2,51.2,False,,,,,,1053-08-01
13313,1051-52,2_3_9,2,2:1,62.3,True,further_study,,further_study,,1.0,1053-08-01
13393,1051-52,2_3_7,2,2:2,50.7,True,further_study,,further_study,,0.0,1053-08-01
13395,1051-52,3_1_1,3,2:2,58.8,True,employed,non_professional,media_and_communications,3.0,2.0,1053-08-01
13403,1051-52,2_3_7,2,Third,43.3,True,employed,professional,architecture_and_built_environment,2.0,2.0,1053-08-01
13414,1051-52,1_1_4,1,2:2,53.3,False,,,,,,1053-08-01
13576,1051-52,2_3_7,2,2:2,51.3,False,,,,,,1053-08-01
13594,1051-52,2_4_11,2,Third,46.5,False,,,,,,1053-08-01
13606,1051-52,1_1_1,1,Third,50.0,True,employed,professional,human_resources,3.0,5.0,1053-08-01
13611,1051-52,2_2_4,2,Third,42.4,True,further_study,,further_study,,2.0,1053-08-01
13627,1051-52,3_2_2,3,Third,46.7,True,employed,professional,education,3.0,4.0,1053-08-01
13631,1051-52,2_3_8,2,2:1,69.7,False,,,,,,1053-08-01
13641,1051-52,1_1_4,1,2:2,53.3,True,employed,non_professional,human_resources,2.0,3.0,1053-08-01
13643,1051-52,2_2_4,2,2:2,50.4,True,unemployed,,,,14.0,1053-08-01
13692,1051-52,2_3_8,2,2:2,52.0,True,employed,professional,craft_and_making,2.0,5.0,1053-08-01
13737,1051-52,2_4_12,2,2:1,61.5,True,employed,professional,architecture_and_built_environment,4.0,5.0,1053-08-01
13740,1051-52,1_1_1,1,2:2,54.8,True,employed,professional,hospitality_and_tourism,4.0,6.0,1053-08-01
13748,1051-52,2_2_6,2,2:1,63.5,True,employed,non_professional,architecture_and_built_environment,3.0,3.0,1053-08-01
13749,1051-52,2_3_7,2,2:1,69.5,False,,,,,,1053-08-01
13782,1051-52,2_2_6,2,First,70.8,False,,,,,,1053-08-01
13800,1051-52,1_1_2,1,2:2,53.5,True,employed,non_professional,legal_services,1.0,5.0,1053-08-01
13811,1051-52,2_3_8,2,2:1,60.9,True,employed,professional,design_and_media,5.0,9.0,1053-08-01
13815,1051-52,1_1_4,1,2:2,54.4,True,further_study,,further_study,,0.0,1053-08-01
13818,1051-52,1_1_2,1,2:2,52.9,True,employed,professional,legal_services,4.0,1.0,1053-08-01
13857,1051-52,3_2_2,3,Third,44.7,False,,,,,,1053-08-01
13862,1051-52,2_3_7,2,2:2,53.7,True,employed,professional,craft_and_making,2.0,2.0,1053-08-01
13874,1051-52,1_1_2,1,2:2,50.6,False,,,,,,1053-08-01
13896,1051-52,2_2_2,2,2:2,51.3,True,employed,non_professional,architecture_and_built_environment,3.0,6.0,1053-08-01
13916,1051-52,4_2_12,4,2:2,58.5,True,further_study,,further_study,,4.0,1053-08-01
13922,1051-52,2_2_6,2,2:2,52.7,True,further_study,,further_study,,1.0,1053-08-01
13940,1051-52,2_4_10,2,2:2,53.6,False,,,,,,1053-08-01
13948,1051-52,2_4_12,2,2:2,56.6,True,unemployed,,,,16.0,1053-08-01
13949,1051-52,1_1_2,1,2:2,56.2,False,,,,,,1053-08-01
14014,1051-52,2_3_9,2,2:2,51.9,True,employed,non_professional,architecture_and_built_environment,2.0,1.0,1053-08-01
1402,1051-52,2_3_8,2,Third,46.2,True,unknown,,,,14.0,1053-08-01
14043,1051-52,1_1_2,1,2:2,56.6,True,further_study,,further_study,,1.0,1053-08-01
14071,1051-52,1_1_4,1,2:1,63.0,False,,,,,,1053-08-01
14074,1051-52,2_2_2,2,2:2,53.8,False,,,,,,1053-08-01
14116,1051-52,2_4_12,2,Third,42.8,True,employed,non_professional,craft_and_making,1.0,4.0,1053-08-01
14137,1051-52,2_1_1,2,2:2,53.2,True,further_study,,further_study,,1.0,1053-08-01
14139,1051-52,2_2_3,2,2:1,65.5,True,further_study,,further_study,,1.0,1053-08-01
14170,1051-52,2_2_6,2,2:2,51.4,True,employed,non_professional,design_and_media,1.0,1.0,1053-08-01
14181,1051-52,3_2_2,3,2:1,67.2,True,unemployed,,,,12.0,1053-08-01
14286,1051-52,2_4_10,2,2:1,61.5,True,employed,professional,heritage_and_curation,3.0,4.0,1053-08-01
14310,1051-52,1_2_1,1,2:2,51.0,True,employed,professional,human_resources,3.0,7.0,1053-08-01
14317,1051-52,2_2_5,2,2:2,57.6,True,employed,non_professional,creative_industries,2.0,1.0,1053-08-01
14328,1051-52,1_1_5,1,2:2,57.5,True,employed,non_professional,hospitality_and_tourism,2.0,4.0,1053-08-01
14341,1051-52,2_1_1,2,Third,49.5,False,,,,,,1053-08-01
14362,1051-52,2_2_2,2,2:1,61.4,False,,,,,,1053-08-01
14374,1051-52,3_1_1,3,2:1,65.1,True,further_study,,further_study,,0.0,1053-08-01
14387,1051-52,2_4_11,2,2:2,52.7,True,employed,professional,craft_and_making,2.0,3.0,1053-08-01
14395,1051-52,2_3_8,2,2:1,64.9,False,,,,,,1053-08-01
14399,1051-52,1_1_4,1,Third,47.4,True,employed,non_professional,hospitality_and_tourism,3.0,7.0,1053-08-01
14404,1051-52,2_3_7,2,2:2,51.9,False,,,,,,1053-08-01
14406,1051-52,2_3_9,2,2:1,62.4,False,,,,,,1053-08-01
14416,1051-52,4_2_12,4,2:2,56.8,True,employed,professional,education,2.0,9.0,1053-08-01
14426,1051-52,2_4_10,2,2:2,53.0,True,further_study,,further_study,,1.0,1053-08-01
14432,1051-52,2_2_4,2,Third,48.9,True,further_study,,further_study,,2.0,1053-08-01
14449,1051-52,2_4_12,2,2:2,55.8,False,,,,,,1053-08-01
14453,1051-52,3_2_2,3,2:2,59.9,True,unemployed,,,,18.0,1053-08-01
14456,1051-52,2_2_2,2,Third,49.3,True,employed,professional,heritage_and_curation,3.0,2.0,1053-08-01
14465,1051-52,1_1_4,1,Third,48.6,True,employed,non_professional,management_consulting,2.0,1.0,1053-08-01
14468,1051-52,2_2_3,2,2:2,57.7,True,employed,professional,craft_and_making,3.0,5.0,1053-08-01
14497,1051-52,2_2_4,2,Third,46.4,False,,,,,,1053-08-01
14524,1051-52,2_1_1,2,2:2,56.5,True,employed,non_professional,creative_industries,2.0,4.0,1053-08-01
14533,1051-52,2_2_5,2,2:2,50.3,True,further_study,,further_study,,4.0,1053-08-01
14568,1051-52,3_1_1,3,2:2,54.9,True,employed,non_professional,media_and_communications,2.0,9.0,1053-08-01
14587,1051-52,2_3_8,2,2:1,69.0,True,employed,professional,heritage_and_curation,4.0,6.0,1053-08-01
14605,1051-52,1_1_2,1,2:1,62.4,True,employed,non_professional,human_resources,2.0,4.0,1053-08-01
14643,1051-52,2_1_1,2,2:2,59.0,True,employed,professional,architecture_and_built_environment,3.0,0.0,1053-08-01
14646,1051-52,2_1_1,2,2:2,54.5,True,unknown,,,,8.0,1053-08-01
14654,1051-52,2_4_12,2,2:2,58.3,False,,,,,,1053-08-01
14682,1051-52,2_1_1,2,2:1,61.3,False,,,,,,1053-08-01
14691,1051-52,1_1_4,1,Third,49.7,False,,,,,,1053-08-01
14700,1051-52,2_3_9,2,2:2,52.4,True,employed,professional,heritage_and_curation,3.0,4.0,1053-08-01
14707,1051-52,2_2_5,2,Third,43.6,True,unemployed,,,,14.0,1053-08-01
14725,1051-52,2_3_9,2,2:1,67.2,True,employed,professional,creative_industries,4.0,4.0,1053-08-01
14728,1051-52,3_2_2,3,2:2,53.2,True,employed,non_professional,ngo_and_charity,2.0,7.0,1053-08-01
14735,1051-52,1_2_1,1,2:2,52.9,True,further_study,,further_study,,2.0,1053-08-01
14747,1051-52,2_4_10,2,2:2,58.8,True,unemployed,,,,11.0,1053-08-01
14810,1051-52,1_1_4,1,Third,49.6,True,employed,non_professional,human_resources,2.0,9.0,1053-08-01
14883,1051-52,2_3_7,2,Third,46.1,False,,,,,,1053-08-01
14917,1051-52,2_3_7,2,2:2,53.2,False,,,,,,1053-08-01
15000,1051-52,2_4_11,2,Third,43.5,True,employed,non_professional,architecture_and_built_environment,2.0,5.0,1053-08-01
15004,1051-52,2_2_4,2,2:2,57.1,True,employed,non_professional,craft_and_making,2.0,10.0,1053-08-01
15005,1051-52,1_1_3,1,2:1,65.2,True,unemployed,,,,13.0,1053-08-01
15015,1051-52,1_1_3,1,2:2,52.5,True,further_study,,further_study,,5.0,1053-08-01
15020,1051-52,2_2_3,2,Third,47.0,True,employed,non_professional,heritage_and_curation,2.0,3.0,1053-08-01
15021,1051-52,4_2_12,4,2:2,59.2,False,,,,,,1053-08-01
15026,1051-52,2_4_12,2,2:2,50.8,False,,,,,,1053-08-01
15028,1051-52,3_1_1,3,2:1,60.4,True,further_study,,further_study,,5.0,1053-08-01
15029,1051-52,2_2_5,2,2:1,67.4,False,,,,,,1053-08-01
15036,1051-52,1_1_1,1,2:1,66.2,True,unknown,,,,9.0,1053-08-01
15048,1051-52,2_1_1,2,2:2,56.5,True,employed,professional,craft_and_making,3.0,4.0,1053-08-01
15053,1051-52,2_4_10,2,2:1,68.3,False,,,,,,1053-08-01
15054,1051-52,1_1_4,1,2:1,62.6,False,,,,,,1053-08-01
15056,1051-52,2_3_7,2,First,74.0,False,,,,,,1053-08-01
15059,1051-52,2_2_3,2,2:1,65.0,True,further_study,,further_study,,2.0,1053-08-01
15061,1051-52,1_1_5,1,2:1,67.0,True,further_study,,further_study,,1.0,1053-08-01
15065,1051-52,2_4_12,2,2:2,57.6,True,employed,professional,creative_industries,3.0,7.0,1053-08-01
15074,1051-52,2_4_10,2,First,72.5,False,,,,,,1053-08-01
15075,1051-52,2_1_1,2,2:2,50.1,False,,,,,,1053-08-01
15078,1051-52,1_1_2,1,2:1,65.2,True,further_study,,further_study,,5.0,1053-08-01
15080,1051-52,1_1_3,1,2:2,57.0,True,employed,professional,legal_services,2.0,2.0,1053-08-01
15083,1051-52,2_4_10,2,First,70.2,True,unknown,,,,14.0,1053-08-01
15086,1051-52,2_2_6,2,2:2,52.6,False,,,,,,1053-08-01
15088,1051-52,2_4_12,2,2:1,63.5,True,employed,non_professional,architecture_and_built_environment,4.0,10.0,1053-08-01
15089,1051-52,2_1_1,2,2:2,59.0,True,employed,non_professional,creative_industries,2.0,8.0,1053-08-01
15090,1051-52,3_1_1,3,First,75.7,True,employed,professional,research_and_academia,5.0,3.0,1053-08-01
15091,1051-52,2_3_7,2,2:1,67.0,False,,,,,,1053-08-01
15100,1051-52,3_1_1,3,2:2,58.6,True,employed,professional,public_sector_and_civil_service,3.0,1.0,1053-08-01
15103,1051-52,1_1_4,1,2:2,57.4,True,employed,non_professional,management_consulting,2.0,6.0,1053-08-01
15105,1051-52,2_2_3,2,2:1,60.7,False,,,,,,1053-08-01
15107,1051-52,2_2_5,2,2:2,59.4,True,employed,non_professional,craft_and_making,2.0,1.0,1053-08-01
15109,1051-52,2_2_6,2,2:2,58.5,True,further_study,,further_study,,1.0,1053-08-01
15112,1051-52,2_1_1,2,2:2,57.0,False,,,,,,1053-08-01
15114,1051-52,3_2_2,3,2:2,56.0,True,unemployed,,,,14.0,1053-08-01
15115,1051-52,1_2_1,1,Third,49.8,True,unemployed,,,,18.0,1053-08-01
15123,1051-52,2_3_8,2,2:1,69.2,True,further_study,,further_study,,2.0,1053-08-01
15124,1051-52,2_3_8,2,First,71.4,True,further_study,,further_study,,2.0,1053-08-01
15126,1051-52,2_2_2,2,2:2,58.6,True,employed,non_professional,craft_and_making,2.0,3.0,1053-08-01
15127,1051-52,3_2_2,3,2:2,53.8,True,further_study,,further_study,,5.0,1053-08-01
15131,1051-52,2_2_6,2,2:1,61.0,True,employed,professional,heritage_and_curation,4.0,9.0,1053-08-01
15133,1051-52,2_1_1,2,2:1,61.3,True,employed,professional,heritage_and_curation,4.0,3.0,1053-08-01
15140,1051-52,1_1_2,1,2:2,56.6,True,employed,non_professional,finance_and_banking,2.0,0.0,1053-08-01
15141,1051-52,2_2_3,2,Third,48.5,False,,,,,,1053-08-01
15142,1051-52,2_2_2,2,2:2,55.0,True,employed,non_professional,heritage_and_curation,2.0,5.0,1053-08-01
15144,1051-52,4_2_12,4,First,76.2,True,unemployed,,,,10.0,1053-08-01
15153,1051-52,2_2_4,2,2:1,64.4,True,employed,non_professional,creative_industries,3.0,7.0,1053-08-01
15154,1051-52,3_1_1,3,First,75.8,True,further_study,,further_study,,2.0,1053-08-01
15158,1051-52,1_1_5,1,First,72.0,False,,,,,,1053-08-01
15165,1051-52,3_1_1,3,2:2,59.8,True,employed,non_professional,ngo_and_charity,1.0,8.0,1053-08-01
15167,1051-52,2_4_10,2,Third,46.5,True,employed,non_professional,craft_and_making,2.0,4.0,1053-08-01
15170,1051-52,2_4_10,2,2:1,60.5,True,employed,non_professional,creative_industries,3.0,6.0,1053-08-01
15172,1051-52,2_2_3,2,First,77.9,True,unemployed,,,,16.0,1053-08-01
15173,1051-52,2_2_3,2,2:2,59.7,True,further_study,,further_study,,2.0,1053-08-01
15175,1051-52,4_2_12,4,2:1,61.9,False,,,,,,1053-08-01
15178,1051-52,4_2_12,4,Third,48.5,False,,,,,,1053-08-01
15180,1051-52,1_1_5,1,2:1,66.7,True,employed,professional,finance_and_banking,3.0,4.0,1053-08-01
15182,1051-52,2_2_5,2,2:2,54.7,False,,,,,,1053-08-01
15191,1051-52,4_2_12,4,2:2,59.2,True,employed,non_professional,social_care,1.0,7.0,1053-08-01
15214,1051-52,1_1_3,1,First,70.2,False,,,,,,1053-08-01
15216,1051-52,2_2_6,2,2:2,57.7,True,employed,non_professional,architecture_and_built_environment,1.0,2.0,1053-08-01
15221,1051-52,1_1_2,1,2:2,50.9,True,employed,professional,human_resources,2.0,4.0,1053-08-01
15223,1051-52,2_2_3,2,Third,48.5,True,employed,non_professional,heritage_and_curation,1.0,6.0,1053-08-01
15236,1051-52,1_1_3,1,2:2,55.9,True,employed,professional,human_resources,3.0,1.0,1053-08-01
15241,1051-52,1_1_4,1,First,72.4,False,,,,,,1053-08-01
15246,1051-52,2_3_7,2,2:1,64.0,True,employed,professional,creative_industries,4.0,5.0,1053-08-01
15248,1051-52,3_2_2,3,2:2,53.2,True,employed,professional,education,3.0,2.0,1053-08-01
15249,1051-52,2_2_5,2,Third,46.5,True,employed,non_professional,architecture_and_built_environment,3.0,5.0,1053-08-01
15253,1051-52,2_2_5,2,2:1,67.8,False,,,,,,1053-08-01
15255,1051-52,1_1_4,1,2:1,66.2,False,,,,,,1053-08-01
15259,1051-52,2_2_4,2,2:1,68.1,False,,,,,,1053-08-01
15265,1051-52,2_2_3,2,2:2,54.2,True,unemployed,,,,17.0,1053-08-01
15266,1051-52,2_4_12,2,2:1,64.9,True,employed,professional,heritage_and_curation,3.0,9.0,1053-08-01
15269,1051-52,2_1_1,2,2:2,50.9,True,further_study,,further_study,,1.0,1053-08-01
15273,1051-52,2_3_8,2,2:2,55.9,False,,,,,,1053-08-01
15285,1051-52,2_1_1,2,2:1,61.2,True,employed,professional,craft_and_making,5.0,4.0,1053-08-01
15296,1051-52,2_3_8,2,2:1,67.7,True,employed,professional,design_and_media,5.0,5.0,1053-08-01
15297,1051-52,3_1_1,3,2:1,65.0,True,unknown,,,,14.0,1053-08-01
15300,1051-52,2_2_3,2,2:1,63.8,True,employed,non_professional,creative_industries,4.0,6.0,1053-08-01
15302,1051-52,2_3_9,2,2:1,65.3,False,,,,,,1053-08-01
15311,1051-52,1_1_1,1,2:2,55.3,True,further_study,,further_study,,1.0,1053-08-01
15312,1051-52,4_2_12,4,2:1,64.4,True,employed,professional,education,3.0,8.0,1053-08-01
15334,1051-52,2_2_5,2,2:1,61.2,False,,,,,,1053-08-01
15336,1051-52,2_1_1,2,2:2,51.2,True,employed,professional,craft_and_making,4.0,9.0,1053-08-01
15340,1051-52,2_2_6,2,First,71.6,False,,,,,,1053-08-01
15347,1051-52,1_1_1,1,2:2,52.9,True,employed,professional,hospitality_and_tourism,3.0,7.0,1053-08-01
15348,1051-52,2_4_12,2,2:1,61.9,False,,,,,,1053-08-01
15349,1051-52,1_1_4,1,2:1,62.3,True,further_study,,further_study,,2.0,1053-08-01
15350,1051-52,2_4_12,2,2:1,62.2,True,employed,professional,creative_industries,4.0,2.0,1053-08-01
15364,1051-52,2_4_12,2,First,77.0,True,employed,professional,craft_and_making,5.0,6.0,1053-08-01
15366,1051-52,2_4_11,2,2:1,60.8,True,employed,non_professional,heritage_and_curation,3.0,5.0,1053-08-01
15367,1051-52,2_2_6,2,2:1,65.5,True,employed,professional,design_and_media,4.0,1.0,1053-08-01
15381,1051-52,2_2_5,2,2:2,55.1,True,unemployed,,,,20.0,1053-08-01
15382,1051-52,2_2_4,2,2:2,54.4,True,employed,non_professional,design_and_media,2.0,3.0,1053-08-01
15386,1051-52,1_1_1,1,2:2,56.0,False,,,,,,1053-08-01
15391,1051-52,4_2_12,4,2:2,50.7,False,,,,,,1053-08-01
15392,1051-52,2_2_2,2,2:1,60.9,True,employed,professional,design_and_media,3.0,3.0,1053-08-01
15397,1051-52,1_1_2,1,2:2,59.4,True,employed,professional,hospitality_and_tourism,4.0,3.0,1053-08-01
15401,1051-52,2_2_6,2,2:1,62.8,True,employed,professional,creative_industries,4.0,5.0,1053-08-01
15406,1051-52,3_1_1,3,2:1,64.7,True,employed,professional,public_sector_and_civil_service,4.0,7.0,1053-08-01
15410,1051-52,2_2_5,2,2:2,57.3,True,unemployed,,,,15.0,1053-08-01
15414,1051-52,2_4_10,2,First,72.5,True,further_study,,further_study,,1.0,1053-08-01
15426,1051-52,2_2_2,2,2:1,64.9,True,unemployed,,,,9.0,1053-08-01
15427,1051-52,2_3_8,2,Third,48.7,True,employed,non_professional,craft_and_making,2.0,5.0,1053-08-01
15446,1051-52,4_2_12,4,2:1,63.1,True,employed,professional,social_care,5.0,1.0,1053-08-01
15452,1051-52,2_4_10,2,2:2,58.5,True,employed,non_professional,heritage_and_curation,2.0,7.0,1053-08-01
15456,1051-52,2_4_10,2,2:2,57.5,True,unknown,,,,6.0,1053-08-01
15459,1051-52,2_2_4,2,2:1,68.1,False,,,,,,1053-08-01
15463,1051-52,1_2_1,1,2:2,53.1,True,further_study,,further_study,,3.0,1053-08-01
15476,1051-52,1_2_1,1,2:1,62.3,False,,,,,,1053-08-01
15478,1051-52,2_3_7,2,2:1,66.9,True,employed,non_professional,creative_industries,3.0,5.0,1053-08-01
15488,1051-52,2_3_8,2,2:2,56.4,True,employed,non_professional,heritage_and_curation,2.0,5.0,1053-08-01
15495,1051-52,2_2_2,2,Third,44.1,True,employed,professional,architecture_and_built_environment,3.0,5.0,1053-08-01
15497,1051-52,1_2_1,1,2:1,70.0,True,unemployed,,,,14.0,1053-08-01
15513,1051-52,2_3_8,2,First,70.5,True,further_study,,further_study,,1.0,1053-08-01
15514,1051-52,3_2_2,3,2:2,56.9,False,,,,,,1053-08-01
15518,1051-52,2_4_11,2,2:2,55.3,True,employed,professional,creative_industries,3.0,7.0,1053-08-01
15527,1051-52,2_2_2,2,First,76.2,True,employed,professional,design_and_media,4.0,10.0,1053-08-01
15533,1051-52,2_3_8,2,2:2,53.6,True,employed,non_professional,heritage_and_curation,2.0,6.0,1053-08-01
15536,1051-52,2_2_6,2,2:1,64.2,False,,,,,,1053-08-01
15538,1051-52,1_1_3,1,2:1,64.7,False,,,,,,1053-08-01
15542,1051-52,1_1_1,1,First,70.0,False,,,,,,1053-08-01
15544,1051-52,2_3_9,2,2:1,66.0,True,employed,non_professional,creative_industries,4.0,8.0,1053-08-01
15552,1051-52,4_2_12,4,2:1,69.1,True,employed,professional,healthcare_and_nhs,4.0,3.0,1053-08-01
15562,1051-52,4_2_12,4,First,70.8,True,employed,professional,social_care,5.0,3.0,1053-08-01
15567,1051-52,2_1_1,2,2:1,65.5,True,employed,professional,creative_industries,5.0,2.0,1053-08-01
15570,1051-52,2_2_4,2,2:1,62.8,True,unemployed,,,,19.0,1053-08-01
15579,1051-52,2_4_12,2,2:1,69.0,True,employed,non_professional,architecture_and_built_environment,4.0,3.0,1053-08-01
15583,1051-52,2_3_7,2,2:2,58.5,True,employed,non_professional,craft_and_making,2.0,3.0,1053-08-01
15586,1051-52,4_2_12,4,2:1,67.0,False,,,,,,1053-08-01
15590,1051-52,4_2_12,4,2:2,58.4,True,employed,professional,public_health,3.0,6.0,1053-08-01
15594,1051-52,2_4_12,2,2:1,63.4,False,,,,,,1053-08-01
15597,1051-52,2_4_10,2,First,73.5,True,employed,professional,craft_and_making,5.0,6.0,1053-08-01
15601,1051-52,4_2_12,4,2:2,56.8,True,employed,professional,healthcare_and_nhs,3.0,3.0,1053-08-01
15603,1051-52,2_2_6,2,2:1,69.4,False,,,,,,1053-08-01
15608,1051-52,3_2_2,3,2:1,66.4,False,,,,,,1053-08-01
15612,1051-52,2_4_10,2,2:1,69.5,False,,,,,,1053-08-01
15615,1051-52,4_2_12,4,2:2,54.6,True,employed,professional,social_care,3.0,2.0,1053-08-01
15621,1051-52,3_1_1,3,2:1,65.4,True,employed,professional,public_sector_and_civil_service,4.0,7.0,1053-08-01
15625,1051-52,2_3_8,2,2:2,55.7,False,,,,,,1053-08-01
15628,1051-52,4_2_12,4,2:2,54.5,True,employed,non_professional,social_care,2.0,4.0,1053-08-01
15635,1051-52,2_2_5,2,2:2,53.6,True,employed,non_professional,craft_and_making,1.0,4.0,1053-08-01
15645,1051-52,3_2_2,3,Third,46.3,False,,,,,,1053-08-01
15649,1051-52,2_4_12,2,Third,48.0,True,further_study,,further_study,,3.0,1053-08-01
15650,1051-52,1_1_1,1,2:2,57.0,True,employed,professional,finance_and_banking,4.0,3.0,1053-08-01
15656,1051-52,2_3_8,2,2:1,61.6,True,employed,professional,architecture_and_built_environment,4.0,6.0,1053-08-01
15658,1051-52,3_2_2,3,2:1,63.5,True,employed,professional,public_sector_and_civil_service,4.0,2.0,1053-08-01
15661,1051-52,4_2_12,4,2:2,51.7,False,,,,,,1053-08-01
15665,1051-52,2_2_4,2,2:1,62.4,True,unemployed,,,,14.0,1053-08-01
15667,1051-52,2_2_3,2,2:2,53.8,True,employed,professional,architecture_and_built_environment,3.0,9.0,1053-08-01
15676,1051-52,2_2_4,2,2:1,65.3,True,employed,non_professional,architecture_and_built_environment,3.0,5.0,1053-08-01
15684,1051-52,1_1_2,1,2:1,65.7,True,employed,professional,human_resources,4.0,7.0,1053-08-01
15691,1051-52,1_1_5,1,2:1,66.4,True,further_study,,further_study,,2.0,1053-08-01
15695,1051-52,2_3_9,2,2:1,68.7,True,further_study,,further_study,,1.0,1053-08-01
15702,1051-52,4_2_12,4,First,82.5,True,unknown,,,,4.0,1053-08-01
15712,1051-52,3_2_2,3,2:1,60.5,False,,,,,,1053-08-01
15715,1051-52,2_3_7,2,First,72.4,False,,,,,,1053-08-01
15729,1051-52,1_1_4,1,2:2,56.6,True,further_study,,further_study,,5.0,1053-08-01
15733,1051-52,2_2_5,2,First,76.3,False,,,,,,1053-08-01
15734,1051-52,2_4_12,2,2:1,63.1,True,further_study,,further_study,,2.0,1053-08-01
15740,1051-52,2_3_8,2,2:2,53.8,True,further_study,,further_study,,3.0,1053-08-01
15741,1051-52,2_3_8,2,Third,45.9,True,further_study,,further_study,,1.0,1053-08-01
15745,1051-52,2_2_2,2,2:1,65.0,False,,,,,,1053-08-01
15749,1051-52,2_4_12,2,2:1,64.6,False,,,,,,1053-08-01
15751,1051-52,1_1_1,1,2:1,62.6,True,employed,professional,human_resources,4.0,7.0,1053-08-01
15757,1051-52,1_1_2,1,2:2,50.7,False,,,,,,1053-08-01
15760,1051-52,4_2_12,4,First,70.6,True,further_study,,further_study,,2.0,1053-08-01
15764,1051-52,2_3_9,2,2:1,67.3,True,employed,non_professional,architecture_and_built_environment,4.0,5.0,1053-08-01
15769,1051-52,2_3_7,2,2:1,60.9,False,,,,,,1053-08-01
15770,1051-52,2_4_10,2,2:2,52.6,True,further_study,,further_study,,1.0,1053-08-01
15772,1051-52,1_1_4,1,2:2,58.3,True,further_study,,further_study,,1.0,1053-08-01
15777,1051-52,4_2_12,4,2:1,61.0,True,employed,professional,education,4.0,4.0,1053-08-01
15779,1051-52,1_2_1,1,2:1,63.7,True,unemployed,,,,19.0,1053-08-01
15782,1051-52,3_2_2,3,2:2,50.8,True,employed,non_professional,public_sector_and_civil_service,2.0,4.0,1053-08-01
15785,1051-52,1_1_3,1,First,76.7,True,employed,professional,management_consulting,5.0,5.0,1053-08-01
15792,1051-52,2_2_5,2,2:1,67.3,True,further_study,,further_study,,1.0,1053-08-01
15804,1051-52,1_1_3,1,2:1,60.5,True,further_study,,further_study,,4.0,1053-08-01
15808,1051-52,4_2_12,4,First,71.9,True,employed,professional,healthcare_and_nhs,5.0,5.0,1053-08-01
15816,1051-52,2_3_7,2,2:2,58.9,False,,,,,,1053-08-01
15830,1051-52,2_4_10,2,First,73.2,True,further_study,,further_study,,2.0,1053-08-01
15835,1051-52,2_1_1,2,2:1,63.2,True,employed,non_professional,architecture_and_built_environment,4.0,11.0,1053-08-01
15837,1051-52,2_2_6,2,2:1,65.5,False,,,,,,1053-08-01
15846,1051-52,1_1_5,1,2:1,61.2,True,further_study,,further_study,,1.0,1053-08-01
15847,1051-52,3_1_1,3,2:1,63.4,True,employed,professional,research_and_academia,4.0,6.0,1053-08-01
15854,1051-52,1_2_1,1,2:2,50.1,True,employed,professional,finance_and_banking,3.0,4.0,1053-08-01
15857,1051-52,1_1_5,1,Third,47.7,True,employed,professional,hospitality_and_tourism,3.0,1.0,1053-08-01
15858,1051-52,1_2_1,1,2:2,59.1,True,further_study,,further_study,,1.0,1053-08-01
15863,1051-52,2_2_6,2,Third,46.3,True,further_study,,further_study,,1.0,1053-08-01
15864,1051-52,1_2_1,1,2:2,52.2,True,employed,professional,human_resources,3.0,4.0,1053-08-01
15867,1051-52,2_2_3,2,2:2,58.5,True,employed,professional,design_and_media,3.0,4.0,1053-08-01
15873,1051-52,2_4_11,2,2:1,64.3,True,employed,professional,architecture_and_built_environment,4.0,2.0,1053-08-01
15875,1051-52,1_1_3,1,2:2,57.6,False,,,,,,1053-08-01
15886,1051-52,3_1_1,3,2:1,67.1,True,employed,professional,research_and_academia,3.0,6.0,1053-08-01
15895,1051-52,4_2_12,4,Third,47.0,True,employed,professional,social_care,3.0,5.0,1053-08-01
15900,1051-52,1_1_4,1,2:1,64.9,True,employed,professional,hospitality_and_tourism,4.0,5.0,1053-08-01
15901,1051-52,2_2_3,2,Third,46.0,True,employed,non_professional,heritage_and_curation,2.0,9.0,1053-08-01
15902,1051-52,2_3_7,2,2:2,55.8,True,further_study,,further_study,,1.0,1053-08-01
15903,1051-52,2_4_10,2,2:2,56.9,True,unemployed,,,,17.0,1053-08-01
15904,1051-52,2_3_9,2,2:2,54.5,True,unemployed,,,,16.0,1053-08-01
15909,1051-52,2_2_5,2,2:1,64.1,True,employed,professional,craft_and_making,4.0,6.0,1053-08-01
15913,1051-52,2_3_8,2,2:1,69.2,True,unknown,,,,7.0,1053-08-01
15914,1051-52,2_3_7,2,2:1,60.5,True,further_study,,further_study,,3.0,1053-08-01
15917,1051-52,2_3_7,2,2:1,66.2,False,,,,,,1053-08-01
15935,1051-52,2_4_12,2,2:2,59.3,True,unknown,,,,17.0,1053-08-01
15944,1051-52,2_2_2,2,2:1,66.7,True,further_study,,further_study,,1.0,1053-08-01
15954,1051-52,1_1_5,1,2:1,64.2,True,employed,professional,management_consulting,3.0,4.0,1053-08-01
15957,1051-52,2_3_8,2,2:1,65.1,False,,,,,,1053-08-01
15965,1051-52,2_2_3,2,2:1,66.1,True,further_study,,further_study,,6.0,1053-08-01
15966,1051-52,3_2_2,3,2:2,52.1,True,employed,professional,ngo_and_charity,4.0,8.0,1053-08-01
15974,1051-52,1_1_3,1,2:1,65.0,False,,,,,,1053-08-01
15981,1051-52,1_1_2,1,2:1,61.4,False,,,,,,1053-08-01
15994,1051-52,2_4_11,2,2:2,58.4,True,unemployed,,,,19.0,1053-08-01
16001,1051-52,2_3_7,2,2:1,67.0,False,,,,,,1053-08-01
16005,1051-52,2_2_6,2,2:2,57.1,True,employed,professional,creative_industries,3.0,6.0,1053-08-01
16006,1051-52,1_1_3,1,2:2,56.6,False,,,,,,1053-08-01
16012,1051-52,2_2_6,2,2:1,63.6,True,employed,professional,creative_industries,4.0,8.0,1053-08-01
16015,1051-52,1_1_1,1,2:1,60.9,True,employed,non_professional,management_consulting,4.0,4.0,1053-08-01
16023,1051-52,1_1_5,1,First,71.6,False,,,,,,1053-08-01
16036,1051-52,2_3_9,2,2:1,60.9,False,,,,,,1053-08-01
16037,1051-52,1_1_3,1,2:2,50.4,True,employed,professional,finance_and_banking,3.0,5.0,1053-08-01
16042,1051-52,1_1_2,1,First,73.8,False,,,,,,1053-08-01
16047,1051-52,1_1_2,1,2:1,60.9,True,further_study,,further_study,,3.0,1053-08-01
16051,1051-52,2_1_1,2,2:1,61.1,True,unemployed,,,,19.0,1053-08-01
16054,1051-52,2_2_2,2,2:2,59.3,True,unemployed,,,,7.0,1053-08-01
16059,1051-52,2_3_8,2,2:1,63.1,True,employed,professional,architecture_and_built_environment,4.0,3.0,1053-08-01
16067,1051-52,2_1_1,2,2:1,69.3,True,employed,professional,design_and_media,4.0,3.0,1053-08-01
16074,1051-52,2_1_1,2,2:2,50.6,False,,,,,,1053-08-01
16080,1051-52,2_2_6,2,Third,46.3,False,,,,,,1053-08-01
16082,1051-52,2_4_12,2,2:2,51.9,True,employed,non_professional,craft_and_making,2.0,2.0,1053-08-01
16087,1051-52,1_1_3,1,2:2,59.8,True,employed,professional,management_consulting,3.0,3.0,1053-08-01
16098,1051-52,2_4_10,2,2:1,67.0,True,employed,professional,architecture_and_built_environment,3.0,3.0,1053-08-01
16101,1051-52,2_2_5,2,First,72.3,True,employed,professional,architecture_and_built_environment,5.0,5.0,1053-08-01
16121,1051-52,2_4_11,2,2:2,57.2,False,,,,,,1053-08-01
16125,1051-52,2_3_9,2,2:2,56.8,False,,,,,,1053-08-01
16128,1051-52,2_1_1,2,2:1,63.7,True,employed,non_professional,craft_and_making,3.0,7.0,1053-08-01
16132,1051-52,2_4_12,2,2:2,58.2,False,,,,,,1053-08-01
16165,1051-52,2_2_5,2,2:1,61.5,True,employed,non_professional,creative_industries,3.0,7.0,1053-08-01
16166,1051-52,2_4_12,2,2:1,65.8,True,employed,non_professional,creative_industries,2.0,5.0,1053-08-01
16175,1051-52,3_1_1,3,2:2,56.3,True,employed,professional,research_and_academia,3.0,1.0,1053-08-01
16178,1051-52,2_1_1,2,2:2,54.8,False,,,,,,1053-08-01
16179,1051-52,2_3_9,2,2:1,62.4,False,,,,,,1053-08-01
16180,1051-52,2_2_2,2,2:1,68.4,True,employed,professional,heritage_and_curation,4.0,2.0,1053-08-01
16181,1051-52,2_4_12,2,2:1,63.3,True,employed,professional,creative_industries,4.0,3.0,1053-08-01
16183,1051-52,3_2_2,3,2:2,54.8,True,unemployed,,,,15.0,1053-08-01
16187,1051-52,2_2_4,2,2:1,61.0,True,further_study,,further_study,,1.0,1053-08-01
16188,1051-52,4_2_12,4,First,70.0,False,,,,,,1053-08-01
16193,1051-52,2_2_6,2,First,73.5,True,unemployed,,,,14.0,1053-08-01
16195,1051-52,1_2_1,1,2:2,59.1,False,,,,,,1053-08-01
16197,1051-52,2_2_3,2,2:2,52.9,True,employed,non_professional,architecture_and_built_environment,1.0,4.0,1053-08-01
16198,1051-52,2_4_10,2,Third,42.9,True,employed,non_professional,creative_industries,2.0,7.0,1053-08-01
16212,1051-52,2_2_6,2,2:2,50.7,True,employed,professional,architecture_and_built_environment,3.0,6.0,1053-08-01
16214,1051-52,4_2_12,4,2:2,58.8,True,further_study,,further_study,,2.0,1053-08-01
16217,1051-52,1_1_3,1,2:2,52.2,True,employed,professional,finance_and_banking,3.0,4.0,1053-08-01
16221,1051-52,4_2_12,4,2:1,69.6,False,,,,,,1053-08-01
16226,1051-52,2_4_12,2,2:2,56.2,True,employed,non_professional,architecture_and_built_environment,3.0,8.0,1053-08-01
16230,1051-52,2_2_3,2,Third,45.7,False,,,,,,1053-08-01
16246,1051-52,1_1_2,1,First,76.5,True,employed,professional,legal_services,5.0,2.0,1053-08-01
16249,1051-52,1_1_4,1,2:2,57.2,False,,,,,,1053-08-01
16252,1051-52,2_2_3,2,2:2,53.6,False,,,,,,1053-08-01
16254,1051-52,2_2_3,2,2:2,51.1,False,,,,,,1053-08-01
16256,1051-52,2_2_2,2,2:1,60.2,True,employed,professional,creative_industries,3.0,5.0,1053-08-01
16260,1051-52,2_2_5,2,First,73.7,True,employed,professional,heritage_and_curation,4.0,4.0,1053-08-01
16261,1051-52,3_2_2,3,First,71.2,False,,,,,,1053-08-01
16264,1051-52,4_2_12,4,2:2,58.6,False,,,,,,1053-08-01
16266,1051-52,4_2_12,4,2:2,59.7,True,employed,professional,allied_health_professions,3.0,3.0,1053-08-01
16275,1051-52,1_1_3,1,2:1,66.9,True,employed,professional,legal_services,3.0,6.0,1053-08-01
16277,1051-52,2_3_9,2,2:2,53.6,True,employed,non_professional,craft_and_making,2.0,6.0,1053-08-01
16286,1051-52,1_1_1,1,2:2,59.3,True,employed,professional,hospitality_and_tourism,2.0,1.0,1053-08-01
16290,1051-52,2_1_1,2,2:2,53.9,False,,,,,,1053-08-01
16293,1051-52,2_2_4,2,2:1,63.9,True,employed,professional,heritage_and_curation,4.0,5.0,1053-08-01
16298,1051-52,2_3_9,2,2:1,68.7,True,further_study,,further_study,,2.0,1053-08-01
16299,1051-52,2_2_6,2,2:1,64.1,True,employed,professional,architecture_and_built_environment,4.0,4.0,1053-08-01
16304,1051-52,2_3_9,2,2:1,65.2,False,,,,,,1053-08-01
16307,1051-52,3_1_1,3,2:2,59.3,False,,,,,,1053-08-01
16308,1051-52,2_2_5,2,2:2,56.6,True,employed,professional,architecture_and_built_environment,3.0,7.0,1053-08-01
16310,1051-52,1_2_1,1,2:2,51.0,True,employed,non_professional,hospitality_and_tourism,2.0,6.0,1053-08-01
16312,1051-52,4_2_12,4,2:1,60.4,False,,,,,,1053-08-01
16314,1051-52,1_2_1,1,2:1,60.6,True,employed,professional,legal_services,4.0,5.0,1053-08-01
16315,1051-52,2_3_8,2,2:1,68.9,True,further_study,,further_study,,2.0,1053-08-01
16321,1051-52,1_1_3,1,2:1,60.5,True,employed,professional,human_resources,5.0,1.0,1053-08-01
16333,1051-52,2_1_1,2,2:2,60.0,False,,,,,,1053-08-01
16342,1051-52,2_2_3,2,2:2,58.0,False,,,,,,1053-08-01
16344,1051-52,1_1_1,1,2:1,67.4,True,employed,professional,management_consulting,5.0,2.0,1053-08-01
16345,1051-52,2_2_4,2,2:1,62.8,True,employed,professional,creative_industries,2.0,8.0,1053-08-01
16347,1051-52,4_2_12,4,First,74.1,True,employed,professional,public_health,5.0,6.0,1053-08-01
16358,1051-52,2_4_12,2,First,76.2,True,further_study,,further_study,,4.0,1053-08-01
16361,1051-52,2_2_5,2,Third,48.1,True,further_study,,further_study,,1.0,1053-08-01
16362,1051-52,2_3_7,2,2:1,61.1,True,unemployed,,,,14.0,1053-08-01
16368,1051-52,1_2_1,1,2:1,64.2,False,,,,,,1053-08-01
16376,1051-52,2_4_12,2,2:1,66.7,True,employed,professional,heritage_and_curation,4.0,2.0,1053-08-01
16382,1051-52,2_2_2,2,2:1,66.8,False,,,,,,1053-08-01
16386,1051-52,1_1_4,1,2:2,58.2,True,further_study,,further_study,,2.0,1053-08-01
16388,1051-52,2_1_1,2,2:1,69.0,True,further_study,,further_study,,1.0,1053-08-01
16389,1051-52,2_4_10,2,2:2,52.7,True,employed,professional,creative_industries,3.0,7.0,1053-08-01
16397,1051-52,2_4_10,2,2:2,54.6,False,,,,,,1053-08-01
16398,1051-52,1_1_3,1,2:2,52.3,True,employed,professional,legal_services,1.0,8.0,1053-08-01
16401,1051-52,1_1_2,1,2:1,65.7,True,employed,professional,human_resources,4.0,6.0,1053-08-01
16405,1051-52,2_3_8,2,2:2,56.9,True,employed,non_professional,architecture_and_built_environment,3.0,2.0,1053-08-01
16407,1051-52,2_3_7,2,2:1,69.2,True,employed,professional,heritage_and_curation,4.0,4.0,1053-08-01
16418,1051-52,4_2_12,4,2:2,56.6,False,,,,,,1053-08-01
16420,1051-52,2_2_3,2,2:2,59.7,True,further_study,,further_study,,5.0,1053-08-01
16428,1051-52,3_1_1,3,2:2,59.1,True,employed,professional,media_and_communications,3.0,4.0,1053-08-01
16430,1051-52,2_2_5,2,2:2,53.3,False,,,,,,1053-08-01
16436,1051-52,1_1_1,1,2:2,55.2,True,employed,professional,hospitality_and_tourism,4.0,4.0,1053-08-01
16438,1051-52,2_2_2,2,Third,50.0,False,,,,,,1053-08-01
16439,1051-52,3_1_1,3,First,72.9,True,employed,professional,education,4.0,10.0,1053-08-01
16449,1051-52,2_2_2,2,2:1,65.7,True,unemployed,,,,17.0,1053-08-01
16452,1051-52,2_4_11,2,First,72.5,False,,,,,,1053-08-01
16454,1051-52,1_1_1,1,2:1,66.4,True,further_study,,further_study,,2.0,1053-08-01
16456,1051-52,2_3_7,2,2:1,60.7,True,employed,professional,craft_and_making,3.0,1.0,1053-08-01
16469,1051-52,3_1_1,3,2:1,69.9,True,employed,non_professional,public_sector_and_civil_service,3.0,5.0,1053-08-01
16471,1051-52,2_2_4,2,2:1,61.0,True,employed,professional,heritage_and_curation,4.0,7.0,1053-08-01
16473,1051-52,2_2_2,2,2:1,69.9,False,,,,,,1053-08-01
16474,1051-52,2_4_12,2,2:2,51.1,True,unemployed,,,,20.0,1053-08-01
16475,1051-52,2_4_10,2,2:1,68.5,False,,,,,,1053-08-01
16480,1051-52,2_2_4,2,2:1,62.7,True,further_study,,further_study,,1.0,1053-08-01
16483,1051-52,1_1_3,1,2:2,53.8,False,,,,,,1053-08-01
16493,1051-52,2_3_9,2,2:2,58.8,True,further_study,,further_study,,4.0,1053-08-01
16496,1051-52,2_2_2,2,2:2,58.1,True,further_study,,further_study,,1.0,1053-08-01
16500,1051-52,2_3_8,2,2:2,58.5,True,employed,non_professional,creative_industries,3.0,3.0,1053-08-01
16506,1051-52,2_2_6,2,2:1,69.3,True,employed,professional,design_and_media,5.0,4.0,1053-08-01
16509,1051-52,1_2_1,1,First,71.8,True,employed,professional,legal_services,5.0,6.0,1053-08-01
16511,1051-52,1_1_4,1,2:2,59.1,False,,,,,,1053-08-01
16512,1051-52,2_2_4,2,2:2,58.0,True,further_study,,further_study,,2.0,1053-08-01
16517,1051-52,2_3_9,2,2:2,58.9,False,,,,,,1053-08-01
16520,1051-52,4_2_12,4,2:1,66.0,True,unemployed,,,,19.0,1053-08-01
16527,1051-52,4_2_12,4,2:1,65.5,False,,,,,,1053-08-01
16537,1051-52,4_2_12,4,2:2,56.9,True,unemployed,,,,13.0,1053-08-01
16538,1051-52,3_1_1,3,First,70.4,True,unemployed,,,,9.0,1053-08-01
16544,1051-52,2_4_12,2,2:1,60.5,False,,,,,,1053-08-01
16553,1051-52,1_1_4,1,2:1,69.4,True,employed,professional,hospitality_and_tourism,4.0,2.0,1053-08-01
16560,1051-52,2_3_8,2,First,71.9,False,,,,,,1053-08-01
16563,1051-52,2_4_11,2,2:2,59.8,False,,,,,,1053-08-01
16564,1051-52,2_4_11,2,Third,46.4,False,,,,,,1053-08-01
16573,1051-52,2_2_3,2,2:1,64.8,True,unknown,,,,10.0,1053-08-01
16578,1051-52,1_1_3,1,2:2,54.9,True,employed,professional,hospitality_and_tourism,2.0,3.0,1053-08-01
16579,1051-52,1_1_4,1,2:1,65.7,True,unemployed,,,,13.0,1053-08-01
16580,1051-52,1_1_5,1,2:2,56.4,True,employed,non_professional,management_consulting,3.0,3.0,1053-08-01
16581,1051-52,3_2_2,3,Third,45.7,True,employed,professional,education,3.0,7.0,1053-08-01
16587,1051-52,2_3_8,2,2:1,64.9,True,employed,non_professional,architecture_and_built_environment,3.0,8.0,1053-08-01
16594,1051-52,2_2_2,2,2:2,59.7,False,,,,,,1053-08-01
16599,1051-52,2_4_11,2,2:2,52.4,False,,,,,,1053-08-01
16602,1051-52,1_1_1,1,2:1,67.8,True,employed,professional,legal_services,4.0,5.0,1053-08-01
16603,1051-52,2_1_1,2,2:1,67.6,True,employed,professional,craft_and_making,4.0,3.0,1053-08-01
16604,1051-52,1_1_4,1,2:2,57.7,True,employed,professional,human_resources,2.0,5.0,1053-08-01
16619,1051-52,4_2_12,4,Third,40.4,True,employed,professional,healthcare_and_nhs,3.0,6.0,1053-08-01
16621,1051-52,2_4_12,2,2:2,50.2,True,further_study,,further_study,,4.0,1053-08-01
16624,1051-52,1_1_4,1,2:2,58.8,False,,,,,,1053-08-01
16625,1051-52,1_2_1,1,2:2,54.0,True,employed,non_professional,legal_services,2.0,10.0,1053-08-01
16627,1051-52,2_2_2,2,Third,48.9,True,employed,professional,design_and_media,3.0,8.0,1053-08-01
16634,1051-52,2_2_3,2,First,75.5,True,employed,professional,design_and_media,5.0,11.0,1053-08-01
16635,1051-52,4_2_12,4,2:1,67.2,True,further_study,,further_study,,1.0,1053-08-01
16642,1051-52,2_4_12,2,2:2,58.9,True,employed,non_professional,heritage_and_curation,2.0,2.0,1053-08-01
16649,1051-52,2_2_5,2,First,73.0,False,,,,,,1053-08-01
16658,1051-52,2_2_4,2,First,75.0,True,employed,professional,craft_and_making,5.0,8.0,1053-08-01
16671,1051-52,1_1_1,1,2:2,53.2,True,employed,non_professional,human_resources,3.0,1.0,1053-08-01
16672,1051-52,1_1_5,1,2:1,67.2,False,,,,,,1053-08-01
16683,1051-52,2_3_7,2,2:1,64.5,True,employed,non_professional,heritage_and_curation,3.0,3.0,1053-08-01
16686,1051-52,2_2_3,2,2:1,60.5,True,employed,professional,architecture_and_built_environment,5.0,9.0,1053-08-01
16707,1051-52,2_4_10,2,First,70.4,True,employed,non_professional,craft_and_making,4.0,1.0,1053-08-01
16715,1051-52,2_2_6,2,2:1,65.4,True,further_study,,further_study,,5.0,1053-08-01
16733,1051-52,1_1_2,1,2:2,56.0,True,employed,professional,hospitality_and_tourism,3.0,1.0,1053-08-01
16739,1051-52,3_2_2,3,2:2,54.4,False,,,,,,1053-08-01
16740,1051-52,2_2_3,2,2:1,62.6,True,employed,non_professional,creative_industries,2.0,6.0,1053-08-01
16749,1051-52,2_3_7,2,2:2,54.0,True,unknown,,,,5.0,1053-08-01
16761,1051-52,2_2_4,2,2:2,56.6,True,unemployed,,,,12.0,1053-08-01
16762,1051-52,1_1_4,1,2:1,63.3,True,employed,professional,legal_services,4.0,4.0,1053-08-01
16764,1051-52,2_2_4,2,2:2,59.1,True,employed,non_professional,craft_and_making,3.0,6.0,1053-08-01
16772,1051-52,1_1_5,1,2:2,55.9,True,unemployed,,,,17.0,1053-08-01
16773,1051-52,1_1_5,1,2:1,69.8,False,,,,,,1053-08-01
16778,1051-52,2_3_8,2,2:1,63.1,True,employed,non_professional,architecture_and_built_environment,3.0,5.0,1053-08-01
16783,1051-52,1_1_5,1,2:2,59.4,False,,,,,,1053-08-01
16785,1051-52,1_1_3,1,First,70.9,True,employed,professional,finance_and_banking,5.0,4.0,1053-08-01
16796,1051-52,2_4_11,2,2:2,54.4,True,employed,professional,craft_and_making,3.0,4.0,1053-08-01
16801,1051-52,4_2_12,4,2:2,53.8,True,employed,non_professional,public_health,2.0,3.0,1053-08-01
16811,1051-52,2_4_12,2,2:1,62.5,True,employed,professional,heritage_and_curation,4.0,5.0,1053-08-01
16819,1051-52,2_2_3,2,2:2,60.0,False,,,,,,1053-08-01
16832,1051-52,4_2_12,4,Third,46.3,True,employed,professional,public_health,2.0,1.0,1053-08-01
16838,1051-52,1_1_5,1,2:1,68.6,True,employed,non_professional,hospitality_and_tourism,3.0,3.0,1053-08-01
16839,1051-52,2_4_12,2,2:2,54.9,True,employed,non_professional,craft_and_making,3.0,2.0,1053-08-01
16840,1051-52,3_2_2,3,2:1,66.0,True,unemployed,,,,13.0,1053-08-01
16842,1051-52,2_3_8,2,2:2,52.7,True,unemployed,,,,12.0,1053-08-01
16844,1051-52,2_4_12,2,First,73.3,True,employed,non_professional,craft_and_making,4.0,1.0,1053-08-01
16845,1051-52,2_3_8,2,2:1,67.9,False,,,,,,1053-08-01
16846,1051-52,1_1_5,1,2:1,63.9,True,employed,non_professional,management_consulting,3.0,2.0,1053-08-01
16850,1051-52,2_3_8,2,2:2,57.0,False,,,,,,1053-08-01
16861,1051-52,3_2_2,3,2:1,66.3,True,employed,professional,media_and_communications,4.0,1.0,1053-08-01
16871,1051-52,2_2_6,2,First,71.3,True,employed,non_professional,craft_and_making,4.0,9.0,1053-08-01
16878,1051-52,2_4_12,2,2:2,57.6,True,unknown,,,,0.0,1053-08-01
16879,1051-52,2_2_4,2,2:1,62.6,True,employed,professional,craft_and_making,4.0,10.0,1053-08-01
16885,1051-52,2_3_7,2,2:1,60.2,True,employed,non_professional,architecture_and_built_environment,3.0,1.0,1053-08-01
16890,1051-52,2_2_2,2,2:2,53.6,True,further_study,,further_study,,4.0,1053-08-01
16891,1051-52,2_3_9,2,2:1,61.4,True,further_study,,further_study,,1.0,1053-08-01
16894,1051-52,2_2_3,2,2:1,66.2,True,employed,professional,craft_and_making,4.0,8.0,1053-08-01
16902,1051-52,1_1_2,1,2:2,58.7,True,employed,non_professional,legal_services,3.0,8.0,1053-08-01
16904,1051-52,2_2_5,2,2:2,50.8,True,employed,non_professional,architecture_and_built_environment,3.0,9.0,1053-08-01
16908,1051-52,2_2_4,2,2:2,50.8,True,further_study,,further_study,,4.0,1053-08-01
16909,1051-52,3_2_2,3,2:1,67.2,True,employed,non_professional,media_and_communications,4.0,9.0,1053-08-01
16932,1051-52,4_2_12,4,2:1,64.9,True,employed,professional,social_care,4.0,6.0,1053-08-01
16933,1051-52,1_1_1,1,First,71.0,True,employed,professional,human_resources,5.0,3.0,1053-08-01
16942,1051-52,3_2_2,3,2:2,57.5,True,employed,non_professional,education,2.0,4.0,1053-08-01
16943,1051-52,1_1_5,1,First,71.4,True,further_study,,further_study,,0.0,1053-08-01
16953,1051-52,2_3_7,2,2:1,61.2,True,employed,non_professional,heritage_and_curation,3.0,8.0,1053-08-01
16966,1051-52,2_4_12,2,Third,49.9,True,employed,professional,design_and_media,3.0,5.0,1053-08-01
16969,1051-52,4_2_12,4,First,79.0,True,employed,professional,social_care,4.0,8.0,1053-08-01
16972,1051-52,4_2_12,4,2:1,61.0,True,employed,professional,social_care,3.0,3.0,1053-08-01
16991,1051-52,2_2_6,2,2:2,53.6,False,,,,,,1053-08-01
16992,1051-52,2_4_12,2,2:1,60.8,False,,,,,,1053-08-01
17004,1051-52,2_2_2,2,First,71.6,True,further_study,,further_study,,3.0,1053-08-01
17008,1051-52,1_1_3,1,2:2,58.0,True,employed,professional,finance_and_banking,3.0,8.0,1053-08-01
17013,1051-52,2_4_11,2,2:2,55.9,True,further_study,,further_study,,3.0,1053-08-01
17020,1051-52,1_1_3,1,2:1,60.8,True,employed,professional,human_resources,4.0,2.0,1053-08-01
17023,1051-52,4_2_12,4,2:2,53.0,True,employed,professional,allied_health_professions,3.0,7.0,1053-08-01
17025,1051-52,3_2_2,3,2:1,67.5,True,employed,professional,ngo_and_charity,4.0,6.0,1053-08-01
17028,1051-52,4_2_12,4,Third,49.4,True,employed,non_professional,allied_health_professions,2.0,4.0,1053-08-01
17029,1051-52,2_3_9,2,2:1,64.7,True,employed,professional,craft_and_making,4.0,6.0,1053-08-01
17031,1051-52,2_2_5,2,2:2,54.4,False,,,,,,1053-08-01
17032,1051-52,2_3_9,2,2:2,59.5,False,,,,,,1053-08-01
17036,1051-52,1_2_1,1,First,70.8,False,,,,,,1053-08-01
17059,1051-52,1_1_2,1,2:2,59.0,False,,,,,,1053-08-01
17060,1051-52,2_1_1,2,2:1,67.8,True,employed,professional,heritage_and_curation,4.0,3.0,1053-08-01
17065,1051-52,2_3_9,2,2:1,65.5,True,employed,professional,architecture_and_built_environment,5.0,2.0,1053-08-01
17066,1051-52,4_2_12,4,2:2,54.6,False,,,,,,1053-08-01
17072,1051-52,2_3_8,2,2:2,59.3,True,employed,non_professional,heritage_and_curation,2.0,2.0,1053-08-01
17073,1051-52,1_2_1,1,2:2,52.5,True,employed,non_professional,legal_services,3.0,5.0,1053-08-01
17093,1051-52,2_2_3,2,First,72.6,True,employed,professional,heritage_and_curation,5.0,6.0,1053-08-01
17096,1051-52,2_3_8,2,2:1,68.3,False,,,,,,1053-08-01
17098,1051-52,2_4_12,2,Third,49.7,True,employed,non_professional,architecture_and_built_environment,2.0,8.0,1053-08-01
17099,1051-52,2_1_1,2,2:1,66.7,False,,,,,,1053-08-01
17103,1051-52,2_2_3,2,2:1,66.8,True,unemployed,,,,13.0,1053-08-01
17106,1051-52,2_2_5,2,Third,49.7,False,,,,,,1053-08-01
17107,1051-52,2_4_10,2,2:2,53.2,True,employed,professional,creative_industries,3.0,4.0,1053-08-01
17109,1051-52,2_3_9,2,2:1,66.1,True,employed,professional,heritage_and_curation,4.0,7.0,1053-08-01
17114,1051-52,2_2_3,2,Third,48.8,False,,,,,,1053-08-01
17116,1051-52,2_3_9,2,2:1,62.8,True,employed,professional,creative_industries,5.0,4.0,1053-08-01
17118,1051-52,2_3_7,2,2:2,51.9,True,employed,non_professional,architecture_and_built_environment,1.0,0.0,1053-08-01
17129,1051-52,1_1_2,1,2:2,57.6,True,employed,professional,legal_services,3.0,7.0,1053-08-01
17133,1051-52,2_2_2,2,First,77.5,True,employed,professional,creative_industries,5.0,3.0,1053-08-01
17144,1051-52,1_1_2,1,2:1,65.8,False,,,,,,1053-08-01
17154,1051-52,3_2_2,3,2:2,56.2,True,employed,professional,education,3.0,11.0,1053-08-01
17160,1051-52,2_2_6,2,2:2,50.6,False,,,,,,1053-08-01
17168,1051-52,2_2_3,2,2:1,63.4,True,unemployed,,,,15.0,1053-08-01
17170,1051-52,2_3_7,2,First,73.3,False,,,,,,1053-08-01
17178,1051-52,2_2_4,2,2:1,62.9,True,employed,non_professional,architecture_and_built_environment,4.0,2.0,1053-08-01
17187,1051-52,4_2_12,4,2:1,65.3,True,employed,professional,social_care,4.0,2.0,1053-08-01
17190,1051-52,2_4_12,2,2:1,67.0,True,employed,professional,heritage_and_curation,4.0,7.0,1053-08-01
17191,1051-52,2_4_10,2,2:1,63.9,False,,,,,,1053-08-01
17192,1051-52,2_2_5,2,2:2,54.0,False,,,,,,1053-08-01
17200,1051-52,2_1_1,2,2:1,63.4,False,,,,,,1053-08-01
17205,1051-52,1_1_1,1,First,71.3,True,unemployed,,,,15.0,1053-08-01
17216,1051-52,2_2_4,2,2:2,50.3,True,employed,non_professional,heritage_and_curation,2.0,9.0,1053-08-01
17220,1051-52,2_4_11,2,2:1,68.2,False,,,,,,1053-08-01
17224,1051-52,1_1_2,1,2:2,52.2,True,further_study,,further_study,,4.0,1053-08-01
17230,1051-52,2_2_4,2,2:1,68.2,False,,,,,,1053-08-01
17232,1051-52,2_2_2,2,2:1,65.7,True,employed,professional,heritage_and_curation,4.0,9.0,1053-08-01
17233,1051-52,2_2_6,2,2:1,63.4,True,employed,professional,heritage_and_curation,4.0,4.0,1053-08-01
17237,1051-52,2_4_12,2,2:2,56.6,True,employed,professional,heritage_and_curation,3.0,4.0,1053-08-01
17241,1051-52,2_3_8,2,2:1,64.9,True,further_study,,further_study,,1.0,1053-08-01
17242,1051-52,1_1_4,1,2:2,58.3,False,,,,,,1053-08-01
17245,1051-52,2_1_1,2,2:1,69.7,True,further_study,,further_study,,2.0,1053-08-01
17253,1051-52,1_1_1,1,2:2,58.5,True,further_study,,further_study,,3.0,1053-08-01
17257,1051-52,2_4_11,2,2:1,66.7,True,further_study,,further_study,,2.0,1053-08-01
17267,1051-52,2_2_3,2,First,75.4,True,employed,non_professional,architecture_and_built_environment,5.0,5.0,1053-08-01
17268,1051-52,2_2_6,2,2:2,55.1,True,employed,non_professional,craft_and_making,2.0,3.0,1053-08-01
17271,1051-52,2_2_3,2,2:2,58.9,False,,,,,,1053-08-01
17278,1051-52,1_1_1,1,2:1,60.0,True,employed,professional,hospitality_and_tourism,4.0,8.0,1053-08-01
17283,1051-52,2_4_12,2,2:1,62.5,False,,,,,,1053-08-01
17291,1051-52,2_2_3,2,Third,48.9,False,,,,,,1053-08-01
17293,1051-52,1_2_1,1,First,74.1,True,employed,professional,legal_services,5.0,4.0,1053-08-01
17294,1051-52,4_2_12,4,2:2,55.9,True,unemployed,,,,11.0,1053-08-01
17300,1051-52,2_1_1,2,2:1,61.8,True,further_study,,further_study,,2.0,1053-08-01
17304,1051-52,1_2_1,1,Third,46.5,True,employed,non_professional,human_resources,3.0,1.0,1053-08-01
17306,1051-52,2_3_7,2,2:2,50.8,True,unknown,,,,6.0,1053-08-01
17310,1051-52,2_2_4,2,2:2,51.0,False,,,,,,1053-08-01
17311,1051-52,2_2_2,2,2:1,67.0,True,unemployed,,,,13.0,1053-08-01
17313,1051-52,2_2_3,2,2:1,67.2,True,employed,professional,design_and_media,4.0,3.0,1053-08-01
17322,1051-52,4_2_12,4,Third,48.2,True,employed,professional,public_health,3.0,8.0,1053-08-01
17323,1051-52,2_4_12,2,2:2,59.0,True,employed,professional,design_and_media,3.0,3.0,1053-08-01
17324,1051-52,2_2_6,2,2:2,52.8,True,employed,non_professional,architecture_and_built_environment,2.0,5.0,1053-08-01
17325,1051-52,2_4_12,2,2:2,53.9,True,unemployed,,,,18.0,1053-08-01
17330,1051-52,4_2_12,4,2:2,51.6,True,further_study,,further_study,,3.0,1053-08-01
17337,1051-52,2_2_6,2,2:1,65.3,True,further_study,,further_study,,1.0,1053-08-01
17342,1051-52,1_1_4,1,2:1,64.3,True,employed,professional,human_resources,3.0,3.0,1053-08-01
17366,1051-52,1_1_4,1,2:1,64.1,False,,,,,,1053-08-01
17369,1051-52,1_1_5,1,2:1,60.1,True,unknown,,,,6.0,1053-08-01
17372,1051-52,2_1_1,2,2:2,59.3,True,employed,non_professional,architecture_and_built_environment,3.0,4.0,1053-08-01
17377,1051-52,2_4_10,2,2:2,58.1,True,employed,non_professional,design_and_media,2.0,7.0,1053-08-01
17378,1051-52,2_2_5,2,First,77.1,False,,,,,,1053-08-01
17384,1051-52,4_2_12,4,First,77.6,True,further_study,,further_study,,2.0,1053-08-01
17393,1051-52,2_2_2,2,2:1,63.0,False,,,,,,1053-08-01
17394,1051-52,2_3_8,2,2:2,55.6,False,,,,,,1053-08-01
17396,1051-52,3_2_2,3,2:1,61.8,True,unknown,,,,6.0,1053-08-01
17397,1051-52,2_3_8,2,2:1,69.1,True,employed,professional,heritage_and_curation,4.0,4.0,1053-08-01
17400,1051-52,2_4_10,2,2:2,56.7,True,employed,professional,craft_and_making,3.0,4.0,1053-08-01
17413,1051-52,1_1_3,1,2:2,51.2,True,employed,non_professional,finance_and_banking,2.0,6.0,1053-08-01
17418,1051-52,2_2_2,2,2:1,63.4,True,further_study,,further_study,,1.0,1053-08-01
17419,1051-52,2_2_3,2,2:1,63.6,True,unemployed,,,,11.0,1053-08-01
17422,1051-52,4_2_12,4,Third,45.5,False,,,,,,1053-08-01
17423,1051-52,2_2_5,2,2:1,68.5,False,,,,,,1053-08-01
17427,1051-52,1_1_3,1,First,73.8,True,further_study,,further_study,,1.0,1053-08-01
17438,1051-52,2_2_2,2,2:1,61.4,True,employed,professional,craft_and_making,4.0,3.0,1053-08-01
17451,1051-52,1_1_3,1,2:2,57.6,False,,,,,,1053-08-01
17452,1051-52,3_1_1,3,First,70.6,True,employed,professional,education,5.0,6.0,1053-08-01
17453,1051-52,1_1_5,1,First,72.7,False,,,,,,1053-08-01
17455,1051-52,2_4_12,2,2:2,57.2,True,further_study,,further_study,,3.0,1053-08-01
17456,1051-52,1_1_2,1,2:1,60.1,True,employed,professional,human_resources,5.0,11.0,1053-08-01
17461,1051-52,2_2_3,2,Third,49.2,False,,,,,,1053-08-01
17464,1051-52,1_1_3,1,2:1,66.2,True,further_study,,further_study,,1.0,1053-08-01
17469,1051-52,3_2_2,3,2:2,56.7,False,,,,,,1053-08-01
17475,1051-52,2_2_4,2,2:1,68.7,False,,,,,,1053-08-01
17478,1051-52,4_2_12,4,First,82.5,True,further_study,,further_study,,2.0,1053-08-01
17494,1051-52,2_3_8,2,2:2,52.7,True,employed,professional,design_and_media,1.0,3.0,1053-08-01
17495,1051-52,1_2_1,1,First,72.7,True,employed,professional,hospitality_and_tourism,5.0,3.0,1053-08-01
17507,1051-52,2_4_12,2,2:2,51.4,True,employed,non_professional,heritage_and_curation,1.0,7.0,1053-08-01
17509,1051-52,2_2_2,2,First,71.0,True,employed,professional,craft_and_making,5.0,6.0,1053-08-01
17511,1051-52,1_1_4,1,2:2,54.4,True,employed,professional,management_consulting,4.0,6.0,1053-08-01
17512,1051-52,1_1_2,1,2:1,62.4,True,employed,non_professional,hospitality_and_tourism,3.0,5.0,1053-08-01
17518,1051-52,1_1_4,1,2:1,60.2,True,employed,non_professional,legal_services,3.0,4.0,1053-08-01
17521,1051-52,4_2_12,4,First,70.7,True,employed,professional,allied_health_professions,5.0,5.0,1053-08-01
17524,1051-52,4_2_12,4,2:1,68.7,True,further_study,,further_study,,2.0,1053-08-01
17526,1051-52,2_2_2,2,2:1,64.6,False,,,,,,1053-08-01
17527,1051-52,2_1_1,2,2:1,66.8,True,employed,professional,architecture_and_built_environment,5.0,3.0,1053-08-01
17531,1051-52,2_3_9,2,2:2,59.3,True,employed,professional,heritage_and_curation,4.0,6.0,1053-08-01
17553,1051-52,3_2_2,3,2:1,62.0,True,unemployed,,,,18.0,1053-08-01
17555,1051-52,1_2_1,1,2:1,62.0,True,employed,professional,legal_services,5.0,6.0,1053-08-01
17556,1051-52,2_2_3,2,2:1,65.0,False,,,,,,1053-08-01
17559,1051-52,3_1_1,3,2:2,52.3,False,,,,,,1053-08-01
17562,1051-52,3_1_1,3,2:1,64.0,True,employed,professional,research_and_academia,4.0,4.0,1053-08-01
17565,1051-52,2_3_7,2,2:1,68.3,True,further_study,,further_study,,0.0,1053-08-01
17566,1051-52,2_2_5,2,2:1,62.2,True,employed,professional,heritage_and_curation,2.0,8.0,1053-08-01
17571,1051-52,1_1_1,1,First,72.8,True,further_study,,further_study,,2.0,1053-08-01
17575,1051-52,2_2_2,2,2:1,64.8,True,unemployed,,,,12.0,1053-08-01
17577,1051-52,1_1_1,1,2:2,50.6,False,,,,,,1053-08-01
17589,1051-52,1_1_4,1,2:2,50.4,True,further_study,,further_study,,0.0,1053-08-01
17594,1051-52,1_2_1,1,2:2,59.0,True,employed,non_professional,legal_services,2.0,1.0,1053-08-01
17595,1051-52,2_2_4,2,2:2,59.5,True,employed,non_professional,heritage_and_curation,2.0,2.0,1053-08-01
17597,1051-52,3_2_2,3,2:1,67.5,True,employed,professional,ngo_and_charity,4.0,5.0,1053-08-01
17605,1051-52,3_1_1,3,2:1,64.9,False,,,,,,1053-08-01
17606,1051-52,2_3_7,2,2:2,59.2,True,employed,professional,craft_and_making,3.0,6.0,1053-08-01
17607,1051-52,1_2_1,1,2:1,60.5,True,employed,professional,human_resources,3.0,7.0,1053-08-01
17609,1051-52,2_2_2,2,2:1,60.5,True,further_study,,further_study,,0.0,1053-08-01
17614,1051-52,1_1_1,1,2:1,66.2,True,further_study,,further_study,,1.0,1053-08-01
17621,1051-52,4_2_12,4,2:2,52.1,True,employed,professional,allied_health_professions,4.0,0.0,1053-08-01
17624,1051-52,2_3_9,2,2:2,57.6,True,unemployed,,,,19.0,1053-08-01
17626,1051-52,2_2_6,2,2:2,50.8,True,employed,professional,architecture_and_built_environment,4.0,4.0,1053-08-01
17627,1051-52,2_3_7,2,2:2,57.9,True,employed,professional,craft_and_making,2.0,10.0,1053-08-01
17629,1051-52,1_1_1,1,2:1,63.0,True,employed,professional,finance_and_banking,5.0,5.0,1053-08-01
17632,1051-52,2_4_11,2,2:1,65.2,False,,,,,,1053-08-01
17634,1051-52,4_2_12,4,First,70.9,False,,,,,,1053-08-01
17640,1051-52,2_4_10,2,2:1,69.1,False,,,,,,1053-08-01
17650,1051-52,2_2_3,2,2:1,64.2,True,further_study,,further_study,,2.0,1053-08-01
17651,1051-52,1_1_3,1,2:1,61.4,True,employed,professional,human_resources,4.0,1.0,1053-08-01
17655,1051-52,2_3_9,2,2:1,66.9,False,,,,,,1053-08-01
17658,1051-52,1_1_5,1,2:1,65.6,True,employed,professional,hospitality_and_tourism,4.0,2.0,1053-08-01
17660,1051-52,2_2_5,2,2:1,68.9,False,,,,,,1053-08-01
17662,1051-52,1_1_2,1,2:1,64.4,True,further_study,,further_study,,4.0,1053-08-01
17665,1051-52,1_1_1,1,2:1,65.6,True,employed,professional,legal_services,5.0,4.0,1053-08-01
17666,1051-52,1_1_1,1,2:1,67.1,True,employed,non_professional,finance_and_banking,4.0,9.0,1053-08-01
17671,1051-52,2_3_7,2,First,70.0,True,further_study,,further_study,,3.0,1053-08-01
17674,1051-52,2_2_3,2,2:2,58.1,True,unemployed,,,,16.0,1053-08-01
17675,1051-52,2_2_2,2,Third,49.5,False,,,,,,1053-08-01
17677,1051-52,2_4_12,2,2:1,66.6,True,employed,professional,design_and_media,4.0,2.0,1053-08-01
17681,1051-52,2_2_6,2,2:2,52.9,True,further_study,,further_study,,1.0,1053-08-01
17689,1051-52,2_3_8,2,2:1,61.4,True,employed,professional,craft_and_making,4.0,10.0,1053-08-01
17695,1051-52,2_3_8,2,2:1,68.1,True,employed,professional,design_and_media,4.0,4.0,1053-08-01
17698,1051-52,2_2_3,2,2:2,58.7,False,,,,,,1053-08-01
17707,1051-52,2_4_12,2,2:2,55.6,False,,,,,,1053-08-01
17719,1051-52,2_4_10,2,2:2,57.4,True,unemployed,,,,18.0,1053-08-01
17722,1051-52,2_3_8,2,2:1,68.1,False,,,,,,1053-08-01
17723,1051-52,3_2_2,3,2:2,50.7,True,employed,professional,research_and_academia,3.0,3.0,1053-08-01
17725,1051-52,2_2_2,2,2:2,55.0,True,employed,non_professional,architecture_and_built_environment,1.0,4.0,1053-08-01
17727,1051-52,2_3_7,2,2:2,56.7,True,employed,non_professional,architecture_and_built_environment,1.0,5.0,1053-08-01
17734,1051-52,1_1_5,1,2:2,53.4,True,employed,professional,management_consulting,2.0,4.0,1053-08-01
17746,1051-52,1_1_2,1,2:1,69.0,False,,,,,,1053-08-01
17758,1051-52,4_2_12,4,2:2,50.9,True,employed,non_professional,public_health,1.0,7.0,1053-08-01
17763,1051-52,2_2_5,2,2:2,52.5,False,,,,,,1053-08-01
17765,1051-52,1_1_3,1,2:2,59.7,True,unemployed,,,,13.0,1053-08-01
17769,1051-52,1_1_3,1,2:1,68.2,True,unemployed,,,,10.0,1053-08-01
17773,1051-52,2_1_1,2,2:1,64.1,True,employed,professional,architecture_and_built_environment,4.0,7.0,1053-08-01
17776,1051-52,2_3_9,2,2:1,65.7,True,employed,non_professional,architecture_and_built_environment,4.0,2.0,1053-08-01
17781,1051-52,2_4_12,2,2:2,50.1,True,further_study,,further_study,,1.0,1053-08-01
17791,1051-52,3_1_1,3,2:1,65.8,True,employed,professional,research_and_academia,4.0,2.0,1053-08-01
17794,1051-52,2_1_1,2,2:1,67.2,False,,,,,,1053-08-01
17798,1051-52,2_3_8,2,2:1,66.5,True,employed,professional,architecture_and_built_environment,4.0,4.0,1053-08-01
17804,1051-52,2_2_5,2,2:1,64.2,True,unemployed,,,,20.0,1053-08-01
17809,1051-52,3_2_2,3,2:1,62.3,True,further_study,,further_study,,3.0,1053-08-01
17811,1051-52,2_2_3,2,2:1,69.3,True,unknown,,,,8.0,1053-08-01
17814,1051-52,1_1_3,1,2:2,51.9,False,,,,,,1053-08-01
17819,1051-52,1_1_5,1,2:2,57.5,True,unemployed,,,,11.0,1053-08-01
17826,1051-52,1_1_3,1,2:1,63.2,False,,,,,,1053-08-01
17850,1051-52,2_2_4,2,2:1,63.8,False,,,,,,1053-08-01
17854,1051-52,2_4_10,2,First,75.1,False,,,,,,1053-08-01
17855,1051-52,3_2_2,3,2:1,67.2,True,employed,professional,education,5.0,4.0,1053-08-01
17861,1051-52,2_4_10,2,2:2,59.9,True,unemployed,,,,18.0,1053-08-01
17864,1051-52,1_1_1,1,First,74.5,False,,,,,,1053-08-01
17865,1051-52,2_2_6,2,2:1,63.1,True,employed,non_professional,creative_industries,3.0,6.0,1053-08-01
17871,1051-52,4_2_12,4,First,78.2,True,unknown,,,,2.0,1053-08-01
17874,1051-52,2_4_10,2,2:1,61.2,True,further_study,,further_study,,6.0,1053-08-01
17884,1051-52,1_1_5,1,First,72.8,True,employed,non_professional,management_consulting,4.0,4.0,1053-08-01
17885,1051-52,2_3_8,2,2:1,60.9,False,,,,,,1053-08-01
17895,1051-52,1_1_1,1,Third,49.8,True,further_study,,further_study,,0.0,1053-08-01
17900,1051-52,2_2_3,2,2:1,60.8,True,employed,professional,creative_industries,5.0,3.0,1053-08-01
17901,1051-52,2_1_1,2,First,77.3,True,further_study,,further_study,,2.0,1053-08-01
17912,1051-52,4_2_12,4,Third,47.7,True,unemployed,,,,13.0,1053-08-01
17915,1051-52,2_4_12,2,2:2,58.9,False,,,,,,1053-08-01
17917,1051-52,2_3_9,2,2:2,59.0,True,employed,professional,design_and_media,2.0,9.0,1053-08-01
17926,1051-52,1_1_1,1,Third,49.3,False,,,,,,1053-08-01
17927,1051-52,2_2_2,2,2:2,55.4,True,employed,non_professional,creative_industries,2.0,5.0,1053-08-01
17931,1051-52,2_4_12,2,2:2,52.5,True,unknown,,,,9.0,1053-08-01
17940,1051-52,1_1_5,1,First,72.3,False,,,,,,1053-08-01
17941,1051-52,2_2_3,2,2:2,53.0,True,employed,professional,creative_industries,3.0,2.0,1053-08-01
17944,1051-52,1_1_2,1,2:1,62.9,False,,,,,,1053-08-01
17952,1051-52,2_2_5,2,First,80.6,False,,,,,,1053-08-01
17954,1051-52,1_1_2,1,2:2,52.4,False,,,,,,1053-08-01
17956,1051-52,2_1_1,2,2:2,55.5,False,,,,,,1053-08-01
17959,1051-52,2_1_1,2,2:1,69.0,False,,,,,,1053-08-01
17967,1051-52,2_4_12,2,2:1,65.0,True,employed,professional,heritage_and_curation,4.0,3.0,1053-08-01
17979,1051-52,1_1_2,1,2:1,60.8,True,employed,professional,hospitality_and_tourism,4.0,2.0,1053-08-01
17980,1051-52,2_3_8,2,2:1,66.1,True,employed,professional,craft_and_making,5.0,10.0,1053-08-01
17991,1051-52,1_2_1,1,Third,45.7,True,employed,non_professional,hospitality_and_tourism,1.0,2.0,1053-08-01
17998,1051-52,2_2_4,2,2:2,56.5,False,,,,,,1053-08-01
18014,1051-52,1_1_3,1,2:1,64.8,True,unemployed,,,,22.0,1053-08-01
18016,1051-52,1_1_3,1,2:1,60.4,True,employed,professional,human_resources,5.0,8.0,1053-08-01
18017,1051-52,4_2_12,4,2:1,65.5,False,,,,,,1053-08-01
18019,1051-52,2_3_9,2,2:1,63.8,True,employed,non_professional,heritage_and_curation,3.0,3.0,1053-08-01
1802,1051-52,4_2_12,4,Third,42.5,True,unknown,,,,8.0,1053-08-01
18026,1051-52,3_1_1,3,2:2,56.0,True,employed,professional,research_and_academia,3.0,1.0,1053-08-01
18028,1051-52,4_2_12,4,2:1,61.4,True,employed,professional,allied_health_professions,4.0,8.0,1053-08-01
18032,1051-52,2_2_2,2,2:2,50.8,False,,,,,,1053-08-01
18033,1051-52,2_4_12,2,2:1,64.0,True,employed,non_professional,architecture_and_built_environment,2.0,4.0,1053-08-01
18037,1051-52,2_2_4,2,Third,46.9,False,,,,,,1053-08-01
18044,1051-52,2_3_7,2,2:1,69.2,False,,,,,,1053-08-01
18050,1051-52,1_1_2,1,First,77.4,True,further_study,,further_study,,5.0,1053-08-01
18051,1051-52,2_2_6,2,2:1,65.8,True,employed,professional,creative_industries,4.0,1.0,1053-08-01
18054,1051-52,1_1_5,1,2:2,51.1,True,employed,non_professional,human_resources,3.0,5.0,1053-08-01
18059,1051-52,4_2_12,4,2:2,50.9,True,further_study,,further_study,,2.0,1053-08-01
18061,1051-52,1_1_2,1,First,70.8,False,,,,,,1053-08-01
18081,1051-52,2_4_11,2,2:2,54.6,True,unknown,,,,7.0,1053-08-01
18090,1051-52,1_1_4,1,2:1,60.0,True,further_study,,further_study,,2.0,1053-08-01
18091,1051-52,1_1_2,1,Third,43.4,True,employed,non_professional,management_consulting,1.0,3.0,1053-08-01
18100,1051-52,4_2_12,4,2:2,57.3,True,employed,professional,healthcare_and_nhs,3.0,8.0,1053-08-01
18103,1051-52,1_1_2,1,2:1,61.1,True,employed,professional,hospitality_and_tourism,3.0,5.0,1053-08-01
18109,1051-52,1_1_2,1,2:1,65.9,True,employed,professional,hospitality_and_tourism,5.0,4.0,1053-08-01
18113,1051-52,2_3_9,2,2:2,59.4,True,employed,professional,creative_industries,3.0,3.0,1053-08-01
18120,1051-52,2_2_4,2,2:2,58.6,True,employed,non_professional,creative_industries,2.0,3.0,1053-08-01
18128,1051-52,2_2_2,2,2:1,64.8,True,employed,professional,heritage_and_curation,5.0,5.0,1053-08-01
18129,1051-52,2_3_9,2,2:1,64.7,True,employed,non_professional,design_and_media,3.0,8.0,1053-08-01
18133,1051-52,2_2_4,2,2:2,54.5,True,employed,non_professional,architecture_and_built_environment,3.0,3.0,1053-08-01
18140,1051-52,2_2_4,2,2:2,57.4,True,employed,non_professional,craft_and_making,2.0,9.0,1053-08-01
18146,1051-52,2_3_9,2,2:2,50.3,True,further_study,,further_study,,2.0,1053-08-01
18156,1051-52,4_2_12,4,2:2,52.8,True,further_study,,further_study,,1.0,1053-08-01
18162,1051-52,2_3_8,2,Third,47.1,False,,,,,,1053-08-01
18172,1051-52,2_2_6,2,2:1,62.2,True,employed,professional,design_and_media,4.0,4.0,1053-08-01
18175,1051-52,2_4_10,2,2:2,57.8,True,further_study,,further_study,,2.0,1053-08-01
18177,1051-52,2_3_8,2,2:2,57.6,False,,,,,,1053-08-01
18184,1051-52,2_4_12,2,2:1,64.6,True,employed,professional,craft_and_making,4.0,5.0,1053-08-01
18185,1051-52,2_2_4,2,2:1,69.3,True,employed,professional,craft_and_making,4.0,5.0,1053-08-01
18187,1051-52,3_2_2,3,2:2,59.9,True,employed,non_professional,research_and_academia,2.0,2.0,1053-08-01
18197,1051-52,1_1_3,1,2:1,65.9,False,,,,,,1053-08-01
18199,1051-52,4_2_12,4,2:2,57.2,True,further_study,,further_study,,1.0,1053-08-01
18201,1051-52,4_2_12,4,First,73.5,True,employed,professional,social_care,5.0,4.0,1053-08-01
18202,1051-52,1_1_4,1,First,71.0,True,employed,professional,finance_and_banking,5.0,4.0,1053-08-01
18203,1051-52,1_1_5,1,2:1,65.8,True,employed,professional,management_consulting,4.0,3.0,1053-08-01
18206,1051-52,2_1_1,2,2:2,59.7,True,further_study,,further_study,,5.0,1053-08-01
18218,1051-52,3_2_2,3,2:2,56.5,True,employed,professional,education,4.0,3.0,1053-08-01
18219,1051-52,2_1_1,2,2:1,61.5,True,employed,non_professional,craft_and_making,4.0,8.0,1053-08-01
18221,1051-52,1_1_2,1,2:2,51.4,True,employed,non_professional,hospitality_and_tourism,3.0,9.0,1053-08-01
18223,1051-52,1_1_4,1,2:1,64.3,True,employed,non_professional,human_resources,3.0,7.0,1053-08-01
18224,1051-52,2_2_2,2,2:2,58.6,False,,,,,,1053-08-01
18228,1051-52,4_2_12,4,2:2,55.2,True,employed,professional,public_health,4.0,9.0,1053-08-01
18231,1051-52,2_2_4,2,2:2,58.0,True,employed,professional,craft_and_making,1.0,5.0,1053-08-01
18237,1051-52,1_1_2,1,First,71.5,True,employed,professional,human_resources,5.0,2.0,1053-08-01
18238,1051-52,3_2_2,3,2:2,59.9,True,employed,non_professional,research_and_academia,1.0,4.0,1053-08-01
18241,1051-52,3_1_1,3,2:2,59.4,True,employed,non_professional,education,2.0,2.0,1053-08-01
18267,1051-52,2_3_7,2,2:2,58.8,True,unemployed,,,,21.0,1053-08-01
18271,1051-52,1_1_3,1,Third,46.8,True,unemployed,,,,18.0,1053-08-01
18272,1051-52,2_2_5,2,2:1,63.2,False,,,,,,1053-08-01
18276,1051-52,2_1_1,2,2:1,68.1,False,,,,,,1053-08-01
18282,1051-52,2_2_6,2,2:2,57.9,True,employed,professional,heritage_and_curation,1.0,4.0,1053-08-01
18283,1051-52,1_1_4,1,2:1,60.4,True,further_study,,further_study,,3.0,1053-08-01
18286,1051-52,4_2_12,4,First,78.0,True,further_study,,further_study,,4.0,1053-08-01
18292,1051-52,4_2_12,4,First,70.6,True,employed,professional,public_health,5.0,6.0,1053-08-01
18299,1051-52,2_4_10,2,2:1,69.0,True,employed,professional,architecture_and_built_environment,4.0,10.0,1053-08-01
18301,1051-52,2_4_11,2,Third,47.9,False,,,,,,1053-08-01
18304,1051-52,4_2_12,4,2:1,65.4,True,employed,non_professional,education,3.0,9.0,1053-08-01
18308,1051-52,1_1_4,1,2:2,53.2,True,employed,non_professional,management_consulting,1.0,4.0,1053-08-01
18309,1051-52,1_1_3,1,2:2,53.8,True,unemployed,,,,12.0,1053-08-01
18316,1051-52,2_2_6,2,2:2,58.9,True,further_study,,further_study,,5.0,1053-08-01
18322,1051-52,1_1_2,1,2:2,55.5,False,,,,,,1053-08-01
18323,1051-52,2_4_11,2,Third,46.9,False,,,,,,1053-08-01
18334,1051-52,3_1_1,3,2:1,65.2,True,further_study,,further_study,,1.0,1053-08-01
18341,1051-52,2_3_9,2,2:2,52.7,True,employed,non_professional,architecture_and_built_environment,1.0,2.0,1053-08-01
18350,1051-52,2_1_1,2,2:2,50.8,True,employed,non_professional,craft_and_making,3.0,6.0,1053-08-01
18357,1051-52,4_2_12,4,2:2,55.2,True,employed,professional,allied_health_professions,3.0,2.0,1053-08-01
18360,1051-52,2_1_1,2,2:1,68.2,False,,,,,,1053-08-01
18364,1051-52,3_1_1,3,2:1,68.3,False,,,,,,1053-08-01
18369,1051-52,1_2_1,1,2:2,54.9,False,,,,,,1053-08-01
18372,1051-52,1_2_1,1,Third,49.1,True,employed,professional,human_resources,2.0,1.0,1053-08-01
18375,1051-52,1_1_3,1,2:1,65.0,True,unknown,,,,6.0,1053-08-01
18380,1051-52,1_1_2,1,First,73.8,True,employed,professional,hospitality_and_tourism,5.0,10.0,1053-08-01
18390,1051-52,2_4_12,2,2:2,58.3,True,employed,non_professional,architecture_and_built_environment,2.0,5.0,1053-08-01
18394,1051-52,4_2_12,4,First,71.8,True,further_study,,further_study,,2.0,1053-08-01
18401,1051-52,4_2_12,4,2:1,67.2,True,further_study,,further_study,,3.0,1053-08-01
18409,1051-52,2_2_2,2,2:2,58.8,True,unemployed,,,,21.0,1053-08-01
18416,1051-52,2_1_1,2,2:2,50.5,True,employed,non_professional,heritage_and_curation,3.0,7.0,1053-08-01
18421,1051-52,2_2_2,2,2:1,68.9,True,employed,professional,creative_industries,4.0,4.0,1053-08-01
18425,1051-52,4_2_12,4,First,77.4,False,,,,,,1053-08-01
18434,1051-52,1_1_3,1,First,73.5,True,employed,professional,hospitality_and_tourism,5.0,6.0,1053-08-01
18437,1051-52,2_2_6,2,2:2,59.4,False,,,,,,1053-08-01
18439,1051-52,3_1_1,3,2:2,55.0,True,further_study,,further_study,,4.0,1053-08-01
18442,1051-52,2_2_3,2,2:1,63.6,False,,,,,,1053-08-01
18445,1051-52,2_2_5,2,2:1,63.0,False,,,,,,1053-08-01
18450,1051-52,2_4_12,2,2:2,56.3,True,employed,professional,design_and_media,2.0,3.0,1053-08-01
18452,1051-52,1_2_1,1,2:1,61.6,True,employed,non_professional,legal_services,4.0,7.0,1053-08-01
18453,1051-52,2_2_6,2,Third,49.8,True,unemployed,,,,8.0,1053-08-01
18468,1051-52,2_2_3,2,2:2,52.9,False,,,,,,1053-08-01
18474,1051-52,2_3_8,2,2:2,50.0,False,,,,,,1053-08-01
18481,1051-52,1_1_4,1,2:1,66.4,True,employed,non_professional,management_consulting,3.0,7.0,1053-08-01
18482,1051-52,1_1_1,1,First,71.0,True,employed,professional,finance_and_banking,5.0,1.0,1053-08-01
18484,1051-52,1_1_2,1,2:2,56.6,True,employed,non_professional,hospitality_and_tourism,2.0,5.0,1053-08-01
18485,1051-52,3_2_2,3,2:1,69.8,True,unemployed,,,,11.0,1053-08-01
18487,1051-52,2_2_3,2,First,71.2,True,employed,professional,design_and_media,5.0,3.0,1053-08-01
18488,1051-52,1_1_2,1,2:1,68.8,True,employed,non_professional,management_consulting,3.0,3.0,1053-08-01
18495,1051-52,2_4_10,2,2:2,53.2,True,employed,professional,heritage_and_curation,4.0,1.0,1053-08-01
18507,1051-52,2_2_4,2,Third,47.8,True,employed,professional,architecture_and_built_environment,2.0,6.0,1053-08-01
18539,1051-52,2_4_12,2,2:2,54.7,False,,,,,,1053-08-01
18545,1051-52,2_2_6,2,2:2,58.5,True,employed,non_professional,architecture_and_built_environment,2.0,0.0,1053-08-01
18546,1051-52,1_1_1,1,First,77.7,True,unknown,,,,6.0,1053-08-01
18549,1051-52,2_3_8,2,2:2,56.9,True,employed,professional,architecture_and_built_environment,3.0,9.0,1053-08-01
18550,1051-52,4_2_12,4,2:2,56.8,True,further_study,,further_study,,3.0,1053-08-01
18554,1051-52,1_1_4,1,First,71.1,True,employed,non_professional,finance_and_banking,4.0,3.0,1053-08-01
18555,1051-52,1_1_4,1,2:1,63.1,False,,,,,,1053-08-01
18557,1051-52,1_1_2,1,2:1,60.4,True,employed,professional,legal_services,3.0,8.0,1053-08-01
18558,1051-52,4_2_12,4,First,81.1,False,,,,,,1053-08-01
18559,1051-52,1_2_1,1,Third,45.5,True,employed,non_professional,management_consulting,1.0,7.0,1053-08-01
18571,1051-52,2_4_10,2,2:1,70.0,True,further_study,,further_study,,5.0,1053-08-01
18575,1051-52,4_2_12,4,2:2,55.5,True,employed,professional,education,3.0,4.0,1053-08-01
18577,1051-52,2_2_3,2,Third,49.8,True,unemployed,,,,11.0,1053-08-01
18582,1051-52,1_2_1,1,First,71.4,False,,,,,,1053-08-01
18590,1051-52,2_3_9,2,2:2,54.4,False,,,,,,1053-08-01
18597,1051-52,2_2_5,2,2:2,55.8,True,employed,non_professional,design_and_media,1.0,5.0,1053-08-01
18598,1051-52,4_2_12,4,2:2,58.0,True,employed,professional,healthcare_and_nhs,3.0,10.0,1053-08-01
18605,1051-52,2_1_1,2,First,74.2,True,further_study,,further_study,,1.0,1053-08-01
18608,1051-52,2_4_10,2,2:1,61.6,True,further_study,,further_study,,3.0,1053-08-01
18612,1051-52,2_3_7,2,Third,46.7,True,employed,non_professional,heritage_and_curation,2.0,3.0,1053-08-01
18621,1051-52,1_2_1,1,2:1,62.2,False,,,,,,1053-08-01
18628,1051-52,2_2_3,2,2:1,68.2,True,employed,professional,creative_industries,5.0,10.0,1053-08-01
18638,1051-52,2_1_1,2,2:2,57.6,False,,,,,,1053-08-01
18645,1051-52,1_1_3,1,2:2,56.6,True,employed,professional,legal_services,4.0,2.0,1053-08-01
18647,1051-52,1_1_2,1,2:2,57.3,True,employed,professional,legal_services,3.0,2.0,1053-08-01
18651,1051-52,2_3_8,2,2:2,57.9,False,,,,,,1053-08-01
18652,1051-52,2_2_6,2,2:2,52.8,True,employed,professional,design_and_media,3.0,3.0,1053-08-01
18658,1051-52,2_3_7,2,2:1,69.3,False,,,,,,1053-08-01
18663,1051-52,2_2_3,2,First,72.8,True,employed,non_professional,design_and_media,5.0,9.0,1053-08-01
18668,1051-52,2_2_4,2,2:1,69.0,True,employed,non_professional,creative_industries,4.0,4.0,1053-08-01
18669,1051-52,2_4_12,2,2:2,56.4,True,employed,professional,design_and_media,3.0,4.0,1053-08-01
18675,1051-52,2_3_8,2,2:2,57.5,False,,,,,,1053-08-01
18679,1051-52,2_2_4,2,2:1,66.5,True,employed,professional,design_and_media,4.0,4.0,1053-08-01
18695,1051-52,3_2_2,3,2:2,56.2,False,,,,,,1053-08-01
18696,1051-52,1_1_3,1,2:1,61.0,False,,,,,,1053-08-01
18698,1051-52,2_4_12,2,2:1,66.3,True,employed,professional,architecture_and_built_environment,3.0,2.0,1053-08-01
18702,1051-52,2_4_11,2,2:2,56.4,True,employed,non_professional,design_and_media,1.0,1.0,1053-08-01
18703,1051-52,2_3_8,2,2:1,61.9,False,,,,,,1053-08-01
18706,1051-52,4_2_12,4,Third,44.4,True,employed,non_professional,healthcare_and_nhs,2.0,3.0,1053-08-01
18707,1051-52,1_1_4,1,2:1,62.6,True,employed,non_professional,human_resources,4.0,11.0,1053-08-01
18708,1051-52,2_3_7,2,2:2,55.0,True,unemployed,,,,21.0,1053-08-01
18728,1051-52,2_2_6,2,2:1,68.5,True,further_study,,further_study,,2.0,1053-08-01
18741,1051-52,1_2_1,1,2:2,57.2,True,employed,professional,finance_and_banking,2.0,2.0,1053-08-01
18742,1051-52,2_4_12,2,2:1,69.6,True,employed,non_professional,design_and_media,3.0,5.0,1053-08-01
18743,1051-52,2_1_1,2,2:2,54.3,True,employed,professional,creative_industries,3.0,3.0,1053-08-01
18751,1051-52,2_3_8,2,2:2,53.5,False,,,,,,1053-08-01
18771,1051-52,2_2_5,2,2:2,50.5,True,employed,non_professional,design_and_media,2.0,9.0,1053-08-01
18777,1051-52,2_3_8,2,Third,46.9,True,unemployed,,,,9.0,1053-08-01
18779,1051-52,2_4_10,2,Third,48.6,True,further_study,,further_study,,5.0,1053-08-01
18783,1051-52,1_1_4,1,First,71.4,False,,,,,,1053-08-01
18784,1051-52,2_4_10,2,2:1,65.3,True,employed,professional,design_and_media,5.0,8.0,1053-08-01
18786,1051-52,4_2_12,4,2:2,55.0,True,further_study,,further_study,,1.0,1053-08-01
18787,1051-52,2_3_8,2,2:1,62.6,True,employed,professional,creative_industries,4.0,0.0,1053-08-01
18790,1051-52,2_4_10,2,2:1,63.3,True,further_study,,further_study,,1.0,1053-08-01
18797,1051-52,2_2_2,2,2:2,51.7,True,employed,non_professional,creative_industries,2.0,8.0,1053-08-01
18798,1051-52,3_2_2,3,2:1,67.8,True,employed,professional,media_and_communications,4.0,2.0,1053-08-01
18802,1051-52,1_1_4,1,2:1,64.4,False,,,,,,1053-08-01
18803,1051-52,4_2_12,4,2:1,68.2,True,employed,professional,social_care,4.0,3.0,1053-08-01
18805,1051-52,4_2_12,4,Third,49.5,False,,,,,,1053-08-01
18807,1051-52,2_2_4,2,2:1,65.2,False,,,,,,1053-08-01
18817,1051-52,2_2_2,2,First,71.1,True,unemployed,,,,14.0,1053-08-01
18830,1051-52,2_4_12,2,Third,49.2,False,,,,,,1053-08-01
18834,1051-52,2_1_1,2,2:2,59.5,True,employed,professional,craft_and_making,4.0,5.0,1053-08-01
18838,1051-52,2_2_5,2,First,70.8,True,unknown,,,,6.0,1053-08-01
18844,1051-52,2_2_3,2,2:2,58.5,True,unemployed,,,,9.0,1053-08-01
18851,1051-52,4_2_12,4,2:1,65.0,False,,,,,,1053-08-01
18859,1051-52,1_1_2,1,First,72.2,True,employed,professional,legal_services,5.0,3.0,1053-08-01
18868,1051-52,2_4_10,2,2:2,52.3,True,employed,non_professional,design_and_media,2.0,3.0,1053-08-01
18869,1051-52,1_1_2,1,2:2,53.1,False,,,,,,1053-08-01
18873,1051-52,2_3_8,2,2:2,59.6,True,employed,non_professional,craft_and_making,1.0,10.0,1053-08-01
18883,1051-52,1_1_4,1,First,73.1,True,employed,professional,finance_and_banking,5.0,6.0,1053-08-01
18884,1051-52,1_1_5,1,2:2,50.2,False,,,,,,1053-08-01
18886,1051-52,2_1_1,2,Third,45.2,True,employed,non_professional,heritage_and_curation,1.0,4.0,1053-08-01
18887,1051-52,2_3_7,2,2:1,61.8,False,,,,,,1053-08-01
18893,1051-52,1_1_1,1,2:1,68.8,True,employed,non_professional,hospitality_and_tourism,3.0,2.0,1053-08-01
18896,1051-52,1_1_2,1,2:2,59.6,True,employed,professional,management_consulting,3.0,7.0,1053-08-01
18897,1051-52,2_2_3,2,Third,48.7,False,,,,,,1053-08-01
18902,1051-52,2_3_9,2,First,74.7,True,employed,professional,heritage_and_curation,5.0,12.0,1053-08-01
18903,1051-52,2_2_6,2,2:1,63.1,True,employed,professional,craft_and_making,4.0,4.0,1053-08-01
18912,1051-52,2_4_11,2,2:2,52.4,True,employed,professional,architecture_and_built_environment,2.0,9.0,1053-08-01
18914,1051-52,1_1_3,1,First,75.7,True,employed,professional,hospitality_and_tourism,5.0,3.0,1053-08-01
18919,1051-52,2_2_4,2,2:2,56.6,True,further_study,,further_study,,4.0,1053-08-01
18926,1051-52,2_2_4,2,2:1,67.8,True,employed,professional,craft_and_making,4.0,2.0,1053-08-01
18936,1051-52,2_2_5,2,2:2,57.6,False,,,,,,1053-08-01
18941,1051-52,2_3_8,2,2:2,56.7,True,employed,professional,architecture_and_built_environment,4.0,4.0,1053-08-01
18945,1051-52,2_3_7,2,2:1,66.9,False,,,,,,1053-08-01
18950,1051-52,2_2_2,2,2:2,58.7,False,,,,,,1053-08-01
18957,1051-52,1_1_4,1,2:2,56.2,True,employed,non_professional,human_resources,2.0,4.0,1053-08-01
18960,1051-52,2_2_2,2,2:1,61.4,True,employed,non_professional,architecture_and_built_environment,3.0,4.0,1053-08-01
18963,1051-52,1_1_5,1,2:2,55.6,True,employed,non_professional,hospitality_and_tourism,2.0,3.0,1053-08-01
18964,1051-52,1_1_5,1,Third,48.6,False,,,,,,1053-08-01
18975,1051-52,3_2_2,3,2:2,57.0,True,employed,non_professional,education,3.0,2.0,1053-08-01
18984,1051-52,2_3_7,2,2:2,51.2,False,,,,,,1053-08-01
18987,1051-52,2_3_8,2,2:1,62.0,True,further_study,,further_study,,4.0,1053-08-01
18994,1051-52,4_2_12,4,2:2,50.3,True,further_study,,further_study,,0.0,1053-08-01
19001,1051-52,2_2_2,2,2:2,59.6,True,employed,professional,creative_industries,3.0,6.0,1053-08-01
19003,1051-52,1_1_2,1,First,73.9,False,,,,,,1053-08-01
19007,1051-52,2_4_12,2,2:1,66.2,False,,,,,,1053-08-01
19009,1051-52,2_3_7,2,2:2,52.1,False,,,,,,1053-08-01
19016,1051-52,2_2_3,2,2:2,55.1,True,employed,professional,architecture_and_built_environment,3.0,6.0,1053-08-01
19020,1051-52,3_2_2,3,2:1,66.4,True,further_study,,further_study,,4.0,1053-08-01
19025,1051-52,4_2_12,4,Third,48.3,True,employed,non_professional,public_health,1.0,4.0,1053-08-01
19031,1051-52,2_3_9,2,2:1,68.1,False,,,,,,1053-08-01
19039,1051-52,1_2_1,1,2:2,58.4,True,further_study,,further_study,,2.0,1053-08-01
19041,1051-52,1_2_1,1,2:1,63.8,True,further_study,,further_study,,2.0,1053-08-01
19047,1051-52,2_2_4,2,2:1,61.7,True,employed,professional,craft_and_making,4.0,3.0,1053-08-01
19053,1051-52,2_3_8,2,2:2,56.5,True,further_study,,further_study,,1.0,1053-08-01
19054,1051-52,4_2_12,4,2:2,58.0,True,employed,professional,allied_health_professions,3.0,7.0,1053-08-01
19057,1051-52,1_2_1,1,2:1,63.2,False,,,,,,1053-08-01
19063,1051-52,2_2_5,2,2:1,62.6,True,employed,professional,creative_industries,5.0,1.0,1053-08-01
19064,1051-52,4_2_12,4,2:2,56.0,True,employed,professional,education,3.0,5.0,1053-08-01
19066,1051-52,2_2_4,2,2:1,61.3,False,,,,,,1053-08-01
19078,1051-52,4_2_12,4,2:1,64.3,False,,,,,,1053-08-01
19079,1051-52,1_1_5,1,2:2,57.9,False,,,,,,1053-08-01
19081,1051-52,2_3_7,2,2:2,51.3,True,employed,non_professional,heritage_and_curation,3.0,9.0,1053-08-01
19102,1051-52,1_1_4,1,2:1,65.3,False,,,,,,1053-08-01
19103,1051-52,2_2_4,2,2:1,60.3,False,,,,,,1053-08-01
19105,1051-52,2_2_6,2,2:1,62.5,True,employed,non_professional,heritage_and_curation,4.0,6.0,1053-08-01
19110,1051-52,1_1_2,1,2:2,58.3,True,unemployed,,,,11.0,1053-08-01
19116,1051-52,2_2_5,2,First,71.8,True,employed,professional,architecture_and_built_environment,5.0,3.0,1053-08-01
19122,1051-52,4_2_12,4,2:1,60.1,True,unemployed,,,,8.0,1053-08-01
19124,1051-52,1_1_3,1,2:2,58.5,True,employed,non_professional,human_resources,2.0,6.0,1053-08-01
19126,1051-52,1_1_3,1,2:1,63.2,True,further_study,,further_study,,2.0,1053-08-01
19130,1051-52,2_4_10,2,2:2,56.9,True,employed,professional,craft_and_making,3.0,1.0,1053-08-01
19131,1051-52,2_2_3,2,2:1,63.9,False,,,,,,1053-08-01
19135,1051-52,2_1_1,2,2:2,52.6,True,employed,non_professional,heritage_and_curation,3.0,9.0,1053-08-01
19139,1051-52,2_4_10,2,2:1,68.8,False,,,,,,1053-08-01
19141,1051-52,2_2_3,2,2:2,57.2,True,unknown,,,,9.0,1053-08-01
19147,1051-52,2_1_1,2,2:2,59.1,True,employed,non_professional,heritage_and_curation,3.0,7.0,1053-08-01
19148,1051-52,2_3_7,2,2:1,68.8,True,further_study,,further_study,,1.0,1053-08-01
19149,1051-52,1_1_1,1,2:1,65.4,False,,,,,,1053-08-01
19151,1051-52,2_2_3,2,2:2,59.1,True,employed,non_professional,design_and_media,2.0,6.0,1053-08-01
19158,1051-52,2_2_4,2,2:1,67.5,False,,,,,,1053-08-01
19166,1051-52,2_3_8,2,2:1,68.5,True,further_study,,further_study,,3.0,1053-08-01
19168,1051-52,1_1_2,1,2:1,62.4,True,employed,professional,hospitality_and_tourism,4.0,3.0,1053-08-01
19169,1051-52,2_4_12,2,2:1,63.8,True,employed,professional,creative_industries,4.0,10.0,1053-08-01
19176,1051-52,2_2_5,2,Third,45.1,True,employed,non_professional,creative_industries,2.0,9.0,1053-08-01
19182,1051-52,1_1_3,1,2:1,65.2,False,,,,,,1053-08-01
19184,1051-52,2_2_6,2,2:1,69.5,True,employed,professional,creative_industries,4.0,10.0,1053-08-01
19186,1051-52,2_2_4,2,2:2,51.6,True,further_study,,further_study,,5.0,1053-08-01
19191,1051-52,3_2_2,3,2:2,54.3,True,unemployed,,,,14.0,1053-08-01
19193,1051-52,1_1_5,1,2:1,64.0,True,employed,professional,human_resources,4.0,6.0,1053-08-01
19200,1051-52,2_4_11,2,2:1,69.0,True,employed,professional,architecture_and_built_environment,4.0,5.0,1053-08-01
19204,1051-52,3_2_2,3,2:1,64.6,False,,,,,,1053-08-01
19206,1051-52,1_1_5,1,2:1,64.7,False,,,,,,1053-08-01
19209,1051-52,1_1_4,1,2:2,55.3,True,employed,professional,legal_services,2.0,3.0,1053-08-01
19212,1051-52,2_1_1,2,2:1,61.0,True,employed,non_professional,architecture_and_built_environment,4.0,6.0,1053-08-01
19214,1051-52,2_2_2,2,2:2,59.8,True,employed,non_professional,architecture_and_built_environment,2.0,5.0,1053-08-01
19221,1051-52,1_1_2,1,2:2,53.5,True,further_study,,further_study,,4.0,1053-08-01
19223,1051-52,2_2_5,2,Third,49.9,False,,,,,,1053-08-01
19224,1051-52,1_1_4,1,2:2,57.2,True,employed,non_professional,hospitality_and_tourism,2.0,2.0,1053-08-01
19240,1051-52,2_3_7,2,2:1,61.9,True,employed,professional,heritage_and_curation,4.0,5.0,1053-08-01
19244,1051-52,1_1_1,1,2:2,58.6,True,unemployed,,,,7.0,1053-08-01
19253,1051-52,2_1_1,2,Third,49.3,True,further_study,,further_study,,3.0,1053-08-01
19255,1051-52,2_2_3,2,2:1,66.1,True,employed,non_professional,design_and_media,3.0,1.0,1053-08-01
19258,1051-52,1_1_3,1,2:1,60.2,True,unemployed,,,,7.0,1053-08-01
19262,1051-52,2_3_7,2,2:1,62.6,False,,,,,,1053-08-01
19265,1051-52,1_1_4,1,2:2,53.5,False,,,,,,1053-08-01
19268,1051-52,4_2_12,4,2:2,56.6,True,employed,professional,allied_health_professions,3.0,2.0,1053-08-01
19276,1051-52,2_2_3,2,2:2,58.7,True,employed,non_professional,architecture_and_built_environment,2.0,6.0,1053-08-01
19277,1051-52,2_4_12,2,Third,43.2,True,employed,non_professional,creative_industries,1.0,3.0,1053-08-01
19281,1051-52,2_3_8,2,2:1,61.1,True,employed,professional,heritage_and_curation,4.0,5.0,1053-08-01
19289,1051-52,2_2_6,2,First,70.8,True,employed,non_professional,architecture_and_built_environment,5.0,1.0,1053-08-01
19291,1051-52,2_4_12,2,First,71.4,True,employed,professional,heritage_and_curation,5.0,4.0,1053-08-01
19298,1051-52,2_2_2,2,2:1,68.0,True,further_study,,further_study,,3.0,1053-08-01
19301,1051-52,2_2_4,2,2:2,55.2,False,,,,,,1053-08-01
19306,1051-52,1_1_4,1,2:2,51.6,True,employed,professional,human_resources,3.0,2.0,1053-08-01
19307,1051-52,2_3_8,2,2:1,61.3,False,,,,,,1053-08-01
19310,1051-52,2_2_5,2,2:1,63.4,True,employed,professional,design_and_media,3.0,2.0,1053-08-01
19317,1051-52,2_2_4,2,2:1,61.5,True,employed,professional,heritage_and_curation,5.0,5.0,1053-08-01
19323,1051-52,2_3_7,2,2:2,57.9,False,,,,,,1053-08-01
19324,1051-52,1_2_1,1,2:2,56.7,True,employed,non_professional,management_consulting,2.0,11.0,1053-08-01
19326,1051-52,2_3_9,2,First,76.2,True,further_study,,further_study,,2.0,1053-08-01
19327,1051-52,2_4_10,2,2:2,55.0,True,further_study,,further_study,,3.0,1053-08-01
19331,1051-52,2_2_6,2,Third,47.9,True,employed,non_professional,architecture_and_built_environment,3.0,4.0,1053-08-01
19332,1051-52,1_1_5,1,2:1,63.5,False,,,,,,1053-08-01
19341,1051-52,2_4_12,2,First,71.0,True,unemployed,,,,16.0,1053-08-01
19343,1051-52,1_2_1,1,2:2,52.7,True,employed,professional,legal_services,2.0,7.0,1053-08-01
19346,1051-52,1_1_5,1,Third,49.8,True,employed,non_professional,human_resources,2.0,6.0,1053-08-01
19351,1051-52,2_2_5,2,2:2,54.2,True,unemployed,,,,19.0,1053-08-01
19356,1051-52,2_2_5,2,Third,47.0,True,further_study,,further_study,,3.0,1053-08-01
19357,1051-52,2_3_8,2,2:2,59.9,True,employed,professional,architecture_and_built_environment,4.0,10.0,1053-08-01
19362,1051-52,1_1_3,1,2:2,59.4,True,employed,non_professional,management_consulting,3.0,6.0,1053-08-01
19375,1051-52,2_3_9,2,Third,49.1,True,employed,professional,heritage_and_curation,1.0,3.0,1053-08-01
19379,1051-52,1_1_5,1,2:1,69.4,False,,,,,,1053-08-01
19384,1051-52,2_4_12,2,2:2,52.5,True,unemployed,,,,22.0,1053-08-01
19389,1051-52,2_2_2,2,2:2,59.0,True,unemployed,,,,15.0,1053-08-01
19390,1051-52,4_2_12,4,2:2,50.2,False,,,,,,1053-08-01
19394,1051-52,2_2_6,2,2:1,67.5,True,unemployed,,,,19.0,1053-08-01
19399,1051-52,2_3_8,2,2:1,67.0,True,employed,professional,heritage_and_curation,4.0,3.0,1053-08-01
19404,1051-52,1_2_1,1,2:2,57.4,False,,,,,,1053-08-01
19406,1051-52,2_2_5,2,2:1,69.3,True,employed,non_professional,creative_industries,3.0,3.0,1053-08-01
19413,1051-52,2_2_6,2,2:1,66.0,True,employed,professional,heritage_and_curation,4.0,7.0,1053-08-01
19416,1051-52,4_2_12,4,Third,46.3,True,employed,non_professional,allied_health_professions,3.0,6.0,1053-08-01
19420,1051-52,2_1_1,2,2:1,62.1,True,employed,professional,design_and_media,4.0,6.0,1053-08-01
19428,1051-52,1_1_4,1,2:2,56.5,True,employed,non_professional,finance_and_banking,2.0,4.0,1053-08-01
19432,1051-52,2_3_7,2,First,70.9,True,further_study,,further_study,,2.0,1053-08-01
19433,1051-52,4_2_12,4,2:2,57.7,True,employed,professional,public_health,3.0,8.0,1053-08-01
19442,1051-52,2_2_4,2,2:2,59.5,False,,,,,,1053-08-01
19444,1051-52,2_4_11,2,2:1,66.7,True,employed,professional,architecture_and_built_environment,3.0,3.0,1053-08-01
19446,1051-52,2_2_3,2,2:2,58.4,True,employed,professional,creative_industries,3.0,1.0,1053-08-01
19449,1051-52,2_4_11,2,2:2,55.0,True,employed,non_professional,craft_and_making,2.0,2.0,1053-08-01
19451,1051-52,2_3_9,2,2:1,62.8,True,further_study,,further_study,,2.0,1053-08-01
19455,1051-52,3_1_1,3,First,75.9,True,employed,professional,public_sector_and_civil_service,5.0,5.0,1053-08-01
19456,1051-52,2_4_12,2,2:2,57.4,True,employed,professional,creative_industries,3.0,8.0,1053-08-01
19458,1051-52,2_1_1,2,2:2,53.5,False,,,,,,1053-08-01
19461,1051-52,1_1_3,1,2:1,63.6,True,employed,professional,human_resources,3.0,2.0,1053-08-01
19465,1051-52,2_2_3,2,2:1,68.3,False,,,,,,1053-08-01
19471,1051-52,2_2_2,2,2:1,60.6,True,employed,professional,heritage_and_curation,4.0,2.0,1053-08-01
19476,1051-52,2_1_1,2,2:1,60.8,False,,,,,,1053-08-01
19486,1051-52,2_3_7,2,2:1,61.2,True,employed,non_professional,design_and_media,3.0,4.0,1053-08-01
19488,1051-52,3_2_2,3,First,72.1,True,further_study,,further_study,,1.0,1053-08-01
19491,1051-52,2_2_2,2,2:1,67.2,True,further_study,,further_study,,1.0,1053-08-01
19501,1051-52,2_2_2,2,2:2,59.3,True,employed,professional,craft_and_making,3.0,4.0,1053-08-01
19505,1051-52,2_4_10,2,2:2,59.6,True,employed,non_professional,craft_and_making,2.0,10.0,1053-08-01
19507,1051-52,1_1_5,1,2:1,60.5,True,employed,professional,management_consulting,4.0,5.0,1053-08-01
19517,1051-52,1_1_3,1,2:2,58.5,True,employed,non_professional,human_resources,2.0,4.0,1053-08-01
19518,1051-52,1_1_3,1,2:2,56.9,False,,,,,,1053-08-01
19526,1051-52,1_1_2,1,2:1,63.6,True,employed,non_professional,human_resources,4.0,9.0,1053-08-01
19527,1051-52,2_4_11,2,2:2,51.3,True,employed,non_professional,creative_industries,2.0,7.0,1053-08-01
19528,1051-52,2_2_5,2,2:1,65.4,False,,,,,,1053-08-01
19530,1051-52,1_1_5,1,Third,49.9,True,employed,non_professional,legal_services,2.0,7.0,1053-08-01
19531,1051-52,2_3_7,2,First,76.5,True,employed,professional,architecture_and_built_environment,5.0,4.0,1053-08-01
19535,1051-52,2_4_10,2,2:2,57.4,True,employed,non_professional,architecture_and_built_environment,2.0,8.0,1053-08-01
19538,1051-52,1_1_2,1,2:1,63.8,False,,,,,,1053-08-01
19539,1051-52,2_3_9,2,First,72.4,True,employed,professional,craft_and_making,5.0,4.0,1053-08-01
19544,1051-52,2_3_7,2,2:2,56.2,True,employed,non_professional,architecture_and_built_environment,2.0,7.0,1053-08-01
19548,1051-52,1_1_2,1,First,70.1,False,,,,,,1053-08-01
19549,1051-52,1_1_3,1,2:2,54.0,True,employed,professional,hospitality_and_tourism,3.0,5.0,1053-08-01
19553,1051-52,4_2_12,4,First,70.0,True,further_study,,further_study,,3.0,1053-08-01
19554,1051-52,4_2_12,4,2:1,61.8,False,,,,,,1053-08-01
19560,1051-52,1_1_2,1,2:2,51.7,True,employed,professional,legal_services,3.0,6.0,1053-08-01
19564,1051-52,4_2_12,4,2:1,61.8,False,,,,,,1053-08-01
19565,1051-52,2_2_6,2,2:2,52.9,False,,,,,,1053-08-01
19568,1051-52,1_1_4,1,2:1,62.2,True,employed,professional,management_consulting,4.0,1.0,1053-08-01
19572,1051-52,2_2_3,2,First,72.2,True,employed,professional,design_and_media,5.0,2.0,1053-08-01
19575,1051-52,2_2_2,2,2:1,63.0,True,employed,non_professional,creative_industries,4.0,6.0,1053-08-01
19585,1051-52,2_2_3,2,2:1,63.2,True,employed,professional,design_and_media,5.0,3.0,1053-08-01
19589,1051-52,2_2_3,2,2:1,68.8,True,employed,non_professional,architecture_and_built_environment,3.0,8.0,1053-08-01
19591,1051-52,1_1_2,1,2:1,61.6,True,employed,non_professional,human_resources,3.0,8.0,1053-08-01
19592,1051-52,2_4_12,2,2:1,62.5,False,,,,,,1053-08-01
19593,1051-52,1_1_5,1,2:2,53.9,True,employed,professional,management_consulting,3.0,7.0,1053-08-01
19594,1051-52,2_2_4,2,2:2,57.1,True,employed,professional,craft_and_making,3.0,9.0,1053-08-01
19596,1051-52,4_2_12,4,2:2,51.1,True,further_study,,further_study,,3.0,1053-08-01
19602,1051-52,3_2_2,3,2:1,60.2,False,,,,,,1053-08-01
19605,1051-52,2_2_5,2,2:1,60.8,True,further_study,,further_study,,1.0,1053-08-01
19610,1051-52,1_1_1,1,2:2,50.5,False,,,,,,1053-08-01
19615,1051-52,2_4_12,2,2:1,64.5,True,unemployed,,,,18.0,1053-08-01
19621,1051-52,2_3_7,2,2:2,57.9,True,employed,non_professional,creative_industries,1.0,2.0,1053-08-01
19622,1051-52,2_4_12,2,Third,48.0,False,,,,,,1053-08-01
19623,1051-52,2_3_8,2,2:1,60.1,True,employed,professional,heritage_and_curation,4.0,3.0,1053-08-01
19629,1051-52,2_1_1,2,2:1,69.2,False,,,,,,1053-08-01
19630,1051-52,3_2_2,3,2:1,63.0,False,,,,,,1053-08-01
19631,1051-52,1_1_5,1,2:1,61.4,False,,,,,,1053-08-01
19632,1051-52,1_1_5,1,2:1,68.7,False,,,,,,1053-08-01
19633,1051-52,2_3_8,2,First,72.8,False,,,,,,1053-08-01
19636,1051-52,4_2_12,4,2:1,67.2,True,employed,professional,public_health,4.0,2.0,1053-08-01
19638,1051-52,2_4_10,2,2:2,57.0,False,,,,,,1053-08-01
19644,1051-52,1_1_2,1,2:1,64.8,True,further_study,,further_study,,5.0,1053-08-01
19654,1051-52,2_2_4,2,2:2,53.3,False,,,,,,1053-08-01
19662,1051-52,4_2_12,4,First,73.5,True,further_study,,further_study,,1.0,1053-08-01
19663,1051-52,3_1_1,3,2:2,55.7,True,employed,non_professional,education,3.0,1.0,1053-08-01
19664,1051-52,2_4_10,2,2:2,57.7,False,,,,,,1053-08-01
19676,1051-52,4_2_12,4,2:1,62.5,False,,,,,,1053-08-01
19692,1051-52,2_1_1,2,2:2,58.6,True,employed,non_professional,architecture_and_built_environment,2.0,5.0,1053-08-01
19693,1051-52,4_2_12,4,2:1,60.6,True,employed,professional,healthcare_and_nhs,5.0,4.0,1053-08-01
19697,1051-52,4_2_12,4,2:2,56.1,True,employed,professional,healthcare_and_nhs,3.0,2.0,1053-08-01
19698,1051-52,2_3_7,2,2:2,56.4,False,,,,,,1053-08-01
19708,1051-52,2_2_6,2,2:2,57.5,True,employed,non_professional,craft_and_making,2.0,11.0,1053-08-01
19713,1051-52,2_3_8,2,2:2,56.8,True,employed,non_professional,design_and_media,2.0,6.0,1053-08-01
19717,1051-52,1_2_1,1,2:1,66.5,True,further_study,,further_study,,4.0,1053-08-01
19727,1051-52,2_3_7,2,2:1,60.4,True,employed,professional,craft_and_making,2.0,2.0,1053-08-01
19731,1051-52,2_3_8,2,2:1,66.3,True,employed,non_professional,craft_and_making,4.0,2.0,1053-08-01
19741,1051-52,2_3_8,2,2:1,66.0,True,employed,professional,craft_and_making,4.0,4.0,1053-08-01
19742,1051-52,1_1_3,1,Third,48.5,False,,,,,,1053-08-01
19746,1051-52,2_2_3,2,2:2,54.0,False,,,,,,1053-08-01
19749,1051-52,2_2_3,2,2:2,59.6,False,,,,,,1053-08-01
19752,1051-52,2_3_8,2,2:1,66.3,True,unemployed,,,,13.0,1053-08-01
19757,1051-52,2_3_7,2,2:2,50.3,False,,,,,,1053-08-01
19766,1051-52,2_2_2,2,2:1,67.4,False,,,,,,1053-08-01
19769,1051-52,2_3_8,2,First,70.3,False,,,,,,1053-08-01
19772,1051-52,1_1_2,1,2:1,60.0,True,unknown,,,,8.0,1053-08-01
19778,1051-52,2_3_8,2,2:1,66.3,True,further_study,,further_study,,2.0,1053-08-01
19779,1051-52,2_2_2,2,Third,49.1,True,employed,non_professional,architecture_and_built_environment,3.0,5.0,1053-08-01
19780,1051-52,1_1_2,1,2:1,62.9,True,employed,professional,hospitality_and_tourism,4.0,3.0,1053-08-01
19781,1051-52,3_1_1,3,2:1,62.1,False,,,,,,1053-08-01
19782,1051-52,2_1_1,2,2:2,54.2,False,,,,,,1053-08-01
19783,1051-52,1_1_3,1,2:1,66.8,False,,,,,,1053-08-01
19785,1051-52,1_1_3,1,Third,47.0,True,employed,professional,management_consulting,3.0,3.0,1053-08-01
19791,1051-52,1_1_1,1,2:1,60.7,False,,,,,,1053-08-01
19796,1051-52,2_4_12,2,2:2,58.1,True,unemployed,,,,10.0,1053-08-01
19799,1051-52,2_3_8,2,2:1,68.3,True,unemployed,,,,16.0,1053-08-01
19802,1051-52,2_2_4,2,2:2,53.3,True,employed,non_professional,creative_industries,2.0,11.0,1053-08-01
19804,1051-52,2_2_5,2,2:2,57.3,True,unemployed,,,,20.0,1053-08-01
19812,1051-52,3_1_1,3,2:1,68.3,True,employed,non_professional,public_sector_and_civil_service,3.0,6.0,1053-08-01
19822,1051-52,1_1_2,1,2:2,52.8,True,employed,professional,management_consulting,2.0,6.0,1053-08-01
19830,1051-52,2_3_7,2,2:1,65.0,True,unemployed,,,,18.0,1053-08-01
19838,1051-52,2_3_7,2,2:2,53.9,True,employed,professional,craft_and_making,3.0,2.0,1053-08-01
19841,1051-52,1_1_4,1,First,70.0,True,employed,professional,hospitality_and_tourism,5.0,4.0,1053-08-01
19846,1051-52,2_2_4,2,2:2,55.2,True,employed,non_professional,heritage_and_curation,2.0,9.0,1053-08-01
19850,1051-52,4_2_12,4,2:2,58.4,False,,,,,,1053-08-01
19851,1051-52,1_1_2,1,2:1,60.3,True,employed,professional,management_consulting,5.0,5.0,1053-08-01
19854,1051-52,2_2_5,2,2:2,56.2,True,employed,non_professional,craft_and_making,1.0,5.0,1053-08-01
19860,1051-52,2_2_5,2,2:1,69.1,True,employed,professional,design_and_media,4.0,6.0,1053-08-01
19861,1051-52,2_2_6,2,2:1,66.3,True,employed,professional,craft_and_making,4.0,5.0,1053-08-01
19863,1051-52,1_1_5,1,2:2,58.2,True,employed,professional,hospitality_and_tourism,3.0,4.0,1053-08-01
19874,1051-52,2_1_1,2,2:2,58.1,False,,,,,,1053-08-01
19878,1051-52,2_2_5,2,2:1,61.4,True,unknown,,,,16.0,1053-08-01
19879,1051-52,2_1_1,2,2:1,64.0,False,,,,,,1053-08-01
19883,1051-52,4_2_12,4,First,70.7,True,employed,professional,public_health,5.0,6.0,1053-08-01
19886,1051-52,2_2_6,2,2:1,70.0,True,employed,non_professional,design_and_media,3.0,6.0,1053-08-01
19892,1051-52,2_2_4,2,2:2,54.4,True,employed,non_professional,craft_and_making,2.0,5.0,1053-08-01
19899,1051-52,2_3_9,2,2:1,66.2,True,employed,professional,architecture_and_built_environment,4.0,6.0,1053-08-01
19907,1051-52,1_1_4,1,2:1,61.0,True,employed,professional,human_resources,4.0,4.0,1053-08-01
19924,1051-52,1_1_2,1,First,70.4,False,,,,,,1053-08-01
19930,1051-52,1_1_3,1,2:2,57.2,True,unemployed,,,,19.0,1053-08-01
19939,1051-52,2_4_10,2,2:1,63.2,True,employed,non_professional,design_and_media,2.0,4.0,1053-08-01
19947,1051-52,2_4_12,2,2:1,69.9,True,further_study,,further_study,,3.0,1053-08-01
19948,1051-52,2_3_9,2,2:1,62.4,False,,,,,,1053-08-01
19950,1051-52,2_3_8,2,2:1,62.3,True,employed,non_professional,architecture_and_built_environment,3.0,6.0,1053-08-01
19956,1051-52,4_2_12,4,2:2,57.2,True,employed,professional,allied_health_professions,3.0,4.0,1053-08-01
19958,1051-52,2_2_5,2,2:2,54.6,False,,,,,,1053-08-01
19960,1051-52,2_2_6,2,2:2,55.4,True,employed,professional,creative_industries,3.0,2.0,1053-08-01
19961,1051-52,2_4_11,2,2:2,59.9,False,,,,,,1053-08-01
19964,1051-52,1_2_1,1,2:2,51.9,True,unemployed,,,,14.0,1053-08-01
19967,1051-52,2_1_1,2,2:1,63.6,True,employed,professional,creative_industries,5.0,4.0,1053-08-01
19972,1051-52,2_2_2,2,2:2,57.7,True,unemployed,,,,22.0,1053-08-01
19974,1051-52,2_4_12,2,2:2,56.5,True,unknown,,,,14.0,1053-08-01
19983,1051-52,2_2_2,2,First,73.8,True,further_study,,further_study,,2.0,1053-08-01
19985,1051-52,4_2_12,4,2:2,57.1,True,further_study,,further_study,,4.0,1053-08-01
19989,1051-52,2_4_12,2,2:1,67.1,True,further_study,,further_study,,1.0,1053-08-01
19990,1051-52,1_1_2,1,2:1,60.5,False,,,,,,1053-08-01
2891,1051-52,2_2_5,2,2:2,53.4,True,employed,professional,creative_industries,2.0,8.0,1053-08-01
3017,1051-52,2_1_1,2,Third,45.7,True,further_study,,further_study,,2.0,1053-08-01
3259,1051-52,1_2_1,1,2:2,50.3,True,employed,non_professional,hospitality_and_tourism,1.0,3.0,1053-08-01
3406,1051-52,2_1_1,2,2:2,56.8,False,,,,,,1053-08-01
3505,1051-52,2_2_6,2,Third,48.7,True,further_study,,further_study,,3.0,1053-08-01
3588,1051-52,4_2_12,4,2:2,56.0,True,employed,non_professional,social_care,2.0,2.0,1053-08-01
3961,1051-52,3_1_1,3,Third,49.0,True,employed,professional,research_and_academia,3.0,3.0,1053-08-01
4271,1051-52,4_2_12,4,Third,49.7,False,,,,,,1053-08-01
4303,1051-52,1_1_2,1,2:2,53.9,False,,,,,,1053-08-01
4319,1051-52,2_2_6,2,2:2,55.2,False,,,,,,1053-08-01
4668,1051-52,2_3_7,2,2:2,51.2,True,further_study,,further_study,,4.0,1053-08-01
5026,1051-52,1_1_3,1,2:2,52.1,False,,,,,,1053-08-01
5299,1051-52,1_1_5,1,2:2,59.4,True,unemployed,,,,20.0,1053-08-01
5326,1051-52,2_4_11,2,Third,46.5,False,,,,,,1053-08-01
5528,1051-52,1_1_3,1,Third,47.6,False,,,,,,1053-08-01
5581,1051-52,2_4_12,2,Third,45.6,False,,,,,,1053-08-01
5828,1051-52,2_2_5,2,Third,49.7,False,,,,,,1053-08-01
5924,1051-52,2_2_5,2,Third,47.0,True,employed,non_professional,creative_industries,2.0,1.0,1053-08-01
5931,1051-52,2_2_4,2,2:2,50.9,True,employed,professional,heritage_and_curation,2.0,6.0,1053-08-01
5971,1051-52,2_3_8,2,Third,49.6,True,employed,non_professional,design_and_media,1.0,7.0,1053-08-01
6042,1051-52,2_2_5,2,Third,47.8,False,,,,,,1053-08-01
6355,1051-52,2_4_12,2,2:1,61.9,True,employed,professional,heritage_and_curation,4.0,3.0,1053-08-01
6433,1051-52,4_2_12,4,2:2,56.8,False,,,,,,1053-08-01
6534,1051-52,2_4_12,2,2:2,56.9,True,employed,non_professional,creative_industries,2.0,4.0,1053-08-01
6549,1051-52,2_2_4,2,2:2,53.5,True,employed,non_professional,design_and_media,2.0,0.0,1053-08-01
6696,1051-52,2_4_12,2,Third,45.2,True,further_study,,further_study,,1.0,1053-08-01
6806,1051-52,2_3_8,2,2:2,50.8,True,employed,non_professional,design_and_media,2.0,10.0,1053-08-01
6868,1051-52,2_2_4,2,Third,44.9,True,employed,non_professional,craft_and_making,2.0,9.0,1053-08-01
6877,1051-52,2_4_12,2,Third,48.4,True,employed,non_professional,creative_industries,1.0,9.0,1053-08-01
6901,1051-52,2_3_7,2,2:2,51.9,True,unemployed,,,,13.0,1053-08-01
7121,1051-52,4_2_12,4,Third,48.5,False,,,,,,1053-08-01
7245,1051-52,2_2_5,2,Third,47.1,True,employed,non_professional,creative_industries,2.0,3.0,1053-08-01
7252,1051-52,4_2_12,4,Third,41.5,False,,,,,,1053-08-01
7254,1051-52,2_2_2,2,2:2,55.5,True,unemployed,,,,14.0,1053-08-01
7280,1051-52,2_2_2,2,Third,48.0,True,employed,non_professional,design_and_media,2.0,3.0,1053-08-01
7298,1051-52,2_2_2,2,2:1,66.0,True,employed,non_professional,creative_industries,4.0,7.0,1053-08-01
7663,1051-52,2_4_12,2,Third,46.8,True,unemployed,,,,16.0,1053-08-01
7730,1051-52,2_3_7,2,2:2,50.2,True,employed,professional,architecture_and_built_environment,3.0,5.0,1053-08-01
7862,1051-52,2_3_8,2,2:2,51.5,True,unknown,,,,6.0,1053-08-01
7983,1051-52,2_2_5,2,Third,46.6,True,employed,non_professional,design_and_media,2.0,3.0,1053-08-01
8002,1051-52,2_4_10,2,Third,46.3,True,unknown,,,,9.0,1053-08-01
8031,1051-52,1_2_1,1,Third,50.0,True,employed,non_professional,legal_services,2.0,6.0,1053-08-01
8045,1051-52,2_2_5,2,2:2,51.7,True,employed,non_professional,architecture_and_built_environment,1.0,1.0,1053-08-01
8064,1051-52,1_1_3,1,2:2,59.4,True,unknown,,,,8.0,1053-08-01
8074,1051-52,2_4_10,2,2:2,51.4,True,employed,non_professional,design_and_media,2.0,5.0,1053-08-01
8165,1051-52,2_4_12,2,Third,48.4,False,,,,,,1053-08-01
8179,1051-52,3_2_2,3,2:2,51.9,False,,,,,,1053-08-01
8253,1051-52,2_4_12,2,Third,49.2,False,,,,,,1053-08-01
8502,1051-52,3_2_2,3,2:2,58.0,True,employed,non_professional,research_and_academia,2.0,4.0,1053-08-01
8537,1051-52,1_1_3,1,2:2,55.2,False,,,,,,1053-08-01
8756,1051-52,1_1_2,1,2:2,50.8,False,,,,,,1053-08-01
8835,1051-52,1_1_3,1,2:2,52.9,False,,,,,,1053-08-01
9071,1051-52,2_2_2,2,2:2,54.7,False,,,,,,1053-08-01
9175,1051-52,2_2_5,2,2:2,51.0,True,employed,non_professional,heritage_and_curation,2.0,3.0,1053-08-01
9303,1051-52,2_2_5,2,2:2,50.4,True,employed,professional,heritage_and_curation,2.0,1.0,1053-08-01
9331,1051-52,2_2_2,2,2:2,50.5,False,,,,,,1053-08-01
9369,1051-52,2_2_2,2,2:1,68.7,True,employed,professional,craft_and_making,4.0,7.0,1053-08-01
9456,1051-52,1_1_4,1,Third,47.7,True,unemployed,,,,19.0,1053-08-01
9468,1051-52,2_2_3,2,2:2,53.4,True,employed,professional,design_and_media,2.0,3.0,1053-08-01
9618,1051-52,2_4_10,2,Third,46.7,False,,,,,,1053-08-01
9858,1051-52,2_4_12,2,2:2,54.6,True,further_study,,further_study,,3.0,1053-08-01
10013,1052-53,1_1_3,1,2:2,51.6,True,unemployed,,,,16.0,1054-08-01
10502,1052-53,2_1_1,2,Third,42.2,True,employed,non_professional,design_and_media,2.0,7.0,1054-08-01
10608,1052-53,2_2_2,2,Third,48.8,True,employed,non_professional,creative_industries,2.0,7.0,1054-08-01
10698,1052-53,2_3_8,2,2:1,60.9,True,employed,professional,creative_industries,3.0,9.0,1054-08-01
11054,1052-53,2_3_9,2,Third,48.6,True,employed,non_professional,creative_industries,2.0,4.0,1054-08-01
11260,1052-53,1_1_3,1,2:2,51.7,True,unemployed,,,,19.0,1054-08-01
11312,1052-53,2_3_9,2,2:2,57.4,True,further_study,,further_study,,1.0,1054-08-01
11474,1052-53,3_2_2,3,Third,45.7,False,,,,,,1054-08-01
1148,1052-53,2_2_6,2,2:2,53.1,True,unemployed,,,,12.0,1054-08-01
11646,1052-53,2_4_11,2,Third,49.6,False,,,,,,1054-08-01
11873,1052-53,2_2_5,2,Third,44.0,True,unemployed,,,,14.0,1054-08-01
12008,1052-53,1_1_4,1,2:2,52.9,False,,,,,,1054-08-01
12037,1052-53,2_4_10,2,Third,45.9,False,,,,,,1054-08-01
12057,1052-53,2_4_10,2,2:2,54.5,True,further_study,,further_study,,1.0,1054-08-01
12066,1052-53,2_3_8,2,2:2,52.9,True,further_study,,further_study,,2.0,1054-08-01
12254,1052-53,1_2_1,1,Third,48.0,False,,,,,,1054-08-01
12284,1052-53,1_1_5,1,Third,45.4,True,unemployed,,,,10.0,1054-08-01
12409,1052-53,1_2_1,1,2:2,51.0,True,employed,non_professional,hospitality_and_tourism,2.0,3.0,1054-08-01
12504,1052-53,2_2_4,2,2:2,53.1,False,,,,,,1054-08-01
12732,1052-53,3_1_1,3,2:2,51.3,True,further_study,,further_study,,0.0,1054-08-01
12733,1052-53,2_4_11,2,2:2,50.8,False,,,,,,1054-08-01
12756,1052-53,2_4_12,2,2:2,50.7,False,,,,,,1054-08-01
13015,1052-53,2_2_6,2,2:2,51.6,True,further_study,,further_study,,1.0,1054-08-01
13209,1052-53,2_2_3,2,Third,47.9,True,employed,non_professional,creative_industries,2.0,6.0,1054-08-01
13240,1052-53,4_2_12,4,Third,42.0,False,,,,,,1054-08-01
13412,1052-53,1_1_2,1,2:2,52.7,True,employed,professional,finance_and_banking,2.0,5.0,1054-08-01
13579,1052-53,1_2_1,1,2:2,52.5,True,unemployed,,,,13.0,1054-08-01
13634,1052-53,2_3_7,2,Third,49.3,True,unknown,,,,3.0,1054-08-01
13647,1052-53,1_1_5,1,2:2,55.2,True,unemployed,,,,15.0,1054-08-01
13963,1052-53,2_4_10,2,2:2,55.2,False,,,,,,1054-08-01
14006,1052-53,2_3_7,2,Third,47.8,False,,,,,,1054-08-01
14038,1052-53,1_1_3,1,Third,48.7,True,further_study,,further_study,,3.0,1054-08-01
14039,1052-53,1_1_3,1,Third,45.4,True,further_study,,further_study,,2.0,1054-08-01
14174,1052-53,4_2_12,4,Third,40.2,True,employed,professional,social_care,2.0,3.0,1054-08-01
14224,1052-53,2_2_3,2,Third,44.2,True,employed,professional,design_and_media,4.0,9.0,1054-08-01
14323,1052-53,1_2_1,1,2:2,54.8,True,unemployed,,,,16.0,1054-08-01
1435,1052-53,2_3_8,2,Third,43.8,True,further_study,,further_study,,3.0,1054-08-01
14379,1052-53,2_3_9,2,Third,48.8,True,unknown,,,,4.0,1054-08-01
14422,1052-53,2_4_11,2,2:2,59.0,False,,,,,,1054-08-01
14483,1052-53,2_2_4,2,2:1,64.3,True,employed,professional,heritage_and_curation,3.0,7.0,1054-08-01
14553,1052-53,3_1_1,3,Third,49.5,True,unemployed,,,,18.0,1054-08-01
14589,1052-53,2_2_3,2,Third,47.1,True,unemployed,,,,11.0,1054-08-01
14626,1052-53,1_1_4,1,Third,48.0,True,employed,professional,finance_and_banking,2.0,9.0,1054-08-01
14665,1052-53,2_2_5,2,2:2,57.9,True,employed,non_professional,heritage_and_curation,2.0,3.0,1054-08-01
14671,1052-53,2_1_1,2,Third,49.3,True,employed,professional,heritage_and_curation,3.0,7.0,1054-08-01
14797,1052-53,1_2_1,1,Third,46.9,True,unemployed,,,,12.0,1054-08-01
14877,1052-53,2_4_10,2,2:2,55.8,False,,,,,,1054-08-01
14989,1052-53,4_2_12,4,2:2,55.8,False,,,,,,1054-08-01
15001,1052-53,2_2_2,2,2:2,55.3,True,employed,professional,creative_industries,2.0,2.0,1054-08-01
15038,1052-53,2_4_12,2,Third,48.0,True,employed,non_professional,design_and_media,1.0,8.0,1054-08-01
15045,1052-53,2_3_8,2,2:2,50.8,True,unemployed,,,,16.0,1054-08-01
15046,1052-53,2_4_12,2,2:2,57.8,False,,,,,,1054-08-01
15049,1052-53,1_1_5,1,Third,47.0,True,employed,non_professional,legal_services,1.0,10.0,1054-08-01
15052,1052-53,2_2_4,2,2:1,62.5,True,employed,non_professional,heritage_and_curation,2.0,1.0,1054-08-01
15062,1052-53,2_2_6,2,Third,44.6,True,employed,non_professional,design_and_media,1.0,2.0,1054-08-01
15067,1052-53,2_2_3,2,2:2,57.8,True,further_study,,further_study,,3.0,1054-08-01
15077,1052-53,2_1_1,2,2:2,58.8,False,,,,,,1054-08-01
15139,1052-53,1_2_1,1,Third,49.8,True,unemployed,,,,14.0,1054-08-01
15164,1052-53,2_1_1,2,2:2,52.1,True,further_study,,further_study,,2.0,1054-08-01
15196,1052-53,2_4_12,2,Third,47.7,True,employed,non_professional,design_and_media,2.0,7.0,1054-08-01
15211,1052-53,1_1_3,1,2:2,57.6,True,employed,professional,legal_services,3.0,10.0,1054-08-01
15230,1052-53,2_1_1,2,Third,42.8,False,,,,,,1054-08-01
15254,1052-53,2_3_9,2,2:2,51.4,False,,,,,,1054-08-01
15257,1052-53,2_4_10,2,Third,48.2,True,further_study,,further_study,,2.0,1054-08-01
15299,1052-53,2_2_6,2,Third,48.0,False,,,,,,1054-08-01
15315,1052-53,4_2_12,4,2:1,66.8,True,employed,professional,allied_health_professions,4.0,9.0,1054-08-01
15327,1052-53,2_2_4,2,Third,44.4,False,,,,,,1054-08-01
15408,1052-53,1_1_4,1,Third,48.3,False,,,,,,1054-08-01
15418,1052-53,2_3_8,2,2:2,54.8,True,employed,non_professional,architecture_and_built_environment,2.0,5.0,1054-08-01
15423,1052-53,2_1_1,2,2:1,66.0,False,,,,,,1054-08-01
15451,1052-53,3_2_2,3,2:2,57.9,True,employed,non_professional,ngo_and_charity,2.0,5.0,1054-08-01
15494,1052-53,2_2_2,2,Third,49.8,False,,,,,,1054-08-01
15509,1052-53,2_3_8,2,2:2,58.0,True,employed,non_professional,architecture_and_built_environment,1.0,4.0,1054-08-01
15523,1052-53,1_1_1,1,2:2,54.0,True,employed,professional,legal_services,1.0,8.0,1054-08-01
15550,1052-53,2_2_2,2,First,78.2,True,unknown,,,,1.0,1054-08-01
15565,1052-53,2_4_12,2,Third,41.4,False,,,,,,1054-08-01
15566,1052-53,2_1_1,2,2:2,50.9,True,employed,non_professional,design_and_media,2.0,3.0,1054-08-01
15623,1052-53,1_1_2,1,2:2,53.1,True,further_study,,further_study,,2.0,1054-08-01
15664,1052-53,4_2_12,4,Third,48.0,True,unemployed,,,,20.0,1054-08-01
15677,1052-53,2_3_8,2,2:2,53.3,True,employed,non_professional,creative_industries,2.0,3.0,1054-08-01
15689,1052-53,2_2_4,2,2:2,51.4,True,employed,professional,design_and_media,3.0,4.0,1054-08-01
15807,1052-53,4_2_12,4,Third,44.8,False,,,,,,1054-08-01
15813,1052-53,2_1_1,2,2:2,53.9,False,,,,,,1054-08-01
15815,1052-53,1_1_2,1,Third,44.4,True,employed,professional,finance_and_banking,3.0,6.0,1054-08-01
15839,1052-53,1_1_3,1,2:1,69.8,True,unknown,,,,3.0,1054-08-01
15842,1052-53,2_4_11,2,Third,48.3,True,unknown,,,,7.0,1054-08-01
15849,1052-53,2_1_1,2,Third,48.3,True,employed,non_professional,design_and_media,2.0,1.0,1054-08-01
15853,1052-53,1_1_3,1,2:1,68.3,False,,,,,,1054-08-01
15862,1052-53,2_4_12,2,2:2,51.5,False,,,,,,1054-08-01
15872,1052-53,2_2_5,2,2:2,55.5,True,employed,non_professional,craft_and_making,1.0,6.0,1054-08-01
15881,1052-53,2_4_12,2,Third,48.6,True,employed,non_professional,design_and_media,1.0,4.0,1054-08-01
15888,1052-53,2_4_12,2,2:2,53.7,False,,,,,,1054-08-01
15891,1052-53,2_2_4,2,2:2,52.7,True,employed,non_professional,creative_industries,1.0,6.0,1054-08-01
15947,1052-53,2_1_1,2,Third,47.9,False,,,,,,1054-08-01
15971,1052-53,3_1_1,3,First,73.9,True,further_study,,further_study,,1.0,1054-08-01
15972,1052-53,3_2_2,3,2:1,62.1,True,further_study,,further_study,,1.0,1054-08-01
15997,1052-53,4_2_12,4,Third,40.8,False,,,,,,1054-08-01
16010,1052-53,1_1_2,1,Third,48.9,False,,,,,,1054-08-01
16046,1052-53,2_3_8,2,2:2,54.6,True,employed,non_professional,design_and_media,1.0,7.0,1054-08-01
16085,1052-53,2_3_9,2,2:2,59.2,True,employed,non_professional,craft_and_making,2.0,5.0,1054-08-01
16100,1052-53,2_3_7,2,2:1,61.7,False,,,,,,1054-08-01
16104,1052-53,2_1_1,2,2:2,52.3,True,employed,non_professional,architecture_and_built_environment,1.0,5.0,1054-08-01
16123,1052-53,1_1_5,1,2:2,53.7,True,unemployed,,,,19.0,1054-08-01
16133,1052-53,2_4_11,2,Third,48.4,True,unemployed,,,,10.0,1054-08-01
16162,1052-53,2_3_8,2,2:2,56.7,False,,,,,,1054-08-01
16192,1052-53,2_2_3,2,Third,48.1,False,,,,,,1054-08-01
16204,1052-53,2_2_4,2,2:2,50.7,False,,,,,,1054-08-01
16219,1052-53,2_3_8,2,2:2,59.2,True,employed,non_professional,craft_and_making,1.0,3.0,1054-08-01
16245,1052-53,1_1_2,1,Third,44.9,True,employed,professional,legal_services,3.0,6.0,1054-08-01
16251,1052-53,2_4_11,2,2:1,65.4,False,,,,,,1054-08-01
16274,1052-53,2_4_11,2,Third,44.7,True,employed,non_professional,design_and_media,2.0,5.0,1054-08-01
16279,1052-53,4_2_12,4,2:2,52.5,False,,,,,,1054-08-01
16411,1052-53,2_4_10,2,2:1,61.2,False,,,,,,1054-08-01
16431,1052-53,2_4_12,2,2:2,56.2,True,employed,non_professional,creative_industries,2.0,4.0,1054-08-01
16460,1052-53,2_4_10,2,2:2,54.9,True,unknown,,,,9.0,1054-08-01
16550,1052-53,2_4_10,2,2:2,55.5,False,,,,,,1054-08-01
16562,1052-53,1_2_1,1,2:1,63.8,False,,,,,,1054-08-01
16568,1052-53,2_2_2,2,Third,50.0,False,,,,,,1054-08-01
16582,1052-53,2_2_4,2,2:1,61.8,False,,,,,,1054-08-01
16612,1052-53,2_2_5,2,2:2,50.2,True,employed,non_professional,design_and_media,2.0,11.0,1054-08-01
16641,1052-53,2_3_9,2,2:2,50.1,True,employed,non_professional,architecture_and_built_environment,2.0,2.0,1054-08-01
16652,1052-53,1_1_5,1,2:2,52.4,True,employed,professional,legal_services,3.0,4.0,1054-08-01
16679,1052-53,2_2_6,2,2:2,55.5,True,further_study,,further_study,,1.0,1054-08-01
16682,1052-53,2_2_4,2,2:2,54.1,True,employed,professional,heritage_and_curation,3.0,5.0,1054-08-01
16698,1052-53,2_1_1,2,2:1,63.5,False,,,,,,1054-08-01
16709,1052-53,4_2_12,4,Third,42.4,True,unknown,,,,11.0,1054-08-01
16760,1052-53,2_1_1,2,Third,49.7,True,employed,professional,heritage_and_curation,3.0,7.0,1054-08-01
16769,1052-53,1_1_5,1,2:2,54.0,True,further_study,,further_study,,2.0,1054-08-01
16788,1052-53,2_2_4,2,2:2,53.0,False,,,,,,1054-08-01
16870,1052-53,2_4_12,2,2:2,56.0,False,,,,,,1054-08-01
16883,1052-53,2_3_8,2,2:2,54.6,True,employed,non_professional,heritage_and_curation,1.0,4.0,1054-08-01
16921,1052-53,2_2_5,2,2:2,51.1,False,,,,,,1054-08-01
16931,1052-53,2_4_10,2,2:2,51.0,True,further_study,,further_study,,2.0,1054-08-01
16956,1052-53,2_1_1,2,2:2,53.8,True,employed,non_professional,architecture_and_built_environment,2.0,8.0,1054-08-01
16987,1052-53,3_1_1,3,2:2,58.3,True,employed,professional,media_and_communications,2.0,4.0,1054-08-01
17017,1052-53,3_2_2,3,Third,49.8,True,unemployed,,,,11.0,1054-08-01
17021,1052-53,1_1_4,1,2:2,58.9,True,employed,professional,finance_and_banking,3.0,10.0,1054-08-01
17038,1052-53,2_2_2,2,2:2,57.1,True,employed,professional,heritage_and_curation,3.0,4.0,1054-08-01
17067,1052-53,2_2_3,2,2:1,62.8,True,further_study,,further_study,,3.0,1054-08-01
17070,1052-53,2_4_10,2,2:2,50.3,True,employed,professional,design_and_media,3.0,8.0,1054-08-01
17083,1052-53,1_1_5,1,2:2,55.3,True,employed,non_professional,management_consulting,2.0,10.0,1054-08-01
17087,1052-53,1_1_5,1,Third,48.9,False,,,,,,1054-08-01
17102,1052-53,2_2_4,2,Third,49.9,True,further_study,,further_study,,5.0,1054-08-01
17113,1052-53,4_2_12,4,First,75.5,False,,,,,,1054-08-01
17189,1052-53,1_1_5,1,2:2,55.8,True,employed,non_professional,finance_and_banking,1.0,2.0,1054-08-01
17202,1052-53,2_4_12,2,2:2,58.5,False,,,,,,1054-08-01
17290,1052-53,2_3_7,2,2:1,62.6,True,further_study,,further_study,,1.0,1054-08-01
17296,1052-53,1_1_2,1,2:2,51.6,True,employed,professional,legal_services,3.0,7.0,1054-08-01
17356,1052-53,2_4_12,2,2:1,60.2,False,,,,,,1054-08-01
17370,1052-53,1_1_1,1,2:2,50.7,False,,,,,,1054-08-01
17404,1052-53,4_2_12,4,2:2,53.5,True,employed,professional,healthcare_and_nhs,3.0,4.0,1054-08-01
17439,1052-53,1_1_3,1,2:2,55.5,True,employed,professional,legal_services,2.0,9.0,1054-08-01
17445,1052-53,1_1_4,1,Third,46.2,True,employed,professional,hospitality_and_tourism,4.0,3.0,1054-08-01
17480,1052-53,2_3_8,2,Third,44.7,True,employed,non_professional,creative_industries,1.0,4.0,1054-08-01
17486,1052-53,3_1_1,3,Third,47.8,True,employed,non_professional,media_and_communications,2.0,4.0,1054-08-01
17488,1052-53,2_2_4,2,2:2,52.9,False,,,,,,1054-08-01
17496,1052-53,2_2_2,2,2:1,60.3,True,employed,professional,design_and_media,5.0,4.0,1054-08-01
17506,1052-53,1_1_2,1,2:2,52.1,True,employed,professional,hospitality_and_tourism,3.0,9.0,1054-08-01
17539,1052-53,2_4_10,2,Third,49.4,True,further_study,,further_study,,3.0,1054-08-01
17569,1052-53,1_2_1,1,Third,49.9,True,further_study,,further_study,,3.0,1054-08-01
17593,1052-53,2_1_1,2,2:2,57.2,True,employed,non_professional,design_and_media,3.0,3.0,1054-08-01
17654,1052-53,3_2_2,3,2:1,62.6,True,employed,professional,education,4.0,6.0,1054-08-01
17702,1052-53,2_2_4,2,2:2,51.3,True,unemployed,,,,10.0,1054-08-01
17754,1052-53,2_3_9,2,2:2,52.9,True,unemployed,,,,18.0,1054-08-01
17755,1052-53,2_2_6,2,2:2,54.8,True,unknown,,,,7.0,1054-08-01
17767,1052-53,2_1_1,2,2:2,57.7,True,unemployed,,,,21.0,1054-08-01
17771,1052-53,2_2_3,2,2:1,65.3,False,,,,,,1054-08-01
17827,1052-53,2_3_8,2,2:1,68.0,True,further_study,,further_study,,2.0,1054-08-01
17830,1052-53,1_1_2,1,2:1,66.8,False,,,,,,1054-08-01
17881,1052-53,2_2_4,2,2:2,53.3,True,further_study,,further_study,,2.0,1054-08-01
17921,1052-53,2_2_2,2,2:2,58.7,True,employed,non_professional,design_and_media,2.0,4.0,1054-08-01
17985,1052-53,2_2_3,2,2:2,51.6,True,further_study,,further_study,,2.0,1054-08-01
18007,1052-53,2_1_1,2,Third,46.6,True,further_study,,further_study,,1.0,1054-08-01
18029,1052-53,4_2_12,4,Third,41.0,False,,,,,,1054-08-01
18102,1052-53,2_3_9,2,2:1,68.5,True,further_study,,further_study,,1.0,1054-08-01
18163,1052-53,1_1_3,1,2:2,55.1,True,employed,non_professional,legal_services,1.0,6.0,1054-08-01
18191,1052-53,2_3_9,2,2:2,53.0,False,,,,,,1054-08-01
18193,1052-53,2_3_7,2,2:2,50.4,False,,,,,,1054-08-01
18198,1052-53,2_2_2,2,2:2,57.1,True,employed,non_professional,creative_industries,2.0,11.0,1054-08-01
18205,1052-53,4_2_12,4,2:2,59.8,True,employed,non_professional,public_health,3.0,5.0,1054-08-01
18207,1052-53,1_1_3,1,Third,49.5,True,employed,professional,human_resources,2.0,2.0,1054-08-01
18225,1052-53,2_1_1,2,2:2,59.8,True,employed,non_professional,creative_industries,2.0,4.0,1054-08-01
18240,1052-53,2_3_9,2,2:2,51.8,True,further_study,,further_study,,1.0,1054-08-01
18242,1052-53,2_3_9,2,2:1,61.0,True,employed,professional,architecture_and_built_environment,4.0,2.0,1054-08-01
18262,1052-53,2_2_2,2,2:2,53.8,True,employed,professional,design_and_media,3.0,4.0,1054-08-01
18266,1052-53,2_2_6,2,2:2,56.9,True,further_study,,further_study,,2.0,1054-08-01
18289,1052-53,2_3_9,2,2:2,51.7,True,employed,non_professional,architecture_and_built_environment,1.0,5.0,1054-08-01
18298,1052-53,1_1_2,1,2:2,56.5,True,further_study,,further_study,,1.0,1054-08-01
18314,1052-53,1_1_2,1,2:2,59.5,True,employed,professional,finance_and_banking,3.0,9.0,1054-08-01
18333,1052-53,2_3_8,2,2:1,61.8,True,unknown,,,,15.0,1054-08-01
18338,1052-53,2_3_7,2,2:1,65.0,False,,,,,,1054-08-01
18352,1052-53,2_2_2,2,2:2,53.1,False,,,,,,1054-08-01
18362,1052-53,2_2_5,2,Third,42.7,True,employed,non_professional,heritage_and_curation,2.0,5.0,1054-08-01
18370,1052-53,1_1_2,1,2:2,58.5,True,employed,professional,management_consulting,3.0,1.0,1054-08-01
18391,1052-53,2_2_4,2,2:2,51.5,False,,,,,,1054-08-01
18398,1052-53,1_1_4,1,2:2,51.4,False,,,,,,1054-08-01
18414,1052-53,3_2_2,3,2:2,53.7,False,,,,,,1054-08-01
18419,1052-53,2_2_4,2,2:1,63.9,False,,,,,,1054-08-01
18440,1052-53,3_1_1,3,2:2,57.6,False,,,,,,1054-08-01
18498,1052-53,2_4_12,2,2:1,64.5,False,,,,,,1054-08-01
18526,1052-53,4_2_12,4,Third,40.4,True,employed,professional,allied_health_professions,2.0,7.0,1054-08-01
18534,1052-53,1_1_5,1,2:2,57.3,False,,,,,,1054-08-01
18580,1052-53,2_3_8,2,2:1,62.2,True,employed,professional,design_and_media,4.0,5.0,1054-08-01
18581,1052-53,2_2_5,2,2:2,50.5,True,employed,non_professional,heritage_and_curation,1.0,7.0,1054-08-01
18606,1052-53,2_2_3,2,2:2,51.8,False,,,,,,1054-08-01
18670,1052-53,1_1_2,1,2:2,56.7,True,employed,non_professional,finance_and_banking,2.0,5.0,1054-08-01
18681,1052-53,2_4_10,2,2:2,51.5,True,further_study,,further_study,,4.0,1054-08-01
18740,1052-53,2_3_7,2,2:2,54.1,True,employed,professional,craft_and_making,3.0,7.0,1054-08-01
18754,1052-53,1_2_1,1,Third,47.4,False,,,,,,1054-08-01
18774,1052-53,1_1_1,1,2:2,54.3,True,employed,professional,hospitality_and_tourism,3.0,7.0,1054-08-01
18800,1052-53,2_3_7,2,2:1,61.4,True,employed,professional,creative_industries,3.0,8.0,1054-08-01
18814,1052-53,2_4_10,2,2:2,51.2,False,,,,,,1054-08-01
18819,1052-53,1_1_5,1,Third,47.8,True,unemployed,,,,8.0,1054-08-01
18821,1052-53,4_2_12,4,2:2,56.4,False,,,,,,1054-08-01
18822,1052-53,1_1_2,1,2:2,52.3,True,unknown,,,,1.0,1054-08-01
18843,1052-53,4_2_12,4,Third,43.1,True,employed,professional,education,3.0,3.0,1054-08-01
18901,1052-53,2_4_11,2,2:1,66.8,True,employed,professional,design_and_media,4.0,8.0,1054-08-01
18956,1052-53,3_1_1,3,2:2,56.3,True,unemployed,,,,15.0,1054-08-01
18983,1052-53,4_2_12,4,2:1,61.1,True,further_study,,further_study,,4.0,1054-08-01
19035,1052-53,2_3_8,2,2:1,64.5,False,,,,,,1054-08-01
19042,1052-53,2_1_1,2,Third,46.2,True,employed,non_professional,architecture_and_built_environment,3.0,1.0,1054-08-01
19056,1052-53,2_4_10,2,2:2,56.2,True,further_study,,further_study,,2.0,1054-08-01
19061,1052-53,1_1_3,1,Third,49.1,True,employed,non_professional,hospitality_and_tourism,1.0,9.0,1054-08-01
19073,1052-53,2_4_10,2,2:2,51.1,True,employed,professional,creative_industries,3.0,3.0,1054-08-01
19157,1052-53,1_2_1,1,2:2,50.7,False,,,,,,1054-08-01
19213,1052-53,2_3_9,2,2:2,54.3,True,employed,non_professional,creative_industries,1.0,8.0,1054-08-01
19215,1052-53,1_1_3,1,Third,48.5,False,,,,,,1054-08-01
19218,1052-53,2_4_10,2,Third,49.8,True,further_study,,further_study,,1.0,1054-08-01
19238,1052-53,1_1_4,1,Third,48.0,True,employed,non_professional,human_resources,2.0,5.0,1054-08-01
19260,1052-53,1_1_3,1,2:2,52.4,True,employed,non_professional,finance_and_banking,1.0,8.0,1054-08-01
19297,1052-53,2_2_4,2,2:2,59.0,True,employed,non_professional,heritage_and_curation,2.0,2.0,1054-08-01
19300,1052-53,2_2_5,2,First,70.2,True,further_study,,further_study,,2.0,1054-08-01
19353,1052-53,2_3_7,2,2:1,64.2,True,employed,professional,architecture_and_built_environment,5.0,4.0,1054-08-01
19431,1052-53,1_1_4,1,2:1,68.8,True,unemployed,,,,10.0,1054-08-01
19468,1052-53,2_3_7,2,2:2,52.6,True,employed,non_professional,architecture_and_built_environment,1.0,3.0,1054-08-01
19511,1052-53,2_4_11,2,2:2,56.9,False,,,,,,1054-08-01
19583,1052-53,1_1_3,1,2:1,68.9,True,unemployed,,,,9.0,1054-08-01
19601,1052-53,2_2_2,2,2:1,61.4,True,employed,non_professional,architecture_and_built_environment,3.0,2.0,1054-08-01
19618,1052-53,1_2_1,1,Third,48.6,True,employed,professional,human_resources,3.0,6.0,1054-08-01
19660,1052-53,2_4_10,2,2:2,51.4,True,employed,non_professional,architecture_and_built_environment,1.0,8.0,1054-08-01
19685,1052-53,1_1_5,1,Third,48.9,True,further_study,,further_study,,4.0,1054-08-01
19694,1052-53,2_2_6,2,Third,47.5,True,further_study,,further_study,,5.0,1054-08-01
19704,1052-53,1_1_5,1,First,70.6,True,employed,professional,finance_and_banking,5.0,1.0,1054-08-01
19761,1052-53,2_2_5,2,Third,46.5,True,further_study,,further_study,,3.0,1054-08-01
19776,1052-53,3_2_2,3,2:1,63.0,True,unemployed,,,,19.0,1054-08-01
19777,1052-53,4_2_12,4,Third,43.9,False,,,,,,1054-08-01
19790,1052-53,2_4_12,2,2:2,55.3,False,,,,,,1054-08-01
19793,1052-53,2_4_12,2,First,77.0,False,,,,,,1054-08-01
19797,1052-53,1_2_1,1,Third,48.6,False,,,,,,1054-08-01
19820,1052-53,3_2_2,3,2:2,51.0,True,unemployed,,,,17.0,1054-08-01
19829,1052-53,2_3_8,2,Third,49.0,True,employed,non_professional,heritage_and_curation,2.0,8.0,1054-08-01
19836,1052-53,4_2_12,4,2:2,51.9,False,,,,,,1054-08-01
19898,1052-53,2_3_9,2,2:2,57.4,True,employed,non_professional,architecture_and_built_environment,3.0,10.0,1054-08-01
19902,1052-53,2_2_5,2,2:1,66.4,True,employed,professional,creative_industries,4.0,5.0,1054-08-01
19908,1052-53,1_2_1,1,2:2,50.2,True,employed,professional,hospitality_and_tourism,3.0,6.0,1054-08-01
19913,1052-53,2_2_6,2,Third,43.6,True,employed,non_professional,heritage_and_curation,1.0,3.0,1054-08-01
19937,1052-53,2_2_2,2,Third,43.6,False,,,,,,1054-08-01
19957,1052-53,1_1_4,1,2:1,65.4,False,,,,,,1054-08-01
20001,1052-53,2_4_12,2,2:2,53.1,False,,,,,,1054-08-01
20002,1052-53,2_4_11,2,Third,47.7,False,,,,,,1054-08-01
20006,1052-53,2_2_5,2,2:2,58.6,True,employed,professional,craft_and_making,3.0,6.0,1054-08-01
20007,1052-53,2_4_11,2,First,70.7,False,,,,,,1054-08-01
20009,1052-53,2_4_11,2,2:2,58.8,True,employed,professional,craft_and_making,3.0,2.0,1054-08-01
20011,1052-53,2_3_8,2,2:1,63.2,True,further_study,,further_study,,1.0,1054-08-01
20017,1052-53,1_1_5,1,First,71.1,False,,,,,,1054-08-01
20026,1052-53,2_2_3,2,2:2,57.9,True,employed,non_professional,architecture_and_built_environment,2.0,9.0,1054-08-01
20028,1052-53,1_1_2,1,2:2,57.1,False,,,,,,1054-08-01
20029,1052-53,1_1_2,1,First,72.2,True,employed,professional,legal_services,5.0,3.0,1054-08-01
20031,1052-53,1_1_3,1,2:1,67.7,True,employed,professional,legal_services,4.0,7.0,1054-08-01
20032,1052-53,2_2_6,2,2:1,60.0,True,employed,non_professional,design_and_media,3.0,1.0,1054-08-01
20049,1052-53,2_1_1,2,2:2,51.1,True,further_study,,further_study,,4.0,1054-08-01
20058,1052-53,1_1_5,1,2:2,50.5,True,further_study,,further_study,,1.0,1054-08-01
20077,1052-53,2_3_9,2,2:1,64.0,True,employed,professional,craft_and_making,3.0,2.0,1054-08-01
20078,1052-53,1_1_4,1,2:2,55.8,True,employed,professional,hospitality_and_tourism,3.0,3.0,1054-08-01
20087,1052-53,1_1_3,1,2:1,67.6,True,employed,professional,human_resources,4.0,4.0,1054-08-01
20090,1052-53,3_2_2,3,2:2,58.9,True,further_study,,further_study,,5.0,1054-08-01
20092,1052-53,1_2_1,1,2:1,61.2,False,,,,,,1054-08-01
20093,1052-53,4_2_12,4,2:2,56.5,True,employed,non_professional,allied_health_professions,1.0,6.0,1054-08-01
20103,1052-53,1_1_3,1,2:2,52.6,True,unemployed,,,,18.0,1054-08-01
20106,1052-53,2_2_4,2,2:1,68.9,False,,,,,,1054-08-01
20108,1052-53,2_4_12,2,2:2,55.5,True,employed,professional,craft_and_making,4.0,6.0,1054-08-01
20113,1052-53,2_2_4,2,2:2,56.0,True,further_study,,further_study,,3.0,1054-08-01
20119,1052-53,2_1_1,2,Third,49.9,False,,,,,,1054-08-01
20137,1052-53,1_1_3,1,2:1,64.2,True,employed,professional,hospitality_and_tourism,5.0,3.0,1054-08-01
20141,1052-53,2_3_9,2,2:1,64.7,False,,,,,,1054-08-01
20145,1052-53,1_2_1,1,2:2,54.2,True,employed,non_professional,legal_services,2.0,2.0,1054-08-01
20146,1052-53,2_4_10,2,2:2,54.9,True,employed,non_professional,architecture_and_built_environment,1.0,3.0,1054-08-01
20148,1052-53,2_2_2,2,2:2,58.1,True,employed,professional,creative_industries,2.0,2.0,1054-08-01
20152,1052-53,4_2_12,4,First,78.0,True,further_study,,further_study,,4.0,1054-08-01
20160,1052-53,2_2_3,2,2:1,61.2,True,employed,professional,architecture_and_built_environment,4.0,6.0,1054-08-01
20162,1052-53,2_2_5,2,2:2,59.8,False,,,,,,1054-08-01
20166,1052-53,2_2_4,2,2:2,56.1,False,,,,,,1054-08-01
20183,1052-53,2_3_8,2,2:1,65.8,True,employed,professional,heritage_and_curation,5.0,9.0,1054-08-01
20194,1052-53,3_2_2,3,2:2,58.8,False,,,,,,1054-08-01
20199,1052-53,1_1_3,1,First,75.6,True,employed,professional,human_resources,5.0,4.0,1054-08-01
20205,1052-53,2_1_1,2,2:2,59.7,True,unemployed,,,,16.0,1054-08-01
20207,1052-53,1_1_3,1,2:1,65.3,False,,,,,,1054-08-01
20214,1052-53,4_2_12,4,First,73.6,False,,,,,,1054-08-01
20215,1052-53,4_2_12,4,2:1,67.7,True,employed,professional,social_care,4.0,8.0,1054-08-01
20218,1052-53,2_2_5,2,2:1,63.4,False,,,,,,1054-08-01
20219,1052-53,2_4_10,2,Third,49.8,False,,,,,,1054-08-01
20243,1052-53,1_1_3,1,2:2,53.7,False,,,,,,1054-08-01
20253,1052-53,4_2_12,4,2:1,67.4,True,unemployed,,,,13.0,1054-08-01
20255,1052-53,2_2_4,2,First,72.7,True,employed,professional,architecture_and_built_environment,5.0,3.0,1054-08-01
20258,1052-53,2_2_5,2,2:1,67.3,True,employed,professional,heritage_and_curation,4.0,7.0,1054-08-01
20262,1052-53,1_2_1,1,2:1,64.9,True,employed,professional,management_consulting,4.0,7.0,1054-08-01
20266,1052-53,1_1_2,1,2:2,56.5,False,,,,,,1054-08-01
20269,1052-53,2_4_11,2,2:2,59.7,False,,,,,,1054-08-01
20275,1052-53,4_2_12,4,2:2,54.6,True,employed,professional,public_health,3.0,3.0,1054-08-01
20277,1052-53,1_1_1,1,2:1,64.9,True,employed,professional,legal_services,4.0,3.0,1054-08-01
20282,1052-53,3_2_2,3,2:2,58.9,True,employed,professional,media_and_communications,3.0,5.0,1054-08-01
20285,1052-53,2_2_5,2,2:1,64.0,True,employed,professional,creative_industries,4.0,5.0,1054-08-01
20297,1052-53,2_4_12,2,2:2,53.5,True,further_study,,further_study,,1.0,1054-08-01
20301,1052-53,2_2_5,2,First,70.4,True,employed,professional,architecture_and_built_environment,4.0,5.0,1054-08-01
20308,1052-53,2_3_8,2,2:2,55.8,False,,,,,,1054-08-01
20311,1052-53,4_2_12,4,2:1,69.9,True,employed,professional,public_health,3.0,4.0,1054-08-01
20313,1052-53,2_1_1,2,First,71.8,True,unknown,,,,12.0,1054-08-01
20318,1052-53,1_1_2,1,2:1,61.9,True,employed,professional,hospitality_and_tourism,4.0,9.0,1054-08-01
20325,1052-53,2_2_6,2,2:2,54.4,False,,,,,,1054-08-01
20332,1052-53,1_2_1,1,2:1,62.2,True,employed,professional,finance_and_banking,4.0,6.0,1054-08-01
20334,1052-53,2_4_12,2,2:2,54.2,False,,,,,,1054-08-01
20337,1052-53,3_2_2,3,2:1,66.0,True,unknown,,,,5.0,1054-08-01
20346,1052-53,2_3_9,2,2:1,65.3,False,,,,,,1054-08-01
20351,1052-53,1_2_1,1,2:2,53.2,True,further_study,,further_study,,3.0,1054-08-01
20353,1052-53,4_2_12,4,2:1,60.8,True,further_study,,further_study,,5.0,1054-08-01
20366,1052-53,2_4_11,2,2:1,65.5,True,unemployed,,,,13.0,1054-08-01
20367,1052-53,1_1_3,1,2:2,56.9,False,,,,,,1054-08-01
20371,1052-53,1_2_1,1,2:1,65.3,False,,,,,,1054-08-01
20389,1052-53,4_2_12,4,First,77.9,True,unemployed,,,,24.0,1054-08-01
20397,1052-53,2_1_1,2,2:2,58.8,True,employed,non_professional,heritage_and_curation,3.0,4.0,1054-08-01
20398,1052-53,4_2_12,4,First,74.8,True,further_study,,further_study,,2.0,1054-08-01
20402,1052-53,1_1_5,1,2:1,65.3,True,further_study,,further_study,,3.0,1054-08-01
20412,1052-53,2_3_8,2,2:2,51.7,True,employed,professional,craft_and_making,3.0,4.0,1054-08-01
20415,1052-53,2_4_10,2,2:1,63.8,True,unemployed,,,,14.0,1054-08-01
20423,1052-53,1_1_4,1,2:1,60.2,True,employed,professional,finance_and_banking,5.0,3.0,1054-08-01
20427,1052-53,2_4_11,2,2:1,61.5,True,employed,non_professional,creative_industries,3.0,3.0,1054-08-01
20437,1052-53,2_3_8,2,2:2,54.3,True,unemployed,,,,15.0,1054-08-01
20439,1052-53,2_3_8,2,2:2,55.1,False,,,,,,1054-08-01
20440,1052-53,2_4_11,2,2:2,58.3,True,further_study,,further_study,,5.0,1054-08-01
20449,1052-53,2_4_12,2,2:2,56.2,True,employed,non_professional,creative_industries,2.0,6.0,1054-08-01
20453,1052-53,2_2_3,2,2:2,58.8,True,employed,professional,design_and_media,4.0,4.0,1054-08-01
20483,1052-53,2_4_12,2,2:2,55.4,True,employed,non_professional,heritage_and_curation,2.0,9.0,1054-08-01
20484,1052-53,2_2_3,2,2:1,62.6,False,,,,,,1054-08-01
20488,1052-53,2_3_7,2,2:1,60.5,True,employed,professional,architecture_and_built_environment,5.0,4.0,1054-08-01
20489,1052-53,2_2_2,2,2:1,62.2,True,further_study,,further_study,,4.0,1054-08-01
20497,1052-53,4_2_12,4,2:2,55.2,True,employed,professional,public_health,3.0,3.0,1054-08-01
20501,1052-53,2_2_2,2,Third,46.1,True,employed,non_professional,architecture_and_built_environment,2.0,8.0,1054-08-01
20504,1052-53,4_2_12,4,2:1,67.9,True,employed,non_professional,allied_health_professions,4.0,7.0,1054-08-01
20506,1052-53,2_2_2,2,First,72.8,False,,,,,,1054-08-01
20507,1052-53,2_3_8,2,2:1,62.8,True,employed,non_professional,heritage_and_curation,4.0,3.0,1054-08-01
20510,1052-53,2_1_1,2,2:1,67.9,True,unknown,,,,4.0,1054-08-01
20515,1052-53,4_2_12,4,2:2,57.2,True,further_study,,further_study,,2.0,1054-08-01
20524,1052-53,2_2_5,2,First,74.3,True,further_study,,further_study,,4.0,1054-08-01
20525,1052-53,2_2_2,2,2:1,66.0,False,,,,,,1054-08-01
20529,1052-53,1_2_1,1,2:2,59.4,True,employed,professional,legal_services,4.0,6.0,1054-08-01
20534,1052-53,2_2_2,2,2:2,55.7,True,employed,non_professional,architecture_and_built_environment,3.0,1.0,1054-08-01
20542,1052-53,2_1_1,2,2:2,53.5,True,unknown,,,,9.0,1054-08-01
20547,1052-53,2_4_12,2,2:1,60.1,False,,,,,,1054-08-01
20550,1052-53,2_2_2,2,2:2,58.6,True,employed,professional,heritage_and_curation,3.0,4.0,1054-08-01
20563,1052-53,2_2_5,2,2:1,66.3,False,,,,,,1054-08-01
20564,1052-53,4_2_12,4,2:1,63.3,True,further_study,,further_study,,3.0,1054-08-01
20565,1052-53,2_3_7,2,2:1,67.5,False,,,,,,1054-08-01
20570,1052-53,2_2_5,2,First,72.6,True,employed,professional,heritage_and_curation,5.0,1.0,1054-08-01
20572,1052-53,2_2_5,2,2:2,54.9,False,,,,,,1054-08-01
20574,1052-53,4_2_12,4,2:2,59.7,True,employed,professional,public_health,2.0,1.0,1054-08-01
20581,1052-53,2_2_5,2,2:1,66.1,True,employed,professional,design_and_media,5.0,3.0,1054-08-01
20589,1052-53,2_2_2,2,2:1,66.8,True,further_study,,further_study,,1.0,1054-08-01
20595,1052-53,3_2_2,3,2:2,57.6,True,unemployed,,,,13.0,1054-08-01
20600,1052-53,2_3_7,2,Third,47.7,False,,,,,,1054-08-01
20603,1052-53,2_1_1,2,2:2,54.4,True,employed,non_professional,architecture_and_built_environment,2.0,6.0,1054-08-01
20623,1052-53,2_1_1,2,2:1,61.3,False,,,,,,1054-08-01
20624,1052-53,1_1_1,1,2:1,62.2,False,,,,,,1054-08-01
20629,1052-53,1_1_5,1,2:1,60.4,True,employed,professional,legal_services,5.0,4.0,1054-08-01
20645,1052-53,3_2_2,3,2:1,66.7,True,unknown,,,,5.0,1054-08-01
20651,1052-53,1_1_4,1,Third,47.1,True,further_study,,further_study,,3.0,1054-08-01
20653,1052-53,3_1_1,3,First,72.9,True,further_study,,further_study,,4.0,1054-08-01
20654,1052-53,1_1_5,1,2:1,65.5,True,unemployed,,,,18.0,1054-08-01
20656,1052-53,2_4_12,2,2:2,58.1,True,employed,non_professional,heritage_and_curation,2.0,11.0,1054-08-01
20657,1052-53,1_2_1,1,2:2,54.0,True,employed,non_professional,finance_and_banking,2.0,4.0,1054-08-01
20662,1052-53,1_1_4,1,2:2,51.0,True,employed,professional,legal_services,2.0,5.0,1054-08-01
20663,1052-53,2_4_10,2,2:2,57.4,True,employed,non_professional,heritage_and_curation,2.0,1.0,1054-08-01
20666,1052-53,1_1_4,1,Third,48.5,True,employed,professional,finance_and_banking,3.0,3.0,1054-08-01
20669,1052-53,2_2_6,2,2:1,62.4,False,,,,,,1054-08-01
20683,1052-53,3_1_1,3,2:2,52.8,True,further_study,,further_study,,4.0,1054-08-01
20684,1052-53,2_2_2,2,2:1,60.8,True,employed,professional,heritage_and_curation,4.0,2.0,1054-08-01
20686,1052-53,2_4_11,2,2:1,61.2,True,employed,professional,craft_and_making,4.0,3.0,1054-08-01
20691,1052-53,2_3_7,2,First,70.3,True,employed,professional,design_and_media,5.0,6.0,1054-08-01
20692,1052-53,2_2_6,2,Third,48.5,False,,,,,,1054-08-01
20700,1052-53,2_3_8,2,2:2,59.8,True,further_study,,further_study,,0.0,1054-08-01
20701,1052-53,2_2_4,2,2:2,52.2,False,,,,,,1054-08-01
20703,1052-53,1_1_3,1,First,72.4,True,further_study,,further_study,,3.0,1054-08-01
20704,1052-53,2_2_4,2,2:1,65.6,True,employed,professional,craft_and_making,3.0,4.0,1054-08-01
20706,1052-53,2_4_11,2,2:1,62.0,True,unknown,,,,12.0,1054-08-01
20707,1052-53,2_4_10,2,2:1,60.8,True,further_study,,further_study,,2.0,1054-08-01
20709,1052-53,2_1_1,2,First,70.9,True,unknown,,,,2.0,1054-08-01
20713,1052-53,2_2_2,2,2:1,61.3,True,employed,non_professional,design_and_media,3.0,2.0,1054-08-01
20718,1052-53,2_3_8,2,Third,45.1,True,employed,non_professional,heritage_and_curation,2.0,4.0,1054-08-01
20725,1052-53,2_2_3,2,2:2,50.8,False,,,,,,1054-08-01
20734,1052-53,1_1_5,1,Third,47.1,True,further_study,,further_study,,2.0,1054-08-01
20740,1052-53,2_4_10,2,2:2,57.1,True,employed,non_professional,heritage_and_curation,2.0,6.0,1054-08-01
20744,1052-53,2_2_3,2,2:1,68.8,True,employed,professional,creative_industries,5.0,4.0,1054-08-01
20748,1052-53,2_4_10,2,2:1,68.5,False,,,,,,1054-08-01
20759,1052-53,2_2_5,2,2:2,56.5,True,further_study,,further_study,,5.0,1054-08-01
20761,1052-53,2_3_7,2,2:1,61.9,True,employed,non_professional,creative_industries,3.0,5.0,1054-08-01
20766,1052-53,2_1_1,2,2:2,51.7,True,employed,non_professional,creative_industries,2.0,5.0,1054-08-01
20769,1052-53,4_2_12,4,2:2,56.5,True,employed,non_professional,public_health,2.0,7.0,1054-08-01
20772,1052-53,2_4_12,2,2:2,53.3,False,,,,,,1054-08-01
20774,1052-53,2_3_8,2,2:2,57.8,True,employed,non_professional,design_and_media,2.0,3.0,1054-08-01
20786,1052-53,3_2_2,3,First,77.1,True,further_study,,further_study,,4.0,1054-08-01
20797,1052-53,4_2_12,4,First,74.4,False,,,,,,1054-08-01
20801,1052-53,2_4_12,2,2:1,64.8,True,employed,professional,design_and_media,5.0,7.0,1054-08-01
20813,1052-53,1_2_1,1,2:2,53.1,True,further_study,,further_study,,2.0,1054-08-01
20814,1052-53,2_3_8,2,First,70.1,True,employed,professional,craft_and_making,5.0,5.0,1054-08-01
20816,1052-53,1_1_4,1,2:2,58.3,True,employed,non_professional,finance_and_banking,3.0,6.0,1054-08-01
20822,1052-53,1_2_1,1,2:2,59.0,True,employed,professional,legal_services,3.0,2.0,1054-08-01
20826,1052-53,1_1_2,1,2:2,57.1,True,employed,professional,hospitality_and_tourism,3.0,9.0,1054-08-01
20829,1052-53,1_1_2,1,2:2,58.8,True,employed,non_professional,human_resources,2.0,6.0,1054-08-01
20832,1052-53,2_3_8,2,2:2,54.4,True,employed,non_professional,creative_industries,2.0,4.0,1054-08-01
20833,1052-53,1_1_4,1,2:2,59.9,True,employed,professional,legal_services,3.0,5.0,1054-08-01
20838,1052-53,2_3_8,2,2:1,62.9,True,employed,professional,craft_and_making,3.0,6.0,1054-08-01
20848,1052-53,2_1_1,2,2:1,64.2,True,unknown,,,,6.0,1054-08-01
20853,1052-53,2_3_7,2,2:1,67.8,True,employed,professional,craft_and_making,4.0,1.0,1054-08-01
20854,1052-53,3_1_1,3,2:1,60.5,False,,,,,,1054-08-01
20855,1052-53,2_2_3,2,2:2,56.0,True,further_study,,further_study,,4.0,1054-08-01
20857,1052-53,1_1_5,1,First,71.9,True,employed,professional,hospitality_and_tourism,4.0,3.0,1054-08-01
20860,1052-53,2_1_1,2,2:2,58.2,True,employed,professional,architecture_and_built_environment,2.0,4.0,1054-08-01
20868,1052-53,2_4_12,2,2:2,56.0,False,,,,,,1054-08-01
20871,1052-53,1_1_3,1,2:2,50.2,False,,,,,,1054-08-01
20877,1052-53,2_3_8,2,2:1,68.1,True,employed,professional,architecture_and_built_environment,5.0,3.0,1054-08-01
20880,1052-53,4_2_12,4,Third,47.8,True,further_study,,further_study,,3.0,1054-08-01
20912,1052-53,1_1_2,1,2:2,54.7,True,further_study,,further_study,,4.0,1054-08-01
20918,1052-53,4_2_12,4,First,74.0,True,further_study,,further_study,,1.0,1054-08-01
20919,1052-53,4_2_12,4,Third,49.8,False,,,,,,1054-08-01
20930,1052-53,4_2_12,4,2:1,65.6,True,employed,professional,social_care,4.0,2.0,1054-08-01
20931,1052-53,2_4_12,2,2:1,60.2,False,,,,,,1054-08-01
20932,1052-53,2_1_1,2,2:1,61.2,True,further_study,,further_study,,4.0,1054-08-01
20938,1052-53,2_2_6,2,2:2,56.2,False,,,,,,1054-08-01
20943,1052-53,4_2_12,4,2:1,63.4,True,employed,professional,social_care,4.0,6.0,1054-08-01
20945,1052-53,2_4_11,2,2:1,65.3,False,,,,,,1054-08-01
20946,1052-53,2_3_9,2,2:2,57.1,True,employed,non_professional,craft_and_making,2.0,4.0,1054-08-01
20954,1052-53,2_2_5,2,2:2,51.1,True,employed,non_professional,heritage_and_curation,2.0,3.0,1054-08-01
20955,1052-53,4_2_12,4,2:2,57.5,True,unemployed,,,,14.0,1054-08-01
20960,1052-53,2_3_7,2,2:2,52.8,True,unemployed,,,,13.0,1054-08-01
20961,1052-53,2_4_12,2,2:2,57.2,True,employed,professional,heritage_and_curation,3.0,8.0,1054-08-01
20962,1052-53,1_1_3,1,2:1,66.8,True,employed,professional,legal_services,4.0,9.0,1054-08-01
20963,1052-53,2_2_2,2,2:1,62.2,True,employed,non_professional,creative_industries,4.0,8.0,1054-08-01
20965,1052-53,3_1_1,3,2:2,57.2,True,employed,non_professional,research_and_academia,1.0,4.0,1054-08-01
20966,1052-53,1_1_1,1,2:2,53.0,True,employed,non_professional,hospitality_and_tourism,1.0,2.0,1054-08-01
20967,1052-53,2_2_2,2,2:1,61.6,True,employed,professional,architecture_and_built_environment,4.0,5.0,1054-08-01
20971,1052-53,4_2_12,4,Third,43.2,False,,,,,,1054-08-01
20976,1052-53,3_1_1,3,2:2,51.4,True,unknown,,,,13.0,1054-08-01
20977,1052-53,1_1_2,1,2:2,54.1,False,,,,,,1054-08-01
20978,1052-53,2_1_1,2,2:1,62.8,False,,,,,,1054-08-01
20992,1052-53,2_2_3,2,2:1,63.2,True,unemployed,,,,17.0,1054-08-01
20993,1052-53,2_2_6,2,Third,42.0,False,,,,,,1054-08-01
20996,1052-53,1_1_1,1,2:2,55.8,True,employed,professional,human_resources,3.0,7.0,1054-08-01
20997,1052-53,2_3_7,2,2:1,65.5,False,,,,,,1054-08-01
21003,1052-53,3_2_2,3,First,80.2,True,employed,professional,education,5.0,6.0,1054-08-01
21005,1052-53,2_2_3,2,2:1,69.5,True,unemployed,,,,13.0,1054-08-01
21006,1052-53,4_2_12,4,2:2,59.7,True,employed,professional,public_health,4.0,7.0,1054-08-01
21015,1052-53,2_1_1,2,2:1,69.7,False,,,,,,1054-08-01
21023,1052-53,1_1_3,1,2:1,61.5,True,employed,professional,legal_services,4.0,8.0,1054-08-01
21025,1052-53,2_3_9,2,2:1,66.1,True,employed,professional,architecture_and_built_environment,4.0,2.0,1054-08-01
21026,1052-53,3_2_2,3,First,78.4,True,employed,non_professional,education,4.0,6.0,1054-08-01
21028,1052-53,2_2_2,2,Third,47.8,True,employed,non_professional,design_and_media,2.0,3.0,1054-08-01
21029,1052-53,2_4_10,2,2:2,56.3,False,,,,,,1054-08-01
21031,1052-53,1_1_5,1,Third,48.7,False,,,,,,1054-08-01
21034,1052-53,2_4_12,2,2:1,66.5,True,employed,professional,craft_and_making,3.0,1.0,1054-08-01
21037,1052-53,2_4_12,2,2:2,58.8,True,unknown,,,,8.0,1054-08-01
21040,1052-53,3_2_2,3,2:1,62.5,True,further_study,,further_study,,1.0,1054-08-01
21063,1052-53,2_2_3,2,2:2,56.5,True,employed,non_professional,architecture_and_built_environment,2.0,7.0,1054-08-01
21065,1052-53,1_1_1,1,First,71.0,True,employed,non_professional,legal_services,4.0,2.0,1054-08-01
21075,1052-53,2_2_5,2,2:2,56.4,False,,,,,,1054-08-01
21082,1052-53,3_2_2,3,2:1,65.5,True,employed,professional,public_sector_and_civil_service,5.0,4.0,1054-08-01
21084,1052-53,4_2_12,4,First,71.4,True,employed,professional,healthcare_and_nhs,5.0,8.0,1054-08-01
21087,1052-53,4_2_12,4,First,78.9,True,employed,professional,education,5.0,3.0,1054-08-01
21095,1052-53,4_2_12,4,2:1,64.9,False,,,,,,1054-08-01
21105,1052-53,1_1_5,1,2:1,60.2,True,employed,professional,legal_services,4.0,2.0,1054-08-01
21108,1052-53,2_3_8,2,First,74.7,True,employed,professional,craft_and_making,5.0,7.0,1054-08-01
21111,1052-53,2_2_2,2,2:2,56.7,True,employed,non_professional,heritage_and_curation,2.0,3.0,1054-08-01
21127,1052-53,2_2_6,2,First,73.1,True,employed,professional,architecture_and_built_environment,5.0,4.0,1054-08-01
21128,1052-53,2_2_2,2,2:2,50.3,False,,,,,,1054-08-01
21129,1052-53,2_1_1,2,2:1,68.3,True,employed,professional,creative_industries,4.0,4.0,1054-08-01
21131,1052-53,2_2_4,2,2:1,62.0,True,further_study,,further_study,,0.0,1054-08-01
21135,1052-53,1_2_1,1,2:1,63.6,True,employed,professional,legal_services,4.0,6.0,1054-08-01
21138,1052-53,2_3_8,2,2:1,60.5,True,employed,professional,architecture_and_built_environment,4.0,11.0,1054-08-01
21143,1052-53,2_2_3,2,Third,45.1,True,unemployed,,,,13.0,1054-08-01
21150,1052-53,4_2_12,4,First,70.5,True,employed,professional,education,5.0,2.0,1054-08-01
21156,1052-53,2_2_5,2,2:1,64.6,True,unknown,,,,6.0,1054-08-01
21159,1052-53,1_1_1,1,Third,49.3,True,employed,non_professional,management_consulting,2.0,7.0,1054-08-01
21163,1052-53,1_1_2,1,2:1,64.5,True,employed,professional,finance_and_banking,4.0,9.0,1054-08-01
21167,1052-53,2_3_9,2,2:2,59.0,False,,,,,,1054-08-01
21168,1052-53,2_3_7,2,2:1,60.2,False,,,,,,1054-08-01
21169,1052-53,2_3_8,2,2:2,53.4,True,further_study,,further_study,,1.0,1054-08-01
21170,1052-53,4_2_12,4,2:1,61.9,False,,,,,,1054-08-01
21173,1052-53,2_2_2,2,2:1,60.1,True,employed,non_professional,heritage_and_curation,3.0,4.0,1054-08-01
21174,1052-53,2_2_2,2,2:2,59.6,True,employed,professional,architecture_and_built_environment,3.0,7.0,1054-08-01
21180,1052-53,2_3_7,2,2:1,60.2,True,employed,professional,heritage_and_curation,3.0,4.0,1054-08-01
21184,1052-53,1_1_5,1,2:2,54.6,True,employed,non_professional,finance_and_banking,2.0,8.0,1054-08-01
21189,1052-53,2_4_12,2,2:2,58.8,True,employed,non_professional,design_and_media,2.0,9.0,1054-08-01
21190,1052-53,1_1_4,1,2:2,58.6,True,unknown,,,,12.0,1054-08-01
21201,1052-53,2_2_3,2,2:1,64.5,True,employed,non_professional,heritage_and_curation,2.0,3.0,1054-08-01
21207,1052-53,2_2_4,2,2:1,62.6,False,,,,,,1054-08-01
21213,1052-53,2_3_8,2,2:1,61.2,False,,,,,,1054-08-01
21214,1052-53,2_3_7,2,2:2,56.6,True,unemployed,,,,8.0,1054-08-01
21215,1052-53,2_3_7,2,2:2,53.7,False,,,,,,1054-08-01
21216,1052-53,2_1_1,2,2:1,63.2,True,further_study,,further_study,,1.0,1054-08-01
21218,1052-53,2_3_9,2,2:2,55.4,True,further_study,,further_study,,3.0,1054-08-01
21220,1052-53,2_2_3,2,First,72.1,True,employed,professional,creative_industries,3.0,9.0,1054-08-01
21222,1052-53,4_2_12,4,2:1,61.5,True,unemployed,,,,18.0,1054-08-01
21229,1052-53,3_2_2,3,First,75.2,True,employed,professional,media_and_communications,5.0,8.0,1054-08-01
21232,1052-53,2_2_5,2,2:2,59.8,False,,,,,,1054-08-01
21239,1052-53,2_1_1,2,2:1,67.5,True,employed,professional,creative_industries,4.0,2.0,1054-08-01
21243,1052-53,4_2_12,4,2:1,65.8,True,further_study,,further_study,,4.0,1054-08-01
21244,1052-53,1_1_1,1,2:2,56.8,False,,,,,,1054-08-01
21247,1052-53,2_4_12,2,2:1,62.0,False,,,,,,1054-08-01
21248,1052-53,2_2_5,2,2:1,62.5,True,employed,professional,craft_and_making,3.0,2.0,1054-08-01
21250,1052-53,1_1_4,1,2:1,67.8,True,unknown,,,,11.0,1054-08-01
21270,1052-53,2_4_12,2,2:1,65.6,True,further_study,,further_study,,5.0,1054-08-01
21272,1052-53,1_1_3,1,Third,49.4,True,employed,professional,legal_services,4.0,2.0,1054-08-01
21280,1052-53,2_2_6,2,2:2,56.3,False,,,,,,1054-08-01
21295,1052-53,1_1_5,1,Third,48.2,True,employed,non_professional,hospitality_and_tourism,1.0,6.0,1054-08-01
21317,1052-53,2_2_5,2,2:2,58.2,True,further_study,,further_study,,0.0,1054-08-01
21324,1052-53,2_4_10,2,2:2,51.3,True,employed,non_professional,architecture_and_built_environment,2.0,5.0,1054-08-01
21325,1052-53,1_1_4,1,2:1,62.1,True,employed,non_professional,hospitality_and_tourism,3.0,2.0,1054-08-01
21330,1052-53,2_4_10,2,2:1,63.2,True,further_study,,further_study,,3.0,1054-08-01
21333,1052-53,2_2_2,2,2:2,53.8,True,employed,non_professional,heritage_and_curation,2.0,2.0,1054-08-01
21342,1052-53,2_2_5,2,2:2,59.2,True,employed,non_professional,heritage_and_curation,2.0,5.0,1054-08-01
21344,1052-53,1_1_3,1,2:2,57.6,False,,,,,,1054-08-01
21345,1052-53,2_3_8,2,2:1,61.1,True,employed,professional,craft_and_making,4.0,6.0,1054-08-01
21346,1052-53,2_2_5,2,2:2,51.0,True,employed,non_professional,craft_and_making,2.0,1.0,1054-08-01
21351,1052-53,2_4_11,2,2:1,67.0,True,further_study,,further_study,,1.0,1054-08-01
21352,1052-53,1_1_5,1,2:1,63.0,True,further_study,,further_study,,2.0,1054-08-01
21354,1052-53,1_1_4,1,Third,45.1,True,unknown,,,,11.0,1054-08-01
21356,1052-53,2_4_12,2,2:1,62.5,True,employed,professional,heritage_and_curation,3.0,1.0,1054-08-01
21358,1052-53,1_1_4,1,2:2,53.8,True,employed,professional,finance_and_banking,3.0,7.0,1054-08-01
21377,1052-53,2_4_12,2,2:1,67.8,False,,,,,,1054-08-01
21385,1052-53,2_4_12,2,2:1,60.5,False,,,,,,1054-08-01
21399,1052-53,2_4_12,2,2:1,68.7,True,further_study,,further_study,,2.0,1054-08-01
21400,1052-53,2_2_4,2,2:1,64.8,False,,,,,,1054-08-01
21409,1052-53,2_4_12,2,2:2,53.9,True,employed,professional,architecture_and_built_environment,1.0,4.0,1054-08-01
21411,1052-53,2_2_6,2,2:1,62.5,False,,,,,,1054-08-01
21414,1052-53,2_2_5,2,2:2,53.9,False,,,,,,1054-08-01
21415,1052-53,2_2_5,2,2:1,64.9,True,employed,professional,creative_industries,4.0,3.0,1054-08-01
21417,1052-53,4_2_12,4,2:2,54.1,True,employed,non_professional,allied_health_professions,3.0,3.0,1054-08-01
21422,1052-53,2_3_8,2,First,72.9,True,further_study,,further_study,,1.0,1054-08-01
21423,1052-53,1_1_4,1,Third,47.1,False,,,,,,1054-08-01
21425,1052-53,2_1_1,2,2:2,56.4,True,employed,professional,design_and_media,3.0,1.0,1054-08-01
21441,1052-53,2_2_2,2,First,73.3,False,,,,,,1054-08-01
21442,1052-53,4_2_12,4,2:2,50.5,True,further_study,,further_study,,3.0,1054-08-01
21447,1052-53,1_2_1,1,2:1,65.3,True,employed,professional,hospitality_and_tourism,4.0,4.0,1054-08-01
21449,1052-53,4_2_12,4,2:1,60.1,True,employed,professional,social_care,4.0,3.0,1054-08-01
21453,1052-53,2_4_12,2,2:2,59.7,False,,,,,,1054-08-01
21456,1052-53,2_2_3,2,2:1,65.6,False,,,,,,1054-08-01
21458,1052-53,2_2_2,2,2:2,57.3,True,employed,non_professional,design_and_media,1.0,9.0,1054-08-01
21459,1052-53,2_4_12,2,2:1,62.3,True,employed,professional,design_and_media,4.0,1.0,1054-08-01
21461,1052-53,1_1_2,1,First,75.8,False,,,,,,1054-08-01
21466,1052-53,2_4_12,2,Third,49.0,False,,,,,,1054-08-01
21473,1052-53,2_4_10,2,2:1,61.3,True,employed,non_professional,creative_industries,3.0,3.0,1054-08-01
21479,1052-53,2_3_9,2,First,74.3,False,,,,,,1054-08-01
21483,1052-53,2_4_11,2,First,72.1,True,employed,non_professional,craft_and_making,5.0,3.0,1054-08-01
21484,1052-53,1_1_2,1,2:2,58.5,True,unknown,,,,6.0,1054-08-01
21486,1052-53,2_4_12,2,2:1,63.3,True,employed,professional,craft_and_making,4.0,2.0,1054-08-01
21487,1052-53,2_2_4,2,2:1,62.0,False,,,,,,1054-08-01
21489,1052-53,4_2_12,4,First,93.9,True,unemployed,,,,17.0,1054-08-01
21491,1052-53,1_1_4,1,2:1,65.5,True,employed,professional,finance_and_banking,5.0,7.0,1054-08-01
21493,1052-53,2_3_9,2,2:1,63.2,True,employed,professional,heritage_and_curation,4.0,2.0,1054-08-01
21503,1052-53,2_3_8,2,2:1,61.2,False,,,,,,1054-08-01
21506,1052-53,1_1_4,1,2:2,56.6,True,employed,professional,hospitality_and_tourism,3.0,3.0,1054-08-01
21509,1052-53,2_3_8,2,2:1,63.3,True,employed,non_professional,design_and_media,4.0,4.0,1054-08-01
21516,1052-53,4_2_12,4,2:1,63.3,True,employed,non_professional,social_care,4.0,7.0,1054-08-01
21523,1052-53,2_3_9,2,2:2,53.4,False,,,,,,1054-08-01
21537,1052-53,2_4_11,2,2:2,53.8,True,further_study,,further_study,,1.0,1054-08-01
21544,1052-53,2_2_2,2,2:2,51.8,True,further_study,,further_study,,3.0,1054-08-01
21554,1052-53,2_4_12,2,2:2,55.1,True,unemployed,,,,12.0,1054-08-01
21559,1052-53,2_4_11,2,2:2,50.5,False,,,,,,1054-08-01
21561,1052-53,2_2_4,2,2:1,60.7,True,further_study,,further_study,,2.0,1054-08-01
21563,1052-53,3_2_2,3,First,71.2,True,further_study,,further_study,,1.0,1054-08-01
21567,1052-53,2_2_3,2,2:2,57.0,True,unemployed,,,,17.0,1054-08-01
21571,1052-53,2_2_4,2,2:2,53.0,False,,,,,,1054-08-01
21576,1052-53,2_3_8,2,Third,49.9,True,employed,non_professional,heritage_and_curation,2.0,4.0,1054-08-01
21577,1052-53,4_2_12,4,2:2,52.3,False,,,,,,1054-08-01
21579,1052-53,1_1_3,1,2:1,63.5,False,,,,,,1054-08-01
21582,1052-53,2_2_5,2,2:1,69.7,True,further_study,,further_study,,3.0,1054-08-01
21584,1052-53,2_2_3,2,2:2,59.2,True,employed,non_professional,design_and_media,2.0,5.0,1054-08-01
21587,1052-53,4_2_12,4,2:1,65.5,True,employed,professional,public_health,5.0,4.0,1054-08-01
21592,1052-53,2_4_12,2,First,72.5,True,employed,professional,creative_industries,5.0,3.0,1054-08-01
21594,1052-53,2_2_4,2,2:2,53.1,True,employed,professional,craft_and_making,3.0,3.0,1054-08-01
21597,1052-53,2_3_8,2,Third,46.4,False,,,,,,1054-08-01
21598,1052-53,1_1_1,1,2:1,60.3,True,employed,professional,finance_and_banking,4.0,2.0,1054-08-01
21606,1052-53,2_2_3,2,Third,49.7,True,employed,non_professional,craft_and_making,2.0,8.0,1054-08-01
21612,1052-53,2_4_11,2,Third,48.4,False,,,,,,1054-08-01
21613,1052-53,2_2_6,2,2:2,55.3,True,unemployed,,,,16.0,1054-08-01
21614,1052-53,3_1_1,3,2:1,67.2,True,employed,non_professional,media_and_communications,4.0,3.0,1054-08-01
21615,1052-53,3_1_1,3,2:1,69.3,True,employed,professional,media_and_communications,4.0,3.0,1054-08-01
21624,1052-53,2_3_8,2,2:1,62.9,True,further_study,,further_study,,3.0,1054-08-01
21626,1052-53,2_3_8,2,2:1,64.4,False,,,,,,1054-08-01
21627,1052-53,1_1_2,1,2:2,50.4,False,,,,,,1054-08-01
21637,1052-53,2_3_7,2,2:1,61.0,True,further_study,,further_study,,1.0,1054-08-01
21645,1052-53,2_4_10,2,2:2,52.4,False,,,,,,1054-08-01
21656,1052-53,2_2_2,2,2:2,51.2,True,employed,professional,craft_and_making,3.0,5.0,1054-08-01
21674,1052-53,1_1_5,1,First,72.7,False,,,,,,1054-08-01
21679,1052-53,2_1_1,2,2:1,67.8,True,employed,professional,heritage_and_curation,4.0,6.0,1054-08-01
21681,1052-53,1_2_1,1,2:1,64.2,False,,,,,,1054-08-01
21686,1052-53,4_2_12,4,2:1,64.6,True,employed,professional,public_health,4.0,10.0,1054-08-01
21687,1052-53,2_3_9,2,First,70.1,True,employed,professional,architecture_and_built_environment,5.0,4.0,1054-08-01
21702,1052-53,1_2_1,1,First,71.8,False,,,,,,1054-08-01
21703,1052-53,2_1_1,2,2:1,61.8,True,unemployed,,,,13.0,1054-08-01
21705,1052-53,2_1_1,2,2:2,55.4,True,employed,professional,design_and_media,3.0,5.0,1054-08-01
21715,1052-53,2_2_6,2,Third,48.5,False,,,,,,1054-08-01
21717,1052-53,2_2_3,2,2:2,53.5,True,unemployed,,,,18.0,1054-08-01
21718,1052-53,1_2_1,1,2:2,55.8,True,employed,non_professional,legal_services,2.0,2.0,1054-08-01
21719,1052-53,1_1_1,1,Third,48.7,True,employed,non_professional,human_resources,3.0,3.0,1054-08-01
21721,1052-53,4_2_12,4,2:1,62.3,True,employed,professional,allied_health_professions,4.0,9.0,1054-08-01
21727,1052-53,1_1_4,1,2:2,55.1,False,,,,,,1054-08-01
21737,1052-53,2_1_1,2,2:1,69.0,False,,,,,,1054-08-01
21755,1052-53,2_2_4,2,2:1,61.9,True,unemployed,,,,14.0,1054-08-01
21758,1052-53,2_1_1,2,2:1,61.4,True,employed,non_professional,design_and_media,3.0,8.0,1054-08-01
21759,1052-53,2_3_7,2,2:1,61.5,False,,,,,,1054-08-01
21767,1052-53,2_4_12,2,2:2,53.5,False,,,,,,1054-08-01
21775,1052-53,1_2_1,1,2:1,61.0,False,,,,,,1054-08-01
21780,1052-53,2_2_3,2,2:2,50.2,True,further_study,,further_study,,2.0,1054-08-01
21784,1052-53,3_2_2,3,2:2,59.7,True,employed,non_professional,media_and_communications,2.0,5.0,1054-08-01
21806,1052-53,3_2_2,3,Third,49.1,True,employed,professional,education,4.0,1.0,1054-08-01
21807,1052-53,3_2_2,3,2:1,62.2,True,employed,non_professional,research_and_academia,3.0,8.0,1054-08-01
21810,1052-53,1_1_5,1,2:2,52.7,True,unemployed,,,,17.0,1054-08-01
21816,1052-53,4_2_12,4,Third,43.2,True,employed,non_professional,social_care,1.0,6.0,1054-08-01
21822,1052-53,3_1_1,3,Third,49.8,True,employed,professional,media_and_communications,3.0,9.0,1054-08-01
21826,1052-53,2_1_1,2,2:2,56.9,True,further_study,,further_study,,3.0,1054-08-01
21828,1052-53,2_4_12,2,2:2,58.1,True,employed,non_professional,creative_industries,3.0,8.0,1054-08-01
21831,1052-53,2_2_5,2,First,76.8,False,,,,,,1054-08-01
21834,1052-53,1_1_2,1,2:2,57.9,True,further_study,,further_study,,1.0,1054-08-01
21837,1052-53,1_1_5,1,2:1,63.0,True,employed,professional,legal_services,4.0,3.0,1054-08-01
21842,1052-53,2_3_8,2,2:1,62.2,True,employed,professional,craft_and_making,5.0,1.0,1054-08-01
21843,1052-53,2_3_8,2,2:2,58.8,True,employed,non_professional,heritage_and_curation,3.0,7.0,1054-08-01
21847,1052-53,2_2_2,2,2:2,59.4,True,employed,professional,design_and_media,2.0,7.0,1054-08-01
21848,1052-53,2_4_12,2,2:1,61.0,False,,,,,,1054-08-01
21851,1052-53,2_3_9,2,2:2,51.5,True,further_study,,further_study,,4.0,1054-08-01
21853,1052-53,1_1_4,1,2:2,59.3,True,further_study,,further_study,,4.0,1054-08-01
21854,1052-53,2_2_4,2,2:1,66.7,True,further_study,,further_study,,3.0,1054-08-01
21855,1052-53,2_3_9,2,2:1,64.3,False,,,,,,1054-08-01
21856,1052-53,1_1_5,1,2:1,63.3,True,further_study,,further_study,,2.0,1054-08-01
21863,1052-53,1_1_5,1,2:1,63.4,True,further_study,,further_study,,1.0,1054-08-01
21875,1052-53,4_2_12,4,2:2,55.9,True,employed,professional,education,3.0,2.0,1054-08-01
21876,1052-53,2_4_10,2,2:1,64.0,True,employed,professional,design_and_media,5.0,6.0,1054-08-01
21882,1052-53,2_2_5,2,First,73.8,False,,,,,,1054-08-01
21885,1052-53,2_2_3,2,2:2,59.5,True,employed,non_professional,heritage_and_curation,1.0,1.0,1054-08-01
21887,1052-53,3_2_2,3,2:1,60.2,False,,,,,,1054-08-01
21890,1052-53,2_2_5,2,2:1,64.3,True,employed,professional,heritage_and_curation,5.0,2.0,1054-08-01
21891,1052-53,2_2_3,2,2:1,62.4,True,employed,professional,design_and_media,4.0,5.0,1054-08-01
21907,1052-53,2_2_6,2,2:1,66.1,True,unemployed,,,,13.0,1054-08-01
21908,1052-53,2_3_7,2,2:1,69.6,True,employed,non_professional,heritage_and_curation,4.0,3.0,1054-08-01
21926,1052-53,2_2_3,2,2:1,61.9,True,employed,professional,craft_and_making,4.0,7.0,1054-08-01
21940,1052-53,2_4_12,2,2:2,59.7,False,,,,,,1054-08-01
21950,1052-53,2_2_4,2,2:2,58.3,False,,,,,,1054-08-01
21952,1052-53,3_2_2,3,2:2,56.8,False,,,,,,1054-08-01
21954,1052-53,2_2_2,2,2:1,65.5,False,,,,,,1054-08-01
21955,1052-53,2_2_2,2,2:2,53.2,True,further_study,,further_study,,2.0,1054-08-01
21959,1052-53,2_3_7,2,First,70.5,True,employed,professional,craft_and_making,5.0,9.0,1054-08-01
21963,1052-53,2_3_9,2,2:2,56.1,True,unemployed,,,,17.0,1054-08-01
21964,1052-53,2_3_9,2,2:1,69.8,True,employed,non_professional,craft_and_making,3.0,3.0,1054-08-01
21968,1052-53,2_4_10,2,2:1,60.0,False,,,,,,1054-08-01
21975,1052-53,2_3_9,2,First,71.0,False,,,,,,1054-08-01
21976,1052-53,2_2_4,2,2:2,52.0,True,further_study,,further_study,,2.0,1054-08-01
21982,1052-53,2_3_8,2,2:1,63.2,True,employed,professional,architecture_and_built_environment,4.0,4.0,1054-08-01
21987,1052-53,2_2_5,2,Third,49.3,True,employed,professional,heritage_and_curation,3.0,6.0,1054-08-01
21999,1052-53,2_3_9,2,2:2,52.1,True,employed,non_professional,design_and_media,2.0,3.0,1054-08-01
22011,1052-53,2_2_5,2,2:1,61.7,True,employed,professional,creative_industries,3.0,7.0,1054-08-01
22013,1052-53,2_3_9,2,2:2,59.8,True,employed,non_professional,craft_and_making,2.0,3.0,1054-08-01
22016,1052-53,3_1_1,3,2:1,64.6,True,employed,professional,public_sector_and_civil_service,4.0,2.0,1054-08-01
22021,1052-53,2_4_12,2,2:1,67.6,True,unemployed,,,,8.0,1054-08-01
22041,1052-53,1_1_2,1,2:1,63.4,True,employed,professional,human_resources,4.0,8.0,1054-08-01
22042,1052-53,2_3_7,2,2:1,64.8,True,employed,professional,architecture_and_built_environment,4.0,3.0,1054-08-01
22048,1052-53,4_2_12,4,First,72.7,True,employed,professional,allied_health_professions,5.0,11.0,1054-08-01
22049,1052-53,2_2_3,2,2:2,59.7,True,employed,non_professional,design_and_media,2.0,3.0,1054-08-01
22050,1052-53,2_3_8,2,2:2,51.5,False,,,,,,1054-08-01
22052,1052-53,2_3_7,2,2:2,55.6,True,employed,non_professional,design_and_media,2.0,5.0,1054-08-01
22061,1052-53,2_4_10,2,2:2,55.5,True,employed,professional,heritage_and_curation,3.0,4.0,1054-08-01
22069,1052-53,1_1_4,1,2:1,63.0,False,,,,,,1054-08-01
22070,1052-53,2_2_3,2,2:2,59.0,True,employed,professional,craft_and_making,3.0,8.0,1054-08-01
22072,1052-53,2_1_1,2,2:1,61.3,True,further_study,,further_study,,4.0,1054-08-01
22075,1052-53,1_1_2,1,2:2,55.6,False,,,,,,1054-08-01
22077,1052-53,4_2_12,4,First,76.3,True,employed,professional,healthcare_and_nhs,4.0,8.0,1054-08-01
22080,1052-53,4_2_12,4,2:2,57.5,True,further_study,,further_study,,2.0,1054-08-01
22083,1052-53,1_2_1,1,2:2,55.8,False,,,,,,1054-08-01
22095,1052-53,2_2_4,2,2:2,59.4,False,,,,,,1054-08-01
22096,1052-53,1_2_1,1,2:1,66.8,False,,,,,,1054-08-01
22098,1052-53,4_2_12,4,2:1,63.8,True,employed,professional,allied_health_professions,5.0,5.0,1054-08-01
22099,1052-53,2_1_1,2,2:2,56.0,True,unemployed,,,,15.0,1054-08-01
22111,1052-53,2_2_5,2,2:2,59.9,True,employed,professional,heritage_and_curation,4.0,2.0,1054-08-01
22113,1052-53,2_4_12,2,Third,49.3,True,employed,non_professional,creative_industries,2.0,1.0,1054-08-01
22116,1052-53,2_2_4,2,2:2,53.0,True,further_study,,further_study,,5.0,1054-08-01
22120,1052-53,1_1_5,1,First,71.7,True,employed,professional,human_resources,5.0,7.0,1054-08-01
22134,1052-53,2_3_7,2,2:2,58.6,True,employed,non_professional,heritage_and_curation,3.0,4.0,1054-08-01
22143,1052-53,1_1_4,1,2:1,67.3,False,,,,,,1054-08-01
22148,1052-53,1_1_3,1,2:2,50.5,False,,,,,,1054-08-01
22149,1052-53,2_2_5,2,2:2,50.2,True,employed,non_professional,design_and_media,1.0,3.0,1054-08-01
22155,1052-53,3_2_2,3,2:2,57.2,True,further_study,,further_study,,2.0,1054-08-01
22158,1052-53,2_2_6,2,2:2,53.7,True,employed,professional,heritage_and_curation,3.0,1.0,1054-08-01
22160,1052-53,2_2_3,2,2:1,60.5,False,,,,,,1054-08-01
22166,1052-53,2_3_8,2,2:2,57.8,True,further_study,,further_study,,5.0,1054-08-01
22172,1052-53,4_2_12,4,First,70.5,True,employed,professional,education,5.0,4.0,1054-08-01
22173,1052-53,2_4_10,2,2:2,59.2,True,employed,non_professional,creative_industries,2.0,7.0,1054-08-01
22174,1052-53,1_2_1,1,Third,47.4,True,employed,non_professional,management_consulting,2.0,4.0,1054-08-01
22183,1052-53,2_4_12,2,Third,47.0,True,employed,non_professional,design_and_media,2.0,3.0,1054-08-01
22189,1052-53,2_3_8,2,2:2,56.8,False,,,,,,1054-08-01
22191,1052-53,2_4_10,2,2:2,54.7,True,employed,professional,craft_and_making,4.0,1.0,1054-08-01
22203,1052-53,1_1_5,1,2:1,63.0,False,,,,,,1054-08-01
22213,1052-53,2_4_12,2,2:1,65.5,False,,,,,,1054-08-01
22216,1052-53,2_2_3,2,2:2,53.2,False,,,,,,1054-08-01
22220,1052-53,1_1_2,1,2:2,54.6,True,unemployed,,,,15.0,1054-08-01
22221,1052-53,2_4_10,2,2:1,63.5,False,,,,,,1054-08-01
22231,1052-53,3_2_2,3,2:2,59.7,False,,,,,,1054-08-01
22232,1052-53,1_1_5,1,2:1,60.9,True,employed,professional,human_resources,4.0,2.0,1054-08-01
22233,1052-53,1_1_2,1,2:1,66.1,True,further_study,,further_study,,1.0,1054-08-01
22237,1052-53,3_1_1,3,2:1,66.3,True,employed,non_professional,media_and_communications,3.0,6.0,1054-08-01
22239,1052-53,2_2_3,2,2:2,57.7,True,employed,non_professional,architecture_and_built_environment,2.0,7.0,1054-08-01
22241,1052-53,1_2_1,1,2:2,59.0,True,further_study,,further_study,,3.0,1054-08-01
22253,1052-53,3_2_2,3,2:1,66.3,False,,,,,,1054-08-01
22254,1052-53,2_3_9,2,2:1,69.2,False,,,,,,1054-08-01
22256,1052-53,2_1_1,2,2:1,62.5,False,,,,,,1054-08-01
22259,1052-53,2_3_8,2,2:2,58.6,True,further_study,,further_study,,3.0,1054-08-01
22262,1052-53,3_2_2,3,2:1,61.1,True,employed,non_professional,research_and_academia,2.0,4.0,1054-08-01
22267,1052-53,2_4_11,2,2:2,52.1,True,employed,non_professional,architecture_and_built_environment,2.0,8.0,1054-08-01
22269,1052-53,3_2_2,3,2:1,65.7,True,employed,professional,education,4.0,6.0,1054-08-01
22270,1052-53,1_1_5,1,2:1,63.7,False,,,,,,1054-08-01
22272,1052-53,2_3_7,2,2:1,64.7,True,employed,professional,heritage_and_curation,5.0,2.0,1054-08-01
22278,1052-53,3_1_1,3,2:2,54.1,True,further_study,,further_study,,2.0,1054-08-01
22286,1052-53,1_1_2,1,2:1,63.3,False,,,,,,1054-08-01
22287,1052-53,2_3_7,2,First,72.2,True,employed,non_professional,creative_industries,4.0,8.0,1054-08-01
22288,1052-53,2_4_10,2,2:2,53.1,True,employed,professional,heritage_and_curation,3.0,3.0,1054-08-01
22300,1052-53,2_4_12,2,2:1,61.4,False,,,,,,1054-08-01
22303,1052-53,1_2_1,1,2:1,62.9,True,further_study,,further_study,,3.0,1054-08-01
22308,1052-53,1_1_1,1,2:1,63.1,True,employed,non_professional,human_resources,3.0,3.0,1054-08-01
22309,1052-53,2_2_2,2,2:2,58.9,True,employed,non_professional,architecture_and_built_environment,2.0,3.0,1054-08-01
22314,1052-53,2_4_12,2,2:2,54.4,True,unknown,,,,14.0,1054-08-01
22323,1052-53,2_2_2,2,2:1,60.0,True,employed,professional,heritage_and_curation,4.0,8.0,1054-08-01
22330,1052-53,1_1_1,1,2:1,63.3,True,employed,professional,management_consulting,3.0,2.0,1054-08-01
22335,1052-53,2_2_5,2,First,71.3,True,employed,professional,craft_and_making,5.0,3.0,1054-08-01
22351,1052-53,2_2_3,2,2:2,54.9,False,,,,,,1054-08-01
22352,1052-53,2_2_3,2,2:1,63.8,True,employed,professional,craft_and_making,4.0,4.0,1054-08-01
22355,1052-53,2_2_3,2,2:2,53.8,True,employed,professional,craft_and_making,2.0,6.0,1054-08-01
22357,1052-53,2_2_6,2,2:1,63.0,False,,,,,,1054-08-01
22367,1052-53,4_2_12,4,First,80.7,False,,,,,,1054-08-01
22373,1052-53,1_1_3,1,2:2,51.6,False,,,,,,1054-08-01
22375,1052-53,4_2_12,4,2:2,55.0,True,employed,professional,public_health,3.0,8.0,1054-08-01
22376,1052-53,3_1_1,3,2:2,52.8,True,employed,professional,research_and_academia,2.0,3.0,1054-08-01
22386,1052-53,2_3_7,2,2:1,64.9,True,employed,professional,heritage_and_curation,4.0,0.0,1054-08-01
22388,1052-53,2_2_2,2,2:1,67.5,True,employed,professional,design_and_media,5.0,5.0,1054-08-01
22394,1052-53,2_2_4,2,2:1,64.6,True,employed,professional,creative_industries,4.0,2.0,1054-08-01
22400,1052-53,2_4_10,2,2:1,64.1,True,unemployed,,,,16.0,1054-08-01
22401,1052-53,1_1_5,1,First,76.7,False,,,,,,1054-08-01
22405,1052-53,2_2_3,2,2:2,57.3,True,employed,professional,heritage_and_curation,3.0,3.0,1054-08-01
22409,1052-53,1_1_1,1,2:2,54.3,True,further_study,,further_study,,2.0,1054-08-01
22413,1052-53,2_3_9,2,2:1,68.9,True,unemployed,,,,14.0,1054-08-01
22417,1052-53,1_1_2,1,2:1,67.6,False,,,,,,1054-08-01
22426,1052-53,1_2_1,1,2:2,51.9,False,,,,,,1054-08-01
22429,1052-53,2_2_4,2,2:2,51.0,True,unemployed,,,,11.0,1054-08-01
22436,1052-53,2_3_9,2,2:2,51.6,False,,,,,,1054-08-01
22444,1052-53,1_1_3,1,2:1,62.0,True,further_study,,further_study,,1.0,1054-08-01
22446,1052-53,4_2_12,4,Third,47.0,True,employed,professional,allied_health_professions,3.0,7.0,1054-08-01
22447,1052-53,1_1_2,1,2:2,55.3,True,further_study,,further_study,,5.0,1054-08-01
22454,1052-53,4_2_12,4,2:1,66.1,True,further_study,,further_study,,3.0,1054-08-01
22459,1052-53,4_2_12,4,Third,46.4,True,unemployed,,,,8.0,1054-08-01
22462,1052-53,2_3_8,2,2:1,64.2,True,employed,professional,architecture_and_built_environment,4.0,1.0,1054-08-01
22464,1052-53,1_2_1,1,2:2,53.2,True,unknown,,,,11.0,1054-08-01
22465,1052-53,2_4_12,2,2:2,53.3,True,employed,professional,craft_and_making,3.0,3.0,1054-08-01
22466,1052-53,4_2_12,4,Third,47.3,True,employed,professional,public_health,2.0,8.0,1054-08-01
22479,1052-53,1_2_1,1,2:1,66.3,True,employed,non_professional,finance_and_banking,3.0,7.0,1054-08-01
22492,1052-53,2_4_12,2,2:2,54.2,True,employed,professional,design_and_media,3.0,2.0,1054-08-01
22499,1052-53,2_4_12,2,2:2,58.7,False,,,,,,1054-08-01
22520,1052-53,1_1_4,1,2:2,58.8,True,further_study,,further_study,,2.0,1054-08-01
22522,1052-53,2_3_8,2,2:1,63.2,False,,,,,,1054-08-01
22525,1052-53,4_2_12,4,Third,48.0,False,,,,,,1054-08-01
22527,1052-53,2_1_1,2,2:2,58.9,True,unemployed,,,,17.0,1054-08-01
22531,1052-53,3_1_1,3,2:2,55.3,True,unemployed,,,,10.0,1054-08-01
22533,1052-53,1_2_1,1,2:2,59.0,True,employed,non_professional,finance_and_banking,3.0,9.0,1054-08-01
22536,1052-53,2_4_11,2,2:1,60.4,True,further_study,,further_study,,3.0,1054-08-01
22539,1052-53,3_2_2,3,2:2,53.4,False,,,,,,1054-08-01
22546,1052-53,2_4_10,2,2:2,52.9,True,employed,professional,creative_industries,2.0,10.0,1054-08-01
22561,1052-53,2_4_10,2,Third,48.3,True,unemployed,,,,14.0,1054-08-01
22570,1052-53,4_2_12,4,Third,44.8,True,employed,professional,allied_health_professions,3.0,2.0,1054-08-01
22571,1052-53,2_2_6,2,2:1,61.7,True,employed,non_professional,design_and_media,4.0,11.0,1054-08-01
22572,1052-53,2_1_1,2,2:1,64.1,False,,,,,,1054-08-01
22574,1052-53,2_3_8,2,2:2,51.8,False,,,,,,1054-08-01
22575,1052-53,2_3_9,2,Third,47.6,True,employed,non_professional,heritage_and_curation,3.0,2.0,1054-08-01
22587,1052-53,3_2_2,3,2:1,68.0,False,,,,,,1054-08-01
22590,1052-53,1_1_4,1,2:2,52.1,True,further_study,,further_study,,3.0,1054-08-01
22594,1052-53,2_1_1,2,2:2,56.5,True,employed,professional,creative_industries,3.0,5.0,1054-08-01
22595,1052-53,2_3_7,2,2:1,64.6,True,employed,non_professional,heritage_and_curation,2.0,3.0,1054-08-01
22597,1052-53,2_4_12,2,Third,46.2,True,employed,non_professional,design_and_media,2.0,6.0,1054-08-01
22601,1052-53,2_4_10,2,First,73.3,True,further_study,,further_study,,3.0,1054-08-01
22605,1052-53,2_3_8,2,2:1,65.3,True,employed,professional,heritage_and_curation,4.0,1.0,1054-08-01
22607,1052-53,2_2_5,2,2:1,64.0,False,,,,,,1054-08-01
22611,1052-53,2_4_10,2,First,72.7,False,,,,,,1054-08-01
22617,1052-53,2_3_8,2,2:1,62.5,True,employed,professional,heritage_and_curation,4.0,7.0,1054-08-01
22620,1052-53,2_1_1,2,2:1,64.0,True,employed,professional,architecture_and_built_environment,4.0,0.0,1054-08-01
22627,1052-53,1_1_3,1,2:2,58.8,True,unemployed,,,,19.0,1054-08-01
22628,1052-53,2_2_3,2,2:1,63.0,True,employed,non_professional,architecture_and_built_environment,2.0,3.0,1054-08-01
22631,1052-53,2_2_2,2,2:1,62.7,True,further_study,,further_study,,3.0,1054-08-01
22636,1052-53,1_1_1,1,2:2,55.5,True,further_study,,further_study,,5.0,1054-08-01
22647,1052-53,1_1_1,1,2:1,62.4,True,employed,non_professional,management_consulting,3.0,9.0,1054-08-01
22648,1052-53,2_1_1,2,2:1,67.7,True,unemployed,,,,17.0,1054-08-01
22657,1052-53,1_2_1,1,2:2,55.0,True,employed,professional,finance_and_banking,3.0,4.0,1054-08-01
22658,1052-53,1_1_3,1,2:1,63.3,True,employed,professional,human_resources,3.0,5.0,1054-08-01
22664,1052-53,2_4_12,2,2:2,54.3,True,employed,non_professional,craft_and_making,2.0,0.0,1054-08-01
22666,1052-53,2_2_3,2,2:2,58.6,True,further_study,,further_study,,4.0,1054-08-01
22667,1052-53,1_2_1,1,2:2,57.0,False,,,,,,1054-08-01
22669,1052-53,2_4_10,2,2:2,59.3,True,unemployed,,,,18.0,1054-08-01
22671,1052-53,4_2_12,4,First,88.9,True,employed,professional,education,5.0,4.0,1054-08-01
22675,1052-53,1_2_1,1,2:1,65.6,True,employed,professional,human_resources,4.0,8.0,1054-08-01
22678,1052-53,3_2_2,3,2:1,68.4,True,employed,non_professional,research_and_academia,3.0,6.0,1054-08-01
22682,1052-53,2_3_7,2,First,71.3,False,,,,,,1054-08-01
22690,1052-53,2_2_6,2,2:1,68.7,True,further_study,,further_study,,5.0,1054-08-01
22696,1052-53,4_2_12,4,First,91.3,False,,,,,,1054-08-01
22700,1052-53,1_1_3,1,2:1,62.0,True,employed,professional,finance_and_banking,5.0,8.0,1054-08-01
22709,1052-53,2_4_12,2,2:2,58.5,True,employed,non_professional,design_and_media,1.0,3.0,1054-08-01
22718,1052-53,2_2_4,2,First,76.8,True,unemployed,,,,9.0,1054-08-01
22724,1052-53,3_2_2,3,2:1,66.9,True,employed,non_professional,education,3.0,5.0,1054-08-01
22727,1052-53,2_3_8,2,2:1,62.0,True,employed,professional,creative_industries,5.0,10.0,1054-08-01
22729,1052-53,1_1_3,1,2:1,63.2,True,employed,non_professional,management_consulting,3.0,1.0,1054-08-01
22735,1052-53,2_3_8,2,2:1,61.0,True,employed,professional,design_and_media,3.0,3.0,1054-08-01
22736,1052-53,1_1_5,1,2:1,63.9,True,unknown,,,,6.0,1054-08-01
22738,1052-53,1_1_2,1,2:1,62.8,True,unemployed,,,,7.0,1054-08-01
22743,1052-53,2_2_6,2,Third,48.5,True,employed,professional,design_and_media,1.0,9.0,1054-08-01
22744,1052-53,2_2_2,2,Third,44.5,False,,,,,,1054-08-01
22746,1052-53,2_2_3,2,2:2,54.6,True,employed,professional,architecture_and_built_environment,3.0,7.0,1054-08-01
22752,1052-53,1_1_1,1,2:1,64.2,True,further_study,,further_study,,1.0,1054-08-01
22754,1052-53,2_2_2,2,2:2,52.6,False,,,,,,1054-08-01
22755,1052-53,2_2_4,2,2:1,60.1,False,,,,,,1054-08-01
22758,1052-53,2_2_5,2,2:2,56.4,False,,,,,,1054-08-01
22767,1052-53,2_4_12,2,2:1,64.2,True,employed,professional,craft_and_making,4.0,5.0,1054-08-01
22775,1052-53,2_4_12,2,2:1,67.0,True,employed,professional,craft_and_making,4.0,5.0,1054-08-01
22776,1052-53,1_1_4,1,2:2,58.9,True,unemployed,,,,17.0,1054-08-01
22779,1052-53,2_4_10,2,2:2,57.2,False,,,,,,1054-08-01
22787,1052-53,1_1_3,1,2:1,60.3,True,employed,professional,management_consulting,4.0,4.0,1054-08-01
22790,1052-53,2_4_10,2,2:2,50.4,True,further_study,,further_study,,2.0,1054-08-01
22794,1052-53,2_3_7,2,2:1,62.3,True,employed,professional,heritage_and_curation,3.0,4.0,1054-08-01
22801,1052-53,3_2_2,3,First,73.0,False,,,,,,1054-08-01
22807,1052-53,1_1_4,1,2:1,68.9,True,employed,professional,management_consulting,4.0,9.0,1054-08-01
22814,1052-53,2_4_10,2,First,72.0,True,employed,professional,heritage_and_curation,5.0,5.0,1054-08-01
22817,1052-53,1_1_2,1,2:1,61.5,True,further_study,,further_study,,6.0,1054-08-01
22819,1052-53,2_2_5,2,2:1,65.1,True,further_study,,further_study,,3.0,1054-08-01
22822,1052-53,1_2_1,1,2:2,57.9,True,employed,non_professional,legal_services,3.0,1.0,1054-08-01
22825,1052-53,4_2_12,4,2:2,58.9,True,employed,professional,allied_health_professions,2.0,6.0,1054-08-01
22826,1052-53,1_2_1,1,2:1,66.2,True,employed,professional,finance_and_banking,3.0,3.0,1054-08-01
22828,1052-53,4_2_12,4,First,70.4,True,unemployed,,,,8.0,1054-08-01
22830,1052-53,2_3_9,2,2:1,60.4,True,employed,non_professional,craft_and_making,3.0,6.0,1054-08-01
22837,1052-53,2_1_1,2,2:1,66.4,True,further_study,,further_study,,1.0,1054-08-01
22844,1052-53,1_2_1,1,2:1,60.0,True,further_study,,further_study,,1.0,1054-08-01
22850,1052-53,1_1_4,1,2:1,67.3,True,employed,professional,hospitality_and_tourism,4.0,4.0,1054-08-01
22854,1052-53,4_2_12,4,2:2,56.1,True,employed,professional,social_care,3.0,7.0,1054-08-01
22857,1052-53,4_2_12,4,2:1,67.3,True,employed,professional,healthcare_and_nhs,4.0,7.0,1054-08-01
22867,1052-53,1_1_3,1,Third,46.0,False,,,,,,1054-08-01
22869,1052-53,2_4_11,2,2:2,53.0,True,employed,non_professional,craft_and_making,1.0,5.0,1054-08-01
22870,1052-53,2_4_10,2,2:2,55.1,True,employed,non_professional,architecture_and_built_environment,3.0,4.0,1054-08-01
22871,1052-53,4_2_12,4,2:1,68.5,True,unknown,,,,15.0,1054-08-01
22872,1052-53,2_3_7,2,First,75.5,True,employed,professional,architecture_and_built_environment,5.0,9.0,1054-08-01
22873,1052-53,3_2_2,3,2:1,62.9,False,,,,,,1054-08-01
22885,1052-53,1_1_4,1,2:1,68.9,True,unknown,,,,6.0,1054-08-01
22886,1052-53,2_2_3,2,2:2,50.0,False,,,,,,1054-08-01
22888,1052-53,2_2_3,2,2:2,51.1,True,employed,non_professional,design_and_media,3.0,8.0,1054-08-01
22895,1052-53,1_1_2,1,2:1,68.2,True,employed,professional,human_resources,4.0,6.0,1054-08-01
22907,1052-53,4_2_12,4,Third,44.8,True,employed,professional,allied_health_professions,3.0,6.0,1054-08-01
22909,1052-53,2_4_12,2,2:2,58.1,True,employed,professional,craft_and_making,3.0,3.0,1054-08-01
22914,1052-53,1_1_2,1,2:2,55.0,False,,,,,,1054-08-01
22926,1052-53,2_2_3,2,2:1,61.7,False,,,,,,1054-08-01
22945,1052-53,2_1_1,2,2:2,55.0,True,further_study,,further_study,,1.0,1054-08-01
22947,1052-53,1_1_1,1,2:1,69.5,False,,,,,,1054-08-01
22959,1052-53,2_2_4,2,2:2,51.5,False,,,,,,1054-08-01
22964,1052-53,1_1_1,1,2:1,64.0,False,,,,,,1054-08-01
22965,1052-53,2_2_4,2,2:2,53.1,False,,,,,,1054-08-01
22967,1052-53,1_1_1,1,2:1,65.1,True,employed,professional,human_resources,5.0,6.0,1054-08-01
22977,1052-53,2_2_5,2,First,71.5,True,employed,non_professional,design_and_media,4.0,4.0,1054-08-01
22979,1052-53,1_1_5,1,2:1,65.8,True,unknown,,,,8.0,1054-08-01
22980,1052-53,1_1_5,1,First,73.4,True,employed,professional,management_consulting,5.0,4.0,1054-08-01
22988,1052-53,2_2_5,2,2:1,64.5,True,employed,non_professional,design_and_media,3.0,4.0,1054-08-01
22989,1052-53,3_1_1,3,Third,49.5,True,employed,non_professional,media_and_communications,3.0,6.0,1054-08-01
22995,1052-53,1_2_1,1,2:1,66.6,False,,,,,,1054-08-01
23006,1052-53,2_2_5,2,2:2,57.4,True,unknown,,,,9.0,1054-08-01
23007,1052-53,1_1_2,1,2:2,55.4,True,further_study,,further_study,,3.0,1054-08-01
23008,1052-53,1_1_1,1,2:1,63.4,False,,,,,,1054-08-01
23014,1052-53,2_3_9,2,2:1,69.3,True,employed,professional,heritage_and_curation,4.0,7.0,1054-08-01
23019,1052-53,3_2_2,3,Third,46.3,True,unemployed,,,,15.0,1054-08-01
23024,1052-53,2_2_5,2,2:1,62.0,False,,,,,,1054-08-01
23029,1052-53,3_2_2,3,2:1,66.5,True,further_study,,further_study,,1.0,1054-08-01
23031,1052-53,2_2_4,2,2:2,56.0,False,,,,,,1054-08-01
23032,1052-53,4_2_12,4,First,76.7,False,,,,,,1054-08-01
23036,1052-53,2_2_4,2,2:2,56.4,True,employed,non_professional,architecture_and_built_environment,3.0,1.0,1054-08-01
23037,1052-53,1_1_3,1,2:1,65.3,True,employed,professional,human_resources,4.0,3.0,1054-08-01
23043,1052-53,1_1_4,1,First,75.4,True,employed,professional,hospitality_and_tourism,4.0,10.0,1054-08-01
23047,1052-53,2_3_9,2,2:2,56.2,False,,,,,,1054-08-01
23055,1052-53,1_1_2,1,2:2,52.8,True,employed,non_professional,legal_services,1.0,10.0,1054-08-01
23057,1052-53,2_2_5,2,2:1,66.8,True,further_study,,further_study,,1.0,1054-08-01
23060,1052-53,2_2_5,2,First,74.6,False,,,,,,1054-08-01
23071,1052-53,2_2_5,2,Third,48.6,True,further_study,,further_study,,3.0,1054-08-01
23075,1052-53,2_2_3,2,2:1,62.3,True,further_study,,further_study,,4.0,1054-08-01
23077,1052-53,2_2_5,2,2:1,62.4,True,employed,non_professional,craft_and_making,3.0,1.0,1054-08-01
23078,1052-53,2_2_5,2,2:1,67.0,True,employed,professional,design_and_media,5.0,9.0,1054-08-01
23084,1052-53,1_1_3,1,2:2,56.6,True,unemployed,,,,17.0,1054-08-01
23085,1052-53,1_1_3,1,2:1,64.8,False,,,,,,1054-08-01
23090,1052-53,2_3_8,2,Third,47.7,False,,,,,,1054-08-01
23092,1052-53,1_1_1,1,2:1,65.0,True,employed,professional,finance_and_banking,2.0,7.0,1054-08-01
23099,1052-53,2_2_3,2,2:1,60.1,False,,,,,,1054-08-01
23107,1052-53,4_2_12,4,First,73.1,True,unemployed,,,,16.0,1054-08-01
23109,1052-53,2_3_7,2,2:1,65.3,True,employed,non_professional,design_and_media,4.0,6.0,1054-08-01
23111,1052-53,2_1_1,2,2:1,62.0,True,employed,professional,heritage_and_curation,3.0,8.0,1054-08-01
23118,1052-53,1_1_5,1,2:2,57.2,False,,,,,,1054-08-01
23124,1052-53,2_3_8,2,First,73.2,True,further_study,,further_study,,4.0,1054-08-01
23137,1052-53,3_2_2,3,Third,49.8,True,employed,non_professional,education,3.0,9.0,1054-08-01
23143,1052-53,1_2_1,1,2:2,55.0,True,unemployed,,,,22.0,1054-08-01
23149,1052-53,2_1_1,2,2:2,56.7,True,further_study,,further_study,,1.0,1054-08-01
23150,1052-53,2_4_10,2,2:1,62.6,True,employed,professional,design_and_media,4.0,2.0,1054-08-01
23151,1052-53,1_1_5,1,2:2,53.5,False,,,,,,1054-08-01
23152,1052-53,4_2_12,4,2:1,64.5,False,,,,,,1054-08-01
23154,1052-53,1_1_4,1,2:2,50.3,True,employed,non_professional,finance_and_banking,3.0,1.0,1054-08-01
23157,1052-53,2_2_4,2,2:2,56.7,True,employed,non_professional,heritage_and_curation,1.0,1.0,1054-08-01
23160,1052-53,2_1_1,2,2:2,54.4,False,,,,,,1054-08-01
23164,1052-53,4_2_12,4,2:2,54.9,False,,,,,,1054-08-01
23166,1052-53,1_1_5,1,2:1,61.4,True,further_study,,further_study,,3.0,1054-08-01
23176,1052-53,2_4_10,2,2:1,68.8,False,,,,,,1054-08-01
23177,1052-53,1_1_3,1,2:1,69.7,True,unknown,,,,13.0,1054-08-01
23182,1052-53,2_4_12,2,2:2,55.6,True,employed,professional,architecture_and_built_environment,4.0,5.0,1054-08-01
23186,1052-53,4_2_12,4,2:1,69.5,False,,,,,,1054-08-01
23193,1052-53,1_1_2,1,2:1,65.1,True,employed,professional,legal_services,4.0,4.0,1054-08-01
23216,1052-53,2_1_1,2,2:2,50.3,False,,,,,,1054-08-01
23218,1052-53,1_1_2,1,First,78.7,False,,,,,,1054-08-01
23220,1052-53,4_2_12,4,First,85.4,True,unemployed,,,,12.0,1054-08-01
23228,1052-53,1_1_3,1,2:2,54.4,True,employed,non_professional,human_resources,1.0,5.0,1054-08-01
23230,1052-53,3_2_2,3,2:1,66.3,False,,,,,,1054-08-01
23231,1052-53,2_2_4,2,2:2,54.7,True,further_study,,further_study,,2.0,1054-08-01
23234,1052-53,2_4_12,2,2:1,66.5,True,employed,professional,heritage_and_curation,4.0,5.0,1054-08-01
23246,1052-53,1_1_1,1,2:2,52.8,False,,,,,,1054-08-01
23250,1052-53,2_2_4,2,2:1,67.7,True,employed,non_professional,architecture_and_built_environment,3.0,4.0,1054-08-01
23251,1052-53,3_1_1,3,2:1,63.2,True,employed,professional,education,4.0,8.0,1054-08-01
23252,1052-53,4_2_12,4,2:1,64.7,False,,,,,,1054-08-01
23264,1052-53,2_4_10,2,2:1,66.8,False,,,,,,1054-08-01
23267,1052-53,2_2_3,2,2:2,57.1,True,further_study,,further_study,,3.0,1054-08-01
23268,1052-53,2_2_4,2,First,72.8,True,employed,professional,creative_industries,5.0,4.0,1054-08-01
23272,1052-53,2_2_6,2,First,72.9,True,employed,non_professional,architecture_and_built_environment,4.0,5.0,1054-08-01
23278,1052-53,2_4_11,2,2:1,60.8,True,employed,professional,creative_industries,3.0,7.0,1054-08-01
23281,1052-53,2_4_10,2,2:1,68.0,True,employed,professional,heritage_and_curation,5.0,4.0,1054-08-01
23292,1052-53,2_4_10,2,2:1,61.8,False,,,,,,1054-08-01
23293,1052-53,2_2_3,2,2:1,67.5,True,employed,professional,creative_industries,5.0,4.0,1054-08-01
23294,1052-53,2_1_1,2,2:1,69.0,False,,,,,,1054-08-01
23300,1052-53,2_4_10,2,2:1,62.6,False,,,,,,1054-08-01
23304,1052-53,2_2_5,2,2:1,67.5,False,,,,,,1054-08-01
23306,1052-53,2_1_1,2,2:2,58.7,False,,,,,,1054-08-01
23312,1052-53,2_4_10,2,2:1,61.9,False,,,,,,1054-08-01
23319,1052-53,4_2_12,4,First,71.6,True,employed,professional,education,4.0,6.0,1054-08-01
23320,1052-53,1_1_3,1,2:1,60.3,True,employed,professional,management_consulting,5.0,2.0,1054-08-01
23324,1052-53,1_1_3,1,2:2,54.6,False,,,,,,1054-08-01
23331,1052-53,2_1_1,2,First,73.3,True,employed,professional,architecture_and_built_environment,5.0,4.0,1054-08-01
23335,1052-53,2_3_8,2,2:2,52.3,True,further_study,,further_study,,1.0,1054-08-01
23336,1052-53,2_2_4,2,2:1,69.6,True,unemployed,,,,14.0,1054-08-01
23338,1052-53,2_2_4,2,2:2,55.4,False,,,,,,1054-08-01
23339,1052-53,2_2_5,2,2:2,57.4,True,further_study,,further_study,,1.0,1054-08-01
23348,1052-53,1_1_2,1,2:2,57.9,True,unknown,,,,5.0,1054-08-01
23353,1052-53,2_2_2,2,2:2,56.8,False,,,,,,1054-08-01
23354,1052-53,2_4_11,2,First,70.3,True,further_study,,further_study,,4.0,1054-08-01
23360,1052-53,1_1_3,1,First,78.0,True,employed,professional,management_consulting,5.0,1.0,1054-08-01
23362,1052-53,2_4_12,2,2:1,63.2,False,,,,,,1054-08-01
23363,1052-53,4_2_12,4,2:2,55.1,True,unemployed,,,,16.0,1054-08-01
23364,1052-53,2_4_12,2,2:1,66.9,True,further_study,,further_study,,1.0,1054-08-01
23367,1052-53,2_4_12,2,2:1,63.4,False,,,,,,1054-08-01
23370,1052-53,1_1_5,1,2:2,51.7,True,employed,non_professional,finance_and_banking,2.0,8.0,1054-08-01
23377,1052-53,3_2_2,3,2:1,60.1,True,employed,professional,education,3.0,5.0,1054-08-01
23380,1052-53,2_2_5,2,First,73.6,True,unemployed,,,,10.0,1054-08-01
23384,1052-53,3_2_2,3,First,73.9,True,employed,non_professional,education,5.0,4.0,1054-08-01
23394,1052-53,4_2_12,4,2:2,58.9,False,,,,,,1054-08-01
23404,1052-53,2_2_2,2,2:2,51.6,True,further_study,,further_study,,3.0,1054-08-01
23405,1052-53,2_4_11,2,2:1,60.2,True,employed,non_professional,heritage_and_curation,3.0,3.0,1054-08-01
23416,1052-53,2_1_1,2,2:2,56.6,True,employed,non_professional,heritage_and_curation,2.0,4.0,1054-08-01
23424,1052-53,2_4_11,2,2:2,53.3,True,further_study,,further_study,,3.0,1054-08-01
23438,1052-53,1_1_5,1,2:2,50.9,True,further_study,,further_study,,2.0,1054-08-01
23443,1052-53,1_1_5,1,2:2,54.7,True,employed,professional,hospitality_and_tourism,3.0,2.0,1054-08-01
23445,1052-53,2_2_4,2,First,74.3,True,unemployed,,,,16.0,1054-08-01
23447,1052-53,2_4_10,2,2:1,64.0,False,,,,,,1054-08-01
23448,1052-53,4_2_12,4,Third,45.6,True,further_study,,further_study,,1.0,1054-08-01
23449,1052-53,1_1_5,1,2:1,66.6,True,employed,professional,finance_and_banking,4.0,5.0,1054-08-01
23458,1052-53,1_1_1,1,2:2,56.8,True,unemployed,,,,11.0,1054-08-01
23464,1052-53,2_2_6,2,First,72.8,False,,,,,,1054-08-01
23465,1052-53,4_2_12,4,2:2,58.7,False,,,,,,1054-08-01
23470,1052-53,2_4_11,2,2:2,55.9,False,,,,,,1054-08-01
23476,1052-53,1_2_1,1,2:1,62.8,True,employed,professional,legal_services,4.0,5.0,1054-08-01
23481,1052-53,1_2_1,1,2:2,54.0,True,unemployed,,,,14.0,1054-08-01
23486,1052-53,2_3_9,2,2:2,53.5,True,employed,non_professional,architecture_and_built_environment,1.0,4.0,1054-08-01
23489,1052-53,2_1_1,2,Third,47.1,True,unemployed,,,,10.0,1054-08-01
23491,1052-53,2_2_3,2,2:1,66.1,True,unemployed,,,,20.0,1054-08-01
23505,1052-53,2_4_10,2,2:2,59.4,True,employed,professional,design_and_media,3.0,2.0,1054-08-01
23507,1052-53,2_3_7,2,2:1,63.8,False,,,,,,1054-08-01
23511,1052-53,2_3_8,2,First,71.7,True,employed,non_professional,design_and_media,4.0,4.0,1054-08-01
23535,1052-53,2_4_12,2,Third,48.5,True,further_study,,further_study,,4.0,1054-08-01
23536,1052-53,2_2_4,2,2:2,53.0,True,unemployed,,,,16.0,1054-08-01
23543,1052-53,2_2_4,2,2:2,50.2,True,employed,non_professional,design_and_media,3.0,3.0,1054-08-01
23546,1052-53,2_3_8,2,2:2,57.9,True,employed,non_professional,heritage_and_curation,1.0,4.0,1054-08-01
23550,1052-53,2_4_10,2,2:1,68.3,True,employed,professional,heritage_and_curation,3.0,1.0,1054-08-01
23554,1052-53,2_2_2,2,2:1,66.7,True,further_study,,further_study,,1.0,1054-08-01
23556,1052-53,2_2_6,2,2:2,51.6,True,employed,professional,craft_and_making,3.0,3.0,1054-08-01
23571,1052-53,2_4_11,2,2:2,50.1,False,,,,,,1054-08-01
23572,1052-53,2_3_9,2,Third,46.8,False,,,,,,1054-08-01
23579,1052-53,2_2_5,2,2:1,65.1,True,further_study,,further_study,,1.0,1054-08-01
23585,1052-53,2_2_5,2,Third,49.3,True,employed,non_professional,architecture_and_built_environment,1.0,7.0,1054-08-01
23587,1052-53,2_4_10,2,2:1,67.9,True,employed,non_professional,design_and_media,3.0,2.0,1054-08-01
23588,1052-53,2_3_7,2,2:2,56.4,True,employed,non_professional,heritage_and_curation,3.0,9.0,1054-08-01
23589,1052-53,2_4_12,2,2:1,63.5,True,employed,non_professional,heritage_and_curation,4.0,6.0,1054-08-01
23601,1052-53,2_2_2,2,2:2,55.6,True,unemployed,,,,22.0,1054-08-01
23614,1052-53,2_4_12,2,Third,48.9,True,unemployed,,,,13.0,1054-08-01
23615,1052-53,2_3_8,2,2:1,60.4,True,employed,professional,craft_and_making,5.0,2.0,1054-08-01
23617,1052-53,3_2_2,3,2:2,57.4,True,employed,professional,education,3.0,2.0,1054-08-01
23626,1052-53,2_2_3,2,2:1,66.3,True,employed,non_professional,heritage_and_curation,2.0,2.0,1054-08-01
23627,1052-53,4_2_12,4,2:1,63.8,True,further_study,,further_study,,1.0,1054-08-01
23637,1052-53,2_3_8,2,2:2,55.4,False,,,,,,1054-08-01
23639,1052-53,2_4_10,2,Third,45.5,True,further_study,,further_study,,0.0,1054-08-01
23645,1052-53,3_2_2,3,2:1,62.3,False,,,,,,1054-08-01
23650,1052-53,2_4_10,2,2:1,64.7,True,employed,professional,creative_industries,4.0,7.0,1054-08-01
23651,1052-53,2_2_3,2,2:2,53.1,False,,,,,,1054-08-01
23656,1052-53,2_2_5,2,2:2,55.6,True,employed,non_professional,craft_and_making,2.0,10.0,1054-08-01
23662,1052-53,4_2_12,4,First,81.9,True,employed,professional,public_health,5.0,4.0,1054-08-01
23668,1052-53,4_2_12,4,First,73.6,True,employed,professional,education,4.0,4.0,1054-08-01
23679,1052-53,2_3_8,2,2:1,61.7,True,further_study,,further_study,,3.0,1054-08-01
23681,1052-53,2_3_8,2,2:2,52.0,True,employed,non_professional,design_and_media,1.0,5.0,1054-08-01
23683,1052-53,1_1_1,1,2:1,69.2,True,employed,non_professional,finance_and_banking,3.0,6.0,1054-08-01
23693,1052-53,2_3_7,2,2:2,54.8,True,employed,non_professional,craft_and_making,1.0,9.0,1054-08-01
23700,1052-53,1_1_2,1,2:2,52.6,True,further_study,,further_study,,4.0,1054-08-01
23706,1052-53,2_2_5,2,Third,46.1,True,employed,non_professional,creative_industries,3.0,2.0,1054-08-01
23709,1052-53,2_3_8,2,2:1,63.0,False,,,,,,1054-08-01
23711,1052-53,2_4_10,2,2:2,50.2,False,,,,,,1054-08-01
23722,1052-53,2_2_5,2,2:1,62.7,False,,,,,,1054-08-01
23726,1052-53,1_1_5,1,2:1,68.5,False,,,,,,1054-08-01
23727,1052-53,4_2_12,4,2:2,55.4,True,employed,non_professional,allied_health_professions,2.0,3.0,1054-08-01
23734,1052-53,1_1_2,1,2:1,63.1,True,employed,professional,legal_services,4.0,8.0,1054-08-01
23739,1052-53,1_1_5,1,2:2,57.6,True,unemployed,,,,15.0,1054-08-01
23742,1052-53,2_3_7,2,2:1,68.7,True,employed,non_professional,design_and_media,3.0,5.0,1054-08-01
23744,1052-53,2_1_1,2,2:2,56.7,False,,,,,,1054-08-01
23746,1052-53,1_1_2,1,2:2,56.7,True,employed,professional,management_consulting,3.0,6.0,1054-08-01
23749,1052-53,3_2_2,3,2:1,66.6,True,further_study,,further_study,,3.0,1054-08-01
23751,1052-53,2_4_12,2,2:1,62.0,True,further_study,,further_study,,3.0,1054-08-01
23759,1052-53,2_2_6,2,2:2,54.3,True,employed,non_professional,architecture_and_built_environment,2.0,4.0,1054-08-01
23760,1052-53,3_1_1,3,2:2,58.9,True,unknown,,,,12.0,1054-08-01
23761,1052-53,2_2_4,2,2:2,56.7,False,,,,,,1054-08-01
23762,1052-53,1_1_3,1,2:1,64.0,False,,,,,,1054-08-01
23763,1052-53,2_3_8,2,2:1,61.7,False,,,,,,1054-08-01
23767,1052-53,4_2_12,4,2:2,56.8,False,,,,,,1054-08-01
23776,1052-53,2_2_5,2,2:2,57.2,False,,,,,,1054-08-01
23785,1052-53,1_1_2,1,2:1,68.9,False,,,,,,1054-08-01
23794,1052-53,2_2_5,2,First,72.0,False,,,,,,1054-08-01
23799,1052-53,2_2_5,2,First,72.9,False,,,,,,1054-08-01
23805,1052-53,2_4_10,2,2:2,57.0,True,employed,non_professional,architecture_and_built_environment,3.0,4.0,1054-08-01
23809,1052-53,2_2_3,2,2:2,59.8,True,employed,non_professional,architecture_and_built_environment,2.0,6.0,1054-08-01
23812,1052-53,2_2_2,2,First,70.9,True,employed,non_professional,architecture_and_built_environment,4.0,7.0,1054-08-01
23815,1052-53,2_3_7,2,2:1,65.5,True,further_study,,further_study,,5.0,1054-08-01
23822,1052-53,2_2_5,2,2:2,56.6,True,further_study,,further_study,,5.0,1054-08-01
23825,1052-53,2_2_4,2,2:2,51.6,True,employed,non_professional,heritage_and_curation,2.0,10.0,1054-08-01
23827,1052-53,1_1_1,1,2:1,60.4,False,,,,,,1054-08-01
23828,1052-53,2_3_8,2,2:2,52.7,True,employed,non_professional,creative_industries,3.0,6.0,1054-08-01
23836,1052-53,2_3_7,2,2:2,54.5,True,employed,professional,creative_industries,3.0,5.0,1054-08-01
23843,1052-53,3_2_2,3,First,70.8,True,employed,professional,education,5.0,10.0,1054-08-01
23846,1052-53,1_2_1,1,2:2,51.3,True,employed,non_professional,hospitality_and_tourism,3.0,7.0,1054-08-01
23857,1052-53,2_3_8,2,2:1,68.2,False,,,,,,1054-08-01
2386,1052-53,1_1_1,1,Third,49.1,True,employed,professional,human_resources,2.0,6.0,1054-08-01
23861,1052-53,2_2_4,2,2:1,62.0,True,further_study,,further_study,,3.0,1054-08-01
23862,1052-53,2_1_1,2,2:2,55.0,True,employed,non_professional,craft_and_making,2.0,5.0,1054-08-01
23871,1052-53,1_1_4,1,2:1,62.0,False,,,,,,1054-08-01
23872,1052-53,4_2_12,4,2:2,59.9,True,employed,professional,education,2.0,3.0,1054-08-01
23873,1052-53,2_3_8,2,2:2,54.5,True,unemployed,,,,11.0,1054-08-01
23877,1052-53,2_2_2,2,2:2,52.1,False,,,,,,1054-08-01
23878,1052-53,2_2_5,2,2:2,56.8,True,employed,professional,creative_industries,3.0,1.0,1054-08-01
23885,1052-53,3_2_2,3,2:2,53.8,True,employed,professional,education,3.0,9.0,1054-08-01
23888,1052-53,2_2_2,2,2:2,59.1,False,,,,,,1054-08-01
23890,1052-53,1_1_2,1,2:1,61.9,True,unemployed,,,,13.0,1054-08-01
23901,1052-53,1_2_1,1,2:2,58.5,False,,,,,,1054-08-01
23902,1052-53,1_1_4,1,2:1,63.6,True,further_study,,further_study,,1.0,1054-08-01
23904,1052-53,4_2_12,4,First,80.8,False,,,,,,1054-08-01
23913,1052-53,1_1_5,1,2:1,63.5,True,employed,professional,management_consulting,4.0,4.0,1054-08-01
23915,1052-53,1_2_1,1,2:2,56.4,False,,,,,,1054-08-01
23916,1052-53,2_4_10,2,First,74.1,True,employed,professional,design_and_media,5.0,3.0,1054-08-01
23917,1052-53,2_3_8,2,2:2,53.4,True,employed,non_professional,craft_and_making,1.0,3.0,1054-08-01
23918,1052-53,2_2_4,2,2:2,59.0,False,,,,,,1054-08-01
23920,1052-53,1_1_4,1,2:2,55.4,False,,,,,,1054-08-01
23922,1052-53,4_2_12,4,2:2,57.6,True,unknown,,,,2.0,1054-08-01
23924,1052-53,2_1_1,2,2:1,63.6,True,employed,professional,craft_and_making,5.0,8.0,1054-08-01
23929,1052-53,1_1_4,1,2:2,51.8,False,,,,,,1054-08-01
23940,1052-53,2_2_3,2,Third,48.8,False,,,,,,1054-08-01
23942,1052-53,2_2_3,2,2:1,65.5,True,employed,non_professional,heritage_and_curation,4.0,8.0,1054-08-01
23943,1052-53,4_2_12,4,Third,41.0,True,unemployed,,,,18.0,1054-08-01
23954,1052-53,1_2_1,1,2:1,62.9,False,,,,,,1054-08-01
23967,1052-53,2_2_2,2,Third,48.5,True,employed,professional,craft_and_making,1.0,3.0,1054-08-01
23968,1052-53,1_1_1,1,2:2,58.1,True,employed,professional,finance_and_banking,3.0,6.0,1054-08-01
23971,1052-53,2_2_3,2,First,76.2,True,further_study,,further_study,,3.0,1054-08-01
23976,1052-53,3_1_1,3,2:2,55.4,True,unknown,,,,9.0,1054-08-01
23978,1052-53,2_3_9,2,2:2,55.2,True,employed,non_professional,heritage_and_curation,2.0,2.0,1054-08-01
23979,1052-53,2_1_1,2,First,71.4,False,,,,,,1054-08-01
23987,1052-53,2_2_5,2,2:2,53.8,True,employed,non_professional,heritage_and_curation,1.0,10.0,1054-08-01
23989,1052-53,1_2_1,1,2:1,61.2,False,,,,,,1054-08-01
23992,1052-53,2_4_11,2,2:2,50.9,True,unemployed,,,,22.0,1054-08-01
23993,1052-53,1_2_1,1,2:1,63.9,True,employed,professional,hospitality_and_tourism,5.0,7.0,1054-08-01
24006,1052-53,1_1_5,1,2:1,68.6,True,unemployed,,,,11.0,1054-08-01
24011,1052-53,2_3_9,2,2:1,67.1,True,unknown,,,,15.0,1054-08-01
24014,1052-53,1_1_2,1,2:2,59.5,True,employed,non_professional,human_resources,1.0,5.0,1054-08-01
24016,1052-53,1_1_2,1,2:2,53.2,False,,,,,,1054-08-01
24018,1052-53,2_3_7,2,2:1,64.8,True,further_study,,further_study,,2.0,1054-08-01
24022,1052-53,1_1_4,1,2:1,62.6,True,further_study,,further_study,,1.0,1054-08-01
24025,1052-53,2_2_5,2,2:2,59.4,True,employed,non_professional,creative_industries,2.0,9.0,1054-08-01
24027,1052-53,3_1_1,3,2:1,63.1,True,further_study,,further_study,,2.0,1054-08-01
24031,1052-53,2_2_5,2,2:2,57.2,True,unemployed,,,,9.0,1054-08-01
24032,1052-53,4_2_12,4,2:2,58.8,False,,,,,,1054-08-01
24033,1052-53,2_2_3,2,Third,50.0,True,employed,professional,craft_and_making,3.0,11.0,1054-08-01
24034,1052-53,4_2_12,4,Third,48.9,False,,,,,,1054-08-01
24035,1052-53,1_1_3,1,2:1,66.7,True,employed,professional,hospitality_and_tourism,5.0,8.0,1054-08-01
24036,1052-53,2_3_7,2,Third,47.8,False,,,,,,1054-08-01
24037,1052-53,3_1_1,3,Third,46.9,True,employed,professional,research_and_academia,3.0,2.0,1054-08-01
24038,1052-53,2_2_2,2,2:1,64.8,True,unemployed,,,,15.0,1054-08-01
24056,1052-53,2_2_4,2,2:2,53.9,False,,,,,,1054-08-01
24065,1052-53,3_1_1,3,2:2,58.8,True,employed,non_professional,research_and_academia,2.0,1.0,1054-08-01
24066,1052-53,2_4_11,2,2:1,61.2,False,,,,,,1054-08-01
24070,1052-53,2_1_1,2,2:2,57.2,False,,,,,,1054-08-01
24086,1052-53,4_2_12,4,2:1,63.6,False,,,,,,1054-08-01
24088,1052-53,2_1_1,2,2:2,58.1,True,further_study,,further_study,,3.0,1054-08-01
24102,1052-53,2_4_11,2,2:2,54.2,False,,,,,,1054-08-01
24104,1052-53,2_4_10,2,2:1,67.8,True,employed,professional,heritage_and_curation,4.0,10.0,1054-08-01
24105,1052-53,3_2_2,3,2:1,67.6,True,unemployed,,,,13.0,1054-08-01
24118,1052-53,2_3_8,2,2:1,67.7,True,employed,non_professional,architecture_and_built_environment,4.0,8.0,1054-08-01
24122,1052-53,2_3_8,2,2:2,51.9,True,unknown,,,,12.0,1054-08-01
24123,1052-53,2_3_8,2,Third,49.0,True,unknown,,,,15.0,1054-08-01
24135,1052-53,1_2_1,1,2:2,55.6,True,employed,non_professional,human_resources,1.0,6.0,1054-08-01
24143,1052-53,1_2_1,1,2:2,59.8,True,employed,non_professional,management_consulting,2.0,1.0,1054-08-01
24145,1052-53,1_1_4,1,2:2,58.3,False,,,,,,1054-08-01
24147,1052-53,1_2_1,1,2:2,54.9,True,employed,professional,hospitality_and_tourism,3.0,3.0,1054-08-01
24158,1052-53,1_1_2,1,2:1,61.3,True,employed,professional,management_consulting,3.0,5.0,1054-08-01
24168,1052-53,2_3_7,2,2:1,64.8,True,further_study,,further_study,,2.0,1054-08-01
24177,1052-53,2_1_1,2,2:1,65.7,True,employed,professional,creative_industries,4.0,4.0,1054-08-01
24180,1052-53,1_1_2,1,First,77.7,True,employed,professional,hospitality_and_tourism,5.0,3.0,1054-08-01
24181,1052-53,1_1_1,1,2:1,64.3,True,employed,professional,management_consulting,4.0,1.0,1054-08-01
24182,1052-53,2_1_1,2,2:2,58.0,True,unknown,,,,8.0,1054-08-01
24192,1052-53,1_1_1,1,2:2,57.8,True,employed,professional,finance_and_banking,4.0,8.0,1054-08-01
24193,1052-53,2_3_8,2,2:1,64.0,True,employed,professional,architecture_and_built_environment,5.0,4.0,1054-08-01
24198,1052-53,3_2_2,3,2:2,51.7,True,unemployed,,,,10.0,1054-08-01
24199,1052-53,2_2_3,2,2:2,51.4,True,employed,professional,craft_and_making,2.0,1.0,1054-08-01
24206,1052-53,1_1_2,1,2:1,66.0,True,unemployed,,,,11.0,1054-08-01
24207,1052-53,3_1_1,3,2:1,63.0,False,,,,,,1054-08-01
24208,1052-53,2_1_1,2,2:2,59.6,True,employed,professional,architecture_and_built_environment,3.0,1.0,1054-08-01
24212,1052-53,2_2_4,2,2:1,70.0,False,,,,,,1054-08-01
24218,1052-53,2_2_2,2,2:2,56.9,False,,,,,,1054-08-01
24227,1052-53,3_1_1,3,2:2,57.5,True,employed,professional,public_sector_and_civil_service,3.0,3.0,1054-08-01
24228,1052-53,2_3_8,2,2:1,63.8,True,employed,professional,architecture_and_built_environment,5.0,5.0,1054-08-01
24236,1052-53,2_2_4,2,2:2,52.1,True,employed,professional,creative_industries,3.0,7.0,1054-08-01
24240,1052-53,2_4_12,2,2:1,60.5,True,employed,professional,heritage_and_curation,4.0,9.0,1054-08-01
24241,1052-53,1_1_2,1,First,70.4,True,employed,professional,management_consulting,5.0,6.0,1054-08-01
24242,1052-53,1_2_1,1,2:1,60.5,True,unemployed,,,,16.0,1054-08-01
24245,1052-53,4_2_12,4,2:2,56.4,False,,,,,,1054-08-01
24249,1052-53,2_3_9,2,2:2,53.3,False,,,,,,1054-08-01
24251,1052-53,2_3_8,2,Third,47.1,True,employed,professional,design_and_media,3.0,3.0,1054-08-01
24256,1052-53,1_2_1,1,2:1,62.2,True,unknown,,,,13.0,1054-08-01
24259,1052-53,2_4_11,2,Third,47.1,True,unemployed,,,,19.0,1054-08-01
24263,1052-53,2_4_12,2,2:2,58.5,True,further_study,,further_study,,6.0,1054-08-01
24267,1052-53,2_2_6,2,2:2,55.8,True,unemployed,,,,16.0,1054-08-01
24275,1052-53,2_4_10,2,First,78.4,True,employed,professional,craft_and_making,5.0,2.0,1054-08-01
24276,1052-53,2_4_12,2,2:2,58.3,True,employed,professional,architecture_and_built_environment,3.0,4.0,1054-08-01
24290,1052-53,1_1_5,1,2:1,62.7,False,,,,,,1054-08-01
24294,1052-53,2_2_5,2,Third,48.4,True,unknown,,,,6.0,1054-08-01
24308,1052-53,1_1_2,1,2:1,64.9,False,,,,,,1054-08-01
24311,1052-53,2_2_5,2,2:1,62.8,True,employed,professional,craft_and_making,4.0,5.0,1054-08-01
24313,1052-53,2_2_4,2,2:2,52.8,True,employed,non_professional,architecture_and_built_environment,2.0,5.0,1054-08-01
24323,1052-53,2_3_8,2,2:1,63.3,False,,,,,,1054-08-01
24329,1052-53,3_1_1,3,2:2,59.0,True,employed,non_professional,public_sector_and_civil_service,3.0,8.0,1054-08-01
24330,1052-53,1_2_1,1,First,73.9,False,,,,,,1054-08-01
24335,1052-53,2_3_8,2,2:2,59.2,False,,,,,,1054-08-01
24343,1052-53,1_1_3,1,2:1,62.4,True,employed,professional,human_resources,4.0,2.0,1054-08-01
24345,1052-53,2_3_8,2,First,70.6,False,,,,,,1054-08-01
24346,1052-53,2_2_2,2,2:1,67.2,False,,,,,,1054-08-01
24348,1052-53,1_1_4,1,2:1,60.1,True,unknown,,,,9.0,1054-08-01
24356,1052-53,2_2_3,2,2:2,58.4,False,,,,,,1054-08-01
24357,1052-53,3_1_1,3,First,77.3,False,,,,,,1054-08-01
24366,1052-53,4_2_12,4,2:1,66.6,True,employed,professional,social_care,4.0,8.0,1054-08-01
24367,1052-53,2_2_6,2,2:1,62.4,True,employed,non_professional,creative_industries,2.0,1.0,1054-08-01
24368,1052-53,1_1_2,1,2:2,58.8,True,employed,professional,management_consulting,3.0,6.0,1054-08-01
24377,1052-53,2_2_4,2,2:1,65.5,True,employed,non_professional,creative_industries,4.0,4.0,1054-08-01
24382,1052-53,2_2_6,2,2:2,54.2,False,,,,,,1054-08-01
24383,1052-53,1_1_4,1,2:2,56.8,True,unemployed,,,,14.0,1054-08-01
24387,1052-53,2_3_7,2,2:2,53.5,True,employed,non_professional,design_and_media,2.0,3.0,1054-08-01
24391,1052-53,2_2_4,2,First,72.2,False,,,,,,1054-08-01
24393,1052-53,2_2_4,2,2:1,61.1,True,employed,professional,craft_and_making,4.0,8.0,1054-08-01
24396,1052-53,2_4_11,2,Third,46.0,True,further_study,,further_study,,3.0,1054-08-01
24399,1052-53,3_2_2,3,2:1,66.8,True,employed,professional,public_sector_and_civil_service,4.0,8.0,1054-08-01
24408,1052-53,2_3_7,2,Third,49.5,True,employed,non_professional,design_and_media,3.0,3.0,1054-08-01
24414,1052-53,2_3_7,2,2:1,67.8,False,,,,,,1054-08-01
24417,1052-53,2_2_2,2,2:1,68.6,False,,,,,,1054-08-01
24465,1052-53,2_1_1,2,2:2,52.4,True,employed,non_professional,architecture_and_built_environment,1.0,4.0,1054-08-01
24470,1052-53,2_1_1,2,2:1,69.0,True,further_study,,further_study,,1.0,1054-08-01
24474,1052-53,4_2_12,4,2:1,60.7,True,employed,professional,education,3.0,3.0,1054-08-01
24488,1052-53,1_1_4,1,2:1,60.9,False,,,,,,1054-08-01
24491,1052-53,2_4_11,2,2:1,65.3,False,,,,,,1054-08-01
24495,1052-53,2_3_8,2,2:1,60.2,True,employed,professional,craft_and_making,5.0,7.0,1054-08-01
24499,1052-53,1_1_1,1,2:2,56.6,True,employed,professional,management_consulting,3.0,2.0,1054-08-01
24504,1052-53,2_2_3,2,First,70.5,True,further_study,,further_study,,6.0,1054-08-01
24509,1052-53,2_2_5,2,2:1,60.8,False,,,,,,1054-08-01
24520,1052-53,2_2_5,2,2:1,68.1,True,unknown,,,,9.0,1054-08-01
24522,1052-53,2_2_2,2,2:1,62.7,False,,,,,,1054-08-01
24529,1052-53,2_3_8,2,2:2,51.7,True,employed,non_professional,heritage_and_curation,2.0,3.0,1054-08-01
24540,1052-53,1_1_2,1,2:2,52.6,False,,,,,,1054-08-01
24542,1052-53,1_2_1,1,2:2,58.4,True,further_study,,further_study,,3.0,1054-08-01
24544,1052-53,2_4_10,2,2:1,61.1,True,employed,professional,design_and_media,4.0,6.0,1054-08-01
24549,1052-53,2_3_8,2,2:2,58.6,True,employed,professional,craft_and_making,3.0,2.0,1054-08-01
24553,1052-53,2_4_12,2,2:2,50.0,True,employed,non_professional,creative_industries,2.0,7.0,1054-08-01
24556,1052-53,1_1_3,1,2:1,63.6,True,further_study,,further_study,,5.0,1054-08-01
24557,1052-53,3_2_2,3,2:2,53.5,False,,,,,,1054-08-01
24562,1052-53,4_2_12,4,First,72.1,False,,,,,,1054-08-01
24567,1052-53,2_2_4,2,2:1,66.1,True,employed,professional,craft_and_making,4.0,5.0,1054-08-01
24574,1052-53,2_2_5,2,2:2,54.5,False,,,,,,1054-08-01
24575,1052-53,2_2_3,2,First,74.1,True,employed,professional,creative_industries,5.0,3.0,1054-08-01
24582,1052-53,2_4_12,2,2:2,55.0,True,further_study,,further_study,,1.0,1054-08-01
24584,1052-53,3_1_1,3,2:2,59.7,True,further_study,,further_study,,1.0,1054-08-01
24587,1052-53,2_4_12,2,2:1,66.2,True,employed,professional,creative_industries,5.0,5.0,1054-08-01
24591,1052-53,4_2_12,4,First,73.9,True,employed,professional,public_health,5.0,2.0,1054-08-01
24597,1052-53,3_2_2,3,2:1,66.3,False,,,,,,1054-08-01
24599,1052-53,1_1_5,1,First,77.2,True,further_study,,further_study,,5.0,1054-08-01
24601,1052-53,2_3_8,2,2:2,55.2,False,,,,,,1054-08-01
24603,1052-53,2_3_7,2,2:2,59.6,False,,,,,,1054-08-01
24604,1052-53,2_1_1,2,2:1,64.9,False,,,,,,1054-08-01
24611,1052-53,3_2_2,3,2:1,60.4,True,employed,professional,media_and_communications,5.0,8.0,1054-08-01
24612,1052-53,2_2_3,2,2:2,53.2,True,employed,non_professional,architecture_and_built_environment,2.0,8.0,1054-08-01
24615,1052-53,2_2_4,2,2:1,61.0,True,employed,professional,architecture_and_built_environment,4.0,4.0,1054-08-01
24616,1052-53,2_3_7,2,2:2,58.8,True,employed,non_professional,craft_and_making,4.0,8.0,1054-08-01
24618,1052-53,2_2_3,2,2:1,63.7,True,employed,professional,creative_industries,4.0,5.0,1054-08-01
24620,1052-53,4_2_12,4,2:1,60.7,True,employed,professional,allied_health_professions,4.0,6.0,1054-08-01
24622,1052-53,2_3_8,2,2:1,67.5,True,further_study,,further_study,,3.0,1054-08-01
24623,1052-53,2_4_11,2,2:2,50.1,True,employed,professional,creative_industries,2.0,4.0,1054-08-01
24624,1052-53,1_1_3,1,2:2,58.9,True,employed,non_professional,legal_services,2.0,1.0,1054-08-01
24635,1052-53,4_2_12,4,2:2,51.5,False,,,,,,1054-08-01
24648,1052-53,2_3_8,2,Third,49.9,True,employed,non_professional,creative_industries,2.0,6.0,1054-08-01
24654,1052-53,2_3_9,2,First,70.2,True,employed,professional,design_and_media,5.0,8.0,1054-08-01
24657,1052-53,2_2_4,2,2:1,61.1,False,,,,,,1054-08-01
24658,1052-53,2_1_1,2,2:1,61.7,True,employed,professional,craft_and_making,4.0,4.0,1054-08-01
24661,1052-53,1_1_2,1,First,73.6,True,employed,professional,human_resources,5.0,3.0,1054-08-01
24667,1052-53,2_2_5,2,2:1,61.9,True,employed,non_professional,craft_and_making,2.0,3.0,1054-08-01
24676,1052-53,1_1_5,1,2:2,58.8,False,,,,,,1054-08-01
24680,1052-53,2_2_2,2,2:1,64.3,True,further_study,,further_study,,1.0,1054-08-01
24687,1052-53,2_2_3,2,2:1,66.1,True,unemployed,,,,16.0,1054-08-01
24689,1052-53,4_2_12,4,2:1,63.6,True,unknown,,,,2.0,1054-08-01
24690,1052-53,2_3_7,2,2:2,52.0,False,,,,,,1054-08-01
24698,1052-53,2_4_10,2,2:1,66.3,True,employed,professional,heritage_and_curation,5.0,5.0,1054-08-01
24701,1052-53,2_3_9,2,2:1,68.7,True,unemployed,,,,15.0,1054-08-01
24703,1052-53,1_1_4,1,First,73.5,True,employed,professional,legal_services,5.0,5.0,1054-08-01
24706,1052-53,2_3_8,2,2:1,65.7,True,further_study,,further_study,,1.0,1054-08-01
24708,1052-53,2_4_12,2,2:1,69.0,True,employed,professional,craft_and_making,5.0,4.0,1054-08-01
24718,1052-53,1_2_1,1,2:1,61.4,True,further_study,,further_study,,5.0,1054-08-01
24720,1052-53,2_2_6,2,2:1,67.2,True,further_study,,further_study,,3.0,1054-08-01
24728,1052-53,2_3_8,2,First,73.7,True,employed,professional,architecture_and_built_environment,4.0,4.0,1054-08-01
24731,1052-53,2_2_3,2,2:1,63.9,True,employed,non_professional,design_and_media,4.0,8.0,1054-08-01
24735,1052-53,2_1_1,2,2:2,59.9,True,employed,non_professional,craft_and_making,3.0,2.0,1054-08-01
24737,1052-53,2_2_4,2,2:2,53.9,True,further_study,,further_study,,1.0,1054-08-01
24739,1052-53,2_4_11,2,2:2,50.3,True,employed,professional,architecture_and_built_environment,3.0,8.0,1054-08-01
24740,1052-53,2_2_6,2,2:2,58.9,False,,,,,,1054-08-01
24743,1052-53,4_2_12,4,First,73.9,True,employed,professional,social_care,4.0,3.0,1054-08-01
24759,1052-53,2_2_4,2,First,72.8,True,unemployed,,,,18.0,1054-08-01
24762,1052-53,1_1_2,1,2:1,67.4,True,employed,professional,management_consulting,4.0,1.0,1054-08-01
24767,1052-53,2_2_2,2,2:1,62.8,False,,,,,,1054-08-01
24771,1052-53,4_2_12,4,2:1,61.9,True,employed,professional,healthcare_and_nhs,4.0,6.0,1054-08-01
24773,1052-53,2_2_4,2,2:1,65.7,True,further_study,,further_study,,1.0,1054-08-01
24775,1052-53,1_2_1,1,2:2,58.7,True,further_study,,further_study,,4.0,1054-08-01
24776,1052-53,3_2_2,3,2:1,63.8,True,employed,professional,ngo_and_charity,4.0,1.0,1054-08-01
24777,1052-53,2_2_5,2,2:2,57.8,False,,,,,,1054-08-01
24793,1052-53,2_3_9,2,2:1,63.0,False,,,,,,1054-08-01
24795,1052-53,2_2_6,2,2:2,55.5,True,employed,non_professional,craft_and_making,2.0,6.0,1054-08-01
24798,1052-53,2_2_4,2,First,77.7,True,further_study,,further_study,,5.0,1054-08-01
24804,1052-53,3_2_2,3,First,73.0,True,further_study,,further_study,,2.0,1054-08-01
24809,1052-53,2_3_8,2,2:2,54.5,True,further_study,,further_study,,2.0,1054-08-01
24810,1052-53,2_1_1,2,2:2,51.9,True,employed,non_professional,creative_industries,2.0,2.0,1054-08-01
24813,1052-53,2_4_12,2,2:2,56.6,False,,,,,,1054-08-01
24818,1052-53,2_4_10,2,First,74.6,True,employed,non_professional,architecture_and_built_environment,5.0,5.0,1054-08-01
24828,1052-53,1_1_5,1,2:2,50.8,True,employed,non_professional,management_consulting,2.0,1.0,1054-08-01
24833,1052-53,2_2_3,2,2:1,64.2,False,,,,,,1054-08-01
24834,1052-53,2_1_1,2,2:1,60.2,True,employed,professional,creative_industries,4.0,4.0,1054-08-01
24835,1052-53,2_3_8,2,2:2,54.7,True,employed,non_professional,heritage_and_curation,2.0,4.0,1054-08-01
24836,1052-53,2_2_6,2,2:2,58.7,False,,,,,,1054-08-01
24837,1052-53,2_2_2,2,2:1,63.5,True,further_study,,further_study,,1.0,1054-08-01
24840,1052-53,2_4_12,2,Third,47.8,True,unknown,,,,7.0,1054-08-01
24852,1052-53,1_1_1,1,2:1,65.5,False,,,,,,1054-08-01
24853,1052-53,1_1_3,1,2:2,54.2,True,employed,professional,finance_and_banking,4.0,9.0,1054-08-01
24854,1052-53,1_1_4,1,2:2,52.4,False,,,,,,1054-08-01
24857,1052-53,4_2_12,4,2:2,53.8,False,,,,,,1054-08-01
24869,1052-53,1_1_2,1,2:2,58.0,True,further_study,,further_study,,3.0,1054-08-01
24870,1052-53,4_2_12,4,Third,49.3,False,,,,,,1054-08-01
24879,1052-53,3_2_2,3,2:2,53.6,True,employed,professional,research_and_academia,2.0,11.0,1054-08-01
24883,1052-53,2_4_10,2,2:2,54.7,True,further_study,,further_study,,4.0,1054-08-01
24887,1052-53,2_2_4,2,2:1,68.5,True,unemployed,,,,14.0,1054-08-01
24889,1052-53,2_2_6,2,Third,47.2,False,,,,,,1054-08-01
24894,1052-53,2_3_9,2,First,81.0,True,further_study,,further_study,,0.0,1054-08-01
24900,1052-53,2_3_8,2,2:2,56.9,True,further_study,,further_study,,2.0,1054-08-01
24903,1052-53,3_2_2,3,2:2,53.6,True,employed,professional,ngo_and_charity,3.0,9.0,1054-08-01
24909,1052-53,1_1_2,1,2:1,64.7,True,employed,professional,finance_and_banking,4.0,11.0,1054-08-01
24910,1052-53,2_2_3,2,2:2,55.1,True,employed,non_professional,design_and_media,2.0,2.0,1054-08-01
24913,1052-53,2_4_10,2,2:1,69.4,True,employed,professional,craft_and_making,4.0,2.0,1054-08-01
24919,1052-53,2_2_4,2,First,70.2,True,employed,professional,creative_industries,5.0,10.0,1054-08-01
24924,1052-53,1_2_1,1,2:1,64.7,True,employed,professional,human_resources,4.0,4.0,1054-08-01
24929,1052-53,3_2_2,3,2:2,57.1,True,employed,non_professional,ngo_and_charity,2.0,2.0,1054-08-01
24935,1052-53,2_4_11,2,2:2,52.2,True,employed,non_professional,heritage_and_curation,2.0,7.0,1054-08-01
24936,1052-53,4_2_12,4,First,74.4,True,unknown,,,,16.0,1054-08-01
24938,1052-53,2_2_3,2,2:2,56.0,False,,,,,,1054-08-01
24941,1052-53,2_3_8,2,2:2,57.6,True,unemployed,,,,17.0,1054-08-01
24947,1052-53,1_1_2,1,First,72.2,True,employed,non_professional,management_consulting,4.0,5.0,1054-08-01
24948,1052-53,2_3_8,2,2:2,59.8,False,,,,,,1054-08-01
24960,1052-53,1_2_1,1,2:1,60.2,True,employed,professional,finance_and_banking,4.0,3.0,1054-08-01
24967,1052-53,2_3_7,2,2:1,64.8,True,further_study,,further_study,,3.0,1054-08-01
24986,1052-53,1_2_1,1,2:1,61.5,True,unemployed,,,,13.0,1054-08-01
24990,1052-53,1_1_4,1,Third,48.5,False,,,,,,1054-08-01
24991,1052-53,2_3_7,2,2:1,64.0,True,further_study,,further_study,,1.0,1054-08-01
2850,1052-53,2_1_1,2,2:2,50.1,True,employed,non_professional,architecture_and_built_environment,3.0,4.0,1054-08-01
2916,1052-53,2_2_4,2,Third,46.9,True,unemployed,,,,14.0,1054-08-01
3180,1052-53,2_2_4,2,2:2,52.8,True,employed,professional,creative_industries,2.0,4.0,1054-08-01
4088,1052-53,1_1_1,1,Third,49.0,True,employed,non_professional,human_resources,1.0,9.0,1054-08-01
4121,1052-53,3_1_1,3,2:2,57.9,True,further_study,,further_study,,3.0,1054-08-01
5683,1052-53,2_4_10,2,Third,47.1,True,employed,non_professional,design_and_media,2.0,3.0,1054-08-01
5900,1052-53,2_1_1,2,Third,45.4,True,employed,professional,craft_and_making,2.0,3.0,1054-08-01
6980,1052-53,4_2_12,4,Third,49.7,True,further_study,,further_study,,4.0,1054-08-01
7143,1052-53,2_2_2,2,2:2,54.3,False,,,,,,1054-08-01
718,1052-53,1_1_4,1,Third,45.6,True,further_study,,further_study,,1.0,1054-08-01
7186,1052-53,2_2_3,2,2:2,52.0,False,,,,,,1054-08-01
7350,1052-53,2_3_7,2,2:2,55.2,True,employed,professional,craft_and_making,3.0,4.0,1054-08-01
7854,1052-53,1_1_1,1,Third,49.4,True,employed,non_professional,legal_services,3.0,7.0,1054-08-01
7894,1052-53,2_2_6,2,2:2,55.6,True,unemployed,,,,8.0,1054-08-01
8058,1052-53,1_2_1,1,Third,46.2,False,,,,,,1054-08-01
8138,1052-53,2_1_1,2,2:2,56.3,True,employed,non_professional,architecture_and_built_environment,1.0,5.0,1054-08-01
8188,1052-53,1_2_1,1,Third,48.6,True,employed,professional,human_resources,2.0,6.0,1054-08-01
8479,1052-53,2_2_3,2,2:2,54.5,True,employed,professional,creative_industries,3.0,4.0,1054-08-01
8855,1052-53,1_2_1,1,2:2,53.6,True,employed,professional,management_consulting,2.0,3.0,1054-08-01
8935,1052-53,2_3_7,2,2:2,55.5,False,,,,,,1054-08-01
9021,1052-53,2_2_3,2,2:2,51.6,True,employed,non_professional,architecture_and_built_environment,3.0,5.0,1054-08-01
9372,1052-53,2_2_5,2,2:1,68.5,True,employed,professional,craft_and_making,4.0,7.0,1054-08-01
9537,1052-53,2_4_11,2,Third,48.7,True,employed,non_professional,craft_and_making,1.0,10.0,1054-08-01
