student_id,academic_year,programme_code,programme_year,is_repeat_year,teaching_quality,learning_opportunities,assessment_feedback,academic_support,organisation_management,learning_resources,student_voice,overall_satisfaction
1000,1048-49,1_1_2,3,False,4,3,4,4,3,3,4,4
1002,1048-49,1_1_1,3,False,3,3,4,3,4,4,3,3
1004,1048-49,4_2_9,3,False,3,4,3,4,4,4,4,3
1005,1048-49,4_2_11,3,False,4,4,4,4,3,3,3,4
1008,1048-49,2_1_1,3,False,4,4,4,4,4,4,4,4
101,1048-49,2_2_2,3,False,4,3,3,4,4,4,4,4
1012,1048-49,5_3_11,3,False,3,3,4,4,4,4,4,4
1015,1048-49,2_3_7,3,False,4,4,3,4,3,4,4,3
1018,1048-49,2_3_8,3,False,5,5,4,4,5,4,4,5
1020,1048-49,2_4_10,3,False,4,4,4,4,4,4,4,3
1027,1048-49,1_1_4,3,False,4,3,4,4,3,4,3,4
1031,1048-49,1_1_3,3,False,5,4,4,4,3,5,3,4
1039,1048-49,2_2_3,3,False,4,4,4,5,5,4,4,4
1044,1048-49,5_3_12,3,False,3,3,3,5,3,3,2,4
1051,1048-49,3_5_13,3,False,4,5,3,4,4,4,4,4
1059,1048-49,2_3_8,3,False,3,2,3,4,3,3,3,3
1061,1048-49,4_2_12,3,False,4,4,3,3,3,4,4,3
1065,1048-49,2_3_7,3,False,5,5,3,4,3,4,5,4
1067,1048-49,4_2_10,3,False,4,3,5,4,3,4,4,4
1068,1048-49,4_2_8,3,False,4,5,5,4,4,4,4,4
1070,1048-49,2_4_12,3,False,5,4,4,5,4,4,5,4
1071,1048-49,4_2_11,3,False,4,3,4,3,4,4,4,4
1074,1048-49,5_3_11,3,False,3,4,3,3,3,4,3,3
1076,1048-49,1_2_1,3,False,4,4,5,4,4,3,3,5
1088,1048-49,2_4_10,3,False,3,4,4,4,4,4,3,3
109,1048-49,4_2_12,3,False,4,4,3,3,3,3,3,3
1090,1048-49,2_2_2,3,False,5,4,4,4,5,4,4,5
1091,1048-49,2_2_3,3,False,3,4,5,3,3,3,4,3
1095,1048-49,2_2_3,3,False,4,4,4,5,4,4,4,4
1097,1048-49,2_2_5,3,False,5,4,4,5,4,5,4,4
1098,1048-49,1_1_5,3,False,4,4,5,4,4,4,4,4
1099,1048-49,3_2_2,3,False,4,4,3,4,4,4,4,3
1105,1048-49,1_1_3,3,False,4,3,4,4,4,3,4,4
1106,1048-49,1_1_3,3,False,4,4,5,5,4,4,4,5
1107,1048-49,2_2_5,3,False,5,4,4,4,4,4,3,5
111,1048-49,4_2_9,3,False,3,4,4,4,4,4,4,4
1116,1048-49,5_3_11,3,False,4,5,4,5,4,5,5,4
1117,1048-49,4_2_12,3,False,3,3,3,4,3,4,4,3
1118,1048-49,4_2_8,3,False,3,4,4,4,5,4,4,4
1122,1048-49,1_1_5,3,False,3,4,4,4,3,4,3,3
1125,1048-49,3_5_13,3,False,4,4,5,4,5,4,4,5
1133,1048-49,4_2_10,3,False,4,4,4,3,4,4,4,4
1135,1048-49,2_2_6,3,False,4,3,3,4,4,4,3,4
1138,1048-49,1_1_2,3,False,4,4,5,5,4,5,4,5
1141,1048-49,5_3_11,3,False,4,4,4,4,4,3,4,4
1142,1048-49,2_4_10,3,False,4,3,3,4,4,3,3,3
1144,1048-49,2_2_6,3,False,4,3,3,3,3,4,4,3
1145,1048-49,2_4_10,3,False,5,4,4,3,3,4,3,4
1147,1048-49,4_2_12,3,False,5,5,4,4,4,5,4,5
1151,1048-49,4_2_8,3,False,4,4,4,4,4,4,4,4
1156,1048-49,2_1_1,3,False,4,5,4,3,3,4,3,5
116,1048-49,4_2_10,3,False,4,4,3,5,4,4,4,4
1163,1048-49,1_1_2,3,False,4,4,4,3,4,4,4,4
1165,1048-49,3_5_13,3,False,4,4,4,4,4,4,4,4
1168,1048-49,1_1_1,3,False,4,3,4,3,3,3,4,4
1170,1048-49,2_1_1,3,False,3,4,3,4,4,3,3,3
1173,1048-49,3_5_13,3,False,4,4,4,4,5,4,4,4
1174,1048-49,2_2_6,3,False,4,3,5,4,4,4,5,4
118,1048-49,2_3_8,3,False,4,4,4,5,4,4,4,4
1185,1048-49,2_2_5,3,False,4,5,4,4,4,4,5,5
1186,1048-49,2_2_4,3,False,4,5,5,5,4,4,5,5
1191,1048-49,4_2_8,3,False,3,4,3,3,4,3,4,3
1192,1048-49,2_2_2,3,False,4,4,3,4,3,4,4,3
1193,1048-49,4_2_10,3,False,5,5,4,5,4,4,4,5
1194,1048-49,3_2_2,3,False,4,4,4,4,3,4,4,3
1196,1048-49,1_1_2,3,False,5,5,4,4,4,4,5,4
1198,1048-49,2_4_12,3,False,5,5,4,4,4,4,4,4
1199,1048-49,3_5_13,3,False,3,3,4,4,4,4,4,4
12,1048-49,5_3_12,3,False,3,4,3,3,3,3,3,3
120,1048-49,2_4_10,3,False,5,4,4,3,3,3,3,4
1208,1048-49,2_4_12,3,False,5,4,4,4,4,4,3,4
121,1048-49,4_2_9,3,False,4,4,4,4,4,4,4,4
1210,1048-49,1_1_3,3,False,4,4,3,4,4,4,3,3
1213,1048-49,2_3_7,3,False,4,4,3,3,3,3,3,3
1219,1048-49,2_2_6,3,False,3,4,3,4,3,4,4,3
1223,1048-49,3_1_1,3,False,5,4,4,4,3,4,4,4
1224,1048-49,4_2_10,3,False,4,4,3,4,3,3,3,4
1231,1048-49,2_4_10,3,False,4,4,4,4,3,4,3,4
1235,1048-49,2_2_5,3,False,4,3,3,3,3,4,3,3
1237,1048-49,4_2_8,3,False,3,4,5,4,4,4,3,4
1238,1048-49,3_5_13,3,False,4,4,3,3,3,3,3,3
1239,1048-49,3_2_2,3,False,5,3,4,4,4,3,4,4
124,1048-49,1_1_1,3,False,4,4,4,4,4,4,4,4
1241,1048-49,1_2_1,3,False,5,4,4,5,4,4,4,5
1243,1048-49,2_1_1,3,False,4,4,3,5,4,4,3,3
1245,1048-49,2_4_12,3,False,5,5,4,4,4,4,4,4
1252,1048-49,2_3_8,3,False,4,4,5,5,5,4,3,5
1257,1048-49,5_3_11,3,False,3,3,3,4,3,4,3,3
126,1048-49,2_2_5,3,False,4,4,4,4,4,4,4,4
1266,1048-49,2_3_8,3,False,4,4,3,5,4,4,4,3
1269,1048-49,2_2_2,3,False,4,4,4,4,4,3,3,3
127,1048-49,1_1_2,3,False,4,4,3,4,4,5,4,4
1270,1048-49,2_1_1,3,False,4,4,4,4,3,4,5,5
1272,1048-49,3_5_13,3,False,3,4,4,5,4,4,4,5
1273,1048-49,4_2_10,3,False,4,4,4,4,4,4,4,4
1275,1048-49,2_4_11,3,False,5,4,4,4,3,4,4,4
1276,1048-49,2_4_10,3,False,4,4,5,5,4,5,4,5
1277,1048-49,1_1_5,3,False,4,3,4,3,3,4,4,4
1278,1048-49,2_3_7,3,False,4,5,4,4,5,4,4,4
128,1048-49,4_2_12,3,False,4,3,4,4,4,4,4,4
1280,1048-49,2_4_12,3,False,4,4,3,3,3,3,4,4
1281,1048-49,3_1_1,3,False,5,4,4,4,4,4,4,4
1282,1048-49,2_3_7,3,False,4,4,5,4,3,3,4,4
1284,1048-49,3_5_13,3,False,4,4,4,4,4,4,4,4
1287,1048-49,4_2_12,3,False,3,4,3,4,3,4,4,4
1292,1048-49,2_4_12,3,False,4,5,4,4,4,4,4,4
1293,1048-49,4_2_12,3,False,4,4,4,4,4,4,4,4
1294,1048-49,3_1_1,3,False,5,4,4,4,4,4,5,4
1299,1048-49,2_4_11,3,False,4,4,3,4,4,4,5,5
130,1048-49,4_2_12,3,False,5,5,5,5,4,4,5,5
1300,1048-49,3_2_2,3,False,4,4,4,4,4,4,3,3
1301,1048-49,4_2_10,3,False,3,3,4,4,3,3,4,4
1304,1048-49,5_3_11,3,False,4,4,3,4,4,3,4,4
1306,1048-49,2_1_1,3,False,4,4,4,3,4,4,3,4
1308,1048-49,1_1_3,3,False,4,3,4,4,3,4,3,2
131,1048-49,1_1_1,3,False,4,5,4,4,3,4,5,4
1311,1048-49,3_2_2,3,False,5,4,4,5,4,4,4,4
1313,1048-49,1_2_1,3,False,4,3,3,4,2,3,4,3
1316,1048-49,3_5_13,3,False,4,5,4,4,4,4,4,4
1318,1048-49,2_3_9,3,False,4,3,3,4,3,4,4,3
132,1048-49,1_1_3,3,False,4,3,3,3,3,3,3,3
1323,1048-49,2_2_6,3,False,3,4,4,4,4,3,3,3
1324,1048-49,4_2_12,3,False,5,4,4,4,4,4,3,5
1325,1048-49,2_2_2,3,False,5,4,5,4,5,3,3,4
1332,1048-49,1_1_4,3,False,4,4,3,4,3,3,3,3
1338,1048-49,5_3_11,3,False,4,4,3,4,4,4,4,4
1339,1048-49,2_2_5,3,False,4,4,3,3,4,4,4,4
1341,1048-49,5_3_11,3,False,3,3,4,4,3,4,3,4
1346,1048-49,2_4_12,3,False,5,5,5,5,5,5,5,5
1349,1048-49,2_3_7,3,False,5,4,4,5,5,4,5,5
135,1048-49,1_1_5,3,False,4,4,3,3,3,3,4,3
1354,1048-49,1_1_3,3,False,4,4,4,4,5,4,4,4
1356,1048-49,1_1_1,3,False,4,4,3,4,4,4,3,4
1357,1048-49,4_2_9,3,False,4,4,3,4,3,4,4,3
1358,1048-49,2_3_9,3,False,4,4,4,4,3,4,4,4
136,1048-49,4_2_10,3,False,4,3,4,5,4,4,4,4
1362,1048-49,4_2_12,3,False,4,5,4,4,4,4,4,4
1365,1048-49,4_2_8,3,False,4,4,4,4,4,4,4,5
1368,1048-49,1_1_1,3,False,5,4,4,4,4,4,3,4
1369,1048-49,1_1_1,3,False,4,3,3,3,3,4,3,3
1374,1048-49,2_2_3,3,False,3,3,3,3,3,3,3,3
1375,1048-49,3_2_2,3,False,4,4,4,4,4,4,4,4
1378,1048-49,2_2_4,3,False,4,4,3,4,4,5,4,3
1379,1048-49,2_3_7,3,False,4,4,4,5,4,4,4,4
1380,1048-49,5_3_11,3,False,3,4,3,4,3,3,4,3
1382,1048-49,2_1_1,3,False,4,5,4,4,4,4,5,4
1385,1048-49,1_1_3,3,False,5,4,3,3,3,3,3,3
1387,1048-49,1_1_3,3,False,4,5,4,4,4,4,4,4
1389,1048-49,1_1_2,3,False,4,3,3,4,5,4,4,4
139,1048-49,4_2_10,3,False,4,4,3,4,4,4,4,4
1391,1048-49,4_2_12,3,False,4,3,4,4,4,3,3,4
1392,1048-49,2_4_11,3,False,3,4,2,3,3,3,3,3
1393,1048-49,3_2_2,3,False,4,3,3,4,4,4,3,3
1396,1048-49,2_2_4,3,False,4,3,2,3,2,2,3,2
1397,1048-49,2_3_8,3,False,4,4,4,5,4,3,3,3
1398,1048-49,2_2_2,3,False,5,4,4,4,4,4,4,5
1399,1048-49,1_1_5,3,False,5,3,4,5,4,4,4,4
1401,1048-49,2_3_7,3,False,4,4,4,5,4,4,5,4
1402,1048-49,4_2_11,3,False,4,4,3,3,3,3,3,3
1403,1048-49,1_1_2,3,False,4,4,4,4,4,4,4,5
1404,1048-49,2_3_7,3,False,4,5,4,5,4,4,4,4
1406,1048-49,1_2_1,3,False,5,4,3,4,5,4,4,4
1415,1048-49,2_2_6,3,False,4,3,3,4,4,3,4,4
1418,1048-49,3_2_2,3,False,4,4,4,4,3,3,4,4
1421,1048-49,4_2_10,3,False,4,4,4,4,4,5,4,4
1424,1048-49,4_2_12,3,False,4,4,4,4,4,4,4,4
1427,1048-49,3_2_2,3,False,4,4,4,4,5,3,3,5
1429,1048-49,1_1_2,3,False,4,4,3,4,4,4,4,4
143,1048-49,2_2_4,3,False,5,5,5,5,5,5,5,5
1437,1048-49,5_3_12,3,False,4,4,4,4,4,4,3,4
1441,1048-49,2_3_9,3,False,4,4,4,5,4,4,3,5
1442,1048-49,1_1_3,3,False,5,5,5,5,5,4,5,4
1445,1048-49,2_3_8,3,False,4,4,4,4,4,4,3,4
1447,1048-49,3_5_13,3,False,3,4,4,3,4,5,4,3
1448,1048-49,4_2_11,3,False,2,3,4,3,3,4,3,3
1451,1048-49,4_2_10,3,False,4,3,4,4,4,4,4,4
1452,1048-49,1_2_1,3,False,4,3,2,3,4,3,4,3
1454,1048-49,1_1_4,3,False,4,4,4,4,4,5,3,3
1456,1048-49,2_2_3,3,False,4,4,3,5,4,3,4,3
1459,1048-49,4_2_11,3,False,4,5,5,4,3,4,4,3
1461,1048-49,2_4_10,3,False,4,4,3,3,3,3,3,2
1466,1048-49,2_2_6,3,False,4,4,4,4,4,4,4,4
1467,1048-49,2_2_5,3,False,4,4,4,4,4,4,4,4
1474,1048-49,2_4_12,3,False,4,4,4,4,5,4,4,3
1476,1048-49,1_1_4,3,False,5,4,4,4,5,4,4,4
1477,1048-49,2_2_6,3,False,4,5,4,4,4,5,3,4
148,1048-49,2_4_12,3,False,4,4,4,4,4,3,4,5
1483,1048-49,3_5_13,3,False,4,4,3,5,4,3,3,4
1485,1048-49,1_1_2,3,False,5,5,5,5,4,4,5,5
1491,1048-49,1_1_1,3,False,3,4,3,4,4,4,4,4
1493,1048-49,2_4_10,3,False,4,3,4,4,4,4,4,5
1495,1048-49,1_1_2,3,False,4,4,5,4,4,3,4,4
1497,1048-49,4_2_10,3,False,4,4,4,4,4,4,3,3
1499,1048-49,2_3_8,3,False,5,4,4,4,4,4,4,4
150,1048-49,5_3_11,3,False,3,3,2,4,3,3,2,3
1500,1048-49,2_4_12,3,False,5,4,4,4,3,3,3,4
1501,1048-49,2_4_12,3,False,4,5,5,5,4,4,4,5
1502,1048-49,1_2_1,3,False,4,4,4,4,4,4,4,4
1503,1048-49,4_2_8,3,False,4,4,5,4,4,5,4,5
1509,1048-49,2_1_1,3,False,4,4,4,4,3,4,3,3
1511,1048-49,1_1_4,3,False,5,5,5,4,5,4,4,4
1512,1048-49,2_3_9,3,False,4,4,3,4,4,3,4,4
1513,1048-49,4_2_12,3,False,5,4,4,5,4,4,5,4
1519,1048-49,3_5_13,3,False,4,3,2,3,3,4,3,3
152,1048-49,3_2_2,3,False,4,3,3,4,4,3,4,3
1524,1048-49,4_2_8,3,False,4,4,4,4,4,3,3,4
1528,1048-49,4_2_8,3,False,4,3,5,3,3,4,4,4
1529,1048-49,3_2_2,3,False,4,4,4,4,4,4,4,4
1530,1048-49,4_2_8,3,False,4,3,5,4,4,4,4,4
1531,1048-49,2_3_8,3,False,4,4,4,4,3,4,4,4
1535,1048-49,5_3_11,3,False,4,4,3,3,4,3,3,4
1537,1048-49,2_3_8,3,False,5,4,4,4,4,5,5,5
1542,1048-49,5_3_11,3,False,4,4,4,5,4,4,4,4
1544,1048-49,2_3_9,3,False,4,5,4,4,4,4,5,4
1545,1048-49,2_4_11,3,False,5,5,4,5,4,4,3,4
1549,1048-49,2_2_3,3,False,4,4,3,5,4,5,4,4
1554,1048-49,2_4_10,3,False,4,4,5,4,4,4,3,4
1564,1048-49,1_1_5,3,False,4,4,4,3,3,4,3,3
157,1048-49,4_2_11,3,False,4,4,4,4,4,4,4,4
1570,1048-49,4_2_8,3,False,4,4,5,5,4,4,4,4
1571,1048-49,2_3_8,3,False,5,4,4,4,4,4,4,4
1573,1048-49,4_2_11,3,False,4,3,4,4,3,4,4,4
1576,1048-49,4_2_8,3,False,4,4,4,4,4,3,4,3
1577,1048-49,3_5_13,3,False,3,4,4,4,4,4,4,4
1581,1048-49,2_4_11,3,False,4,4,4,4,4,3,4,5
1582,1048-49,2_2_3,3,False,4,4,4,4,3,4,3,3
1584,1048-49,1_1_3,3,False,4,4,4,5,4,4,4,4
1585,1048-49,4_2_12,3,False,5,4,3,4,4,4,3,4
159,1048-49,3_5_13,3,False,3,3,3,4,3,3,4,4
1594,1048-49,5_3_11,3,False,4,4,5,5,4,4,4,5
1595,1048-49,1_2_1,3,False,4,4,4,4,5,4,5,4
1598,1048-49,4_2_8,3,False,4,4,4,4,4,4,4,4
16,1048-49,1_1_2,3,False,4,4,3,3,3,3,3,4
1600,1048-49,2_4_12,3,False,4,4,4,4,3,5,4,4
1607,1048-49,2_1_1,3,False,5,4,4,5,4,4,4,3
161,1048-49,2_3_8,3,False,5,4,4,4,4,5,3,5
1610,1048-49,2_2_5,3,False,4,4,4,4,4,4,4,5
1613,1048-49,3_2_2,3,False,5,5,4,4,4,4,4,5
1616,1048-49,4_2_9,3,False,4,4,4,4,4,5,4,4
1617,1048-49,2_4_12,3,False,4,4,3,3,3,4,4,4
1618,1048-49,5_3_12,3,False,4,4,5,4,4,4,4,5
1625,1048-49,2_1_1,3,False,5,5,4,4,4,4,4,5
1627,1048-49,3_1_1,3,False,5,4,4,5,4,4,5,4
1631,1048-49,2_2_2,3,False,4,4,4,4,3,4,4,3
1633,1048-49,3_1_1,3,False,5,5,4,4,3,5,4,4
1634,1048-49,2_3_8,3,False,5,4,4,5,3,4,4,5
1635,1048-49,1_1_2,3,False,4,4,4,3,3,4,3,4
1639,1048-49,1_1_2,3,False,4,4,5,3,4,4,4,4
164,1048-49,2_1_1,3,False,4,4,3,3,4,3,3,3
1640,1048-49,2_2_4,3,False,5,4,4,3,3,4,4,4
1647,1048-49,4_2_10,3,False,4,4,4,4,4,4,4,5
1650,1048-49,1_1_2,3,False,4,4,3,4,3,3,3,4
1652,1048-49,2_2_6,3,False,4,4,4,4,3,4,5,4
1653,1048-49,5_3_11,3,False,4,4,4,4,4,4,4,4
1654,1048-49,2_4_12,3,False,4,4,4,3,4,4,4,4
1655,1048-49,2_2_2,3,False,4,3,4,3,3,3,4,3
1656,1048-49,1_1_3,3,False,4,4,3,4,3,4,4,4
1658,1048-49,1_1_2,3,False,4,5,4,5,3,4,4,4
1659,1048-49,1_1_3,3,False,4,4,4,4,4,5,3,5
1660,1048-49,2_4_10,3,False,5,4,3,4,4,4,4,4
1663,1048-49,3_2_2,3,False,4,5,4,4,4,4,4,4
1664,1048-49,2_4_10,3,False,4,4,3,3,3,3,4,3
1668,1048-49,3_2_2,3,False,4,5,4,4,4,4,4,4
1670,1048-49,3_5_13,3,False,4,4,4,4,4,4,4,5
1675,1048-49,1_1_4,3,False,4,3,4,4,3,4,3,3
1678,1048-49,2_2_6,3,False,4,4,3,4,3,4,3,3
168,1048-49,4_2_10,3,False,5,4,3,5,4,4,3,4
1684,1048-49,2_2_5,3,False,4,4,4,4,4,4,3,4
1686,1048-49,1_1_5,3,False,4,3,4,4,4,3,3,4
1687,1048-49,1_1_5,3,False,4,4,4,3,3,4,4,4
169,1048-49,4_2_9,3,False,3,4,4,4,3,4,3,4
1698,1048-49,1_1_3,3,False,4,4,3,4,4,4,4,4
1699,1048-49,2_4_12,3,False,5,5,4,5,4,4,5,5
1707,1048-49,2_2_4,3,False,4,4,4,4,2,4,3,3
1708,1048-49,2_2_3,3,False,4,4,3,3,4,4,3,4
1717,1048-49,1_2_1,3,False,5,4,3,4,4,4,4,4
1718,1048-49,4_2_8,3,False,4,5,5,4,4,5,4,5
1719,1048-49,4_2_10,3,False,5,5,5,5,4,4,4,5
1727,1048-49,1_1_3,3,False,4,5,5,5,5,4,4,5
1728,1048-49,2_2_5,3,False,4,4,4,4,4,3,4,3
1730,1048-49,1_2_1,3,False,4,4,4,4,4,4,3,4
1737,1048-49,2_2_2,3,False,4,4,3,4,3,3,3,3
1744,1048-49,2_2_4,3,False,4,4,4,4,3,4,4,3
175,1048-49,2_4_11,3,False,5,4,4,4,5,4,4,5
1754,1048-49,2_3_9,3,False,4,3,4,3,3,4,3,4
1757,1048-49,2_2_2,3,False,5,4,5,5,3,4,5,5
1758,1048-49,2_4_11,3,False,3,3,3,3,3,3,3,4
1759,1048-49,2_4_12,3,False,4,5,4,5,4,4,4,5
1762,1048-49,1_1_4,3,False,4,4,3,3,4,3,4,2
1764,1048-49,2_2_4,3,False,5,5,5,4,5,4,4,4
1765,1048-49,1_1_5,3,False,4,4,4,3,3,4,4,3
1767,1048-49,2_4_10,3,False,5,4,4,4,3,4,5,4
1768,1048-49,2_2_3,3,False,5,4,4,5,4,5,4,4
1770,1048-49,4_2_12,3,False,4,3,4,4,4,4,4,4
1771,1048-49,5_3_11,3,False,3,4,4,4,4,4,5,4
1772,1048-49,1_1_5,3,False,5,5,4,3,4,3,3,5
1774,1048-49,2_3_7,3,False,5,4,4,5,4,4,3,4
1775,1048-49,2_2_2,3,False,4,3,3,4,3,3,3,4
1778,1048-49,2_2_2,3,False,5,4,3,4,4,4,4,5
1780,1048-49,2_3_8,3,False,5,5,5,4,4,4,4,5
1788,1048-49,2_2_6,3,False,4,3,4,3,3,4,4,4
179,1048-49,2_3_9,3,False,5,4,5,4,4,4,4,4
1791,1048-49,2_2_4,3,False,4,4,4,3,4,4,4,3
1794,1048-49,3_5_13,3,False,4,4,5,4,4,4,4,4
1795,1048-49,2_2_2,3,False,5,4,4,4,4,4,3,5
1798,1048-49,1_1_5,3,False,4,4,3,3,3,4,4,3
1799,1048-49,2_4_10,3,False,3,4,4,4,5,4,4,3
1803,1048-49,3_1_1,3,False,5,4,5,5,5,4,4,4
1804,1048-49,3_5_13,3,False,4,3,3,4,3,4,4,3
1807,1048-49,2_3_8,3,False,4,4,3,4,3,4,4,3
1809,1048-49,1_1_5,3,False,5,4,4,4,3,4,4,4
1813,1048-49,3_5_13,3,False,3,4,3,4,4,4,3,3
1818,1048-49,1_1_1,3,False,4,5,3,4,4,4,3,4
1822,1048-49,5_3_11,3,False,3,4,4,5,4,4,3,4
1823,1048-49,1_1_4,3,False,4,4,4,5,4,4,4,4
1824,1048-49,2_2_6,3,False,5,4,4,4,4,5,3,4
1826,1048-49,4_2_10,3,False,4,4,3,4,4,4,4,4
1829,1048-49,2_2_6,3,False,4,4,4,3,3,4,5,3
183,1048-49,2_2_4,3,False,5,5,4,4,5,4,5,5
1830,1048-49,2_4_11,3,False,4,4,4,5,4,4,4,4
1831,1048-49,2_1_1,3,False,4,5,3,4,3,3,3,3
1834,1048-49,2_4_10,3,False,5,5,5,5,4,5,4,5
184,1048-49,1_1_5,3,False,4,4,3,4,4,4,3,5
1842,1048-49,4_2_12,3,False,4,4,3,4,4,4,4,3
1845,1048-49,4_2_9,3,False,4,3,3,3,3,3,3,3
1846,1048-49,4_2_10,3,False,4,3,3,4,3,3,4,3
1848,1048-49,4_2_12,3,False,4,4,4,4,4,5,4,4
1854,1048-49,4_2_11,3,False,4,4,3,4,4,3,4,4
186,1048-49,2_2_5,3,False,5,4,4,3,3,3,3,4
1862,1048-49,5_3_12,3,False,4,3,4,4,4,3,3,4
1863,1048-49,2_2_5,3,False,4,3,3,3,3,4,3,3
1864,1048-49,3_2_2,3,False,4,4,3,3,4,4,4,4
1867,1048-49,4_2_8,3,False,4,4,5,5,5,5,5,5
1871,1048-49,3_2_2,3,False,4,4,4,4,4,3,4,4
1873,1048-49,2_4_10,3,False,5,4,3,4,3,4,4,3
1874,1048-49,2_3_8,3,False,5,5,5,5,4,5,4,5
1878,1048-49,1_1_5,3,False,4,4,4,4,3,3,4,4
1879,1048-49,2_1_1,3,False,4,4,4,4,4,4,4,4
188,1048-49,1_1_5,3,False,5,5,5,5,5,5,5,5
1881,1048-49,2_2_3,3,False,4,3,3,3,4,4,3,4
1882,1048-49,1_1_1,3,False,4,4,4,4,4,4,4,4
1886,1048-49,1_1_2,3,False,4,4,4,5,4,5,3,4
1891,1048-49,2_3_9,3,False,4,4,4,5,4,4,4,4
1898,1048-49,2_2_4,3,False,4,3,4,4,3,3,3,3
1899,1048-49,2_2_3,3,False,4,4,4,4,4,3,4,3
19,1048-49,2_1_1,3,False,4,4,4,4,4,4,3,4
190,1048-49,2_4_12,3,False,4,4,4,5,4,5,4,4
1901,1048-49,4_2_12,3,False,5,5,4,4,4,4,5,4
1902,1048-49,2_2_4,3,False,4,4,3,4,4,4,4,4
1903,1048-49,2_2_2,3,False,4,4,4,5,4,4,4,4
1908,1048-49,2_2_6,3,False,3,4,2,3,3,4,4,3
1909,1048-49,1_1_2,3,False,5,4,4,4,4,4,3,4
1910,1048-49,2_4_12,3,False,4,3,4,4,5,4,4,4
1913,1048-49,1_2_1,3,False,3,4,4,4,3,4,3,3
1914,1048-49,1_1_5,3,False,5,4,5,5,4,5,5,5
1915,1048-49,4_2_11,3,False,3,4,3,4,4,4,4,4
1920,1048-49,2_4_10,3,False,5,4,5,5,4,4,4,5
1921,1048-49,4_2_12,3,False,4,4,4,3,4,3,4,4
193,1048-49,2_4_10,3,False,5,5,4,4,4,4,4,5
1933,1048-49,1_1_2,3,False,4,4,4,4,3,4,3,4
1936,1048-49,2_2_6,3,False,5,5,5,4,5,5,4,5
194,1048-49,2_4_11,3,False,3,4,3,4,4,3,4,3
1941,1048-49,4_2_12,3,False,5,4,3,5,4,4,4,5
1946,1048-49,2_4_12,3,False,4,3,4,4,4,3,4,4
1948,1048-49,5_3_11,3,False,4,4,4,5,5,3,3,4
1950,1048-49,1_1_5,3,False,4,3,4,4,4,3,3,3
1951,1048-49,2_2_3,3,False,4,4,3,3,3,3,4,3
1952,1048-49,4_2_11,3,False,4,4,4,4,3,4,4,3
1954,1048-49,2_2_2,3,False,5,4,4,4,4,5,5,4
1955,1048-49,2_3_7,3,False,3,3,3,3,3,3,3,3
1960,1048-49,2_2_4,3,False,4,5,4,4,5,4,4,4
1961,1048-49,2_2_2,3,False,5,4,4,4,4,5,4,4
1968,1048-49,4_2_8,3,False,4,4,5,4,4,4,4,5
1969,1048-49,3_5_13,3,False,4,4,3,3,4,4,3,3
197,1048-49,1_1_3,3,False,4,5,5,5,4,4,4,4
1972,1048-49,4_2_12,3,False,5,5,3,4,4,4,4,5
1977,1048-49,2_2_2,3,False,5,5,4,5,4,5,4,5
198,1048-49,2_3_7,3,False,5,4,3,3,3,4,4,4
1980,1048-49,4_2_11,3,False,4,4,4,4,4,5,5,4
1983,1048-49,1_1_2,3,False,5,4,5,5,4,4,5,5
1986,1048-49,2_4_10,3,False,4,3,3,4,3,4,4,3
1994,1048-49,1_1_3,3,False,4,4,4,3,4,4,4,4
1999,1048-49,2_2_5,3,False,4,4,4,4,4,4,3,3
200,1048-49,5_3_11,3,False,4,4,4,5,3,4,4,3
2004,1048-49,3_1_1,3,False,5,4,3,4,4,4,4,4
2008,1048-49,2_2_6,3,False,4,4,4,4,3,4,4,4
2011,1048-49,2_2_2,3,False,4,4,3,4,3,3,4,4
2021,1048-49,3_5_13,3,False,4,3,4,4,4,4,4,3
2023,1048-49,2_4_10,3,False,4,5,4,4,4,5,4,4
2026,1048-49,2_2_2,3,False,5,5,4,4,3,4,4,4
2027,1048-49,4_2_12,3,False,4,3,3,3,4,3,2,4
2029,1048-49,2_2_2,3,False,4,3,4,3,4,3,4,3
2030,1048-49,3_5_13,3,False,4,4,4,4,4,4,3,4
2032,1048-49,2_4_11,3,False,5,4,4,4,4,4,3,4
2033,1048-49,2_2_2,3,False,4,5,4,4,4,5,4,4
2035,1048-49,2_2_3,3,False,4,4,4,3,4,4,3,4
2036,1048-49,4_2_12,3,False,4,4,4,4,4,4,4,4
2037,1048-49,1_1_2,3,False,5,5,4,4,3,4,4,5
2039,1048-49,2_4_11,3,False,4,3,4,4,3,3,3,4
2040,1048-49,4_2_11,3,False,3,3,3,4,4,3,3,3
2049,1048-49,1_1_4,3,False,4,3,3,3,4,4,3,4
2054,1048-49,4_2_9,3,False,4,3,3,3,4,4,3,3
2065,1048-49,4_2_12,3,False,4,5,4,4,4,4,4,4
2067,1048-49,2_2_3,3,False,5,4,3,4,3,4,3,4
2069,1048-49,3_1_1,3,False,3,3,4,3,3,3,4,3
2070,1048-49,4_2_12,3,False,4,4,4,4,4,3,4,5
2079,1048-49,2_2_4,3,False,4,4,4,3,4,4,4,4
2086,1048-49,1_2_1,3,False,4,4,5,5,5,4,4,4
2092,1048-49,4_2_8,3,False,3,5,5,4,4,4,4,5
2099,1048-49,4_2_8,3,False,4,4,4,5,3,5,4,5
2107,1048-49,1_1_3,3,False,4,5,4,4,4,4,4,4
2109,1048-49,1_1_2,3,False,4,5,4,5,4,4,4,5
2111,1048-49,2_3_8,3,False,4,4,4,4,4,4,4,3
2112,1048-49,5_3_11,3,False,4,4,4,4,4,4,4,5
2113,1048-49,2_3_8,3,False,5,4,4,4,4,3,4,4
2116,1048-49,2_4_11,3,False,4,4,4,4,3,4,3,4
2119,1048-49,1_1_1,3,False,4,3,2,2,2,4,3,2
2123,1048-49,5_3_11,3,False,3,4,3,3,4,3,3,3
2128,1048-49,4_2_10,3,False,5,4,5,5,4,5,4,5
2129,1048-49,1_1_3,3,False,4,4,4,4,4,3,3,4
2136,1048-49,3_5_13,3,False,4,3,5,4,4,4,3,4
2143,1048-49,2_4_10,3,False,4,4,4,4,3,4,4,4
2146,1048-49,2_2_2,3,False,4,5,4,5,4,5,5,4
2151,1048-49,2_3_9,3,False,3,3,3,4,4,4,3,3
2157,1048-49,1_1_5,3,False,4,4,4,3,4,4,3,4
216,1048-49,2_4_11,3,False,4,3,3,3,4,3,3,3
2165,1048-49,3_5_13,3,False,4,5,5,4,5,5,5,5
2167,1048-49,4_2_12,3,False,4,4,4,4,4,3,3,4
217,1048-49,1_1_2,3,False,4,4,4,4,3,4,4,4
2176,1048-49,2_4_10,3,False,4,3,3,4,3,3,4,3
218,1048-49,4_2_11,3,False,4,4,4,4,3,3,3,3
2181,1048-49,5_3_11,3,False,4,4,4,4,4,4,3,4
2182,1048-49,1_1_5,3,False,5,4,5,5,4,4,5,4
2186,1048-49,2_2_4,3,False,5,4,4,4,4,4,4,5
2189,1048-49,2_3_9,3,False,3,4,3,3,4,4,3,4
2194,1048-49,3_5_13,3,False,4,3,4,4,4,4,3,4
220,1048-49,2_2_4,3,False,4,5,4,4,4,4,4,4
2203,1048-49,4_2_10,3,False,5,4,4,4,4,4,4,4
221,1048-49,2_2_4,3,False,4,4,3,4,4,4,3,4
2210,1048-49,3_5_13,3,False,4,3,3,3,3,3,3,2
2212,1048-49,2_1_1,3,False,4,3,3,4,4,5,3,3
2213,1048-49,1_1_1,3,False,5,4,4,5,4,4,4,5
2215,1048-49,3_5_13,3,False,4,4,5,4,4,3,3,4
2220,1048-49,2_3_8,3,False,4,4,3,4,4,4,4,4
2223,1048-49,3_5_13,3,False,3,4,4,4,4,4,3,3
2228,1048-49,1_1_2,3,False,4,4,4,3,4,4,4,4
2230,1048-49,2_2_3,3,False,4,4,4,4,4,4,3,4
2231,1048-49,2_3_7,3,False,4,4,4,4,4,4,4,4
2232,1048-49,3_5_13,3,False,4,4,4,5,4,4,4,4
2235,1048-49,2_3_7,3,False,4,5,4,4,4,4,4,4
2236,1048-49,3_2_2,3,False,5,4,5,4,5,4,4,5
2239,1048-49,5_3_11,3,False,4,3,3,4,4,4,4,4
224,1048-49,4_2_8,3,False,4,4,4,4,4,4,4,4
2240,1048-49,4_2_12,3,False,5,5,4,5,4,5,4,5
2245,1048-49,3_1_1,3,False,4,4,4,4,5,4,3,4
2250,1048-49,4_2_8,3,False,3,3,3,3,3,3,3,2
2251,1048-49,2_4_12,3,False,4,4,4,4,4,4,5,4
2252,1048-49,3_1_1,3,False,4,4,4,5,4,4,4,4
2265,1048-49,4_2_8,3,False,4,3,4,4,4,4,3,3
2272,1048-49,3_2_2,3,False,4,3,3,4,3,3,2,4
2273,1048-49,4_2_10,3,False,5,4,4,5,5,4,5,5
2278,1048-49,2_2_5,3,False,5,4,4,4,5,5,5,5
2279,1048-49,3_2_2,3,False,4,4,4,4,3,4,4,3
2280,1048-49,1_2_1,3,False,4,3,3,4,3,4,4,4
2285,1048-49,1_1_4,3,False,5,4,4,5,4,4,4,5
2286,1048-49,1_1_5,3,False,3,2,2,3,3,4,4,3
2287,1048-49,2_4_12,3,False,4,3,3,3,3,3,3,3
2289,1048-49,1_1_2,3,False,4,4,4,3,3,4,4,4
2292,1048-49,2_4_10,3,False,4,4,4,5,3,4,3,4
2295,1048-49,2_1_1,3,False,4,4,4,4,4,4,4,5
2296,1048-49,5_3_11,3,False,4,5,5,4,5,4,4,5
2298,1048-49,2_2_3,3,False,4,4,3,5,3,4,4,3
2299,1048-49,2_2_2,3,False,4,3,5,4,3,3,3,4
23,1048-49,5_3_11,3,False,4,4,5,4,3,4,4,4
2305,1048-49,2_3_8,3,False,5,4,4,4,4,5,3,3
2306,1048-49,4_2_10,3,False,4,4,4,4,4,4,4,4
231,1048-49,2_1_1,3,False,4,3,3,3,3,3,3,3
2313,1048-49,4_2_10,3,False,3,4,3,4,4,4,3,4
2314,1048-49,2_4_12,3,False,4,4,4,4,4,3,4,4
2319,1048-49,1_1_5,3,False,4,4,4,4,4,4,4,4
232,1048-49,2_4_10,3,False,4,4,5,4,5,4,4,4
2322,1048-49,1_1_4,3,False,4,4,4,3,4,4,3,4
2324,1048-49,2_3_8,3,False,5,4,4,4,4,4,4,5
2328,1048-49,2_3_7,3,False,4,4,4,4,4,4,3,4
2330,1048-49,2_2_4,3,False,5,5,4,4,4,4,4,5
2334,1048-49,2_4_12,3,False,4,3,5,4,4,4,3,4
2338,1048-49,2_4_11,3,False,5,4,4,5,4,4,4,5
2341,1048-49,2_1_1,3,False,4,4,3,4,4,4,4,4
2344,1048-49,2_2_5,3,False,4,4,4,4,3,4,4,4
2355,1048-49,4_2_8,3,False,3,4,3,4,4,3,3,3
2358,1048-49,1_1_1,3,False,4,4,5,4,4,4,3,4
2361,1048-49,1_1_5,3,False,4,4,5,5,4,3,3,4
2367,1048-49,3_1_1,3,False,4,4,4,4,4,4,4,5
2369,1048-49,1_2_1,3,False,5,4,4,4,4,5,4,5
2370,1048-49,2_3_8,3,False,5,5,4,4,4,4,4,5
2371,1048-49,2_2_5,3,False,5,4,5,5,5,5,5,5
2376,1048-49,2_2_3,3,False,4,4,4,4,4,4,4,4
2378,1048-49,4_2_12,3,False,5,5,4,4,4,4,4,4
2379,1048-49,4_2_12,3,False,4,3,4,3,3,3,3,3
2387,1048-49,2_2_4,3,False,4,4,4,3,3,4,3,4
2389,1048-49,2_2_6,3,False,4,4,4,4,4,4,4,4
239,1048-49,1_1_3,3,False,4,4,4,5,4,4,5,4
2394,1048-49,2_4_11,3,False,5,4,5,5,4,4,4,4
2397,1048-49,2_1_1,3,False,4,4,5,4,4,5,4,4
2404,1048-49,2_2_2,3,False,4,4,3,4,3,4,4,4
241,1048-49,1_2_1,3,False,4,4,4,3,4,3,4,4
2410,1048-49,2_4_12,3,False,5,4,3,4,4,3,5,4
2416,1048-49,4_2_8,3,False,3,4,4,4,3,4,3,3
2419,1048-49,4_2_11,3,False,4,4,4,5,5,4,5,5
242,1048-49,4_2_12,3,False,4,4,4,5,5,4,4,5
2422,1048-49,2_2_3,3,False,4,4,5,5,4,4,3,4
2425,1048-49,2_4_10,3,False,4,5,4,5,5,4,5,5
2426,1048-49,2_2_4,3,False,5,4,4,4,3,4,3,4
2427,1048-49,2_2_6,3,False,4,4,4,4,3,4,4,4
2428,1048-49,4_2_12,3,False,4,4,4,4,4,4,4,4
2438,1048-49,2_2_4,3,False,4,4,3,2,2,3,3,3
2440,1048-49,2_1_1,3,False,4,3,3,4,4,3,3,4
2441,1048-49,2_2_3,3,False,3,4,4,3,3,3,3,4
245,1048-49,1_1_4,3,False,5,4,4,4,3,4,5,4
2453,1048-49,2_3_7,3,False,5,5,5,5,5,4,5,5
2456,1048-49,3_1_1,3,False,5,4,4,4,4,4,3,5
2457,1048-49,2_2_2,3,False,4,3,3,4,3,3,3,3
246,1048-49,2_2_2,3,False,4,3,3,3,3,4,4,3
2460,1048-49,3_5_13,3,False,4,4,3,3,3,4,4,3
2462,1048-49,4_2_9,3,False,3,3,3,3,3,3,4,3
2465,1048-49,2_4_12,3,False,5,4,4,4,4,5,4,3
2466,1048-49,3_5_13,3,False,3,4,4,4,4,4,4,3
2468,1048-49,4_2_12,3,False,5,4,4,4,4,5,5,5
2471,1048-49,1_1_2,3,False,4,4,4,3,3,4,3,4
2472,1048-49,4_2_11,3,False,5,4,5,4,5,4,4,5
2474,1048-49,4_2_12,3,False,5,4,3,4,5,4,4,5
2476,1048-49,1_1_4,3,False,4,4,4,4,4,4,3,3
2478,1048-49,2_2_5,3,False,4,4,3,3,4,4,4,4
2479,1048-49,3_5_13,3,False,4,4,4,5,4,4,4,4
2480,1048-49,2_4_10,3,False,4,4,4,4,3,3,3,4
2481,1048-49,1_1_2,3,False,5,5,4,5,4,4,4,4
2482,1048-49,2_2_2,3,False,5,4,3,3,4,4,4,3
2483,1048-49,2_2_3,3,False,4,3,4,4,3,3,4,4
2489,1048-49,5_3_11,3,False,4,4,3,4,3,4,4,4
2492,1048-49,2_4_12,3,False,4,5,4,4,5,4,4,4
2498,1048-49,3_2_2,3,False,5,4,4,4,4,4,3,4
2503,1048-49,2_1_1,3,False,5,4,4,5,4,4,3,4
2511,1048-49,2_1_1,3,False,4,5,4,4,4,4,4,5
2513,1048-49,2_2_4,3,False,4,4,4,4,4,4,4,4
2515,1048-49,3_1_1,3,False,4,3,4,4,4,4,3,3
2516,1048-49,4_2_9,3,False,4,4,5,4,4,4,3,4
2526,1048-49,4_2_9,3,False,4,3,4,4,4,4,3,4
2527,1048-49,4_2_11,3,False,4,4,3,5,4,4,4,5
2530,1048-49,2_3_9,3,False,4,4,4,4,5,3,4,4
2533,1048-49,2_2_6,3,False,5,4,4,3,3,4,4,4
2534,1048-49,1_2_1,3,False,4,4,3,3,3,4,4,3
2537,1048-49,2_3_7,3,False,4,4,3,4,4,4,3,4
2538,1048-49,2_4_12,3,False,3,3,4,3,3,4,5,3
2541,1048-49,2_2_4,3,False,4,3,4,3,3,4,4,3
2542,1048-49,2_4_10,3,False,5,4,4,4,4,3,4,5
2544,1048-49,2_2_4,3,False,5,5,4,4,4,4,3,4
2552,1048-49,2_2_3,3,False,3,3,3,3,3,3,3,3
2554,1048-49,4_2_9,3,False,4,3,5,5,4,4,4,4
2556,1048-49,4_2_8,3,False,4,4,5,4,4,4,4,5
2558,1048-49,2_2_5,3,False,4,4,4,3,4,4,3,3
2563,1048-49,1_1_3,3,False,4,4,4,3,3,4,4,4
2568,1048-49,3_5_13,3,False,3,3,3,3,3,4,4,4
2572,1048-49,2_2_6,3,False,3,3,4,3,3,3,3,3
2573,1048-49,2_2_6,3,False,4,4,2,5,3,4,4,3
2574,1048-49,1_1_1,3,False,4,4,4,4,4,4,3,4
2577,1048-49,2_3_8,3,False,4,4,5,4,4,4,4,4
2579,1048-49,1_2_1,3,False,4,4,4,4,4,4,4,4
2582,1048-49,4_2_12,3,False,4,4,4,3,4,4,4,4
2583,1048-49,2_2_5,3,False,4,4,4,5,3,4,5,5
2589,1048-49,4_2_9,3,False,3,4,3,4,3,4,3,3
2591,1048-49,2_2_3,3,False,4,4,3,4,4,4,4,4
2594,1048-49,4_2_11,3,False,3,4,4,5,4,4,4,4
2596,1048-49,4_2_9,3,False,2,4,4,3,3,4,2,3
2597,1048-49,4_2_8,3,False,3,3,3,3,4,3,5,3
2600,1048-49,5_3_11,3,False,4,4,4,4,4,4,3,4
261,1048-49,5_3_12,3,False,3,3,3,3,3,3,3,3
2612,1048-49,2_3_9,3,False,4,4,4,3,4,4,4,4
2613,1048-49,3_1_1,3,False,5,4,4,5,4,4,4,5
2617,1048-49,1_1_2,3,False,5,4,4,5,5,4,4,4
2619,1048-49,4_2_12,3,False,5,4,4,4,4,4,4,4
262,1048-49,4_2_12,3,False,4,4,3,3,4,4,4,4
2621,1048-49,4_2_8,3,False,4,5,4,4,4,5,5,5
2623,1048-49,1_1_3,3,False,4,5,3,5,4,3,4,4
2633,1048-49,5_3_11,3,False,4,3,3,4,3,4,3,4
264,1048-49,3_5_13,3,False,5,4,4,5,4,5,4,5
2640,1048-49,5_3_12,3,False,4,4,3,3,3,4,3,3
2648,1048-49,2_4_10,3,False,5,4,5,4,4,4,4,4
2650,1048-49,3_5_13,3,False,3,4,4,4,3,4,3,4
2655,1048-49,1_1_2,3,False,5,5,5,5,4,5,4,4
2657,1048-49,4_2_11,3,False,4,3,4,4,3,4,3,4
2659,1048-49,4_2_11,3,False,4,4,4,5,4,4,5,4
2661,1048-49,2_3_7,3,False,4,4,3,3,4,5,4,4
2662,1048-49,2_1_1,3,False,4,4,3,4,3,4,4,4
2667,1048-49,3_5_13,3,False,3,4,3,3,3,4,4,3
267,1048-49,3_5_13,3,False,3,3,3,3,3,3,3,3
2671,1048-49,2_1_1,3,False,4,4,4,4,3,4,4,4
2672,1048-49,2_2_3,3,False,5,4,4,4,4,4,4,4
2675,1048-49,2_4_12,3,False,4,4,4,4,3,4,3,4
2676,1048-49,2_2_5,3,False,4,4,3,5,4,5,5,4
2677,1048-49,2_3_8,3,False,5,5,5,5,4,4,3,5
2678,1048-49,2_2_5,3,False,4,4,4,4,4,4,3,4
2680,1048-49,1_1_5,3,False,4,4,3,4,4,3,4,4
2682,1048-49,4_2_8,3,False,3,3,3,5,3,4,3,4
27,1048-49,1_2_1,3,False,5,5,4,5,4,4,4,4
2706,1048-49,4_2_10,3,False,3,4,5,4,3,4,4,4
2707,1048-49,1_1_2,3,False,4,4,3,3,3,3,3,3
2713,1048-49,2_2_4,3,False,4,4,4,4,4,4,5,5
2715,1048-49,2_4_11,3,False,3,4,4,4,4,5,3,4
2716,1048-49,4_2_12,3,False,4,4,3,4,4,4,4,4
2717,1048-49,2_2_6,3,False,5,4,5,5,4,4,4,4
2719,1048-49,2_3_7,3,False,4,4,4,4,4,4,5,4
2722,1048-49,1_1_2,3,False,4,4,4,4,3,3,3,4
2726,1048-49,5_3_12,3,False,4,4,4,4,4,4,4,5
2735,1048-49,2_4_10,3,False,4,4,5,3,4,4,4,4
2737,1048-49,2_2_5,3,False,5,5,5,4,4,5,5,4
2738,1048-49,3_5_13,3,False,4,3,3,4,4,4,4,3
2739,1048-49,1_1_2,3,False,5,4,4,5,4,5,4,5
274,1048-49,2_2_5,3,False,5,5,5,5,4,4,5,4
2740,1048-49,4_2_11,3,False,3,4,4,3,3,4,4,3
2743,1048-49,2_4_10,3,False,5,5,5,5,4,4,4,4
275,1048-49,2_4_12,3,False,4,4,4,4,3,4,5,3
2761,1048-49,4_2_8,3,False,4,4,4,4,4,4,4,4
2766,1048-49,4_2_11,3,False,4,4,4,5,4,4,4,4
2767,1048-49,2_4_10,3,False,4,4,3,3,3,3,4,4
2769,1048-49,1_1_4,3,False,4,4,3,4,3,3,4,3
2774,1048-49,4_2_9,3,False,3,3,4,3,3,4,4,4
2780,1048-49,1_1_3,3,False,4,4,5,4,5,4,4,5
2781,1048-49,2_4_10,3,False,4,4,4,3,3,4,4,3
2785,1048-49,2_3_7,3,False,5,4,3,5,4,3,5,4
2786,1048-49,3_2_2,3,False,4,3,4,4,4,3,4,4
2787,1048-49,2_3_9,3,False,5,5,5,5,4,4,5,4
2795,1048-49,4_2_9,3,False,4,3,3,4,3,4,4,4
2798,1048-49,2_2_6,3,False,4,4,3,3,3,4,4,4
28,1048-49,1_1_2,3,False,4,3,3,3,3,4,4,3
2804,1048-49,4_2_10,3,False,4,3,4,4,3,4,4,4
2806,1048-49,2_4_11,3,False,4,4,4,3,4,4,4,4
2808,1048-49,2_4_11,3,False,4,4,4,4,4,4,4,4
2809,1048-49,2_3_8,3,False,4,5,4,4,3,4,5,4
281,1048-49,2_4_10,3,False,4,4,3,4,3,3,3,4
2810,1048-49,1_1_4,3,False,3,3,3,4,3,3,3,2
2813,1048-49,4_2_9,3,False,4,4,4,4,4,4,4,4
2816,1048-49,3_2_2,3,False,4,4,4,4,4,4,5,4
2819,1048-49,1_1_4,3,False,4,4,4,4,4,3,3,4
2822,1048-49,1_1_2,3,False,3,3,3,3,2,3,3,2
2824,1048-49,3_5_13,3,False,4,4,3,4,3,3,4,4
2826,1048-49,2_3_8,3,False,5,5,4,5,4,3,4,4
2827,1048-49,4_2_12,3,False,4,4,3,4,4,5,4,4
2830,1048-49,1_1_1,3,False,5,5,4,5,4,5,4,4
2831,1048-49,3_2_2,3,False,4,4,4,4,3,3,4,3
2834,1048-49,4_2_8,3,False,3,4,3,4,3,3,3,3
2835,1048-49,2_3_8,3,False,5,4,5,5,5,4,3,4
284,1048-49,4_2_12,3,False,3,4,4,3,4,4,4,4
2840,1048-49,2_2_5,3,False,5,4,4,5,4,4,4,4
2845,1048-49,4_2_12,3,False,4,4,4,5,4,4,4,4
285,1048-49,2_1_1,3,False,4,4,4,4,4,3,3,4
2853,1048-49,2_2_3,3,False,5,4,5,5,4,5,4,5
2854,1048-49,2_2_6,3,False,5,4,4,3,4,4,3,4
2855,1048-49,5_3_11,3,False,4,4,3,4,4,4,4,4
2858,1048-49,4_2_10,3,False,4,4,3,4,3,4,4,4
286,1048-49,2_4_11,3,False,5,5,3,4,4,3,4,4
2860,1048-49,5_3_12,3,False,3,4,5,5,4,4,4,4
2865,1048-49,4_2_8,3,False,3,3,4,4,3,3,4,4
2872,1048-49,2_2_5,3,False,5,4,4,4,5,5,4,5
2874,1048-49,1_1_2,3,False,4,3,4,4,3,3,3,3
2875,1048-49,2_2_5,3,False,5,4,4,4,5,5,4,5
2878,1048-49,3_2_2,3,False,4,4,3,4,3,3,3,3
288,1048-49,1_1_3,3,False,3,5,3,4,4,4,4,4
2882,1048-49,2_4_11,3,False,4,4,3,3,4,4,4,4
2883,1048-49,2_4_12,3,False,4,4,4,4,4,5,4,4
2884,1048-49,1_1_2,3,False,5,5,5,5,5,4,4,5
2885,1048-49,2_4_12,3,False,4,4,3,3,4,4,3,3
2886,1048-49,4_2_12,3,False,3,3,3,3,4,3,3,3
289,1048-49,4_2_12,3,False,4,4,4,4,4,4,4,4
29,1048-49,2_2_5,3,False,4,3,3,3,3,4,3,3
290,1048-49,2_2_2,3,False,5,4,5,5,4,4,4,5
2908,1048-49,1_1_2,3,False,4,4,3,4,4,3,3,3
2909,1048-49,1_1_3,3,False,5,4,4,4,4,5,4,5
2910,1048-49,2_3_8,3,False,4,5,4,4,4,4,4,4
2912,1048-49,3_2_2,3,False,4,4,4,4,4,4,4,4
2913,1048-49,1_1_3,3,False,4,4,3,4,3,3,3,3
2914,1048-49,4_2_8,3,False,4,3,4,4,3,4,4,4
2919,1048-49,3_1_1,3,False,4,4,4,4,4,4,3,4
2920,1048-49,2_4_12,3,False,4,4,3,3,3,4,4,3
2923,1048-49,2_2_6,3,False,4,4,4,4,3,4,4,5
2927,1048-49,2_2_4,3,False,5,4,4,4,3,3,4,4
2928,1048-49,2_4_10,3,False,3,4,3,3,3,4,3,4
2931,1048-49,2_2_4,3,False,3,3,4,3,3,4,3,4
2936,1048-49,2_1_1,3,False,4,4,3,4,3,4,4,3
2939,1048-49,2_4_12,3,False,4,3,4,4,3,4,3,3
2940,1048-49,2_3_9,3,False,5,4,4,4,4,4,4,5
2941,1048-49,5_3_11,3,False,4,5,4,5,4,4,3,4
2943,1048-49,2_2_5,3,False,4,4,4,4,4,4,4,3
2946,1048-49,3_5_13,3,False,4,4,4,4,4,3,4,4
2948,1048-49,2_2_2,3,False,5,5,5,5,5,5,5,5
295,1048-49,1_1_4,3,False,4,4,4,4,3,4,4,4
2951,1048-49,4_2_12,3,False,3,4,3,3,3,4,3,3
2952,1048-49,2_4_12,3,False,5,4,4,4,4,4,3,4
2957,1048-49,4_2_8,3,False,4,3,4,3,3,3,3,3
2959,1048-49,4_2_9,3,False,4,4,3,4,4,4,4,4
2962,1048-49,2_2_4,3,False,5,4,3,5,4,4,4,5
2966,1048-49,1_1_5,3,False,4,4,4,4,4,4,4,4
2971,1048-49,2_2_5,3,False,4,3,3,4,3,3,4,4
2973,1048-49,1_1_4,3,False,4,4,5,4,4,5,4,4
2975,1048-49,2_2_5,3,False,4,4,4,4,4,4,3,4
2976,1048-49,1_1_1,3,False,5,4,3,4,4,4,4,4
2980,1048-49,2_2_5,3,False,4,4,4,4,4,4,3,4
2982,1048-49,2_2_5,3,False,4,5,3,4,3,4,4,4
2983,1048-49,2_4_12,3,False,4,4,4,4,4,4,5,4
2986,1048-49,4_2_8,3,False,5,4,4,5,4,5,5,4
2989,1048-49,3_5_13,3,False,3,4,4,3,4,4,4,4
2991,1048-49,2_4_10,3,False,4,4,4,4,3,4,3,4
2995,1048-49,2_3_9,3,False,3,4,3,4,4,4,4,3
2996,1048-49,1_1_2,3,False,5,4,3,3,4,3,3,4
2997,1048-49,4_2_12,3,False,4,4,3,4,5,3,4,4
2998,1048-49,4_2_9,3,False,3,3,4,4,3,3,3,3
3,1048-49,5_3_12,3,False,5,4,4,4,4,4,4,5
30,1048-49,2_2_2,3,False,4,4,4,4,3,4,3,4
3000,1048-49,1_1_1,3,False,3,4,3,3,3,4,4,3
3001,1048-49,2_2_4,3,False,4,3,4,4,4,4,4,4
3005,1048-49,2_2_3,3,False,5,4,4,4,4,4,5,4
3014,1048-49,2_2_4,3,False,5,4,4,4,4,4,5,4
3015,1048-49,2_4_12,3,False,5,4,3,4,4,3,3,3
3022,1048-49,4_2_12,3,False,4,4,5,4,4,4,3,4
3030,1048-49,2_2_4,3,False,4,4,5,5,4,5,5,5
3034,1048-49,2_3_7,3,False,4,4,4,3,4,4,3,4
3035,1048-49,5_3_12,3,False,3,3,4,4,3,3,3,3
3036,1048-49,2_2_4,3,False,4,5,4,4,4,4,4,4
3039,1048-49,2_3_8,3,False,4,4,3,4,4,4,3,3
3041,1048-49,2_2_5,3,False,4,4,5,5,4,4,4,5
3046,1048-49,4_2_8,3,False,4,3,4,5,4,4,4,4
3047,1048-49,4_2_8,3,False,4,4,4,4,4,4,3,4
3048,1048-49,1_1_2,3,False,4,4,4,5,4,4,4,4
3049,1048-49,4_2_9,3,False,4,3,4,3,3,3,3,4
3056,1048-49,3_2_2,3,False,5,5,4,4,5,4,5,5
3058,1048-49,2_2_5,3,False,4,3,4,4,4,5,4,5
3060,1048-49,4_2_12,3,False,3,4,4,4,4,3,3,4
3066,1048-49,1_1_3,3,False,4,4,4,4,4,4,4,4
3069,1048-49,3_5_13,3,False,4,4,5,4,4,5,4,5
308,1048-49,2_3_7,3,False,4,3,3,4,4,3,3,4
3080,1048-49,2_2_5,3,False,4,4,4,3,4,4,4,4
3081,1048-49,5_3_11,3,False,4,4,4,4,3,3,4,4
3082,1048-49,2_2_5,3,False,4,4,4,4,4,3,3,3
3083,1048-49,3_5_13,3,False,5,4,4,4,4,5,4,5
3088,1048-49,4_2_12,3,False,4,4,3,3,3,3,4,4
3096,1048-49,2_3_8,3,False,5,4,3,4,3,4,3,4
3103,1048-49,3_5_13,3,False,4,4,4,5,4,4,4,4
3107,1048-49,1_2_1,3,False,4,3,3,3,3,3,4,3
3113,1048-49,1_1_5,3,False,4,3,3,3,4,4,4,2
3117,1048-49,4_2_8,3,False,4,3,5,5,4,4,4,4
3130,1048-49,3_2_2,3,False,5,4,3,4,5,4,5,4
3132,1048-49,2_2_3,3,False,5,4,4,4,4,4,4,5
3134,1048-49,2_3_8,3,False,5,4,5,5,4,4,4,5
3142,1048-49,4_2_8,3,False,4,4,4,4,4,4,4,4
3146,1048-49,2_2_4,3,False,4,4,4,4,4,4,4,4
3148,1048-49,2_3_8,3,False,4,4,4,4,4,4,3,4
315,1048-49,4_2_12,3,False,4,4,4,5,4,4,4,4
3151,1048-49,3_2_2,3,False,4,4,3,4,4,4,4,4
3158,1048-49,2_4_12,3,False,5,4,4,4,4,4,4,4
3159,1048-49,1_1_3,3,False,4,4,4,4,5,4,4,4
3162,1048-49,2_4_10,3,False,5,4,5,4,4,3,4,4
3164,1048-49,2_2_3,3,False,4,5,4,5,5,4,4,4
3167,1048-49,2_4_12,3,False,4,4,4,4,4,4,4,3
317,1048-49,2_4_10,3,False,5,4,4,3,4,4,5,4
3171,1048-49,2_4_12,3,False,5,5,5,5,4,5,5,5
3177,1048-49,2_2_2,3,False,3,3,3,4,4,3,4,3
3180,1048-49,1_1_1,3,False,5,4,4,4,4,3,4,4
3181,1048-49,2_4_12,3,False,5,4,4,5,5,5,4,5
3182,1048-49,3_5_13,3,False,4,4,4,4,4,4,5,5
3183,1048-49,3_2_2,3,False,5,4,5,4,5,4,4,4
3188,1048-49,2_2_3,3,False,4,4,3,4,4,5,4,5
3193,1048-49,4_2_12,3,False,4,3,5,5,4,4,4,4
3199,1048-49,2_2_4,3,False,5,4,3,4,4,4,4,4
32,1048-49,2_1_1,3,False,3,4,3,3,3,3,4,3
3201,1048-49,2_3_8,3,False,4,4,3,3,3,4,4,3
3202,1048-49,2_2_6,3,False,5,5,5,5,4,5,4,5
3205,1048-49,2_4_10,3,False,4,4,5,4,4,4,4,4
3207,1048-49,1_1_4,3,False,5,4,4,5,4,4,4,5
3208,1048-49,2_3_8,3,False,5,5,4,5,5,5,5,5
3210,1048-49,2_4_12,3,False,4,3,4,5,4,3,4,4
3212,1048-49,1_2_1,3,False,5,5,4,4,3,4,4,4
3215,1048-49,4_2_8,3,False,4,4,4,4,4,4,3,4
3216,1048-49,4_2_12,3,False,4,4,5,4,4,4,4,4
322,1048-49,5_3_11,3,False,3,4,3,3,4,3,4,4
3224,1048-49,1_1_3,3,False,4,4,5,5,4,3,4,4
3225,1048-49,1_1_3,3,False,4,4,3,4,3,3,4,4
3226,1048-49,4_2_10,3,False,4,4,3,3,3,3,3,3
3227,1048-49,4_2_12,3,False,4,4,4,4,4,4,3,4
3231,1048-49,2_4_10,3,False,4,4,4,4,4,3,4,4
3232,1048-49,2_4_11,3,False,3,4,4,3,4,4,3,4
3234,1048-49,2_2_2,3,False,4,4,5,4,4,4,4,4
3236,1048-49,2_4_11,3,False,5,3,3,4,3,4,4,3
3238,1048-49,2_4_12,3,False,4,3,3,4,4,3,3,3
3241,1048-49,2_4_12,3,False,4,4,4,4,4,3,3,4
3243,1048-49,2_1_1,3,False,5,4,3,4,4,4,4,5
3250,1048-49,1_1_4,3,False,4,4,3,4,3,3,3,4
3252,1048-49,4_2_12,3,False,4,4,4,3,4,4,4,4
3254,1048-49,4_2_12,3,False,5,5,5,5,4,4,5,4
3256,1048-49,2_4_11,3,False,4,4,4,4,4,4,4,4
3259,1048-49,2_3_9,3,False,4,3,3,4,3,3,3,3
326,1048-49,2_3_8,3,False,3,3,3,3,3,3,3,4
3268,1048-49,5_3_11,3,False,3,4,4,4,4,4,3,4
3273,1048-49,3_5_13,3,False,4,3,4,4,3,4,4,4
3278,1048-49,1_1_1,3,False,4,4,4,4,4,4,4,5
3280,1048-49,2_4_12,3,False,3,4,4,5,3,5,3,4
3281,1048-49,4_2_8,3,False,4,3,4,4,4,4,4,4
3282,1048-49,2_2_4,3,False,5,4,5,4,3,4,5,4
3283,1048-49,2_2_2,3,False,5,3,4,5,4,4,4,4
3284,1048-49,4_2_11,3,False,4,4,3,4,3,4,3,4
3286,1048-49,4_2_8,3,False,4,4,5,5,4,4,4,5
3287,1048-49,2_2_5,3,False,5,4,5,5,5,4,5,5
3288,1048-49,2_2_4,3,False,5,4,4,5,5,4,4,4
3293,1048-49,4_2_8,3,False,4,4,5,4,4,4,4,4
3297,1048-49,2_4_10,3,False,4,4,3,3,3,3,3,4
3299,1048-49,2_2_2,3,False,4,5,4,3,3,4,3,3
3300,1048-49,1_1_5,3,False,4,4,4,4,4,4,3,4
3305,1048-49,2_2_5,3,False,4,3,4,4,4,4,4,3
3309,1048-49,3_5_13,3,False,4,4,3,4,4,3,4,3
3311,1048-49,1_1_2,3,False,4,4,4,4,4,4,4,4
3315,1048-49,3_5_13,3,False,3,4,4,4,4,4,4,3
3317,1048-49,4_2_11,3,False,4,4,4,4,4,4,4,5
332,1048-49,2_2_3,3,False,4,3,4,4,3,3,3,3
3320,1048-49,2_2_4,3,False,4,3,3,3,3,4,4,4
3322,1048-49,1_2_1,3,False,4,4,5,5,4,5,4,5
3328,1048-49,2_3_7,3,False,4,4,4,5,4,4,5,4
3329,1048-49,4_2_10,3,False,3,4,4,4,4,4,4,4
3330,1048-49,3_5_13,3,False,3,3,3,4,3,3,3,4
3331,1048-49,2_2_5,3,False,4,4,4,5,4,4,4,4
3338,1048-49,2_4_10,3,False,4,4,4,4,4,4,4,5
3350,1048-49,3_2_2,3,False,4,4,4,5,5,4,5,3
3359,1048-49,2_2_4,3,False,4,4,4,5,4,3,4,4
3364,1048-49,2_3_8,3,False,5,5,4,4,4,5,5,4
3366,1048-49,4_2_12,3,False,5,4,4,5,4,4,4,4
3367,1048-49,4_2_12,3,False,4,5,4,4,5,5,5,5
3373,1048-49,2_2_2,3,False,4,3,3,3,3,3,4,3
3376,1048-49,3_2_2,3,False,5,5,4,5,4,4,4,5
3379,1048-49,4_2_10,3,False,4,4,4,5,4,3,4,5
3385,1048-49,2_2_3,3,False,5,4,5,3,4,4,3,4
3386,1048-49,2_2_4,3,False,3,3,4,4,3,3,3,3
3388,1048-49,2_3_8,3,False,5,4,4,4,4,4,3,4
3391,1048-49,4_2_8,3,False,4,4,4,5,4,4,4,4
3397,1048-49,2_4_12,3,False,4,4,3,3,4,3,4,3
3398,1048-49,2_4_10,3,False,5,4,4,5,4,4,3,4
3399,1048-49,4_2_12,3,False,5,4,3,3,4,4,4,3
34,1048-49,5_3_12,3,False,3,3,3,3,3,4,3,3
3406,1048-49,2_4_12,3,False,4,4,4,4,4,4,4,4
341,1048-49,2_2_6,3,False,4,4,3,3,4,4,3,3
3410,1048-49,2_4_10,3,False,5,4,4,5,5,4,4,4
3411,1048-49,3_2_2,3,False,5,4,4,4,4,4,4,4
3412,1048-49,4_2_11,3,False,3,3,4,3,4,4,4,3
3413,1048-49,1_1_5,3,False,5,4,4,4,4,4,4,4
3416,1048-49,2_2_5,3,False,5,5,5,5,4,4,4,5
3418,1048-49,4_2_10,3,False,4,4,3,4,3,4,4,4
3419,1048-49,2_2_4,3,False,3,3,4,3,3,3,3,3
3423,1048-49,2_4_12,3,False,5,5,4,5,4,4,4,4
3424,1048-49,2_2_3,3,False,4,5,4,5,4,4,4,4
3425,1048-49,1_1_2,3,False,5,4,4,5,5,4,3,5
3426,1048-49,2_2_3,3,False,4,5,5,4,4,5,5,5
3430,1048-49,2_2_5,3,False,4,4,4,4,4,4,4,4
3437,1048-49,3_2_2,3,False,4,5,5,4,4,4,3,5
3441,1048-49,2_3_9,3,False,5,3,3,4,3,3,3,3
3442,1048-49,1_1_2,3,False,5,5,4,4,3,4,4,4
3444,1048-49,2_4_10,3,False,4,4,4,5,4,4,3,4
3446,1048-49,2_4_12,3,False,5,4,4,4,4,4,3,3
3450,1048-49,4_2_10,3,False,4,4,4,4,3,4,3,3
3453,1048-49,2_2_2,3,False,4,5,4,4,3,4,3,4
3457,1048-49,2_2_3,3,False,5,4,4,4,3,4,4,4
3458,1048-49,4_2_8,3,False,4,4,5,4,4,5,5,4
3460,1048-49,4_2_8,3,False,4,4,4,4,4,4,4,4
3464,1048-49,1_1_3,3,False,4,5,3,3,3,3,4,4
3468,1048-49,5_3_11,3,False,4,4,4,4,4,4,3,4
3469,1048-49,2_2_3,3,False,4,5,4,4,5,5,4,5
3473,1048-49,4_2_9,3,False,4,4,4,4,4,3,4,4
3479,1048-49,2_1_1,3,False,3,4,3,4,3,4,3,5
348,1048-49,1_1_3,3,False,5,4,4,4,4,4,4,4
3484,1048-49,2_2_5,3,False,5,5,4,5,4,4,5,5
3485,1048-49,4_2_8,3,False,4,5,5,4,4,4,4,4
3487,1048-49,2_4_12,3,False,4,4,4,5,4,4,4,4
3496,1048-49,4_2_11,3,False,3,4,4,4,3,4,4,3
3506,1048-49,3_2_2,3,False,5,4,5,4,5,4,4,5
3510,1048-49,3_5_13,3,False,3,3,3,4,4,4,4,4
3512,1048-49,4_2_12,3,False,4,4,3,3,3,3,4,4
3514,1048-49,5_3_11,3,False,4,4,4,4,3,4,5,4
3516,1048-49,4_2_8,3,False,3,3,4,4,4,4,4,4
3517,1048-49,2_3_8,3,False,5,5,4,4,5,4,4,4
3524,1048-49,4_2_9,3,False,4,4,4,4,4,4,3,4
3525,1048-49,1_2_1,3,False,5,3,3,3,3,4,3,4
3529,1048-49,3_2_2,3,False,5,3,4,4,4,4,4,4
3530,1048-49,3_5_13,3,False,4,3,3,4,4,4,3,3
3531,1048-49,5_3_11,3,False,3,3,3,4,3,4,3,4
3535,1048-49,1_1_4,3,False,4,4,4,3,4,4,4,4
3540,1048-49,3_5_13,3,False,3,4,4,4,3,4,4,3
3542,1048-49,4_2_10,3,False,3,3,3,4,3,3,3,3
3543,1048-49,4_2_10,3,False,4,4,4,4,4,4,4,4
3546,1048-49,2_4_12,3,False,4,4,4,4,4,3,3,3
3548,1048-49,2_2_5,3,False,5,5,4,4,4,4,5,5
3549,1048-49,1_1_3,3,False,3,4,3,3,4,4,4,3
355,1048-49,2_3_8,3,False,4,4,4,4,3,3,3,3
3551,1048-49,2_4_10,3,False,5,5,3,4,4,4,4,4
3552,1048-49,2_2_3,3,False,4,5,3,3,3,4,3,4
3555,1048-49,2_4_12,3,False,4,5,4,3,4,4,3,4
3556,1048-49,2_3_8,3,False,4,4,4,4,4,4,5,4
3559,1048-49,4_2_12,3,False,5,4,4,5,5,5,4,4
356,1048-49,2_2_5,3,False,4,3,4,3,4,3,3,3
3561,1048-49,3_5_13,3,False,3,3,3,4,3,3,4,3
357,1048-49,1_1_3,3,False,4,4,5,4,4,4,4,4
3574,1048-49,4_2_8,3,False,3,3,4,3,4,4,3,3
3579,1048-49,2_2_2,3,False,5,4,5,5,4,4,4,4
358,1048-49,3_2_2,3,False,4,3,3,4,3,4,4,3
3583,1048-49,4_2_8,3,False,4,3,5,4,4,4,4,5
3586,1048-49,3_5_13,3,False,4,5,5,4,3,5,4,4
3589,1048-49,4_2_10,3,False,4,3,4,3,3,4,3,3
3592,1048-49,2_2_4,3,False,4,3,4,3,4,4,4,4
36,1048-49,2_4_10,3,False,4,4,3,3,3,4,4,4
3605,1048-49,4_2_8,3,False,3,3,3,3,4,4,3,4
3607,1048-49,1_1_1,3,False,4,4,3,4,3,4,5,4
3615,1048-49,1_1_5,3,False,4,4,4,4,4,4,4,4
3616,1048-49,3_1_1,3,False,5,5,5,5,5,5,5,5
3617,1048-49,2_4_11,3,False,4,4,4,4,4,4,4,4
3619,1048-49,1_1_1,3,False,4,3,5,4,4,4,3,5
3621,1048-49,4_2_12,3,False,4,4,4,4,4,4,3,4
3622,1048-49,3_5_13,3,False,3,3,3,3,3,3,3,3
3625,1048-49,4_2_10,3,False,3,3,4,4,3,4,4,4
3628,1048-49,2_1_1,3,False,4,3,3,4,4,3,3,4
363,1048-49,2_2_5,3,False,5,5,4,5,5,5,4,5
3630,1048-49,4_2_10,3,False,3,4,3,4,3,3,4,3
3631,1048-49,3_5_13,3,False,4,4,4,4,4,3,4,4
3635,1048-49,2_3_8,3,False,4,4,4,5,4,4,3,5
3636,1048-49,2_3_7,3,False,4,4,4,5,4,4,3,4
364,1048-49,2_2_2,3,False,5,4,4,5,4,3,4,4
3646,1048-49,4_2_9,3,False,5,4,5,4,4,4,4,5
3647,1048-49,2_4_10,3,False,5,5,3,4,5,5,4,5
3649,1048-49,4_2_11,3,False,3,3,3,3,3,3,3,4
3652,1048-49,2_2_5,3,False,5,5,4,4,4,3,5,5
3654,1048-49,3_5_13,3,False,5,4,4,5,4,4,4,4
3662,1048-49,2_2_2,3,False,5,4,5,4,4,4,4,5
3666,1048-49,4_2_8,3,False,4,5,5,4,4,4,4,4
3667,1048-49,2_2_5,3,False,4,5,5,4,4,4,3,4
3671,1048-49,2_3_7,3,False,4,4,4,4,4,4,4,4
3672,1048-49,4_2_10,3,False,4,4,4,4,3,3,3,4
3676,1048-49,2_2_6,3,False,4,4,3,4,3,4,5,4
3677,1048-49,2_4_12,3,False,4,4,4,4,4,4,4,5
3678,1048-49,2_4_10,3,False,5,4,4,4,4,4,4,4
3679,1048-49,2_2_4,3,False,4,3,4,4,3,3,3,4
368,1048-49,4_2_11,3,False,4,4,4,4,4,4,4,5
3680,1048-49,2_3_9,3,False,3,4,4,4,4,4,4,4
3685,1048-49,1_1_2,3,False,4,5,4,4,4,4,4,4
3688,1048-49,4_2_12,3,False,5,4,4,4,4,5,3,4
369,1048-49,4_2_11,3,False,4,3,5,4,4,4,4,5
3690,1048-49,4_2_12,3,False,4,4,4,4,4,4,3,4
3691,1048-49,3_5_13,3,False,5,5,4,5,4,3,4,5
3693,1048-49,2_2_4,3,False,5,5,5,5,4,5,5,5
3694,1048-49,4_2_11,3,False,4,4,3,4,3,3,4,4
3696,1048-49,2_4_12,3,False,4,4,4,4,4,4,5,4
370,1048-49,1_1_5,3,False,4,5,4,4,4,3,4,4
3700,1048-49,1_1_1,3,False,4,4,4,4,3,4,4,4
3706,1048-49,4_2_12,3,False,4,4,3,4,3,4,4,4
3707,1048-49,4_2_10,3,False,4,4,5,4,4,4,4,4
3708,1048-49,2_2_3,3,False,4,4,4,4,4,4,5,4
371,1048-49,2_3_8,3,False,5,5,4,5,4,4,5,4
3717,1048-49,2_3_8,3,False,4,4,4,4,4,4,4,4
3722,1048-49,2_4_10,3,False,5,5,4,5,4,5,5,5
3726,1048-49,1_1_4,3,False,5,3,4,3,3,3,3,2
373,1048-49,2_4_11,3,False,5,4,5,5,5,4,4,5
3730,1048-49,1_1_5,3,False,4,5,5,5,4,4,4,5
3731,1048-49,2_1_1,3,False,4,4,4,4,5,5,5,4
3735,1048-49,3_2_2,3,False,5,5,4,5,4,4,4,4
3736,1048-49,3_5_13,3,False,4,5,4,4,4,4,4,4
3737,1048-49,1_1_5,3,False,5,5,5,5,4,5,4,5
3738,1048-49,2_3_9,3,False,5,4,5,5,4,4,4,5
3739,1048-49,1_2_1,3,False,4,4,3,5,4,4,4,3
3743,1048-49,2_4_12,3,False,5,4,5,5,4,4,4,5
3744,1048-49,2_2_3,3,False,4,3,2,2,3,3,3,2
3746,1048-49,1_1_1,3,False,4,3,3,2,3,3,2,3
3748,1048-49,2_4_10,3,False,4,4,4,4,4,4,4,4
375,1048-49,2_2_5,3,False,4,3,3,4,3,4,4,4
3751,1048-49,2_2_4,3,False,4,3,3,4,4,4,4,3
3752,1048-49,5_3_11,3,False,3,4,3,4,4,3,4,3
3757,1048-49,3_1_1,3,False,5,4,5,5,4,4,4,4
3758,1048-49,1_2_1,3,False,4,3,3,4,3,4,4,5
3766,1048-49,1_1_3,3,False,4,4,5,5,4,4,4,4
3767,1048-49,4_2_12,3,False,5,4,5,5,5,4,4,5
3768,1048-49,2_4_10,3,False,4,4,3,3,3,4,3,3
3770,1048-49,2_4_12,3,False,4,4,3,3,3,3,3,3
3771,1048-49,2_4_11,3,False,5,4,4,4,3,3,4,4
3772,1048-49,2_4_10,3,False,4,3,4,3,3,4,4,4
3773,1048-49,3_5_13,3,False,4,5,5,5,4,4,4,4
3778,1048-49,3_2_2,3,False,5,4,3,5,4,5,4,4
3786,1048-49,3_2_2,3,False,4,4,5,4,4,3,4,4
3787,1048-49,2_2_6,3,False,4,4,4,4,4,4,4,4
3788,1048-49,4_2_8,3,False,3,3,3,4,3,4,3,3
3789,1048-49,1_1_2,3,False,4,4,4,3,4,4,3,4
3790,1048-49,2_2_6,3,False,4,4,5,4,4,4,4,4
3798,1048-49,1_1_2,3,False,5,4,4,4,4,4,4,3
3799,1048-49,2_3_8,3,False,5,4,4,4,4,4,4,4
3802,1048-49,5_3_11,3,False,3,4,4,4,4,3,4,3
3808,1048-49,2_4_12,3,False,4,4,5,5,4,4,4,4
3815,1048-49,2_3_7,3,False,4,4,3,3,3,3,4,3
382,1048-49,3_2_2,3,False,5,4,4,3,3,4,4,4
3822,1048-49,5_3_12,3,False,4,4,4,4,4,4,4,4
3828,1048-49,2_4_10,3,False,4,4,3,3,3,4,4,3
3829,1048-49,4_2_12,3,False,5,4,4,5,5,4,4,5
383,1048-49,2_2_3,3,False,4,4,4,5,5,4,5,4
3832,1048-49,4_2_12,3,False,5,4,5,4,4,5,5,5
3835,1048-49,2_1_1,3,False,4,4,4,4,3,4,3,4
3839,1048-49,2_3_9,3,False,5,4,3,3,4,3,3,4
384,1048-49,2_1_1,3,False,4,3,3,4,3,3,3,3
3844,1048-49,1_1_2,3,False,5,4,5,4,5,4,4,5
3845,1048-49,4_2_9,3,False,4,4,4,4,4,4,4,4
3848,1048-49,4_2_12,3,False,4,4,4,4,4,4,4,4
3856,1048-49,4_2_11,3,False,4,3,5,5,4,4,4,4
3857,1048-49,2_2_2,3,False,4,4,4,4,4,5,4,4
3859,1048-49,4_2_12,3,False,4,4,4,4,4,3,4,4
3861,1048-49,2_4_10,3,False,4,4,3,4,3,4,4,4
3864,1048-49,3_2_2,3,False,5,4,4,4,4,4,4,4
3869,1048-49,3_5_13,3,False,4,4,4,4,4,4,4,5
3872,1048-49,2_3_7,3,False,4,4,3,3,3,4,4,3
3873,1048-49,2_2_4,3,False,4,4,4,4,3,4,4,3
3874,1048-49,4_2_8,3,False,4,4,4,5,4,4,4,4
3875,1048-49,4_2_12,3,False,4,4,4,4,3,4,4,3
3876,1048-49,5_3_12,3,False,4,4,4,4,4,3,4,4
3877,1048-49,4_2_11,3,False,3,2,2,3,3,3,3,3
3880,1048-49,1_1_3,3,False,4,5,4,4,4,4,3,4
3881,1048-49,4_2_12,3,False,4,3,4,4,4,3,4,4
3888,1048-49,3_2_2,3,False,4,4,4,4,3,5,4,5
3889,1048-49,4_2_10,3,False,4,3,3,4,3,3,4,4
3891,1048-49,2_1_1,3,False,5,5,5,5,4,4,4,5
3895,1048-49,2_3_7,3,False,5,4,4,5,4,4,5,5
3901,1048-49,4_2_10,3,False,3,4,4,4,3,4,3,4
3908,1048-49,1_1_1,3,False,5,4,4,5,5,4,3,5
3912,1048-49,3_5_13,3,False,3,4,4,4,4,3,4,4
3914,1048-49,3_2_2,3,False,4,4,5,4,4,3,4,4
3915,1048-49,2_3_9,3,False,5,4,3,4,4,4,4,4
3920,1048-49,2_2_3,3,False,4,4,4,4,4,4,3,4
3928,1048-49,2_4_10,3,False,4,4,3,3,3,4,4,3
3929,1048-49,2_4_10,3,False,4,4,3,4,2,4,3,3
393,1048-49,3_2_2,3,False,4,3,3,3,3,3,3,3
3938,1048-49,2_2_3,3,False,4,3,3,4,4,4,4,3
3941,1048-49,4_2_11,3,False,3,3,3,4,3,2,3,3
3945,1048-49,5_3_11,3,False,3,3,4,3,3,3,2,2
3952,1048-49,1_2_1,3,False,5,4,4,4,4,4,3,4
3957,1048-49,2_2_6,3,False,5,4,4,5,4,5,5,5
3960,1048-49,2_2_5,3,False,5,5,4,5,4,4,4,4
3961,1048-49,2_4_12,3,False,4,4,4,5,4,4,3,4
3963,1048-49,2_3_8,3,False,4,4,4,3,4,4,3,4
3964,1048-49,4_2_11,3,False,4,5,3,4,5,4,4,5
3967,1048-49,1_1_2,3,False,3,4,4,4,4,4,4,4
3968,1048-49,4_2_12,3,False,4,4,4,4,3,4,5,4
398,1048-49,4_2_11,3,False,3,3,3,4,4,3,3,3
3984,1048-49,1_1_2,3,False,5,5,5,4,4,4,4,5
3987,1048-49,2_4_11,3,False,4,4,3,3,3,4,4,3
399,1048-49,2_2_4,3,False,5,4,4,4,4,4,4,4
3991,1048-49,2_4_12,3,False,4,4,3,4,4,5,5,4
3993,1048-49,2_3_8,3,False,5,4,4,4,4,3,4,3
3994,1048-49,2_3_9,3,False,5,4,4,4,4,4,4,4
3995,1048-49,4_2_8,3,False,3,3,3,3,4,4,3,3
3998,1048-49,4_2_12,3,False,5,5,5,4,4,3,4,4
400,1048-49,2_2_4,3,False,4,4,4,4,3,4,4,3
4000,1048-49,4_2_10,3,False,4,4,3,4,3,4,3,3
4001,1048-49,2_2_6,3,False,4,4,4,4,4,4,4,4
4006,1048-49,1_1_1,3,False,4,4,4,4,4,4,4,4
4009,1048-49,4_2_11,3,False,4,3,3,4,4,4,3,3
4014,1048-49,2_4_12,3,False,4,4,4,4,4,4,3,4
4015,1048-49,4_2_12,3,False,5,4,4,5,4,4,4,4
4016,1048-49,2_3_8,3,False,4,4,4,5,4,4,4,4
4021,1048-49,2_3_7,3,False,4,4,4,3,3,4,4,3
403,1048-49,2_3_8,3,False,4,4,4,3,4,4,4,4
4032,1048-49,4_2_12,3,False,4,4,4,5,4,4,4,4
4033,1048-49,2_4_12,3,False,5,4,4,4,4,5,4,4
4034,1048-49,2_2_5,3,False,4,4,4,4,4,4,4,4
404,1048-49,1_2_1,3,False,5,4,3,4,3,4,4,3
4041,1048-49,2_4_11,3,False,4,3,3,3,3,4,4,3
4042,1048-49,2_4_10,3,False,5,4,3,4,3,3,4,4
4043,1048-49,1_1_3,3,False,4,4,4,4,4,4,4,4
4044,1048-49,2_2_6,3,False,4,4,4,5,5,4,4,4
405,1048-49,4_2_12,3,False,5,5,4,4,5,4,3,5
4053,1048-49,2_2_4,3,False,5,4,4,4,4,4,4,4
4055,1048-49,2_2_4,3,False,4,4,3,5,3,4,4,4
4056,1048-49,5_3_11,3,False,4,4,3,3,4,4,3,4
4058,1048-49,2_3_8,3,False,4,4,4,4,4,3,3,5
406,1048-49,2_4_10,3,False,4,4,3,3,3,4,3,4
4065,1048-49,2_1_1,3,False,4,4,4,3,3,4,3,4
4067,1048-49,4_2_8,3,False,3,3,3,4,3,4,4,4
4068,1048-49,1_1_4,3,False,4,4,4,4,3,3,3,4
4069,1048-49,2_3_7,3,False,5,5,4,5,5,4,4,5
4072,1048-49,5_3_11,3,False,4,4,3,4,3,4,4,4
4074,1048-49,4_2_12,3,False,4,3,4,3,4,4,3,4
4075,1048-49,2_4_12,3,False,4,4,3,4,4,4,4,3
4077,1048-49,4_2_10,3,False,3,4,3,3,5,4,3,3
4078,1048-49,4_2_11,3,False,4,4,4,4,4,4,4,4
4090,1048-49,2_3_7,3,False,5,4,4,4,5,4,4,4
4097,1048-49,4_2_12,3,False,4,4,4,4,4,3,3,4
4099,1048-49,2_4_12,3,False,5,4,4,4,4,4,3,4
410,1048-49,3_5_13,3,False,3,3,4,4,4,4,4,3
4101,1048-49,1_1_2,3,False,4,4,4,4,3,4,4,3
4108,1048-49,4_2_8,3,False,2,3,4,4,3,3,4,3
4113,1048-49,1_1_2,3,False,5,5,4,5,4,5,5,5
4116,1048-49,1_1_2,3,False,5,4,4,4,4,3,3,4
4119,1048-49,4_2_8,3,False,4,3,4,3,4,4,3,4
4121,1048-49,1_2_1,3,False,4,3,4,4,4,3,3,4
4127,1048-49,2_1_1,3,False,5,4,4,4,3,4,3,4
4129,1048-49,3_5_13,3,False,4,4,3,4,4,3,4,3
4130,1048-49,1_1_1,3,False,4,4,3,4,4,3,3,4
4132,1048-49,2_4_12,3,False,5,4,5,5,5,4,4,5
4136,1048-49,2_3_8,3,False,4,4,4,4,4,3,4,4
4137,1048-49,4_2_9,3,False,3,4,4,4,4,4,3,3
4140,1048-49,1_1_5,3,False,4,4,4,4,4,4,4,5
4143,1048-49,3_2_2,3,False,5,5,4,4,4,4,4,4
4144,1048-49,3_5_13,3,False,4,4,3,4,5,4,4,4
4145,1048-49,2_2_2,3,False,5,5,4,4,4,5,4,4
4147,1048-49,4_2_9,3,False,4,4,4,4,4,4,3,5
4148,1048-49,2_3_7,3,False,4,4,4,4,4,3,3,4
4149,1048-49,4_2_10,3,False,4,4,3,4,4,4,4,4
415,1048-49,4_2_8,3,False,3,4,4,4,3,3,4,4
4150,1048-49,1_1_3,3,False,4,4,3,4,3,3,4,3
4151,1048-49,4_2_12,3,False,4,4,4,4,4,4,4,4
4155,1048-49,4_2_12,3,False,5,4,4,4,5,4,4,4
4157,1048-49,1_1_3,3,False,4,4,4,4,4,4,3,5
4166,1048-49,1_2_1,3,False,4,3,3,4,4,4,3,4
4168,1048-49,2_2_5,3,False,4,4,4,3,3,5,4,4
4172,1048-49,4_2_8,3,False,4,4,5,3,3,4,3,4
4173,1048-49,4_2_12,3,False,4,3,4,3,4,3,4,3
4175,1048-49,2_2_3,3,False,5,4,4,3,3,4,4,4
4177,1048-49,4_2_9,3,False,3,3,4,4,3,3,3,3
4178,1048-49,1_1_1,3,False,4,4,4,4,4,5,5,5
418,1048-49,1_1_3,3,False,4,3,4,4,3,3,2,4
4189,1048-49,1_1_2,3,False,4,4,5,5,4,5,4,4
419,1048-49,2_1_1,3,False,5,4,5,4,4,5,4,5
4193,1048-49,4_2_12,3,False,4,4,5,4,4,4,5,4
4194,1048-49,1_1_4,3,False,5,4,4,4,4,3,4,4
4197,1048-49,2_2_2,3,False,5,4,4,5,4,4,4,4
4198,1048-49,2_1_1,3,False,4,4,3,4,3,4,3,4
4208,1048-49,2_3_9,3,False,4,4,4,4,3,3,3,4
4217,1048-49,2_2_5,3,False,5,4,4,4,4,4,3,4
423,1048-49,5_3_11,3,False,3,4,4,3,3,4,3,4
4235,1048-49,4_2_8,3,False,4,4,4,4,4,4,4,5
4237,1048-49,2_4_11,3,False,4,5,4,4,5,4,4,4
4239,1048-49,2_4_10,3,False,4,4,4,4,4,4,4,4
4247,1048-49,2_1_1,3,False,5,4,5,4,4,4,3,4
4248,1048-49,3_1_1,3,False,4,5,5,5,5,4,4,4
4251,1048-49,1_2_1,3,False,4,5,5,5,4,4,4,5
4252,1048-49,1_1_2,3,False,4,5,4,4,4,4,4,4
4256,1048-49,2_4_10,3,False,4,4,4,5,4,4,5,4
4260,1048-49,1_1_1,3,False,4,4,3,4,4,5,3,4
4262,1048-49,4_2_11,3,False,4,4,4,5,3,4,5,4
4265,1048-49,5_3_11,3,False,4,4,5,5,4,3,4,4
4269,1048-49,2_2_3,3,False,4,4,4,3,3,3,4,4
4279,1048-49,4_2_12,3,False,3,3,3,3,3,4,3,3
4280,1048-49,3_1_1,3,False,5,4,3,4,4,3,4,4
4281,1048-49,4_2_8,3,False,5,4,4,4,5,3,3,5
4282,1048-49,2_3_8,3,False,4,5,4,4,3,4,4,5
4283,1048-49,5_3_11,3,False,4,4,4,4,4,4,4,4
4289,1048-49,4_2_8,3,False,4,4,3,3,3,3,3,4
4291,1048-49,1_2_1,3,False,4,3,3,4,3,3,3,4
430,1048-49,2_3_7,3,False,4,4,4,3,4,3,3,4
4301,1048-49,2_4_11,3,False,4,4,4,3,3,3,4,4
4303,1048-49,5_3_12,3,False,4,5,4,4,4,5,4,5
4309,1048-49,4_2_10,3,False,4,3,3,3,3,4,3,3
4311,1048-49,3_1_1,3,False,5,3,4,3,4,4,4,4
4313,1048-49,4_2_11,3,False,4,4,4,3,3,3,4,4
4320,1048-49,2_2_4,3,False,4,4,3,4,3,3,3,4
4325,1048-49,3_2_2,3,False,4,5,3,4,5,5,5,5
4327,1048-49,2_4_10,3,False,4,4,4,4,4,3,3,4
4328,1048-49,1_1_1,3,False,5,4,4,4,4,3,3,4
4329,1048-49,2_2_4,3,False,5,5,3,4,4,4,4,5
433,1048-49,4_2_12,3,False,4,4,4,3,4,3,5,4
4331,1048-49,2_3_9,3,False,5,5,4,5,4,4,5,5
4335,1048-49,3_5_13,3,False,3,4,4,4,4,4,3,4
4338,1048-49,2_2_4,3,False,5,4,4,4,4,5,4,4
434,1048-49,2_2_4,3,False,4,4,4,4,4,5,4,4
4347,1048-49,4_2_8,3,False,4,4,4,4,4,4,4,4
4348,1048-49,2_3_7,3,False,5,4,4,5,4,4,4,4
435,1048-49,3_5_13,3,False,3,4,4,5,4,4,5,4
4351,1048-49,4_2_11,3,False,4,4,4,5,4,4,4,5
4353,1048-49,3_5_13,3,False,4,4,4,5,4,4,4,4
4358,1048-49,1_1_3,3,False,4,4,3,4,4,4,4,4
4364,1048-49,1_2_1,3,False,4,4,5,4,4,4,5,4
4366,1048-49,2_2_2,3,False,4,4,3,3,4,3,3,4
4367,1048-49,1_2_1,3,False,4,4,4,5,4,3,4,4
437,1048-49,2_2_5,3,False,4,4,4,4,3,4,4,5
4370,1048-49,2_4_10,3,False,4,4,3,4,4,3,4,3
4376,1048-49,3_5_13,3,False,4,5,4,4,4,5,5,4
4377,1048-49,2_3_8,3,False,5,4,4,4,3,4,3,4
4383,1048-49,1_1_1,3,False,4,5,5,4,4,4,5,4
4389,1048-49,2_3_8,3,False,4,4,3,3,4,3,3,4
4398,1048-49,1_1_1,3,False,4,4,4,4,4,4,3,4
44,1048-49,2_3_7,3,False,5,4,4,4,4,4,5,5
440,1048-49,2_3_7,3,False,5,4,4,5,4,4,4,4
4400,1048-49,1_1_5,3,False,4,4,4,3,4,4,3,4
4403,1048-49,4_2_9,3,False,4,4,4,4,4,4,3,4
4406,1048-49,1_2_1,3,False,5,4,4,5,4,4,4,5
4408,1048-49,2_1_1,3,False,4,3,4,4,4,4,4,3
4411,1048-49,5_3_12,3,False,4,4,4,4,4,4,5,4
4412,1048-49,2_3_9,3,False,4,3,4,4,4,3,3,4
4417,1048-49,4_2_8,3,False,3,4,3,4,4,3,3,4
4419,1048-49,1_1_2,3,False,4,4,5,4,4,4,4,4
442,1048-49,4_2_12,3,False,4,4,2,3,3,3,3,3
4423,1048-49,2_4_10,3,False,4,4,3,3,3,3,3,3
4424,1048-49,2_2_3,3,False,4,5,5,5,4,3,5,4
4425,1048-49,2_3_9,3,False,5,4,4,3,3,3,3,3
4426,1048-49,1_1_5,3,False,4,5,5,4,4,4,3,5
4428,1048-49,2_2_6,3,False,4,4,4,4,4,5,4,4
4429,1048-49,2_3_7,3,False,5,4,3,4,3,4,3,4
4434,1048-49,2_1_1,3,False,4,4,4,4,4,4,3,4
4435,1048-49,2_3_9,3,False,5,4,3,4,4,4,4,5
4436,1048-49,2_2_2,3,False,4,3,3,3,3,4,4,4
4437,1048-49,4_2_10,3,False,4,4,5,4,4,4,5,4
444,1048-49,2_3_7,3,False,4,3,4,3,3,3,3,3
4441,1048-49,2_2_6,3,False,5,5,3,4,5,4,5,5
4443,1048-49,1_2_1,3,False,4,4,4,5,4,4,4,4
4445,1048-49,1_2_1,3,False,5,4,4,4,4,4,4,4
4450,1048-49,2_3_9,3,False,5,5,3,3,4,3,3,4
4452,1048-49,2_4_12,3,False,3,3,4,4,4,4,3,3
4453,1048-49,1_1_5,3,False,5,4,4,4,4,4,4,4
4455,1048-49,4_2_12,3,False,5,4,3,4,4,4,4,4
4457,1048-49,3_5_13,3,False,4,3,4,5,3,3,3,4
4459,1048-49,4_2_12,3,False,4,4,3,4,4,4,4,3
4461,1048-49,4_2_12,3,False,4,3,4,4,3,4,4,3
4462,1048-49,2_1_1,3,False,4,4,3,3,4,4,4,4
4464,1048-49,1_1_2,3,False,4,5,3,3,3,4,4,3
4467,1048-49,2_2_3,3,False,3,3,2,3,2,3,3,3
4469,1048-49,4_2_12,3,False,4,3,3,4,4,3,3,4
4471,1048-49,4_2_11,3,False,3,4,4,4,5,3,4,4
4472,1048-49,2_2_2,3,False,4,5,5,5,4,5,4,4
4479,1048-49,2_2_4,3,False,4,5,4,5,3,4,5,4
448,1048-49,2_2_3,3,False,5,4,4,4,5,4,4,5
4481,1048-49,4_2_9,3,False,4,4,4,4,3,4,4,3
4483,1048-49,2_4_10,3,False,4,3,4,4,3,4,3,4
4490,1048-49,1_1_2,3,False,4,5,5,4,4,4,5,4
4492,1048-49,1_2_1,3,False,4,4,4,3,3,4,4,4
4497,1048-49,4_2_8,3,False,5,4,4,5,4,4,5,5
4498,1048-49,2_2_6,3,False,5,4,3,5,4,4,4,4
45,1048-49,3_5_13,3,False,4,4,5,4,4,4,4,4
4503,1048-49,2_2_5,3,False,3,4,3,3,4,3,3,3
4505,1048-49,4_2_10,3,False,5,4,4,4,4,3,4,4
451,1048-49,4_2_11,3,False,4,4,4,4,4,4,4,5
4512,1048-49,2_2_2,3,False,4,5,3,4,4,3,4,3
4515,1048-49,1_1_4,3,False,3,4,3,3,3,4,4,3
4517,1048-49,2_2_4,3,False,4,4,4,4,4,4,3,4
4518,1048-49,4_2_10,3,False,3,4,4,4,4,5,3,4
4519,1048-49,1_1_1,3,False,4,4,5,4,4,4,4,4
452,1048-49,2_2_3,3,False,4,5,5,4,4,4,4,4
4520,1048-49,3_5_13,3,False,4,4,4,5,5,4,4,5
4521,1048-49,1_1_3,3,False,4,4,5,5,5,4,4,5
4522,1048-49,1_1_2,3,False,5,4,5,4,3,4,3,4
4524,1048-49,2_3_7,3,False,4,4,4,4,4,3,4,4
4531,1048-49,4_2_12,3,False,4,4,3,4,4,4,4,4
4532,1048-49,4_2_8,3,False,4,3,3,4,4,4,3,4
4536,1048-49,2_2_4,3,False,4,4,4,4,4,4,4,4
4538,1048-49,2_4_10,3,False,5,4,5,4,4,5,4,5
454,1048-49,2_3_9,3,False,4,4,4,5,3,4,4,4
4541,1048-49,2_2_2,3,False,5,3,5,5,5,4,4,5
4546,1048-49,2_2_3,3,False,4,3,3,3,4,4,3,2
4548,1048-49,2_4_10,3,False,4,4,4,3,3,3,3,3
4551,1048-49,4_2_12,3,False,4,3,3,4,3,3,3,3
4553,1048-49,2_4_10,3,False,4,3,2,3,4,3,2,3
4560,1048-49,2_2_4,3,False,4,4,4,4,4,4,4,5
4562,1048-49,2_3_9,3,False,5,5,5,5,4,4,4,5
4567,1048-49,3_5_13,3,False,4,4,3,4,4,4,4,4
4572,1048-49,2_2_3,3,False,5,4,4,4,3,4,4,4
4581,1048-49,3_5_13,3,False,3,4,3,5,4,4,3,4
4590,1048-49,1_1_1,3,False,5,4,3,3,4,3,4,4
4596,1048-49,4_2_10,3,False,4,4,4,3,4,5,4,4
460,1048-49,3_1_1,3,False,3,3,3,3,3,3,3,2
4602,1048-49,2_2_2,3,False,5,5,5,4,5,5,5,5
4604,1048-49,2_4_10,3,False,4,3,3,3,3,3,3,3
4606,1048-49,1_1_4,3,False,4,4,3,4,4,3,4,4
461,1048-49,3_5_13,3,False,4,4,3,4,3,3,4,4
4611,1048-49,5_3_11,3,False,3,4,3,3,4,3,3,2
4613,1048-49,4_2_12,3,False,4,4,5,4,4,4,4,5
4614,1048-49,2_3_8,3,False,4,4,3,4,3,3,3,3
4615,1048-49,4_2_11,3,False,4,4,4,4,4,3,3,3
4622,1048-49,2_1_1,3,False,3,4,4,4,3,3,4,3
4624,1048-49,2_3_8,3,False,4,4,4,4,3,4,4,4
4627,1048-49,3_5_13,3,False,4,3,4,4,4,4,4,4
4630,1048-49,2_2_2,3,False,4,5,4,4,4,4,4,4
4632,1048-49,1_1_2,3,False,4,4,3,4,3,3,4,4
4633,1048-49,4_2_12,3,False,5,5,4,4,5,4,5,5
4637,1048-49,2_2_3,3,False,4,4,4,4,4,4,4,4
464,1048-49,4_2_11,3,False,4,5,4,4,4,4,4,4
4641,1048-49,4_2_12,3,False,4,4,4,4,3,4,4,4
4643,1048-49,4_2_12,3,False,5,3,5,5,4,3,3,5
4647,1048-49,1_1_1,3,False,5,4,4,5,3,4,4,5
4650,1048-49,1_2_1,3,False,4,4,4,3,3,3,4,3
4657,1048-49,2_2_3,3,False,4,4,5,5,4,4,4,4
4658,1048-49,2_2_2,3,False,4,3,3,4,4,4,4,3
466,1048-49,3_2_2,3,False,5,3,4,4,3,4,4,4
4665,1048-49,2_1_1,3,False,3,3,3,3,3,3,3,3
4669,1048-49,2_2_6,3,False,4,5,4,4,4,4,4,4
467,1048-49,2_3_9,3,False,4,4,3,4,4,3,4,3
4672,1048-49,2_1_1,3,False,4,4,4,4,4,3,4,4
4673,1048-49,1_1_4,3,False,4,4,3,4,3,4,4,4
4674,1048-49,2_2_4,3,False,5,3,4,4,3,4,4,4
4675,1048-49,2_2_5,3,False,3,4,4,2,3,3,4,3
4677,1048-49,4_2_10,3,False,3,4,4,3,3,4,4,3
4679,1048-49,2_1_1,3,False,5,4,4,4,4,4,3,4
4680,1048-49,3_5_13,3,False,4,5,5,4,4,4,5,5
4681,1048-49,3_5_13,3,False,3,4,4,4,3,4,4,4
4683,1048-49,4_2_12,3,False,5,4,5,5,5,4,4,5
4684,1048-49,1_2_1,3,False,4,4,4,4,4,4,4,4
4688,1048-49,1_2_1,3,False,4,4,3,4,3,4,4,4
4690,1048-49,1_1_5,3,False,3,3,3,3,3,4,3,2
4694,1048-49,2_4_12,3,False,4,4,4,4,3,4,5,4
4695,1048-49,2_2_4,3,False,5,5,4,5,3,5,4,5
4698,1048-49,1_1_4,3,False,4,4,4,4,4,3,3,3
4699,1048-49,4_2_12,3,False,4,4,4,5,5,4,3,4
4706,1048-49,1_1_1,3,False,5,4,4,5,3,4,4,4
4707,1048-49,2_3_8,3,False,4,4,3,3,3,3,4,3
4717,1048-49,2_3_7,3,False,5,4,3,4,4,4,4,4
4723,1048-49,3_5_13,3,False,4,3,5,5,4,3,4,4
4728,1048-49,2_2_4,3,False,4,3,4,3,4,4,4,4
4729,1048-49,2_3_7,3,False,3,3,4,3,4,4,3,3
473,1048-49,3_2_2,3,False,5,5,4,5,4,5,5,5
4730,1048-49,4_2_8,3,False,3,3,3,4,4,4,4,4
4731,1048-49,3_5_13,3,False,3,3,3,3,3,3,3,3
4732,1048-49,2_3_8,3,False,4,5,4,4,5,4,4,4
4737,1048-49,2_4_12,3,False,4,3,4,4,4,4,4,4
4738,1048-49,2_2_2,3,False,5,4,5,5,5,4,5,4
4739,1048-49,2_4_12,3,False,4,4,4,4,3,4,4,4
474,1048-49,2_4_12,3,False,4,5,4,5,4,4,5,4
4740,1048-49,2_1_1,3,False,5,4,4,3,4,3,3,4
4743,1048-49,3_2_2,3,False,5,4,4,4,4,3,4,5
475,1048-49,2_2_2,3,False,4,4,4,4,4,4,4,4
4756,1048-49,4_2_8,3,False,4,3,5,5,4,5,3,4
4759,1048-49,2_2_4,3,False,4,5,4,5,5,5,4,5
4761,1048-49,4_2_8,3,False,3,4,5,4,4,4,3,4
4762,1048-49,1_1_5,3,False,4,5,4,5,4,4,4,5
4764,1048-49,3_5_13,3,False,4,4,4,4,4,4,4,4
4765,1048-49,2_2_2,3,False,4,4,4,4,3,4,5,4
4767,1048-49,2_3_8,3,False,4,4,4,5,4,4,4,4
477,1048-49,2_2_5,3,False,2,3,3,3,3,4,2,3
4770,1048-49,4_2_11,3,False,3,3,4,4,4,3,3,3
4772,1048-49,2_4_10,3,False,4,3,3,3,4,3,4,4
4773,1048-49,4_2_11,3,False,5,4,4,5,4,5,4,5
4775,1048-49,1_1_3,3,False,4,5,4,4,5,4,4,5
4780,1048-49,2_3_9,3,False,4,3,4,4,4,4,4,4
4782,1048-49,2_3_7,3,False,4,3,2,3,3,3,2,4
4785,1048-49,2_1_1,3,False,4,3,4,5,4,3,4,4
4787,1048-49,2_4_12,3,False,4,5,5,5,4,5,4,4
4788,1048-49,2_2_5,3,False,5,4,4,4,5,4,4,4
4792,1048-49,4_2_11,3,False,5,4,5,5,4,5,3,4
4793,1048-49,2_1_1,3,False,5,4,4,4,4,5,4,4
4796,1048-49,4_2_11,3,False,3,4,3,4,3,4,3,3
4798,1048-49,4_2_12,3,False,4,4,4,4,4,3,3,4
4799,1048-49,4_2_10,3,False,4,3,4,4,4,3,4,4
480,1048-49,2_2_4,3,False,4,4,4,4,5,4,4,4
4809,1048-49,3_5_13,3,False,4,4,4,4,4,3,3,4
4810,1048-49,1_1_5,3,False,5,5,5,4,4,4,4,5
4812,1048-49,1_2_1,3,False,4,4,4,5,4,4,5,4
4815,1048-49,1_1_4,3,False,5,5,5,5,5,5,4,5
4816,1048-49,2_3_7,3,False,4,5,4,4,4,4,5,5
4817,1048-49,4_2_11,3,False,3,3,3,4,4,3,3,4
4818,1048-49,4_2_12,3,False,3,4,3,4,3,3,3,4
4823,1048-49,1_1_2,3,False,5,4,5,4,4,5,4,5
4824,1048-49,2_3_9,3,False,4,5,5,4,4,4,5,4
4827,1048-49,4_2_8,3,False,4,4,4,4,4,4,4,4
4828,1048-49,1_2_1,3,False,5,4,5,5,4,4,4,5
483,1048-49,2_2_2,3,False,4,4,4,3,3,4,4,4
4831,1048-49,2_2_5,3,False,4,4,4,4,3,4,3,4
4833,1048-49,4_2_11,3,False,4,3,4,3,3,4,4,3
4838,1048-49,2_2_2,3,False,4,4,4,4,4,3,4,3
4839,1048-49,4_2_11,3,False,5,4,5,5,4,4,4,5
4844,1048-49,4_2_8,3,False,3,4,4,3,3,4,4,4
4846,1048-49,2_2_2,3,False,5,4,4,4,4,3,4,3
4847,1048-49,2_4_10,3,False,4,3,5,4,4,4,4,4
485,1048-49,2_1_1,3,False,4,4,4,4,4,4,4,4
4850,1048-49,2_2_2,3,False,4,3,3,3,3,3,3,2
4852,1048-49,2_3_9,3,False,4,4,3,4,3,3,4,4
4853,1048-49,4_2_10,3,False,4,4,5,5,5,4,4,4
4854,1048-49,4_2_8,3,False,3,4,3,3,4,4,3,3
4859,1048-49,1_1_5,3,False,5,5,4,4,4,4,3,4
4863,1048-49,4_2_10,3,False,4,3,3,3,3,3,3,4
4864,1048-49,1_1_1,3,False,3,4,3,4,4,4,3,3
4865,1048-49,2_1_1,3,False,4,4,5,5,4,5,5,5
4866,1048-49,2_2_2,3,False,4,4,5,4,4,5,4,5
487,1048-49,5_3_11,3,False,4,3,4,4,4,3,3,3
4874,1048-49,4_2_11,3,False,4,3,3,4,3,3,3,3
4876,1048-49,3_5_13,3,False,3,3,4,5,4,3,3,4
488,1048-49,3_2_2,3,False,4,4,4,4,4,3,5,4
4882,1048-49,2_3_8,3,False,4,4,4,4,4,4,3,4
4884,1048-49,4_2_8,3,False,3,3,4,4,2,4,3,4
4885,1048-49,2_2_4,3,False,4,5,4,3,5,3,4,4
4886,1048-49,2_2_4,3,False,5,5,3,5,4,4,4,5
4887,1048-49,2_1_1,3,False,4,4,4,4,4,4,4,4
4888,1048-49,2_4_12,3,False,4,5,3,3,3,5,4,4
4891,1048-49,5_3_12,3,False,4,4,4,4,4,4,3,3
4896,1048-49,2_3_7,3,False,4,3,4,5,3,4,4,4
4898,1048-49,2_1_1,3,False,4,4,3,4,3,3,4,3
490,1048-49,2_2_2,3,False,3,4,4,5,3,3,3,4
4900,1048-49,1_1_4,3,False,4,4,3,4,3,3,4,4
4908,1048-49,1_1_2,3,False,5,4,4,4,4,4,5,4
4910,1048-49,2_1_1,3,False,4,4,3,4,3,4,4,3
4911,1048-49,2_2_3,3,False,4,3,4,4,3,3,3,4
4913,1048-49,4_2_10,3,False,4,4,3,4,4,4,4,4
4918,1048-49,5_3_11,3,False,3,3,4,4,3,3,3,2
4919,1048-49,1_1_2,3,False,4,4,4,4,4,4,4,4
4920,1048-49,2_3_7,3,False,4,3,4,4,3,3,2,3
4923,1048-49,1_2_1,3,False,4,4,3,5,4,4,4,4
4926,1048-49,2_2_4,3,False,5,5,4,5,4,5,4,4
493,1048-49,2_2_5,3,False,5,4,4,5,4,4,4,4
4930,1048-49,1_1_4,3,False,4,3,4,4,3,4,4,3
4935,1048-49,1_1_4,3,False,4,5,4,4,4,5,4,5
4936,1048-49,2_3_7,3,False,4,4,4,4,3,4,4,4
4939,1048-49,4_2_11,3,False,4,4,4,4,4,4,4,4
494,1048-49,2_4_12,3,False,4,3,3,3,3,4,4,3
4943,1048-49,4_2_11,3,False,4,5,5,4,5,3,4,4
4948,1048-49,2_4_12,3,False,5,5,4,4,4,5,3,5
4949,1048-49,2_2_5,3,False,4,3,4,4,3,4,3,4
4950,1048-49,2_2_5,3,False,3,4,4,4,4,4,4,3
4952,1048-49,5_3_12,3,False,3,3,3,4,3,3,3,3
4953,1048-49,1_1_3,3,False,3,3,3,3,3,3,2,3
4956,1048-49,2_3_7,3,False,4,3,3,3,3,3,3,4
4957,1048-49,3_1_1,3,False,4,4,3,4,3,3,3,4
496,1048-49,3_5_13,3,False,4,4,4,4,4,3,4,4
4963,1048-49,1_1_3,3,False,4,4,3,5,3,4,4,4
4966,1048-49,2_2_6,3,False,4,4,4,4,4,4,3,4
4967,1048-49,2_2_2,3,False,5,4,4,4,4,4,4,4
4969,1048-49,3_2_2,3,False,4,4,4,2,3,4,3,3
497,1048-49,4_2_10,3,False,5,5,4,5,5,4,4,4
4977,1048-49,1_1_1,3,False,4,4,3,4,3,4,4,4
4978,1048-49,2_2_6,3,False,4,3,3,4,3,4,3,3
4981,1048-49,4_2_12,3,False,4,4,3,3,4,4,5,4
4982,1048-49,2_4_12,3,False,4,4,3,4,5,4,3,3
4992,1048-49,4_2_12,3,False,4,3,4,4,4,3,3,3
4996,1048-49,2_3_8,3,False,4,4,3,4,4,4,3,4
500,1048-49,4_2_12,3,False,4,4,4,4,4,3,4,4
503,1048-49,4_2_10,3,False,3,3,3,3,4,4,3,3
504,1048-49,2_1_1,3,False,4,5,5,4,4,4,5,4
505,1048-49,2_2_2,3,False,4,4,5,3,5,4,3,3
510,1048-49,1_1_1,3,False,4,4,4,5,4,4,4,5
517,1048-49,3_2_2,3,False,5,4,4,3,3,3,4,5
518,1048-49,2_4_12,3,False,4,4,5,4,4,3,3,4
524,1048-49,2_2_3,3,False,4,5,3,4,4,4,5,3
528,1048-49,4_2_11,3,False,3,4,4,4,3,4,3,3
532,1048-49,2_2_4,3,False,5,4,3,4,3,4,4,4
535,1048-49,3_5_13,3,False,4,4,4,4,4,4,4,5
536,1048-49,1_1_2,3,False,4,4,4,5,3,4,4,4
540,1048-49,5_3_12,3,False,4,4,4,3,4,5,3,4
545,1048-49,2_3_7,3,False,4,4,4,3,4,3,4,4
546,1048-49,4_2_12,3,False,5,3,4,4,4,4,4,4
547,1048-49,1_1_4,3,False,5,4,5,4,4,5,4,4
55,1048-49,1_2_1,3,False,4,4,3,4,4,3,3,3
550,1048-49,4_2_10,3,False,4,4,4,4,4,4,3,4
551,1048-49,2_3_8,3,False,4,4,3,3,3,4,3,3
552,1048-49,2_1_1,3,False,4,5,3,5,4,4,4,5
554,1048-49,2_2_2,3,False,5,4,4,4,4,4,3,4
556,1048-49,1_1_3,3,False,4,4,4,5,4,4,4,4
558,1048-49,2_2_4,3,False,4,4,4,4,4,4,4,4
559,1048-49,2_2_5,3,False,5,4,4,5,5,4,4,4
562,1048-49,2_2_2,3,False,4,4,4,3,4,3,3,4
563,1048-49,2_3_7,3,False,4,4,4,2,3,3,3,3
565,1048-49,1_1_2,3,False,5,4,4,5,4,4,5,5
569,1048-49,2_3_9,3,False,5,4,5,4,4,3,4,4
57,1048-49,2_4_12,3,False,5,4,4,4,4,4,3,4
574,1048-49,5_3_12,3,False,4,4,4,4,3,4,5,4
578,1048-49,1_1_4,3,False,3,4,4,4,4,4,4,4
579,1048-49,2_1_1,3,False,4,5,5,4,5,4,5,5
580,1048-49,4_2_11,3,False,3,4,3,3,4,4,3,3
584,1048-49,4_2_9,3,False,4,3,2,5,4,4,3,4
586,1048-49,4_2_12,3,False,4,4,5,4,5,4,4,5
588,1048-49,3_2_2,3,False,4,4,4,4,3,4,4,4
589,1048-49,1_1_3,3,False,4,3,3,5,4,4,4,5
593,1048-49,3_2_2,3,False,5,4,4,4,4,4,5,5
596,1048-49,4_2_11,3,False,4,4,2,3,3,5,3,4
603,1048-49,4_2_9,3,False,4,4,4,5,4,4,4,5
61,1048-49,2_3_7,3,False,4,4,4,4,4,4,4,4
610,1048-49,2_2_3,3,False,4,3,4,3,4,3,3,3
611,1048-49,2_2_2,3,False,5,4,3,5,4,4,4,4
613,1048-49,2_1_1,3,False,5,4,4,4,4,4,4,4
614,1048-49,3_5_13,3,False,4,3,4,4,4,4,4,4
616,1048-49,4_2_8,3,False,4,4,4,3,4,4,4,4
619,1048-49,2_1_1,3,False,4,4,3,4,3,4,4,4
62,1048-49,2_4_12,3,False,4,4,4,5,5,4,4,4
625,1048-49,4_2_11,3,False,3,4,3,4,4,4,4,4
626,1048-49,4_2_10,3,False,3,3,3,4,3,3,3,3
627,1048-49,3_5_13,3,False,4,4,4,5,5,5,4,5
628,1048-49,2_4_11,3,False,4,4,4,4,4,3,5,4
630,1048-49,2_3_7,3,False,5,4,5,5,5,5,4,5
631,1048-49,1_1_4,3,False,4,4,4,4,4,3,4,4
636,1048-49,2_4_12,3,False,4,4,4,4,4,4,5,4
641,1048-49,2_2_2,3,False,4,3,3,4,3,4,3,5
646,1048-49,3_5_13,3,False,4,4,3,4,4,3,3,3
65,1048-49,1_1_2,3,False,4,4,4,4,4,4,3,4
657,1048-49,4_2_12,3,False,4,4,5,4,5,3,4,4
660,1048-49,1_1_3,3,False,5,4,4,4,5,4,4,4
664,1048-49,1_1_4,3,False,4,3,3,4,3,3,3,3
668,1048-49,4_2_8,3,False,3,3,4,3,3,4,3,3
673,1048-49,2_2_3,3,False,4,4,4,5,4,4,4,4
674,1048-49,2_3_7,3,False,3,3,3,3,3,3,3,3
677,1048-49,4_2_8,3,False,3,3,3,4,4,3,2,4
683,1048-49,3_2_2,3,False,4,4,4,4,4,4,4,3
685,1048-49,3_5_13,3,False,4,4,4,3,4,4,4,4
687,1048-49,3_2_2,3,False,5,4,4,4,4,4,4,4
694,1048-49,2_4_11,3,False,5,4,5,4,4,4,4,4
696,1048-49,3_5_13,3,False,4,4,3,4,4,4,4,4
697,1048-49,1_1_5,3,False,5,5,5,5,4,5,4,5
701,1048-49,4_2_9,3,False,4,4,4,3,3,4,3,3
708,1048-49,1_2_1,3,False,4,4,4,4,4,3,4,4
711,1048-49,2_2_4,3,False,5,4,4,4,4,4,4,4
713,1048-49,2_2_5,3,False,5,4,5,4,5,4,4,5
72,1048-49,2_3_9,3,False,4,4,3,4,4,4,4,4
720,1048-49,1_1_1,3,False,4,5,4,5,4,4,4,4
724,1048-49,5_3_11,3,False,4,4,3,4,4,4,4,5
733,1048-49,2_2_6,3,False,4,4,4,4,4,4,3,3
734,1048-49,2_2_3,3,False,5,4,3,4,4,4,4,5
736,1048-49,5_3_11,3,False,4,4,3,4,4,4,4,4
737,1048-49,1_1_1,3,False,5,5,5,5,4,5,4,5
738,1048-49,3_5_13,3,False,4,3,4,4,4,4,4,5
743,1048-49,4_2_12,3,False,4,4,5,4,4,4,4,4
744,1048-49,2_4_12,3,False,5,4,4,4,4,4,4,4
746,1048-49,2_4_12,3,False,3,4,4,5,5,4,4,4
75,1048-49,1_2_1,3,False,5,5,4,4,5,4,4,5
750,1048-49,2_2_2,3,False,4,4,3,3,3,3,3,4
751,1048-49,2_4_12,3,False,4,4,4,4,4,4,3,4
759,1048-49,4_2_10,3,False,4,4,3,5,5,4,3,4
765,1048-49,4_2_12,3,False,4,4,4,4,4,4,5,5
767,1048-49,2_2_4,3,False,4,3,4,3,3,4,3,3
769,1048-49,4_2_12,3,False,4,3,3,4,3,3,3,3
771,1048-49,1_1_2,3,False,5,5,4,3,4,4,4,3
772,1048-49,2_3_8,3,False,4,4,3,3,3,3,3,4
774,1048-49,1_1_3,3,False,3,3,3,4,3,3,3,3
775,1048-49,2_2_4,3,False,4,4,3,3,4,4,3,4
78,1048-49,4_2_12,3,False,4,3,4,5,3,3,4,3
782,1048-49,2_4_12,3,False,4,4,5,4,4,4,5,5
786,1048-49,3_2_2,3,False,5,5,5,5,5,4,4,5
789,1048-49,5_3_11,3,False,4,3,3,4,4,4,4,5
792,1048-49,1_1_1,3,False,4,4,4,4,5,4,4,4
793,1048-49,1_2_1,3,False,4,4,4,5,4,5,4,4
794,1048-49,4_2_9,3,False,4,4,3,4,4,4,3,4
795,1048-49,2_3_8,3,False,4,3,3,3,4,4,4,3
797,1048-49,2_2_2,3,False,4,4,3,4,4,4,3,4
8,1048-49,2_2_4,3,False,4,3,3,4,4,4,4,4
800,1048-49,2_1_1,3,False,5,5,4,4,4,4,4,4
810,1048-49,2_2_5,3,False,4,5,4,4,5,4,3,5
812,1048-49,2_2_2,3,False,4,4,4,5,4,4,3,4
815,1048-49,1_2_1,3,False,4,4,3,4,3,4,4,4
816,1048-49,2_3_7,3,False,5,4,4,4,4,4,4,5
819,1048-49,5_3_12,3,False,4,5,4,4,4,4,4,3
820,1048-49,4_2_12,3,False,4,3,4,5,4,4,3,4
824,1048-49,2_3_7,3,False,4,5,3,4,4,4,3,3
826,1048-49,2_2_6,3,False,5,4,4,4,4,3,3,4
827,1048-49,2_3_8,3,False,4,5,3,4,4,4,4,4
830,1048-49,2_4_10,3,False,4,3,4,4,4,3,3,4
833,1048-49,2_4_11,3,False,4,4,3,4,3,4,4,3
840,1048-49,1_1_5,3,False,5,5,3,3,4,4,4,5
842,1048-49,2_1_1,3,False,3,4,3,4,4,4,4,4
844,1048-49,2_2_3,3,False,3,4,4,3,3,4,3,4
847,1048-49,2_2_6,3,False,4,5,4,4,4,4,4,5
85,1048-49,4_2_8,3,False,4,4,4,3,4,5,4,4
856,1048-49,2_3_8,3,False,4,5,4,4,4,5,4,4
860,1048-49,4_2_10,3,False,5,4,4,5,4,4,5,4
861,1048-49,2_2_5,3,False,4,4,4,4,3,4,4,4
863,1048-49,3_2_2,3,False,5,4,5,4,4,4,4,4
864,1048-49,3_2_2,3,False,4,4,2,3,3,3,3,3
865,1048-49,2_2_5,3,False,4,3,3,3,4,4,4,4
866,1048-49,2_2_5,3,False,4,4,4,4,4,4,4,4
871,1048-49,4_2_11,3,False,4,4,4,4,4,3,3,4
878,1048-49,4_2_12,3,False,4,4,3,4,3,4,3,3
88,1048-49,4_2_11,3,False,4,4,4,5,4,4,4,4
884,1048-49,1_1_2,3,False,4,3,4,3,4,4,3,3
885,1048-49,4_2_12,3,False,4,4,4,4,3,4,3,3
89,1048-49,4_2_8,3,False,3,3,4,3,3,3,3,3
895,1048-49,2_3_8,3,False,4,4,5,4,4,3,4,4
898,1048-49,2_3_8,3,False,4,4,4,4,5,4,3,4
899,1048-49,1_2_1,3,False,4,3,4,3,4,4,3,3
90,1048-49,3_5_13,3,False,4,4,4,3,3,3,3,4
901,1048-49,2_3_7,3,False,4,4,5,4,4,4,4,4
906,1048-49,2_3_8,3,False,5,5,5,4,4,5,4,5
908,1048-49,3_5_13,3,False,3,2,3,2,3,4,2,2
91,1048-49,3_5_13,3,False,4,4,4,4,4,4,4,4
911,1048-49,3_5_13,3,False,4,4,3,4,4,4,3,4
914,1048-49,4_2_10,3,False,4,4,5,4,4,3,4,4
919,1048-49,2_3_7,3,False,4,5,4,4,4,4,4,3
928,1048-49,2_2_3,3,False,5,5,5,4,4,4,3,4
934,1048-49,2_3_8,3,False,4,4,3,4,4,4,3,4
935,1048-49,1_1_5,3,False,5,5,4,4,4,4,4,4
936,1048-49,1_1_2,3,False,4,5,4,4,5,4,4,4
939,1048-49,2_2_2,3,False,5,4,4,4,3,4,4,4
94,1048-49,2_2_5,3,False,4,4,5,3,4,5,5,4
941,1048-49,2_2_4,3,False,4,4,3,4,4,4,4,4
946,1048-49,3_1_1,3,False,3,3,3,4,4,4,3,4
950,1048-49,1_1_5,3,False,5,3,2,3,4,5,4,3
954,1048-49,2_4_10,3,False,4,4,3,4,4,3,4,4
955,1048-49,4_2_8,3,False,5,4,4,4,4,4,4,4
956,1048-49,4_2_11,3,False,3,3,3,4,4,3,3,3
958,1048-49,1_1_4,3,False,4,3,3,3,3,3,3,2
96,1048-49,2_4_10,3,False,5,5,4,4,4,5,5,4
968,1048-49,2_2_3,3,False,4,3,4,3,4,3,3,4
969,1048-49,2_1_1,3,False,4,3,4,4,4,4,4,3
971,1048-49,2_2_2,3,False,4,3,3,3,4,3,3,3
974,1048-49,1_1_3,3,False,5,5,4,4,4,4,3,4
989,1048-49,2_2_4,3,False,4,4,3,3,4,4,3,4
99,1048-49,2_2_2,3,False,4,4,3,3,4,4,3,4
990,1048-49,2_3_7,3,False,4,4,4,4,4,4,3,3
991,1048-49,4_2_11,3,False,4,3,4,4,4,4,3,4
996,1048-49,2_4_12,3,False,5,4,5,4,4,4,4,5
998,1048-49,4_2_12,3,False,4,4,4,4,3,2,3,3
1000,1049-50,1_1_2,3,True,4,4,3,3,4,4,3,3
1055,1049-50,3_5_13,3,False,3,4,3,4,4,4,3,4
1101,1049-50,3_2_2,3,False,4,4,4,4,4,5,4,4
1109,1049-50,2_4_12,3,False,3,4,3,3,4,3,3,3
1126,1049-50,4_2_12,3,False,4,5,4,4,4,4,3,4
1135,1049-50,2_2_6,3,True,5,5,4,5,4,4,4,5
1155,1049-50,4_2_10,3,False,4,3,3,4,3,3,4,3
1159,1049-50,1_2_1,3,False,4,4,4,4,3,3,3,4
1170,1049-50,2_1_1,3,True,4,3,4,4,4,4,3,3
1174,1049-50,2_2_6,3,True,5,4,4,4,5,4,4,5
1196,1049-50,1_1_2,3,True,4,4,3,4,3,4,5,3
1223,1049-50,3_1_1,3,True,4,4,4,3,4,4,4,4
1241,1049-50,1_2_1,3,True,5,4,4,5,5,4,5,4
1249,1049-50,3_2_2,3,False,4,4,3,3,4,3,4,4
1266,1049-50,2_3_8,3,True,4,4,3,3,4,4,4,3
1295,1049-50,2_3_8,3,False,3,3,3,4,4,4,3,4
1317,1049-50,1_1_2,3,False,5,4,3,3,3,3,3,3
1318,1049-50,2_3_9,3,True,4,4,3,3,4,4,3,3
1343,1049-50,2_3_7,3,False,4,4,4,4,4,3,4,4
1355,1049-50,2_2_5,3,False,4,5,3,4,4,4,5,4
1368,1049-50,1_1_1,3,True,4,3,3,3,4,3,3,3
1389,1049-50,1_1_2,3,True,4,4,4,4,4,4,4,3
1392,1049-50,2_4_11,3,True,4,5,3,4,4,3,3,4
1414,1049-50,4_2_11,3,False,2,4,3,3,3,3,3,3
1435,1049-50,4_2_12,3,False,4,4,3,3,4,5,5,4
144,1049-50,1_1_5,3,False,4,4,3,4,3,3,4,3
1445,1049-50,2_3_8,3,True,4,4,4,5,4,4,3,3
1454,1049-50,1_1_4,3,True,4,3,3,3,3,3,4,3
1456,1049-50,2_2_3,3,True,4,4,3,4,3,4,4,3
1460,1049-50,1_1_1,3,False,3,3,4,3,3,4,4,3
1461,1049-50,2_4_10,3,True,4,4,4,4,3,4,4,4
1464,1049-50,2_2_3,3,False,4,4,4,3,3,4,4,4
1478,1049-50,4_2_12,3,False,5,4,3,3,3,3,3,3
1517,1049-50,1_1_4,3,False,4,4,4,4,3,4,3,4
1527,1049-50,2_2_6,3,False,4,4,3,4,4,4,5,3
1540,1049-50,4_2_10,3,False,4,3,3,3,3,3,3,3
1560,1049-50,2_1_1,3,False,5,5,5,5,4,4,5,5
16,1049-50,1_1_2,3,True,5,4,4,5,3,4,4,4
1600,1049-50,2_4_12,3,True,4,4,4,5,4,4,4,4
164,1049-50,2_1_1,3,True,4,4,4,3,3,4,4,4
1654,1049-50,2_4_12,3,True,4,3,3,4,4,4,3,3
1673,1049-50,2_2_3,3,False,4,4,4,4,4,4,4,4
1676,1049-50,4_2_8,3,False,3,3,3,4,4,3,3,3
1690,1049-50,2_2_4,3,False,4,4,3,4,4,4,4,4
1695,1049-50,2_4_12,3,False,5,4,4,4,4,4,5,5
1707,1049-50,2_2_4,3,True,4,3,3,3,1,3,3,2
172,1049-50,3_2_2,3,False,4,4,4,3,4,4,4,4
1744,1049-50,2_2_4,3,True,4,4,3,3,3,3,3,3
1758,1049-50,2_4_11,3,True,4,4,4,3,4,3,3,2
1765,1049-50,1_1_5,3,True,4,5,3,4,3,4,4,3
1769,1049-50,2_2_4,3,False,5,4,5,4,4,4,3,5
1773,1049-50,3_5_13,3,False,4,4,3,4,4,4,4,5
1778,1049-50,2_2_2,3,True,5,4,4,4,3,4,4,4
1786,1049-50,1_1_2,3,False,5,4,4,4,4,4,4,4
1791,1049-50,2_2_4,3,True,4,4,3,3,3,3,4,3
1809,1049-50,1_1_5,3,True,5,5,4,4,4,4,4,4
1825,1049-50,4_2_11,3,False,4,4,4,4,4,4,4,4
1837,1049-50,2_3_7,3,False,5,4,5,5,5,4,5,5
1856,1049-50,2_2_5,3,False,3,4,3,2,3,4,4,3
1879,1049-50,2_1_1,3,True,5,4,4,4,4,4,3,3
1925,1049-50,5_3_11,3,False,4,3,3,4,4,3,4,4
1941,1049-50,4_2_12,3,True,4,4,4,4,4,4,4,4
1944,1049-50,4_2_8,3,False,3,3,3,4,4,3,4,3
1954,1049-50,2_2_2,3,True,4,4,4,3,3,4,4,4
198,1049-50,2_3_7,3,True,4,4,4,4,3,4,3,3
1985,1049-50,2_1_1,3,False,4,4,4,3,3,3,3,4
1992,1049-50,4_2_10,3,False,4,4,3,4,4,3,4,3
2025,1049-50,3_2_2,3,False,4,4,3,3,4,4,4,4
2037,1049-50,1_1_2,3,True,4,4,3,3,3,4,4,4
2049,1049-50,1_1_4,3,True,4,3,3,3,3,3,3,3
2059,1049-50,4_2_12,3,False,5,5,4,5,4,4,5,5
2062,1049-50,2_1_1,3,False,4,4,3,4,4,3,3,4
2097,1049-50,3_5_13,3,False,4,3,3,4,3,4,4,3
2103,1049-50,2_4_11,3,False,3,3,3,4,3,3,3,3
2113,1049-50,2_3_8,3,True,5,3,4,4,4,3,3,4
2143,1049-50,2_4_10,3,True,3,3,3,4,4,4,3,3
2151,1049-50,2_3_9,3,True,5,3,4,4,4,4,4,5
216,1049-50,2_4_11,3,True,4,3,3,4,3,4,3,4
2176,1049-50,2_4_10,3,True,5,5,5,4,4,4,4,4
2193,1049-50,2_3_9,3,False,4,4,4,4,3,5,4,4
2221,1049-50,4_2_9,3,False,4,3,4,4,3,4,4,4
2253,1049-50,1_1_4,3,False,4,4,3,4,3,3,3,3
2257,1049-50,3_2_2,3,False,4,4,3,3,3,3,4,4
2272,1049-50,3_2_2,3,True,3,3,3,4,2,4,3,3
2281,1049-50,2_4_10,3,False,3,4,3,4,3,3,3,4
2286,1049-50,1_1_5,3,True,4,3,3,3,4,4,3,3
2288,1049-50,1_2_1,3,False,3,3,2,3,3,3,3,3
2289,1049-50,1_1_2,3,True,4,4,4,3,3,4,5,3
2298,1049-50,2_2_3,3,True,4,4,3,4,3,4,4,4
2304,1049-50,2_2_3,3,False,5,4,4,4,3,3,4,4
2316,1049-50,3_5_13,3,False,3,3,3,4,4,3,3,4
2346,1049-50,1_1_2,3,False,4,4,4,4,5,4,3,3
2354,1049-50,2_3_7,3,False,4,3,3,3,2,3,4,3
2380,1049-50,2_2_6,3,False,4,4,4,4,4,4,4,3
2386,1049-50,1_2_1,3,False,4,4,3,3,4,4,4,4
2412,1049-50,5_3_12,3,False,3,4,4,4,4,4,4,4
2438,1049-50,2_2_4,3,True,3,3,2,3,2,3,3,3
2440,1049-50,2_1_1,3,True,5,5,4,5,4,4,4,5
2447,1049-50,2_2_4,3,False,4,4,4,4,5,3,3,4
2451,1049-50,2_3_8,3,False,5,4,3,4,4,3,4,4
2457,1049-50,2_2_2,3,True,4,4,4,4,3,4,4,3
2507,1049-50,2_2_2,3,False,3,3,3,4,3,4,4,3
2518,1049-50,2_2_3,3,False,4,4,2,3,3,3,3,4
2533,1049-50,2_2_6,3,True,5,4,4,5,4,4,4,3
2534,1049-50,1_2_1,3,True,5,4,4,3,4,4,4,4
2541,1049-50,2_2_4,3,True,4,4,4,4,4,4,4,4
2542,1049-50,2_4_10,3,True,4,4,4,4,4,3,4,4
2552,1049-50,2_2_3,3,True,4,3,4,4,4,4,4,5
2557,1049-50,1_1_5,3,False,4,4,3,3,3,4,4,3
2575,1049-50,2_3_8,3,False,4,5,2,4,4,5,3,4
2579,1049-50,1_2_1,3,True,5,4,3,5,4,4,4,4
2591,1049-50,2_2_3,3,True,4,3,2,3,3,3,3,3
260,1049-50,1_2_1,3,False,3,4,2,4,4,4,4,3
2631,1049-50,2_4_10,3,False,4,4,3,4,3,3,3,3
2635,1049-50,4_2_12,3,False,4,4,4,4,4,4,4,4
266,1049-50,2_2_2,3,False,3,3,3,3,3,3,3,3
2661,1049-50,2_3_7,3,True,5,4,3,4,4,4,4,4
2686,1049-50,2_2_3,3,False,3,3,3,3,3,3,3,3
2689,1049-50,2_2_6,3,False,5,4,3,4,4,4,4,4
2707,1049-50,1_1_2,3,True,5,4,3,4,4,4,4,3
2715,1049-50,2_4_11,3,True,4,4,4,4,4,4,4,4
2732,1049-50,1_1_2,3,False,5,5,4,4,5,4,5,5
2736,1049-50,3_2_2,3,False,4,4,3,3,3,4,4,4
2743,1049-50,2_4_10,3,True,5,4,3,5,4,4,4,5
2760,1049-50,4_2_10,3,False,3,5,3,4,4,4,3,4
28,1049-50,1_1_2,3,True,4,3,3,3,3,4,3,3
2805,1049-50,2_2_5,3,False,4,4,3,4,4,5,4,4
281,1049-50,2_4_10,3,True,5,4,4,4,4,4,3,3
2830,1049-50,1_1_1,3,True,4,4,3,5,3,4,4,4
2869,1049-50,1_1_3,3,False,4,4,4,3,3,5,4,4
288,1049-50,1_1_3,3,True,4,4,3,4,3,4,4,4
2883,1049-50,2_4_12,3,True,4,4,3,2,4,3,4,2
2884,1049-50,1_1_2,3,True,5,4,4,4,4,4,4,4
2894,1049-50,2_2_4,3,False,5,5,4,4,4,4,4,5
2919,1049-50,3_1_1,3,True,5,4,5,5,4,4,4,4
2923,1049-50,2_2_6,3,True,4,4,4,5,3,4,4,4
2927,1049-50,2_2_4,3,True,4,4,3,3,4,3,4,3
2936,1049-50,2_1_1,3,True,4,5,4,4,4,5,5,3
2939,1049-50,2_4_12,3,True,4,3,3,3,2,3,3,3
2947,1049-50,1_2_1,3,False,4,4,4,3,3,4,3,3
2991,1049-50,2_4_10,3,True,4,4,4,3,3,4,3,3
2993,1049-50,2_4_12,3,False,4,4,4,4,3,4,4,4
3015,1049-50,2_4_12,3,True,4,4,4,4,4,4,4,4
302,1049-50,2_2_4,3,False,4,4,4,3,4,4,3,4
3039,1049-50,2_3_8,3,True,4,4,3,4,4,4,4,4
3057,1049-50,2_4_12,3,False,4,4,4,4,3,5,4,3
308,1049-50,2_3_7,3,True,4,3,3,4,3,4,3,4
3086,1049-50,2_2_2,3,False,4,2,3,2,3,4,4,3
3092,1049-50,1_1_5,3,False,3,3,3,3,4,4,3,3
3096,1049-50,2_3_8,3,True,4,5,2,4,3,4,3,4
3104,1049-50,4_2_11,3,False,4,4,3,3,4,4,4,4
3119,1049-50,1_1_4,3,False,4,4,3,3,3,4,3,3
3127,1049-50,2_2_6,3,False,4,4,3,3,3,3,4,3
3139,1049-50,2_3_7,3,False,4,4,3,2,4,4,4,4
3141,1049-50,2_2_2,3,False,4,4,4,4,4,4,4,4
3156,1049-50,2_2_3,3,False,5,4,4,3,4,4,4,4
3167,1049-50,2_4_12,3,True,4,4,5,4,4,4,3,3
3177,1049-50,2_2_2,3,True,4,4,4,4,4,5,5,4
3201,1049-50,2_3_8,3,True,4,4,4,4,3,3,4,4
3207,1049-50,1_1_4,3,True,5,5,5,5,5,5,5,5
3208,1049-50,2_3_8,3,True,3,4,3,4,3,4,4,3
3219,1049-50,4_2_10,3,False,3,3,4,5,3,3,3,4
3230,1049-50,2_2_3,3,False,5,4,3,3,4,4,3,3
3238,1049-50,2_4_12,3,True,4,4,3,3,3,4,3,3
3243,1049-50,2_1_1,3,True,5,5,4,5,4,5,3,5
3257,1049-50,2_2_5,3,False,4,4,4,5,4,4,5,3
3258,1049-50,5_3_11,3,False,5,5,5,5,5,5,4,5
3259,1049-50,2_3_9,3,True,4,3,4,4,3,4,3,3
326,1049-50,2_3_8,3,True,4,4,4,4,4,4,3,4
328,1049-50,4_2_11,3,False,4,4,4,5,4,4,4,5
3297,1049-50,2_4_10,3,True,5,4,4,4,3,4,4,3
332,1049-50,2_2_3,3,True,3,4,4,3,3,4,3,4
3320,1049-50,2_2_4,3,True,4,4,3,3,3,4,4,4
3328,1049-50,2_3_7,3,True,4,3,4,5,3,4,5,3
3345,1049-50,4_2_8,3,False,4,3,3,4,3,3,3,3
335,1049-50,2_2_2,3,False,4,4,4,4,4,4,4,4
336,1049-50,2_2_3,3,False,4,5,4,4,4,4,3,4
3416,1049-50,2_2_5,3,True,4,3,4,3,4,4,3,4
3422,1049-50,2_3_9,3,False,5,4,5,3,3,4,3,4
3441,1049-50,2_3_9,3,True,4,4,3,4,3,4,4,4
3484,1049-50,2_2_5,3,True,5,5,4,5,4,4,4,4
3503,1049-50,1_1_3,3,False,4,4,3,4,4,4,3,3
351,1049-50,4_2_8,3,False,3,3,3,4,3,3,2,3
3551,1049-50,2_4_10,3,True,4,4,3,4,4,4,4,4
3576,1049-50,1_1_1,3,False,5,3,4,4,4,3,4,4
358,1049-50,3_2_2,3,True,4,4,3,4,3,4,3,3
3584,1049-50,2_4_11,3,False,5,4,4,4,3,4,4,4
3607,1049-50,1_1_1,3,True,4,4,3,4,4,3,3,4
3659,1049-50,1_1_2,3,False,3,4,4,5,4,4,3,4
3684,1049-50,2_4_10,3,False,4,4,3,3,3,3,3,3
3696,1049-50,2_4_12,3,True,3,4,2,3,2,3,3,2
370,1049-50,1_1_5,3,True,5,4,3,4,3,4,3,4
3706,1049-50,4_2_12,3,True,3,3,3,3,2,3,3,3
3710,1049-50,2_2_5,3,False,4,4,4,3,4,4,4,3
3720,1049-50,3_1_1,3,False,5,4,4,5,4,4,4,5
3727,1049-50,1_1_3,3,False,4,5,3,4,4,5,4,4
3739,1049-50,1_2_1,3,True,4,4,5,4,4,4,4,4
3741,1049-50,2_4_12,3,False,4,4,5,4,4,4,5,5
3742,1049-50,2_1_1,3,False,4,4,4,4,4,5,3,4
375,1049-50,2_2_5,3,True,4,4,3,4,4,3,4,4
3756,1049-50,2_3_8,3,False,4,4,3,4,4,4,3,4
3758,1049-50,1_2_1,3,True,4,4,3,3,4,3,4,3
3759,1049-50,2_4_12,3,False,3,3,2,3,3,3,3,2
376,1049-50,2_2_2,3,False,5,4,3,3,3,4,3,3
3764,1049-50,2_1_1,3,False,4,4,4,4,4,4,4,4
3768,1049-50,2_4_10,3,True,4,4,3,4,3,4,3,4
3776,1049-50,2_2_2,3,False,4,3,3,4,4,3,3,3
3778,1049-50,3_2_2,3,True,4,4,4,4,4,4,3,4
3784,1049-50,2_3_7,3,False,4,4,3,4,3,4,4,4
3786,1049-50,3_2_2,3,True,4,4,4,4,4,4,4,3
3789,1049-50,1_1_2,3,True,4,3,3,4,2,3,2,2
3799,1049-50,2_3_8,3,True,5,4,4,4,4,4,4,4
3800,1049-50,1_1_2,3,False,5,4,3,3,3,4,3,4
3810,1049-50,1_1_1,3,False,3,4,3,4,4,4,4,3
3824,1049-50,3_2_2,3,False,4,4,4,4,4,4,4,4
384,1049-50,2_1_1,3,True,4,3,2,4,4,4,4,4
3872,1049-50,2_3_7,3,True,4,5,4,5,4,4,4,4
3880,1049-50,1_1_3,3,True,4,4,4,3,4,4,3,3
3883,1049-50,2_4_10,3,False,4,3,4,3,4,4,4,4
3894,1049-50,3_5_13,3,False,4,4,3,4,3,3,4,3
3908,1049-50,1_1_1,3,True,4,3,3,4,4,3,3,3
3916,1049-50,2_3_8,3,False,4,4,4,5,4,5,5,5
3952,1049-50,1_2_1,3,True,5,5,4,5,4,4,4,5
3963,1049-50,2_3_8,3,True,4,4,3,3,3,3,3,4
3966,1049-50,2_2_3,3,False,5,4,4,4,3,4,4,4
3970,1049-50,2_2_6,3,False,4,4,3,5,4,4,4,4
3974,1049-50,1_2_1,3,False,4,4,4,4,3,4,4,4
3982,1049-50,2_4_12,3,False,4,4,4,4,4,4,4,4
3992,1049-50,4_2_8,3,False,4,3,3,4,3,4,4,4
4007,1049-50,4_2_10,3,False,4,3,3,4,4,3,3,4
4033,1049-50,2_4_12,3,True,5,4,5,4,4,4,5,5
4041,1049-50,2_4_11,3,True,4,5,4,3,4,4,3,3
4042,1049-50,2_4_10,3,True,4,4,3,3,3,3,4,2
406,1049-50,2_4_10,3,True,3,3,3,4,3,3,3,3
4090,1049-50,2_3_7,3,True,5,5,4,5,4,5,5,4
4125,1049-50,1_2_1,3,False,5,4,4,5,4,4,4,4
4163,1049-50,2_3_7,3,False,5,5,4,5,5,4,4,5
4184,1049-50,1_2_1,3,False,4,3,4,3,4,4,4,3
4187,1049-50,2_4_12,3,False,4,4,4,5,4,3,5,4
4192,1049-50,4_2_12,3,False,5,5,5,4,4,4,4,4
4208,1049-50,2_3_9,3,True,4,4,3,5,4,4,4,4
4222,1049-50,1_2_1,3,False,4,4,3,4,4,4,4,4
4243,1049-50,2_3_7,3,False,4,3,4,4,4,5,3,4
4246,1049-50,2_4_12,3,False,4,5,4,4,4,4,4,4
4267,1049-50,4_2_12,3,False,5,4,4,4,4,5,4,5
4298,1049-50,2_4_10,3,False,4,4,2,4,3,4,3,3
430,1049-50,2_3_7,3,True,4,4,4,4,3,4,4,4
4311,1049-50,3_1_1,3,True,5,5,5,4,4,5,5,5
4315,1049-50,4_2_10,3,False,3,3,3,4,4,3,4,3
432,1049-50,3_5_13,3,False,4,4,4,4,5,4,4,5
4328,1049-50,1_1_1,3,True,4,3,3,3,3,4,4,3
4374,1049-50,2_2_6,3,False,4,4,4,3,4,4,5,4
440,1049-50,2_3_7,3,True,4,4,3,4,4,4,4,3
4402,1049-50,2_2_5,3,False,3,3,3,4,3,4,4,3
442,1049-50,4_2_12,3,True,3,3,3,3,2,3,3,3
444,1049-50,2_3_7,3,True,4,3,3,3,3,4,3,3
4445,1049-50,1_2_1,3,True,5,4,4,4,3,4,4,4
4459,1049-50,4_2_12,3,True,4,5,4,4,4,4,4,4
4467,1049-50,2_2_3,3,True,4,4,3,3,3,4,2,3
4482,1049-50,1_1_2,3,False,5,4,4,4,4,3,3,4
449,1049-50,1_2_1,3,False,4,5,4,4,4,4,3,4
4498,1049-50,2_2_6,3,True,4,4,4,3,3,3,3,2
4516,1049-50,4_2_8,3,False,3,4,4,4,4,4,4,4
4553,1049-50,2_4_10,3,True,5,4,4,4,3,4,4,4
4560,1049-50,2_2_4,3,True,2,3,2,3,2,3,3,2
4564,1049-50,4_2_12,3,False,4,3,3,4,3,4,4,3
4573,1049-50,2_2_5,3,False,4,4,3,4,3,4,3,4
460,1049-50,3_1_1,3,True,5,4,3,4,3,4,4,3
4606,1049-50,1_1_4,3,True,4,4,5,4,4,4,5,3
4609,1049-50,2_4_12,3,False,4,4,3,3,3,3,4,3
4637,1049-50,2_2_3,3,True,4,4,4,4,3,3,4,3
4640,1049-50,2_2_6,3,False,4,4,4,3,4,4,3,4
4655,1049-50,2_4_12,3,False,4,3,3,4,3,4,4,4
4664,1049-50,4_2_9,3,False,4,3,4,4,4,3,3,3
4665,1049-50,2_1_1,3,True,5,4,3,4,3,4,3,3
4675,1049-50,2_2_5,3,True,2,4,3,3,3,3,3,2
4688,1049-50,1_2_1,3,True,4,4,4,4,3,4,4,3
4717,1049-50,2_3_7,3,True,4,4,4,4,4,4,4,4
4724,1049-50,4_2_12,3,False,5,4,3,4,4,4,4,4
4725,1049-50,1_1_4,3,False,5,4,4,3,3,3,3,3
4734,1049-50,4_2_11,3,False,4,4,3,3,3,3,3,3
475,1049-50,2_2_2,3,True,4,4,4,4,3,3,3,4
4760,1049-50,3_1_1,3,False,4,5,3,3,3,4,3,4
477,1049-50,2_2_5,3,True,4,4,3,3,4,4,3,3
4808,1049-50,2_1_1,3,False,4,4,3,3,3,4,4,3
4812,1049-50,1_2_1,3,True,4,3,3,4,4,3,4,3
4820,1049-50,4_2_8,3,False,4,3,4,4,3,4,4,4
4828,1049-50,1_2_1,3,True,5,5,4,4,5,4,5,5
4852,1049-50,2_3_9,3,True,4,4,3,4,3,4,4,4
4857,1049-50,2_3_8,3,False,4,4,3,4,3,4,3,3
4860,1049-50,1_2_1,3,False,4,4,2,2,2,3,2,2
4864,1049-50,1_1_1,3,True,4,4,4,5,4,3,3,5
4904,1049-50,2_4_11,3,False,3,4,4,3,3,3,4,3
4907,1049-50,2_2_3,3,False,4,3,3,4,4,5,4,4
492,1049-50,2_4_12,3,False,3,3,2,3,3,3,2,2
4923,1049-50,1_2_1,3,True,4,4,4,3,4,3,4,3
4926,1049-50,2_2_4,3,True,5,4,4,4,4,4,4,5
493,1049-50,2_2_5,3,True,4,5,5,4,3,4,4,4
4931,1049-50,2_2_4,3,False,5,4,4,5,4,5,4,5
4947,1049-50,2_3_7,3,False,3,3,3,3,3,3,4,3
4953,1049-50,1_1_3,3,True,3,4,3,3,3,3,3,3
4955,1049-50,4_2_8,3,False,3,4,3,5,3,3,4,3
4957,1049-50,3_1_1,3,True,4,4,4,5,4,4,4,4
4962,1049-50,2_2_4,3,False,3,3,4,3,3,4,4,3
4963,1049-50,1_1_3,3,True,4,4,3,3,3,3,4,2
5001,1049-50,2_2_5,3,False,4,4,3,3,4,4,3,4
5002,1049-50,2_3_8,3,False,4,4,4,4,3,4,3,4
5006,1049-50,1_2_1,3,False,3,4,4,4,4,4,3,4
5009,1049-50,2_4_12,3,False,4,4,3,3,3,3,3,3
5011,1049-50,3_5_13,3,False,3,4,4,4,4,4,4,4
5012,1049-50,1_1_3,3,False,5,4,5,4,4,4,4,4
5015,1049-50,5_3_11,3,False,4,3,3,4,3,4,3,3
5029,1049-50,4_2_11,3,False,4,4,4,4,3,3,4,4
5031,1049-50,2_2_4,3,False,4,4,4,4,4,4,4,4
5044,1049-50,2_3_7,3,False,4,3,3,4,5,4,2,3
5048,1049-50,2_3_8,3,False,3,4,3,3,3,4,3,4
5050,1049-50,2_4_11,3,False,3,4,4,4,4,4,4,5
5053,1049-50,2_4_10,3,False,4,3,3,3,3,3,3,4
5060,1049-50,1_1_4,3,False,5,4,4,4,4,4,4,5
5064,1049-50,2_3_7,3,False,5,4,4,4,4,4,3,4
5065,1049-50,4_2_8,3,False,4,3,3,3,3,4,3,3
5069,1049-50,4_2_9,3,False,3,4,4,3,4,3,4,4
5070,1049-50,4_2_12,3,False,4,4,3,4,3,4,4,3
5072,1049-50,5_3_12,3,False,5,4,5,5,4,4,4,4
5074,1049-50,2_3_8,3,False,4,4,3,3,4,4,3,4
5079,1049-50,2_4_10,3,False,4,4,3,4,4,4,4,4
5083,1049-50,4_2_11,3,False,4,5,4,4,4,4,4,4
5084,1049-50,5_3_12,3,False,3,4,4,4,3,3,3,3
5086,1049-50,2_4_12,3,False,4,4,4,4,4,4,4,4
5091,1049-50,2_2_4,3,False,4,3,4,4,4,4,3,4
5093,1049-50,2_3_8,3,False,4,5,4,4,4,4,4,4
5094,1049-50,2_4_12,3,False,5,5,5,5,4,4,5,5
5095,1049-50,1_1_3,3,False,4,4,5,5,4,4,4,4
5097,1049-50,1_1_2,3,False,3,3,4,4,4,4,4,3
5104,1049-50,2_3_9,3,False,4,4,4,4,2,3,4,4
5106,1049-50,2_3_7,3,False,4,4,4,5,4,4,3,5
5111,1049-50,2_2_6,3,False,5,5,4,5,4,4,5,5
5114,1049-50,1_1_3,3,False,5,5,4,4,4,4,4,4
5119,1049-50,2_2_3,3,False,4,3,4,3,4,4,4,4
5126,1049-50,4_2_8,3,False,3,3,3,4,3,4,4,3
5129,1049-50,2_2_4,3,False,5,4,4,4,4,4,4,4
5138,1049-50,2_4_12,3,False,4,4,2,4,3,4,4,3
5145,1049-50,2_3_7,3,False,4,5,4,4,3,3,3,4
5149,1049-50,4_2_11,3,False,3,4,4,4,4,4,4,4
5152,1049-50,2_2_2,3,False,5,5,4,4,4,4,3,5
5155,1049-50,2_3_9,3,False,3,3,3,3,3,3,3,3
5158,1049-50,4_2_8,3,False,3,3,3,3,3,4,3,3
5162,1049-50,1_2_1,3,False,4,4,4,5,4,4,4,4
5163,1049-50,2_2_4,3,False,4,5,4,4,4,4,4,4
5164,1049-50,4_2_8,3,False,4,3,5,4,4,4,4,4
5166,1049-50,2_4_11,3,False,4,3,4,3,4,4,2,4
5168,1049-50,5_3_12,3,False,3,4,3,3,4,3,3,3
5169,1049-50,3_2_2,3,False,5,5,4,4,4,4,4,3
5170,1049-50,3_5_13,3,False,4,4,4,4,5,5,4,5
5172,1049-50,1_1_5,3,False,4,4,4,4,4,4,4,4
518,1049-50,2_4_12,3,True,5,4,4,4,3,3,3,3
5180,1049-50,4_2_12,3,False,4,4,3,4,4,3,3,4
5181,1049-50,4_2_8,3,False,3,3,3,3,3,3,3,3
5182,1049-50,1_2_1,3,False,4,5,4,4,4,4,5,5
5183,1049-50,2_3_8,3,False,4,4,3,4,4,4,4,4
5200,1049-50,1_1_1,3,False,4,5,3,5,4,4,4,4
5201,1049-50,1_2_1,3,False,4,4,4,3,3,4,4,4
5203,1049-50,2_3_9,3,False,4,3,4,4,3,4,3,5
5204,1049-50,2_1_1,3,False,4,5,5,5,4,5,4,5
5211,1049-50,2_3_8,3,False,4,4,4,3,4,3,3,4
5216,1049-50,1_1_5,3,False,5,4,5,5,4,4,4,4
5221,1049-50,4_2_12,3,False,4,5,5,4,4,5,4,5
5224,1049-50,3_5_13,3,False,3,3,4,4,3,3,4,4
5225,1049-50,3_5_13,3,False,3,3,3,4,3,3,3,4
5228,1049-50,4_2_9,3,False,3,4,4,4,4,3,4,4
5229,1049-50,4_2_11,3,False,4,4,5,5,3,4,4,3
5234,1049-50,2_4_12,3,False,4,4,4,4,3,4,2,3
5235,1049-50,2_4_10,3,False,4,3,3,3,3,3,3,3
5237,1049-50,2_2_4,3,False,5,5,4,5,4,4,4,5
5238,1049-50,2_1_1,3,False,5,4,4,4,3,3,3,5
5250,1049-50,4_2_8,3,False,4,4,4,4,4,4,4,4
5251,1049-50,2_1_1,3,False,4,4,4,4,3,4,4,4
5255,1049-50,2_2_5,3,False,4,5,4,4,4,4,4,4
5259,1049-50,3_5_13,3,False,4,5,4,4,4,4,3,4
5265,1049-50,3_5_13,3,False,3,3,4,4,4,4,3,4
5267,1049-50,2_3_9,3,False,4,4,5,4,4,4,4,4
5268,1049-50,3_5_13,3,False,3,2,3,3,4,3,2,3
5269,1049-50,1_1_3,3,False,4,4,4,4,3,4,3,4
5273,1049-50,1_1_3,3,False,4,4,4,4,4,4,4,3
5275,1049-50,3_1_1,3,False,4,4,4,5,4,5,3,5
5279,1049-50,4_2_11,3,False,3,3,3,4,4,4,4,4
5280,1049-50,2_1_1,3,False,4,4,3,3,3,3,3,4
5281,1049-50,2_4_12,3,False,4,4,4,4,4,4,5,4
5282,1049-50,2_2_2,3,False,4,4,3,4,4,3,4,4
5284,1049-50,1_1_1,3,False,5,4,4,4,3,4,4,4
5286,1049-50,2_2_6,3,False,5,5,4,5,5,4,4,5
5292,1049-50,4_2_8,3,False,4,4,4,4,4,4,4,4
5294,1049-50,2_4_12,3,False,4,4,4,4,3,3,4,4
5295,1049-50,2_2_2,3,False,4,3,3,4,3,3,3,4
5298,1049-50,1_1_2,3,False,5,4,5,4,4,4,4,4
5302,1049-50,2_2_4,3,False,5,4,4,4,3,4,5,4
5304,1049-50,2_2_5,3,False,4,4,4,4,4,4,3,4
5305,1049-50,2_4_10,3,False,3,3,3,4,3,4,4,3
5307,1049-50,3_5_13,3,False,3,3,3,4,3,3,2,3
5309,1049-50,4_2_12,3,False,5,5,4,5,5,5,4,5
5310,1049-50,2_3_8,3,False,4,4,4,4,4,4,4,5
5313,1049-50,2_1_1,3,False,4,4,3,3,4,4,4,4
5317,1049-50,4_2_8,3,False,3,3,3,3,3,3,3,4
5320,1049-50,4_2_12,3,False,4,5,4,4,4,5,3,4
5322,1049-50,2_1_1,3,False,4,4,4,4,3,4,3,4
5324,1049-50,1_1_5,3,False,4,5,5,5,4,5,4,4
5325,1049-50,2_3_7,3,False,5,4,4,4,4,4,5,4
5329,1049-50,1_1_5,3,False,4,4,3,4,3,3,4,3
5330,1049-50,2_4_10,3,False,4,3,3,4,4,3,4,4
5333,1049-50,2_4_12,3,False,3,5,4,4,4,3,4,4
5334,1049-50,1_2_1,3,False,4,4,5,4,4,4,4,5
5336,1049-50,2_2_2,3,False,5,4,4,3,5,4,4,4
5341,1049-50,1_1_2,3,False,4,4,4,4,4,4,3,4
5343,1049-50,2_3_8,3,False,4,4,3,3,3,4,3,4
5344,1049-50,5_3_11,3,False,3,3,3,4,4,3,3,4
5345,1049-50,1_2_1,3,False,5,4,4,4,4,4,4,4
5347,1049-50,1_1_1,3,False,4,4,4,5,5,4,4,5
5349,1049-50,1_1_4,3,False,4,5,4,5,4,4,5,5
5352,1049-50,2_2_5,3,False,3,3,2,3,2,2,3,2
5354,1049-50,3_2_2,3,False,4,4,4,4,4,4,4,4
5355,1049-50,5_3_11,3,False,4,4,4,4,4,4,4,4
5364,1049-50,2_2_5,3,False,4,3,3,4,3,4,4,3
5367,1049-50,2_2_4,3,False,5,4,4,5,3,5,5,4
5368,1049-50,2_3_7,3,False,5,5,5,5,4,5,5,5
5372,1049-50,2_3_7,3,False,4,4,4,4,3,4,4,3
5373,1049-50,2_4_12,3,False,4,4,3,4,3,3,4,3
5379,1049-50,2_1_1,3,False,4,3,3,4,4,3,4,5
5382,1049-50,1_1_4,3,False,4,5,5,4,3,4,4,5
5387,1049-50,3_2_2,3,False,4,4,5,4,3,4,4,4
5392,1049-50,4_2_12,3,False,4,3,4,3,3,4,2,4
5401,1049-50,2_3_8,3,False,5,4,4,3,4,4,4,4
5402,1049-50,4_2_11,3,False,4,4,3,4,4,3,3,4
5403,1049-50,2_3_7,3,False,4,4,4,4,4,3,3,4
5404,1049-50,1_1_1,3,False,4,3,2,4,4,3,4,4
5411,1049-50,3_1_1,3,False,4,4,3,4,4,3,4,3
5418,1049-50,2_3_7,3,False,5,4,4,4,4,4,5,5
5419,1049-50,4_2_9,3,False,4,4,4,4,4,4,4,4
542,1049-50,2_2_5,3,False,4,5,4,5,4,5,5,4
5421,1049-50,1_1_2,3,False,4,4,4,5,4,4,4,5
5430,1049-50,2_3_9,3,False,4,4,4,4,3,4,4,4
5431,1049-50,2_4_12,3,False,4,5,4,5,4,4,5,5
5432,1049-50,2_3_8,3,False,5,4,4,4,4,4,4,5
5435,1049-50,2_3_8,3,False,4,4,4,4,4,4,5,4
5439,1049-50,3_5_13,3,False,3,4,5,3,3,4,4,4
5440,1049-50,2_2_6,3,False,4,4,4,3,4,3,3,4
5445,1049-50,4_2_12,3,False,4,3,4,4,4,3,3,4
5446,1049-50,2_4_12,3,False,4,4,3,4,4,4,4,4
5447,1049-50,2_4_12,3,False,5,5,4,4,5,4,4,4
5449,1049-50,3_2_2,3,False,5,4,4,5,4,4,4,5
5450,1049-50,4_2_10,3,False,4,4,4,5,5,4,4,4
5452,1049-50,2_2_5,3,False,3,3,3,4,3,3,3,3
5455,1049-50,1_1_5,3,False,5,4,4,4,4,4,4,4
5456,1049-50,4_2_12,3,False,5,5,5,5,5,5,5,5
5461,1049-50,1_1_1,3,False,5,5,5,5,5,4,5,5
5465,1049-50,2_2_5,3,False,4,4,4,5,5,4,4,5
5470,1049-50,2_2_6,3,False,4,4,4,4,4,4,4,4
5474,1049-50,4_2_12,3,False,5,4,4,4,4,5,4,4
5477,1049-50,2_2_3,3,False,5,4,3,4,4,3,4,4
5478,1049-50,2_2_4,3,False,4,4,4,4,4,4,3,4
5481,1049-50,2_3_8,3,False,5,4,4,5,4,4,5,4
5483,1049-50,2_2_2,3,False,3,3,3,3,2,3,3,2
5488,1049-50,1_2_1,3,False,4,4,4,4,4,4,3,4
5490,1049-50,2_2_5,3,False,5,4,4,4,4,5,4,5
5493,1049-50,2_1_1,3,False,5,4,4,4,4,4,5,4
5498,1049-50,3_5_13,3,False,4,4,4,4,3,4,4,4
5505,1049-50,2_2_3,3,False,4,4,3,5,4,5,4,4
5509,1049-50,5_3_11,3,False,4,4,4,4,4,3,3,4
5512,1049-50,2_1_1,3,False,4,4,4,4,4,4,4,4
5513,1049-50,4_2_8,3,False,4,3,3,3,4,4,4,4
5514,1049-50,2_4_12,3,False,5,4,4,4,4,4,3,4
5520,1049-50,1_2_1,3,False,4,4,3,4,3,3,4,4
5521,1049-50,2_2_3,3,False,4,5,4,4,4,4,3,4
5523,1049-50,3_2_2,3,False,3,5,4,3,3,4,4,3
5524,1049-50,3_2_2,3,False,5,4,4,4,4,4,4,4
5529,1049-50,4_2_10,3,False,3,4,3,4,3,3,2,3
5530,1049-50,1_1_3,3,False,5,4,3,4,5,4,3,5
5534,1049-50,4_2_12,3,False,5,4,4,4,4,4,4,4
5536,1049-50,2_3_8,3,False,4,4,3,3,4,4,4,5
5543,1049-50,1_1_5,3,False,5,4,5,4,4,4,4,4
5547,1049-50,4_2_12,3,False,4,4,4,4,5,3,4,5
5549,1049-50,2_2_3,3,False,5,4,4,5,4,4,4,5
5555,1049-50,1_1_3,3,False,5,4,4,4,4,4,4,4
5556,1049-50,2_2_5,3,False,4,4,4,4,4,4,4,4
5563,1049-50,1_2_1,3,False,4,4,3,3,4,3,3,4
5564,1049-50,2_2_5,3,False,5,5,4,4,5,4,5,5
5565,1049-50,2_3_8,3,False,3,3,3,4,4,4,4,4
5569,1049-50,3_2_2,3,False,5,4,3,4,4,4,3,4
5570,1049-50,1_1_1,3,False,5,4,4,4,5,4,4,4
5577,1049-50,1_1_1,3,False,4,3,3,4,3,4,3,3
5579,1049-50,2_2_3,3,False,4,4,3,4,3,4,3,3
5582,1049-50,2_2_2,3,False,4,4,5,4,5,4,4,4
5585,1049-50,2_3_8,3,False,4,5,4,4,4,4,4,4
5587,1049-50,1_1_4,3,False,5,5,5,4,4,4,4,5
5591,1049-50,3_5_13,3,False,4,4,4,4,3,4,3,4
5596,1049-50,3_5_13,3,False,4,4,3,4,4,3,4,4
560,1049-50,1_1_4,3,False,4,4,3,4,4,3,3,3
5601,1049-50,4_2_8,3,False,3,4,4,4,3,3,3,4
5604,1049-50,4_2_12,3,False,5,4,4,5,4,5,4,3
5612,1049-50,5_3_12,3,False,3,3,4,3,3,4,3,4
5613,1049-50,1_1_3,3,False,5,4,4,4,4,4,4,5
5614,1049-50,2_4_12,3,False,4,4,3,4,3,3,4,3
5619,1049-50,2_2_5,3,False,4,3,4,4,4,4,3,4
5621,1049-50,1_1_2,3,False,5,4,4,5,5,4,4,4
5623,1049-50,2_1_1,3,False,5,4,4,4,4,3,4,4
5624,1049-50,1_1_4,3,False,5,5,4,5,4,4,5,5
5627,1049-50,1_2_1,3,False,5,4,4,4,4,5,5,5
5628,1049-50,2_4_12,3,False,3,5,3,4,3,3,3,4
5631,1049-50,3_2_2,3,False,5,3,4,4,5,4,3,4
5632,1049-50,5_3_11,3,False,3,2,2,3,2,3,3,2
5633,1049-50,2_4_10,3,False,5,4,4,4,4,4,4,4
5635,1049-50,5_3_11,3,False,3,3,2,3,3,3,3,3
5636,1049-50,2_2_6,3,False,5,5,5,5,5,4,5,5
5638,1049-50,3_5_13,3,False,3,5,4,4,3,3,5,4
5649,1049-50,2_2_6,3,False,5,5,5,4,3,4,5,4
5654,1049-50,4_2_11,3,False,3,4,4,3,4,4,4,4
5663,1049-50,4_2_8,3,False,3,4,3,3,4,4,4,3
5673,1049-50,2_3_9,3,False,4,3,3,3,3,4,3,3
5678,1049-50,1_1_1,3,False,4,4,5,4,4,4,3,4
5681,1049-50,1_1_2,3,False,4,4,4,4,3,4,4,5
5682,1049-50,1_1_4,3,False,5,4,5,4,4,4,5,4
5684,1049-50,1_1_3,3,False,4,5,4,5,4,4,5,4
5686,1049-50,2_4_12,3,False,5,4,4,5,4,5,4,4
5687,1049-50,2_4_12,3,False,3,3,3,3,3,4,4,3
569,1049-50,2_3_9,3,True,4,5,4,4,4,4,4,4
5694,1049-50,2_2_6,3,False,5,5,5,5,5,5,5,5
5695,1049-50,2_3_7,3,False,4,4,3,3,4,4,3,3
5696,1049-50,2_2_5,3,False,4,4,3,3,4,4,4,3
5706,1049-50,2_4_12,3,False,4,4,3,4,3,4,4,4
5711,1049-50,4_2_8,3,False,4,4,3,3,4,3,4,4
5714,1049-50,5_3_11,3,False,4,5,3,3,3,4,4,4
5715,1049-50,2_4_12,3,False,5,4,4,4,4,4,4,4
5728,1049-50,4_2_9,3,False,3,4,3,5,3,5,4,4
5730,1049-50,2_3_7,3,False,5,5,5,4,5,5,5,5
5733,1049-50,1_1_5,3,False,5,5,3,3,4,5,5,5
5735,1049-50,2_4_10,3,False,4,4,4,4,5,5,4,4
5740,1049-50,2_2_6,3,False,4,4,4,4,4,4,4,4
5746,1049-50,2_2_4,3,False,5,4,4,5,4,4,3,4
5750,1049-50,2_3_7,3,False,5,3,4,4,3,3,3,3
5753,1049-50,2_1_1,3,False,3,4,3,3,4,4,4,3
5755,1049-50,2_2_4,3,False,4,4,4,5,3,4,4,4
5761,1049-50,4_2_9,3,False,3,4,4,5,4,4,4,4
5766,1049-50,3_2_2,3,False,4,4,4,4,3,4,4,4
5768,1049-50,4_2_12,3,False,4,4,3,5,4,4,4,3
5769,1049-50,2_1_1,3,False,4,3,4,4,4,5,5,4
5772,1049-50,4_2_9,3,False,3,3,4,3,4,4,4,3
5776,1049-50,4_2_8,3,False,4,4,4,4,3,4,3,4
5779,1049-50,4_2_9,3,False,3,5,4,4,4,4,5,5
5782,1049-50,4_2_8,3,False,4,4,4,4,4,4,4,5
5784,1049-50,2_2_5,3,False,4,4,4,4,4,5,5,4
5792,1049-50,3_5_13,3,False,4,5,4,4,4,4,4,5
5793,1049-50,2_2_2,3,False,4,4,4,4,3,4,4,4
5799,1049-50,2_3_7,3,False,4,4,3,4,4,4,4,3
5802,1049-50,1_1_5,3,False,5,4,3,4,4,3,3,5
5803,1049-50,2_4_12,3,False,4,4,4,5,4,4,4,5
5804,1049-50,2_2_3,3,False,4,3,3,4,4,3,3,3
5805,1049-50,2_3_8,3,False,5,4,4,4,5,4,5,4
5808,1049-50,4_2_12,3,False,4,3,3,3,3,3,2,4
5810,1049-50,1_2_1,3,False,5,4,4,4,4,4,4,4
5815,1049-50,2_3_8,3,False,5,5,4,4,4,4,4,4
5818,1049-50,2_2_6,3,False,4,3,3,4,4,4,3,4
5823,1049-50,1_1_2,3,False,4,5,4,5,4,4,4,4
5825,1049-50,5_3_11,3,False,4,3,4,4,3,4,3,4
5834,1049-50,3_5_13,3,False,3,4,3,4,3,4,4,3
5836,1049-50,5_3_11,3,False,4,3,3,4,4,3,3,2
5838,1049-50,4_2_12,3,False,5,4,5,4,4,3,4,5
5843,1049-50,4_2_12,3,False,4,4,4,4,3,3,4,4
5847,1049-50,1_1_3,3,False,4,4,4,5,4,4,4,4
5848,1049-50,1_2_1,3,False,4,4,5,4,4,4,3,4
5852,1049-50,2_4_12,3,False,3,3,2,3,3,3,3,3
5855,1049-50,2_4_10,3,False,5,5,4,5,4,4,5,5
5858,1049-50,4_2_8,3,False,4,4,4,4,4,5,4,4
5860,1049-50,2_4_12,3,False,4,4,5,4,4,4,4,4
5861,1049-50,2_2_2,3,False,4,4,3,3,3,3,3,3
5863,1049-50,2_1_1,3,False,4,5,4,5,4,5,4,4
5869,1049-50,2_4_12,3,False,4,4,3,5,4,5,4,4
5872,1049-50,4_2_9,3,False,5,4,4,3,4,4,4,4
5875,1049-50,4_2_10,3,False,3,3,5,4,4,4,2,4
5880,1049-50,1_1_3,3,False,4,5,4,4,4,4,5,4
5884,1049-50,2_3_7,3,False,4,4,4,3,4,4,4,4
5891,1049-50,2_2_5,3,False,4,5,4,5,4,5,4,4
5894,1049-50,2_4_12,3,False,5,4,4,4,4,4,4,4
5895,1049-50,2_2_6,3,False,4,4,3,4,4,4,4,4
5897,1049-50,4_2_12,3,False,4,4,4,4,3,4,4,3
5900,1049-50,2_1_1,3,False,4,4,3,3,3,4,4,3
5906,1049-50,2_2_6,3,False,5,4,4,5,4,4,4,4
5907,1049-50,1_1_3,3,False,4,4,4,4,3,4,4,4
5909,1049-50,5_3_12,3,False,5,4,4,4,4,4,4,5
5910,1049-50,2_2_5,3,False,4,4,3,3,3,3,4,4
5912,1049-50,1_1_4,3,False,4,4,3,4,4,3,3,3
5915,1049-50,5_3_11,3,False,3,4,4,4,4,4,3,4
5923,1049-50,2_2_3,3,False,4,4,4,4,4,4,4,5
5924,1049-50,2_4_10,3,False,5,4,4,4,4,4,5,4
5925,1049-50,2_4_12,3,False,4,4,4,4,3,3,3,3
5926,1049-50,2_3_7,3,False,5,4,4,4,4,4,4,4
5932,1049-50,2_4_10,3,False,5,5,4,4,5,4,4,5
5942,1049-50,2_2_5,3,False,5,4,5,4,4,4,4,4
5945,1049-50,2_4_10,3,False,4,4,3,4,4,4,4,4
5948,1049-50,2_1_1,3,False,5,5,4,5,4,4,3,4
5950,1049-50,1_1_3,3,False,5,4,5,5,4,5,4,5
5951,1049-50,5_3_11,3,False,4,5,4,5,4,4,4,5
5957,1049-50,4_2_11,3,False,4,4,4,5,4,4,4,4
5959,1049-50,2_3_7,3,False,5,4,4,5,4,5,4,4
5962,1049-50,5_3_12,3,False,3,4,3,4,4,3,3,3
5964,1049-50,4_2_9,3,False,3,4,4,4,4,4,4,4
5966,1049-50,4_2_11,3,False,3,3,4,4,4,3,3,4
5967,1049-50,2_2_2,3,False,4,4,4,5,4,4,4,5
5972,1049-50,2_2_2,3,False,5,5,4,4,4,4,4,5
5974,1049-50,2_2_2,3,False,4,4,4,4,4,3,4,4
598,1049-50,1_1_2,3,False,3,4,3,3,4,4,4,4
5980,1049-50,4_2_12,3,False,5,4,4,4,4,4,3,5
5982,1049-50,1_2_1,3,False,4,4,4,3,4,4,4,3
5986,1049-50,2_2_3,3,False,5,3,4,4,4,3,4,4
5987,1049-50,4_2_11,3,False,3,3,4,3,3,3,4,3
5997,1049-50,4_2_11,3,False,3,4,4,4,3,3,3,4
6000,1049-50,4_2_8,3,False,4,4,4,4,3,4,4,3
6006,1049-50,1_1_5,3,False,4,4,4,4,4,4,4,3
6007,1049-50,2_4_11,3,False,4,4,4,4,3,4,4,4
6008,1049-50,2_2_2,3,False,4,4,4,4,4,4,3,4
6013,1049-50,2_1_1,3,False,5,3,3,4,3,4,4,5
6014,1049-50,3_1_1,3,False,4,4,4,3,3,4,3,3
6022,1049-50,4_2_8,3,False,5,5,4,5,5,4,4,5
6026,1049-50,2_1_1,3,False,4,4,3,4,4,4,5,4
6027,1049-50,1_1_1,3,False,4,4,4,3,4,5,4,4
6028,1049-50,1_1_4,3,False,3,3,4,3,3,3,4,3
6032,1049-50,1_2_1,3,False,4,4,3,4,2,4,3,3
6044,1049-50,1_1_1,3,False,3,4,3,2,3,4,3,3
6045,1049-50,4_2_11,3,False,4,4,4,4,4,4,3,4
6048,1049-50,5_3_11,3,False,3,2,3,3,3,4,4,4
6049,1049-50,4_2_12,3,False,3,3,3,4,3,3,3,3
6050,1049-50,1_1_5,3,False,5,4,4,4,4,3,3,3
6051,1049-50,1_2_1,3,False,5,4,5,4,4,4,4,5
6052,1049-50,2_1_1,3,False,4,5,4,4,4,4,4,5
6053,1049-50,2_3_9,3,False,4,4,4,2,4,3,3,3
6056,1049-50,2_3_8,3,False,4,4,2,3,4,4,4,3
6057,1049-50,1_1_2,3,False,4,4,4,4,4,4,3,4
6059,1049-50,3_1_1,3,False,5,5,4,4,5,4,5,5
6064,1049-50,3_2_2,3,False,5,4,3,3,3,3,4,3
6066,1049-50,2_1_1,3,False,4,5,3,3,4,3,4,4
6067,1049-50,2_4_12,3,False,4,4,4,4,4,4,4,3
6070,1049-50,1_1_4,3,False,5,4,4,4,4,4,4,4
6072,1049-50,2_2_3,3,False,4,5,4,4,4,3,3,5
6074,1049-50,4_2_10,3,False,3,4,3,3,4,3,3,4
6075,1049-50,1_1_3,3,False,5,4,4,5,5,4,4,4
6077,1049-50,4_2_12,3,False,4,4,4,5,4,4,4,4
6082,1049-50,3_5_13,3,False,5,5,4,4,5,5,4,5
6084,1049-50,1_1_3,3,False,3,3,3,3,3,4,3,3
6087,1049-50,2_3_8,3,False,4,4,4,5,4,4,4,4
6088,1049-50,1_1_5,3,False,5,4,5,5,4,4,4,4
6090,1049-50,1_1_5,3,False,4,4,4,5,4,4,4,5
6092,1049-50,4_2_9,3,False,3,4,3,3,4,3,3,3
6093,1049-50,2_3_8,3,False,4,4,4,3,4,4,4,4
6095,1049-50,2_2_2,3,False,5,4,4,4,4,3,4,4
6096,1049-50,2_2_2,3,False,5,5,4,5,3,3,4,4
6098,1049-50,2_3_9,3,False,4,4,3,3,3,4,4,4
6102,1049-50,2_2_4,3,False,4,4,3,5,4,4,3,4
6107,1049-50,5_3_11,3,False,4,4,5,4,4,4,4,4
611,1049-50,2_2_2,3,True,4,4,2,4,3,4,3,3
6110,1049-50,1_1_5,3,False,4,3,4,4,3,4,4,4
6112,1049-50,3_2_2,3,False,4,3,3,4,3,3,4,4
6114,1049-50,2_2_5,3,False,4,4,4,4,4,4,4,4
6117,1049-50,4_2_12,3,False,4,3,4,4,4,4,3,5
6118,1049-50,2_4_12,3,False,3,4,3,4,4,4,3,3
6122,1049-50,2_3_7,3,False,3,4,4,4,3,3,4,5
6128,1049-50,3_5_13,3,False,5,4,4,5,5,4,4,5
6131,1049-50,2_3_8,3,False,5,5,5,5,5,5,5,5
6132,1049-50,2_4_10,3,False,5,5,4,4,4,4,3,4
6133,1049-50,4_2_10,3,False,3,4,4,4,4,4,3,4
6135,1049-50,2_4_11,3,False,4,4,3,4,4,4,3,4
6136,1049-50,1_1_3,3,False,4,3,3,4,3,4,4,4
6137,1049-50,5_3_11,3,False,4,4,5,4,4,4,4,5
6141,1049-50,4_2_11,3,False,4,4,4,4,4,3,3,4
6146,1049-50,4_2_9,3,False,3,3,4,5,3,4,4,4
6150,1049-50,2_2_3,3,False,3,3,3,4,4,3,3,3
6153,1049-50,4_2_8,3,False,3,2,3,4,3,3,4,3
6154,1049-50,4_2_9,3,False,4,3,4,4,4,3,4,4
6155,1049-50,2_2_2,3,False,5,5,5,4,4,4,4,5
6157,1049-50,1_1_3,3,False,4,5,4,5,4,4,4,4
6158,1049-50,2_2_6,3,False,4,3,4,3,3,4,4,4
6160,1049-50,1_1_4,3,False,4,3,3,5,4,4,4,4
6165,1049-50,4_2_10,3,False,3,3,4,3,4,3,3,3
6173,1049-50,2_3_8,3,False,4,4,4,4,4,3,4,4
6174,1049-50,4_2_12,3,False,5,4,3,4,5,4,4,4
6175,1049-50,4_2_12,3,False,5,5,3,4,4,4,4,4
6178,1049-50,2_2_2,3,False,4,4,4,4,4,4,3,4
6179,1049-50,2_2_2,3,False,4,4,3,4,3,3,3,3
6182,1049-50,1_1_2,3,False,4,4,4,4,4,4,3,4
6185,1049-50,4_2_8,3,False,4,4,4,4,4,4,4,4
6189,1049-50,3_1_1,3,False,4,4,4,4,3,4,4,4
6191,1049-50,2_2_3,3,False,4,3,4,4,3,4,4,4
6195,1049-50,4_2_9,3,False,3,4,5,4,4,4,3,5
6196,1049-50,1_2_1,3,False,5,5,4,5,4,4,4,3
6197,1049-50,1_1_5,3,False,5,4,4,4,4,4,4,4
6199,1049-50,1_1_2,3,False,5,4,4,4,3,4,3,4
6202,1049-50,1_1_3,3,False,4,4,4,4,3,5,4,3
6205,1049-50,2_3_8,3,False,3,3,3,3,3,3,4,4
6208,1049-50,4_2_11,3,False,3,3,4,4,4,4,3,4
6213,1049-50,2_4_10,3,False,5,5,4,5,5,4,4,5
6219,1049-50,2_4_10,3,False,5,5,4,4,5,4,4,5
6223,1049-50,2_2_4,3,False,5,5,5,5,4,4,4,5
6226,1049-50,1_1_2,3,False,4,4,4,5,5,5,5,5
6227,1049-50,2_4_12,3,False,5,3,4,4,3,4,3,4
6229,1049-50,2_4_10,3,False,4,4,4,3,3,4,4,3
6237,1049-50,2_4_12,3,False,4,4,4,5,4,3,4,3
6245,1049-50,4_2_11,3,False,3,4,4,4,3,4,3,3
6248,1049-50,4_2_11,3,False,4,4,5,5,4,4,4,4
6250,1049-50,1_1_5,3,False,5,5,5,4,5,5,4,5
6251,1049-50,3_2_2,3,False,5,4,4,4,5,4,4,5
6252,1049-50,3_5_13,3,False,3,4,3,3,3,3,3,3
6256,1049-50,5_3_11,3,False,4,4,4,4,4,4,3,4
6257,1049-50,2_3_8,3,False,5,4,5,4,4,5,4,4
6259,1049-50,4_2_12,3,False,5,5,5,4,4,4,4,4
6261,1049-50,2_4_12,3,False,5,4,4,5,4,5,5,5
6262,1049-50,2_3_8,3,False,5,4,5,5,4,4,4,4
6267,1049-50,3_2_2,3,False,4,4,4,4,3,4,4,3
6268,1049-50,2_1_1,3,False,4,3,3,4,3,4,3,3
6271,1049-50,2_2_4,3,False,3,4,3,3,4,4,4,3
6282,1049-50,1_1_5,3,False,5,5,5,5,5,5,4,5
6284,1049-50,2_2_2,3,False,4,4,4,4,4,4,4,4
6286,1049-50,1_1_2,3,False,5,4,4,4,3,5,5,4
6291,1049-50,5_3_11,3,False,4,3,4,3,4,3,4,5
6292,1049-50,2_2_5,3,False,4,4,3,3,4,4,5,4
6303,1049-50,2_4_11,3,False,4,5,3,4,5,4,5,4
6307,1049-50,2_4_10,3,False,4,4,3,4,4,4,4,4
6310,1049-50,4_2_11,3,False,4,4,3,4,3,3,3,4
6313,1049-50,4_2_10,3,False,5,4,4,4,4,4,4,4
6326,1049-50,2_3_8,3,False,4,3,4,5,4,4,4,4
6329,1049-50,3_1_1,3,False,4,5,5,4,4,5,4,5
6330,1049-50,2_3_8,3,False,5,4,5,4,4,5,4,4
6333,1049-50,3_2_2,3,False,5,3,4,4,4,4,3,4
6334,1049-50,2_3_7,3,False,2,4,3,3,3,3,4,3
6336,1049-50,2_3_9,3,False,4,4,3,3,4,4,4,3
6342,1049-50,3_5_13,3,False,4,4,4,4,4,4,4,4
6346,1049-50,5_3_11,3,False,3,4,4,4,4,4,3,4
6347,1049-50,2_2_4,3,False,4,3,4,3,3,4,4,3
6350,1049-50,2_3_7,3,False,5,4,4,4,4,4,4,4
6351,1049-50,4_2_12,3,False,4,3,3,4,4,4,3,4
6359,1049-50,4_2_12,3,False,4,4,3,3,4,3,4,4
636,1049-50,2_4_12,3,True,4,4,4,4,4,4,4,5
6368,1049-50,4_2_12,3,False,5,5,5,5,5,5,5,5
6373,1049-50,1_1_4,3,False,5,4,4,4,4,4,4,4
6376,1049-50,2_2_2,3,False,4,4,4,4,4,4,4,4
6377,1049-50,2_4_12,3,False,3,4,3,3,3,3,4,4
6380,1049-50,5_3_12,3,False,4,3,4,4,4,4,3,4
6381,1049-50,4_2_10,3,False,4,3,5,4,4,4,4,5
6384,1049-50,4_2_9,3,False,3,3,4,4,4,4,4,3
6385,1049-50,3_5_13,3,False,3,3,4,4,4,3,3,4
6387,1049-50,2_4_12,3,False,5,4,4,4,4,4,4,4
6393,1049-50,2_2_5,3,False,4,4,5,5,4,4,3,4
6394,1049-50,3_2_2,3,False,3,4,3,4,4,4,4,4
6397,1049-50,2_1_1,3,False,4,3,3,4,3,4,3,2
6399,1049-50,1_1_5,3,False,4,4,4,4,4,4,4,4
6401,1049-50,3_5_13,3,False,4,4,5,4,4,3,3,4
6403,1049-50,1_2_1,3,False,4,4,4,4,3,3,4,3
6406,1049-50,1_1_2,3,False,4,4,4,3,3,4,4,4
6408,1049-50,2_3_9,3,False,3,4,3,3,3,4,2,3
6412,1049-50,2_3_7,3,False,4,3,4,3,3,4,3,4
6413,1049-50,2_3_7,3,False,5,5,4,4,3,4,4,3
6415,1049-50,4_2_8,3,False,3,3,5,4,3,4,3,3
6420,1049-50,2_2_3,3,False,5,4,4,4,4,4,5,5
6430,1049-50,4_2_9,3,False,3,3,3,3,4,3,3,3
6432,1049-50,5_3_11,3,False,4,4,4,5,4,4,4,4
6437,1049-50,2_3_9,3,False,4,4,3,4,3,3,4,3
6439,1049-50,2_1_1,3,False,4,4,3,3,3,4,3,3
6442,1049-50,3_2_2,3,False,5,4,5,5,4,5,4,5
6444,1049-50,3_2_2,3,False,4,3,3,4,4,3,4,3
6445,1049-50,4_2_11,3,False,4,4,4,4,3,5,4,4
6450,1049-50,2_1_1,3,False,5,4,3,3,4,3,3,4
6455,1049-50,2_2_6,3,False,4,4,4,4,3,4,4,4
6456,1049-50,2_3_7,3,False,5,4,4,4,3,4,4,4
6458,1049-50,4_2_9,3,False,3,4,4,4,3,4,4,3
6460,1049-50,2_2_5,3,False,4,4,4,4,5,3,4,3
6467,1049-50,4_2_9,3,False,3,4,4,4,4,4,4,4
6469,1049-50,3_5_13,3,False,4,4,4,4,4,4,3,4
6472,1049-50,5_3_11,3,False,3,4,4,3,4,3,4,4
6478,1049-50,1_1_3,3,False,4,4,5,4,4,4,3,4
6481,1049-50,2_2_5,3,False,4,3,3,2,3,4,3,3
6482,1049-50,4_2_12,3,False,4,4,5,4,3,3,4,4
6489,1049-50,2_2_2,3,False,3,4,3,3,4,4,3,3
6491,1049-50,2_3_8,3,False,5,5,5,5,4,5,4,5
6493,1049-50,3_5_13,3,False,3,4,4,4,4,3,4,5
6495,1049-50,4_2_12,3,False,4,5,4,4,3,4,4,4
6496,1049-50,2_4_12,3,False,4,3,4,3,4,4,4,4
6501,1049-50,2_3_7,3,False,4,4,3,3,3,4,3,3
6506,1049-50,2_2_2,3,False,4,4,3,4,4,4,4,4
6510,1049-50,3_5_13,3,False,4,4,4,4,4,4,4,4
6517,1049-50,1_1_4,3,False,5,5,3,4,4,3,3,4
6519,1049-50,1_1_2,3,False,4,4,4,4,4,4,4,4
6522,1049-50,2_1_1,3,False,4,4,4,4,4,4,4,3
6523,1049-50,4_2_8,3,False,4,3,4,4,3,4,3,4
6529,1049-50,2_1_1,3,False,4,5,4,5,4,4,4,5
6532,1049-50,2_2_2,3,False,4,4,4,3,3,4,4,3
6535,1049-50,3_2_2,3,False,5,4,4,4,4,4,3,4
6540,1049-50,4_2_12,3,False,4,4,3,2,3,3,3,3
6546,1049-50,4_2_8,3,False,5,4,4,5,3,3,5,3
6548,1049-50,2_4_12,3,False,4,5,3,4,3,4,4,3
6551,1049-50,2_2_4,3,False,3,4,3,3,4,3,4,3
6552,1049-50,4_2_11,3,False,4,3,4,3,3,4,3,4
6554,1049-50,4_2_12,3,False,3,3,4,4,3,4,3,3
6556,1049-50,4_2_10,3,False,3,3,3,2,3,2,3,2
6557,1049-50,2_3_8,3,False,5,4,4,4,4,4,4,5
6561,1049-50,1_1_5,3,False,4,5,4,4,3,4,4,4
6562,1049-50,1_2_1,3,False,4,3,3,3,3,4,4,3
6570,1049-50,1_1_1,3,False,4,4,4,4,4,5,4,3
6571,1049-50,1_1_1,3,False,4,4,4,4,4,5,4,4
6573,1049-50,2_4_10,3,False,4,4,4,4,3,4,4,4
6576,1049-50,2_2_6,3,False,5,3,5,4,4,4,3,3
6580,1049-50,2_1_1,3,False,5,4,5,5,4,4,3,5
6583,1049-50,1_1_1,3,False,3,4,3,3,3,4,3,3
6585,1049-50,2_3_7,3,False,5,4,4,4,4,4,4,4
6591,1049-50,4_2_9,3,False,4,4,3,3,4,4,4,5
6596,1049-50,2_2_3,3,False,5,4,4,4,4,4,4,4
6600,1049-50,2_3_7,3,False,5,4,4,5,4,4,5,5
6601,1049-50,1_1_1,3,False,4,4,3,4,4,4,5,4
6602,1049-50,4_2_10,3,False,4,4,3,4,3,3,4,4
6603,1049-50,2_4_11,3,False,4,4,4,4,3,3,3,4
6607,1049-50,4_2_9,3,False,3,3,3,3,3,3,3,3
6611,1049-50,2_1_1,3,False,4,4,4,5,3,4,4,4
6612,1049-50,1_1_4,3,False,3,4,3,4,2,3,4,3
6617,1049-50,2_2_6,3,False,5,4,4,4,4,4,4,4
6631,1049-50,2_2_4,3,False,4,4,3,4,3,3,5,4
6634,1049-50,2_4_12,3,False,5,4,4,4,4,4,4,4
6635,1049-50,1_1_1,3,False,4,4,3,4,4,4,5,3
6638,1049-50,1_1_4,3,False,5,4,4,4,4,4,4,4
6642,1049-50,1_1_5,3,False,4,5,3,4,4,4,3,4
6647,1049-50,2_4_10,3,False,5,5,4,5,5,5,5,4
6648,1049-50,2_4_11,3,False,4,4,4,4,4,4,3,4
6654,1049-50,2_3_8,3,False,4,3,2,3,3,3,3,3
6656,1049-50,2_2_6,3,False,4,4,3,3,2,4,3,3
6661,1049-50,2_2_2,3,False,4,4,3,3,3,4,3,4
6666,1049-50,1_1_3,3,False,3,3,3,3,3,3,3,3
6667,1049-50,2_2_4,3,False,5,4,4,5,4,5,4,4
6672,1049-50,2_2_2,3,False,4,4,4,4,3,4,4,4
6674,1049-50,1_1_1,3,False,5,4,5,4,4,5,5,4
6682,1049-50,2_2_2,3,False,4,3,3,4,3,3,4,3
6685,1049-50,3_1_1,3,False,5,4,4,4,4,4,4,5
6686,1049-50,2_4_11,3,False,5,4,4,5,4,4,4,4
6690,1049-50,3_2_2,3,False,5,5,4,5,4,5,3,5
6694,1049-50,2_3_8,3,False,5,4,4,4,4,5,4,4
6697,1049-50,5_3_11,3,False,4,4,3,3,4,3,4,3
6698,1049-50,3_5_13,3,False,4,4,5,4,4,4,4,4
6709,1049-50,2_3_7,3,False,4,4,4,3,3,3,4,3
6710,1049-50,5_3_12,3,False,4,3,3,4,4,3,3,4
6714,1049-50,2_3_8,3,False,5,4,4,4,4,4,4,5
6716,1049-50,1_1_4,3,False,3,4,4,4,4,4,4,3
6718,1049-50,1_2_1,3,False,4,3,3,3,3,3,4,4
6719,1049-50,3_5_13,3,False,4,4,5,4,4,4,4,5
6721,1049-50,2_2_4,3,False,4,4,4,3,4,4,3,4
6723,1049-50,2_2_6,3,False,4,4,4,4,4,5,4,4
6726,1049-50,2_3_7,3,False,3,3,4,4,3,3,3,4
6732,1049-50,4_2_12,3,False,4,4,3,4,4,5,3,4
6736,1049-50,2_3_8,3,False,5,5,4,4,4,5,4,5
6738,1049-50,2_2_4,3,False,4,4,4,4,4,3,4,4
6740,1049-50,1_1_5,3,False,4,2,3,3,3,4,3,3
6741,1049-50,4_2_8,3,False,4,3,4,4,4,4,3,4
6743,1049-50,4_2_8,3,False,4,3,3,4,3,3,3,4
6744,1049-50,4_2_8,3,False,4,4,3,3,4,4,3,4
6749,1049-50,4_2_12,3,False,4,3,4,3,3,3,3,4
6750,1049-50,4_2_12,3,False,4,3,3,5,4,4,3,3
6751,1049-50,2_1_1,3,False,4,5,4,4,4,4,4,4
6754,1049-50,4_2_10,3,False,3,3,2,3,3,3,3,3
6757,1049-50,4_2_9,3,False,3,4,5,4,4,4,5,4
6758,1049-50,5_3_11,3,False,4,3,4,4,4,4,4,4
676,1049-50,3_2_2,3,False,5,5,4,4,4,4,3,4
6762,1049-50,5_3_11,3,False,4,4,4,4,3,4,4,4
6766,1049-50,4_2_10,3,False,4,4,5,4,4,4,3,5
6767,1049-50,3_5_13,3,False,4,4,5,5,4,4,4,4
6770,1049-50,3_5_13,3,False,4,3,3,4,4,4,3,4
6774,1049-50,1_1_1,3,False,4,4,4,5,3,4,4,5
6778,1049-50,4_2_8,3,False,4,4,5,5,4,4,5,4
6783,1049-50,1_1_3,3,False,4,4,4,5,3,5,4,4
6789,1049-50,2_3_7,3,False,5,4,4,5,4,4,4,4
6795,1049-50,4_2_12,3,False,4,4,4,3,3,4,4,3
6798,1049-50,2_2_3,3,False,4,4,3,4,2,3,3,4
6802,1049-50,1_1_4,3,False,4,4,3,4,4,4,3,4
6803,1049-50,2_2_3,3,False,4,5,5,4,5,4,4,5
6810,1049-50,1_1_4,3,False,4,4,4,4,3,4,3,4
6812,1049-50,3_1_1,3,False,4,4,3,3,3,4,3,3
6813,1049-50,2_4_10,3,False,4,5,4,4,4,4,5,4
6814,1049-50,4_2_10,3,False,4,4,4,4,4,4,4,4
6815,1049-50,2_3_7,3,False,4,4,4,5,4,3,3,4
6816,1049-50,2_2_3,3,False,4,3,3,3,3,4,4,3
6822,1049-50,2_4_12,3,False,4,4,4,3,4,4,4,4
6827,1049-50,2_2_4,3,False,5,4,4,4,4,5,5,4
6828,1049-50,4_2_9,3,False,4,4,4,5,4,4,4,4
6836,1049-50,2_2_2,3,False,4,3,3,4,4,4,4,3
6837,1049-50,2_4_10,3,False,4,4,4,3,3,4,4,3
6840,1049-50,4_2_10,3,False,4,3,4,3,4,4,4,4
6841,1049-50,2_4_12,3,False,4,3,4,4,4,4,4,4
6843,1049-50,1_1_1,3,False,4,5,4,5,5,4,4,5
6844,1049-50,2_2_3,3,False,5,5,4,4,5,4,3,4
6848,1049-50,2_2_3,3,False,4,4,4,5,5,4,4,5
6851,1049-50,4_2_12,3,False,4,5,4,4,4,3,3,4
6854,1049-50,2_4_12,3,False,4,4,3,3,3,4,4,3
6855,1049-50,1_1_5,3,False,3,3,3,3,3,4,3,4
686,1049-50,1_1_3,3,False,4,4,2,4,3,3,3,4
6861,1049-50,2_2_5,3,False,4,3,4,4,3,4,3,3
6863,1049-50,4_2_10,3,False,5,5,5,4,4,4,5,5
6864,1049-50,4_2_8,3,False,4,4,4,4,4,3,4,4
6868,1049-50,4_2_11,3,False,4,4,4,4,4,4,4,5
6869,1049-50,1_1_4,3,False,5,4,4,4,4,4,4,5
6873,1049-50,2_3_7,3,False,4,3,5,4,3,3,4,4
6875,1049-50,2_2_5,3,False,4,4,3,4,4,4,3,4
6878,1049-50,4_2_11,3,False,4,4,4,3,4,4,4,5
6881,1049-50,2_3_7,3,False,4,3,3,3,3,4,4,3
6882,1049-50,2_3_9,3,False,4,3,3,3,4,4,4,3
6883,1049-50,4_2_8,3,False,4,4,3,4,4,3,4,3
6894,1049-50,2_2_5,3,False,4,4,3,4,3,4,5,4
6895,1049-50,2_2_5,3,False,4,4,4,4,4,4,3,4
6896,1049-50,4_2_8,3,False,4,3,4,5,4,4,4,4
6900,1049-50,2_2_3,3,False,3,4,3,4,3,3,4,4
6901,1049-50,3_2_2,3,False,5,5,5,5,4,5,4,5
6903,1049-50,1_2_1,3,False,4,5,4,3,3,3,4,4
6904,1049-50,1_2_1,3,False,4,3,4,4,4,3,4,3
6905,1049-50,3_2_2,3,False,5,4,4,4,4,4,4,4
6906,1049-50,2_3_8,3,False,4,4,4,4,4,4,4,4
6907,1049-50,1_1_4,3,False,5,4,4,4,3,4,4,3
6913,1049-50,2_4_10,3,False,4,4,5,4,4,5,3,4
6915,1049-50,1_1_1,3,False,5,4,4,4,4,3,4,5
6916,1049-50,4_2_9,3,False,4,3,3,5,3,4,3,4
6917,1049-50,2_2_2,3,False,4,4,4,3,4,4,4,4
6918,1049-50,2_2_5,3,False,4,5,3,4,3,3,4,3
6923,1049-50,2_2_6,3,False,5,3,3,3,3,3,3,4
6926,1049-50,2_3_9,3,False,4,5,4,4,4,4,4,5
6929,1049-50,2_3_8,3,False,5,4,4,4,4,4,3,5
6934,1049-50,1_1_1,3,False,5,4,4,3,4,4,4,4
6937,1049-50,4_2_12,3,False,4,4,4,5,5,5,4,5
6938,1049-50,2_2_2,3,False,4,4,3,4,4,3,3,3
6940,1049-50,2_2_3,3,False,4,4,3,4,4,3,3,4
6948,1049-50,3_2_2,3,False,5,4,4,3,4,4,4,3
6951,1049-50,4_2_12,3,False,4,4,4,4,3,3,4,4
6953,1049-50,2_1_1,3,False,4,3,4,4,4,4,4,3
6956,1049-50,1_1_3,3,False,4,4,3,4,4,4,3,4
6961,1049-50,1_1_2,3,False,4,4,3,3,3,4,4,3
6963,1049-50,3_5_13,3,False,5,4,5,5,5,5,4,5
6969,1049-50,2_3_7,3,False,4,4,5,4,4,5,5,4
6974,1049-50,3_1_1,3,False,5,4,4,4,4,4,4,5
6975,1049-50,4_2_12,3,False,5,4,5,4,4,5,5,5
6977,1049-50,2_3_7,3,False,5,4,5,4,4,4,4,4
6981,1049-50,2_1_1,3,False,5,4,5,4,4,5,4,4
6983,1049-50,2_4_11,3,False,4,4,3,3,4,3,3,3
6985,1049-50,1_1_3,3,False,4,5,4,5,4,4,4,5
6988,1049-50,4_2_11,3,False,5,5,5,5,4,5,4,5
6990,1049-50,3_2_2,3,False,4,5,4,4,4,5,4,5
6994,1049-50,2_2_5,3,False,5,4,4,4,4,4,4,5
6995,1049-50,4_2_9,3,False,4,4,3,4,4,4,3,4
7000,1049-50,4_2_12,3,False,4,4,5,5,5,4,4,4
7001,1049-50,3_2_2,3,False,3,4,3,3,4,4,4,3
7003,1049-50,4_2_9,3,False,4,4,4,4,4,4,4,4
7005,1049-50,1_1_2,3,False,4,3,4,4,4,4,4,4
7006,1049-50,4_2_11,3,False,3,4,5,3,4,4,3,3
7007,1049-50,4_2_12,3,False,4,4,3,4,4,4,4,3
7008,1049-50,3_5_13,3,False,4,4,4,4,4,4,4,4
7010,1049-50,2_3_8,3,False,5,4,4,4,4,4,4,4
7015,1049-50,4_2_11,3,False,4,3,3,3,3,3,3,2
7018,1049-50,5_3_11,3,False,3,4,4,4,4,3,4,4
7021,1049-50,2_2_5,3,False,3,4,4,4,4,4,3,3
7022,1049-50,2_2_2,3,False,4,4,5,4,3,5,4,4
7023,1049-50,2_2_4,3,False,4,3,3,4,3,4,3,3
7024,1049-50,2_4_12,3,False,5,5,4,5,4,5,5,4
7029,1049-50,2_4_12,3,False,5,4,5,4,4,4,3,4
7030,1049-50,2_2_5,3,False,4,3,5,5,4,4,3,4
7032,1049-50,2_2_3,3,False,3,4,5,4,4,4,3,4
7034,1049-50,2_4_10,3,False,4,4,4,4,4,5,5,4
7039,1049-50,2_1_1,3,False,4,4,3,3,3,3,4,4
7040,1049-50,2_3_8,3,False,4,4,3,3,3,4,4,2
7049,1049-50,5_3_11,3,False,3,4,4,3,2,3,3,3
7054,1049-50,3_2_2,3,False,5,4,4,5,4,3,4,4
7056,1049-50,5_3_11,3,False,3,3,4,4,3,3,3,4
7057,1049-50,5_3_11,3,False,4,4,3,4,3,3,3,4
7059,1049-50,2_1_1,3,False,4,4,4,4,4,3,4,3
7060,1049-50,1_1_2,3,False,4,3,4,4,4,3,3,4
7061,1049-50,2_2_6,3,False,5,4,4,4,4,4,4,5
7062,1049-50,1_1_2,3,False,4,5,5,4,4,4,5,5
7068,1049-50,4_2_12,3,False,4,4,3,4,2,3,4,3
707,1049-50,2_3_7,3,False,3,3,3,4,3,3,3,3
7070,1049-50,2_2_2,3,False,4,4,4,3,3,4,4,4
7072,1049-50,1_2_1,3,False,4,3,3,4,4,4,4,4
7073,1049-50,4_2_11,3,False,4,4,4,5,4,4,5,4
7078,1049-50,4_2_8,3,False,3,3,3,4,3,3,3,3
7080,1049-50,2_1_1,3,False,4,4,4,3,4,4,3,4
7088,1049-50,2_3_8,3,False,5,5,4,5,5,5,5,5
7095,1049-50,1_1_1,3,False,4,4,3,4,3,4,3,3
7099,1049-50,3_5_13,3,False,4,4,5,5,4,4,4,4
7101,1049-50,2_4_12,3,False,3,4,4,4,4,4,4,5
7103,1049-50,2_1_1,3,False,5,4,4,5,4,4,4,5
7105,1049-50,2_3_8,3,False,5,5,5,4,4,4,3,5
7121,1049-50,4_2_12,3,False,4,3,4,4,3,4,5,4
7124,1049-50,3_2_2,3,False,4,4,4,4,4,4,4,4
7128,1049-50,2_2_2,3,False,4,4,4,5,3,4,4,4
713,1049-50,2_2_5,3,True,5,4,5,4,4,5,4,5
7130,1049-50,2_1_1,3,False,5,5,4,4,4,5,4,5
7132,1049-50,2_2_3,3,False,4,4,4,3,4,3,4,4
7138,1049-50,2_3_7,3,False,4,4,5,5,4,4,4,5
7142,1049-50,2_1_1,3,False,5,4,4,5,4,4,5,4
7146,1049-50,2_4_12,3,False,4,5,4,5,5,4,4,4
7147,1049-50,4_2_12,3,False,5,4,4,5,5,4,4,4
7148,1049-50,4_2_12,3,False,4,4,4,4,4,4,4,4
7155,1049-50,1_1_4,3,False,5,4,3,4,3,4,4,4
7156,1049-50,2_1_1,3,False,4,4,3,3,3,4,4,4
7158,1049-50,2_3_8,3,False,4,3,2,3,3,4,3,2
7160,1049-50,1_1_3,3,False,4,3,4,4,3,4,4,4
7162,1049-50,4_2_11,3,False,4,4,5,5,4,4,4,5
7165,1049-50,2_4_12,3,False,4,4,3,3,3,5,4,4
7169,1049-50,2_2_4,3,False,5,5,5,5,4,4,4,5
7170,1049-50,2_2_2,3,False,4,4,4,5,4,4,4,4
7171,1049-50,2_4_12,3,False,5,4,4,4,4,5,5,5
7173,1049-50,4_2_9,3,False,4,3,3,4,3,3,3,3
7182,1049-50,4_2_8,3,False,4,3,4,5,4,4,4,5
7184,1049-50,2_1_1,3,False,4,4,3,3,4,4,5,4
7185,1049-50,2_2_4,3,False,5,4,4,4,3,4,4,4
7189,1049-50,2_2_6,3,False,4,3,3,4,3,4,3,3
7193,1049-50,2_4_12,3,False,4,4,4,5,4,4,4,4
7198,1049-50,3_5_13,3,False,4,3,2,3,2,4,3,3
7199,1049-50,4_2_9,3,False,3,4,4,3,5,4,4,4
72,1049-50,2_3_9,3,True,4,5,4,4,3,4,4,4
7205,1049-50,2_2_4,3,False,4,4,4,4,4,3,4,4
7215,1049-50,2_2_6,3,False,4,3,4,4,4,4,3,4
7218,1049-50,1_1_2,3,False,5,5,4,4,5,5,5,5
7221,1049-50,1_2_1,3,False,4,3,4,4,4,4,5,4
7223,1049-50,2_2_2,3,False,4,5,5,5,5,4,4,5
7225,1049-50,3_2_2,3,False,5,5,4,4,3,4,4,5
7226,1049-50,3_5_13,3,False,4,5,4,5,5,5,5,5
7228,1049-50,2_2_4,3,False,4,4,3,3,3,4,3,3
7233,1049-50,4_2_9,3,False,4,3,4,5,5,5,4,5
7237,1049-50,1_1_4,3,False,4,4,3,4,4,4,3,4
7244,1049-50,2_4_11,3,False,4,4,3,3,4,4,3,3
7245,1049-50,1_1_4,3,False,4,3,5,4,4,5,4,4
7246,1049-50,1_2_1,3,False,4,4,4,4,4,4,4,4
7254,1049-50,2_2_4,3,False,5,5,4,4,4,4,5,5
7255,1049-50,3_1_1,3,False,5,4,4,4,4,4,4,4
7258,1049-50,1_1_3,3,False,4,5,4,5,4,5,4,4
7259,1049-50,2_4_12,3,False,4,3,2,4,4,4,4,3
7260,1049-50,1_2_1,3,False,4,4,4,4,4,4,5,5
7262,1049-50,1_1_3,3,False,5,5,3,5,4,5,4,4
7269,1049-50,2_3_8,3,False,5,3,3,3,4,3,4,4
7270,1049-50,3_1_1,3,False,4,4,4,3,3,3,3,4
7273,1049-50,3_5_13,3,False,3,3,4,3,4,3,3,3
7274,1049-50,4_2_9,3,False,4,4,4,5,4,4,4,4
7275,1049-50,2_4_10,3,False,5,4,4,5,4,4,4,4
7276,1049-50,2_1_1,3,False,4,3,4,4,3,4,3,4
7278,1049-50,2_2_2,3,False,5,5,5,5,4,4,3,5
7279,1049-50,2_4_11,3,False,4,4,3,3,4,4,3,4
7283,1049-50,1_1_2,3,False,4,4,3,4,4,4,4,4
7286,1049-50,2_2_3,3,False,5,4,4,4,4,4,4,4
7288,1049-50,3_2_2,3,False,4,5,5,5,5,5,4,4
7289,1049-50,4_2_11,3,False,4,4,3,3,4,3,3,4
7295,1049-50,2_2_4,3,False,4,4,4,3,4,4,3,4
7297,1049-50,2_2_3,3,False,4,3,3,3,3,4,4,4
7298,1049-50,4_2_11,3,False,4,5,5,4,4,4,4,4
7302,1049-50,1_1_3,3,False,3,4,3,3,3,3,3,3
7304,1049-50,4_2_8,3,False,3,3,4,4,4,3,3,3
7309,1049-50,2_1_1,3,False,4,4,4,4,4,4,3,4
731,1049-50,1_1_1,3,False,4,5,3,5,4,4,3,4
7313,1049-50,1_1_2,3,False,4,4,4,3,3,4,3,4
7317,1049-50,1_1_4,3,False,4,4,4,5,4,4,3,5
732,1049-50,2_3_7,3,False,3,4,4,4,4,5,4,5
7321,1049-50,3_1_1,3,False,5,4,4,5,4,5,5,5
7323,1049-50,2_3_7,3,False,4,4,4,4,5,4,4,4
7327,1049-50,2_2_3,3,False,5,4,4,5,5,5,5,5
7330,1049-50,2_3_8,3,False,5,5,4,5,4,5,5,5
7331,1049-50,1_1_1,3,False,4,4,4,4,4,4,4,4
7334,1049-50,2_2_4,3,False,4,4,3,4,4,4,4,4
7340,1049-50,1_1_5,3,False,4,4,4,4,4,4,4,4
7341,1049-50,2_3_8,3,False,5,4,4,4,5,5,4,4
7343,1049-50,1_1_2,3,False,5,5,4,4,4,5,4,4
7346,1049-50,2_2_6,3,False,4,4,3,3,3,3,5,4
7348,1049-50,2_2_2,3,False,5,4,4,5,4,5,5,5
7349,1049-50,2_2_5,3,False,4,5,4,4,4,4,5,4
7353,1049-50,2_1_1,3,False,4,4,4,4,3,4,3,4
7354,1049-50,2_4_11,3,False,4,4,4,3,4,4,4,3
7357,1049-50,2_3_8,3,False,5,5,4,5,4,4,5,5
7358,1049-50,2_2_6,3,False,5,4,3,5,4,4,4,4
7360,1049-50,2_4_12,3,False,5,4,3,4,4,4,4,5
7361,1049-50,2_2_5,3,False,4,4,3,4,4,4,4,4
7365,1049-50,2_2_4,3,False,4,4,3,3,4,3,4,3
7372,1049-50,2_4_10,3,False,4,4,4,3,3,3,4,4
7374,1049-50,2_1_1,3,False,5,4,3,4,4,4,3,4
7376,1049-50,1_2_1,3,False,4,4,4,4,3,3,4,4
7379,1049-50,2_1_1,3,False,4,4,4,4,4,4,4,5
7380,1049-50,2_4_10,3,False,5,4,4,4,3,4,4,4
7383,1049-50,2_3_8,3,False,3,4,3,4,4,4,4,4
7386,1049-50,3_2_2,3,False,5,4,4,5,4,4,4,5
7387,1049-50,2_1_1,3,False,4,5,5,3,4,4,4,4
739,1049-50,4_2_12,3,False,4,4,3,4,4,4,4,3
7391,1049-50,2_3_9,3,False,5,4,4,3,3,3,4,3
7393,1049-50,2_3_7,3,False,4,4,3,4,4,4,4,4
7394,1049-50,3_5_13,3,False,4,4,4,4,4,4,4,4
7395,1049-50,4_2_8,3,False,4,3,4,3,3,2,4,4
7396,1049-50,1_1_3,3,False,5,4,4,5,4,5,4,4
7401,1049-50,2_1_1,3,False,4,4,4,4,4,4,4,4
7402,1049-50,2_3_9,3,False,5,4,4,4,3,4,4,3
7403,1049-50,3_5_13,3,False,4,4,4,4,4,3,4,4
7415,1049-50,4_2_8,3,False,5,4,5,5,4,5,4,5
7416,1049-50,2_4_11,3,False,4,3,4,4,4,3,4,5
7423,1049-50,2_3_8,3,False,4,4,4,4,4,4,3,4
7427,1049-50,2_1_1,3,False,5,4,4,4,4,4,4,5
7428,1049-50,3_1_1,3,False,4,4,4,4,4,4,4,4
7431,1049-50,5_3_11,3,False,4,3,5,3,3,3,5,3
7434,1049-50,4_2_12,3,False,4,4,4,4,4,3,4,3
7435,1049-50,4_2_9,3,False,4,3,4,5,4,4,4,3
7436,1049-50,5_3_11,3,False,3,3,3,3,3,3,2,3
7441,1049-50,3_1_1,3,False,4,4,3,4,4,4,4,4
7449,1049-50,3_2_2,3,False,4,3,3,3,3,4,3,3
7451,1049-50,2_2_2,3,False,3,4,3,3,3,3,3,3
7456,1049-50,4_2_12,3,False,4,3,3,4,3,4,3,3
7469,1049-50,2_3_9,3,False,3,3,4,4,4,4,4,4
7479,1049-50,1_1_1,3,False,4,3,3,3,3,4,4,4
7482,1049-50,2_3_8,3,False,4,4,4,4,4,4,3,3
7484,1049-50,2_2_3,3,False,4,4,4,4,3,4,4,3
7486,1049-50,4_2_8,3,False,3,4,4,4,3,3,3,3
7487,1049-50,5_3_12,3,False,4,3,4,5,4,4,4,4
7489,1049-50,1_1_5,3,False,5,4,4,4,4,4,3,4
7490,1049-50,2_3_8,3,False,4,4,4,4,3,4,4,4
7492,1049-50,4_2_10,3,False,4,4,5,4,4,4,3,4
7494,1049-50,4_2_12,3,False,5,4,4,4,3,4,4,4
7496,1049-50,4_2_12,3,False,4,4,4,4,4,4,3,5
7499,1049-50,2_2_4,3,False,4,3,3,4,4,4,3,4
7502,1049-50,1_1_3,3,False,4,3,3,4,4,4,4,4
7508,1049-50,4_2_8,3,False,4,4,4,3,4,4,4,4
7509,1049-50,2_1_1,3,False,5,4,4,4,4,4,4,5
7520,1049-50,3_5_13,3,False,5,4,4,5,4,4,4,4
7521,1049-50,2_4_12,3,False,5,4,3,4,4,5,4,4
7534,1049-50,3_2_2,3,False,4,4,4,4,4,4,4,4
7535,1049-50,4_2_12,3,False,5,4,4,4,4,4,4,4
7536,1049-50,2_4_11,3,False,5,4,4,4,4,5,4,5
7539,1049-50,2_4_12,3,False,5,4,4,4,4,4,4,4
7542,1049-50,4_2_9,3,False,4,3,3,4,4,3,4,3
7544,1049-50,2_1_1,3,False,5,5,4,4,4,4,3,5
7545,1049-50,2_4_12,3,False,5,4,3,4,5,3,4,4
7554,1049-50,1_1_2,3,False,4,3,4,4,4,4,4,4
7555,1049-50,2_4_12,3,False,5,4,3,4,3,4,3,5
7556,1049-50,2_3_8,3,False,5,5,4,4,4,5,4,5
7558,1049-50,2_3_9,3,False,5,4,4,4,3,4,5,4
7561,1049-50,3_2_2,3,False,4,3,3,3,4,3,4,2
7565,1049-50,2_1_1,3,False,5,5,4,5,4,5,4,5
7569,1049-50,4_2_11,3,False,4,4,4,4,4,4,4,5
7572,1049-50,2_2_5,3,False,5,5,4,5,5,5,4,4
7573,1049-50,3_2_2,3,False,5,4,4,5,4,4,4,4
7575,1049-50,2_2_5,3,False,4,3,4,4,3,4,3,3
7577,1049-50,2_2_5,3,False,4,4,4,4,4,3,3,5
7579,1049-50,2_4_10,3,False,4,4,4,4,4,4,4,4
7582,1049-50,1_1_4,3,False,4,4,4,4,3,4,4,4
7583,1049-50,3_2_2,3,False,5,4,3,5,4,4,4,4
7584,1049-50,4_2_11,3,False,3,4,4,4,4,4,4,4
7587,1049-50,5_3_12,3,False,4,4,4,4,4,4,4,4
7588,1049-50,4_2_12,3,False,4,4,3,4,3,4,4,4
7593,1049-50,2_4_10,3,False,5,4,3,5,4,4,4,4
7597,1049-50,2_4_12,3,False,3,3,3,3,4,4,4,4
7605,1049-50,2_4_10,3,False,4,4,3,4,4,3,4,4
7607,1049-50,4_2_12,3,False,4,4,5,4,4,4,4,5
7610,1049-50,2_1_1,3,False,4,3,3,5,4,4,4,5
7614,1049-50,4_2_10,3,False,3,3,3,2,3,3,2,3
7615,1049-50,1_1_1,3,False,4,4,4,3,4,4,2,4
7616,1049-50,2_3_9,3,False,4,4,4,5,5,4,3,4
7617,1049-50,4_2_12,3,False,5,4,4,4,4,4,4,4
7619,1049-50,1_1_5,3,False,5,5,5,5,5,4,5,5
7621,1049-50,1_1_2,3,False,4,4,4,4,3,3,4,3
7624,1049-50,5_3_12,3,False,5,5,4,5,4,4,4,5
7628,1049-50,2_2_6,3,False,4,4,4,5,4,3,5,4
7631,1049-50,2_2_2,3,False,4,3,3,4,3,4,3,4
7633,1049-50,2_2_4,3,False,3,3,4,4,3,4,3,4
7645,1049-50,2_2_2,3,False,4,3,4,5,3,4,3,4
7648,1049-50,2_2_4,3,False,3,3,4,4,3,3,3,2
7651,1049-50,4_2_8,3,False,3,3,4,5,4,4,3,3
7653,1049-50,2_2_5,3,False,4,4,3,3,3,4,2,3
7655,1049-50,1_2_1,3,False,4,4,5,5,4,4,4,5
7659,1049-50,2_1_1,3,False,4,4,4,4,3,4,4,4
7662,1049-50,2_2_3,3,False,5,4,5,4,4,4,4,5
7664,1049-50,2_2_4,3,False,5,4,4,4,4,3,4,4
7666,1049-50,4_2_12,3,False,4,4,3,4,3,4,4,4
7667,1049-50,1_1_1,3,False,5,4,4,4,3,3,4,4
7670,1049-50,2_4_11,3,False,5,5,4,5,5,4,4,4
7672,1049-50,5_3_11,3,False,3,4,5,5,5,4,4,5
7674,1049-50,2_2_6,3,False,5,5,4,5,4,4,4,5
7675,1049-50,2_2_2,3,False,4,4,3,4,4,4,4,4
7678,1049-50,3_1_1,3,False,4,5,4,4,3,5,5,4
7679,1049-50,1_1_4,3,False,4,3,3,4,3,4,3,3
7680,1049-50,2_2_4,3,False,4,4,4,3,3,3,3,4
7682,1049-50,3_5_13,3,False,3,4,4,4,4,4,3,4
7685,1049-50,2_3_8,3,False,5,5,5,5,5,4,4,5
7686,1049-50,4_2_11,3,False,4,4,3,4,4,4,3,4
7689,1049-50,4_2_10,3,False,3,4,4,4,3,3,4,4
7691,1049-50,4_2_8,3,False,3,3,5,5,3,4,3,3
7693,1049-50,2_3_8,3,False,3,4,3,4,3,4,3,3
7696,1049-50,3_5_13,3,False,4,5,5,5,4,4,4,5
7701,1049-50,2_3_8,3,False,4,4,3,4,3,3,4,4
7703,1049-50,2_2_4,3,False,3,3,3,3,3,3,3,2
7705,1049-50,1_1_4,3,False,4,4,4,4,4,5,4,5
7706,1049-50,4_2_9,3,False,3,4,4,4,3,3,4,4
771,1049-50,1_1_2,3,True,5,5,4,3,4,4,4,4
7710,1049-50,3_1_1,3,False,4,4,4,3,4,4,4,4
7714,1049-50,2_4_10,3,False,4,4,3,3,3,3,3,4
7715,1049-50,2_2_6,3,False,5,5,4,5,4,4,3,4
7716,1049-50,4_2_12,3,False,4,4,3,3,3,3,4,3
7718,1049-50,2_3_9,3,False,5,4,5,4,4,3,4,5
7719,1049-50,4_2_8,3,False,3,4,4,4,4,3,4,4
7723,1049-50,4_2_11,3,False,3,4,4,3,4,4,4,4
7728,1049-50,2_3_7,3,False,4,4,3,3,3,4,4,4
7731,1049-50,2_3_9,3,False,5,4,4,4,4,4,4,4
7737,1049-50,1_2_1,3,False,5,4,4,4,4,3,4,5
7741,1049-50,2_4_10,3,False,3,4,3,3,2,3,3,2
7743,1049-50,1_1_2,3,False,4,5,4,5,5,4,4,4
7746,1049-50,2_2_3,3,False,5,4,4,4,3,4,3,4
7749,1049-50,1_1_2,3,False,4,4,4,5,4,4,4,4
775,1049-50,2_2_4,3,True,4,4,3,3,3,3,3,3
7750,1049-50,2_2_6,3,False,5,5,5,4,4,4,5,5
7757,1049-50,3_2_2,3,False,4,4,4,3,3,4,4,3
7762,1049-50,2_2_2,3,False,4,4,4,5,4,4,4,4
7764,1049-50,2_2_4,3,False,4,4,3,4,4,4,4,4
7765,1049-50,2_4_11,3,False,5,4,4,4,4,4,5,4
7766,1049-50,2_2_3,3,False,5,4,4,4,5,5,5,4
7770,1049-50,2_4_12,3,False,4,4,4,4,4,4,3,4
7774,1049-50,4_2_10,3,False,3,4,5,4,4,3,4,4
7778,1049-50,4_2_8,3,False,3,4,3,3,4,4,4,4
7783,1049-50,2_2_3,3,False,4,3,3,5,3,3,4,2
7784,1049-50,2_3_8,3,False,5,4,3,4,4,4,4,4
7789,1049-50,3_1_1,3,False,4,4,4,4,4,4,4,4
7792,1049-50,4_2_9,3,False,4,4,3,4,4,4,4,4
7799,1049-50,1_1_3,3,False,4,5,5,4,3,4,3,4
7806,1049-50,3_5_13,3,False,4,4,5,4,4,4,4,5
7807,1049-50,4_2_8,3,False,3,3,3,3,3,4,3,3
7813,1049-50,1_1_2,3,False,5,4,4,4,4,3,3,3
7820,1049-50,1_2_1,3,False,4,4,3,3,4,4,4,4
7823,1049-50,2_2_2,3,False,4,5,4,4,4,4,4,3
7824,1049-50,1_1_4,3,False,4,4,3,3,4,3,3,3
7825,1049-50,4_2_11,3,False,3,4,4,4,4,3,3,3
7826,1049-50,2_3_7,3,False,5,5,4,4,3,5,5,4
7828,1049-50,1_1_3,3,False,5,4,4,4,4,5,4,4
7836,1049-50,1_1_3,3,False,5,4,5,5,4,4,4,5
7838,1049-50,4_2_12,3,False,5,5,4,5,5,5,4,5
7844,1049-50,2_2_3,3,False,3,3,3,4,3,3,3,3
7845,1049-50,2_3_8,3,False,3,4,3,4,4,4,4,4
7852,1049-50,2_2_5,3,False,5,4,4,4,4,4,4,4
7853,1049-50,3_5_13,3,False,3,3,4,4,4,3,3,3
7860,1049-50,4_2_12,3,False,4,4,4,4,4,4,3,4
7862,1049-50,2_3_9,3,False,5,3,3,4,4,4,4,4
7863,1049-50,1_1_3,3,False,3,4,4,4,4,5,4,4
7864,1049-50,1_1_3,3,False,4,4,3,3,2,3,4,3
7867,1049-50,4_2_8,3,False,5,4,4,5,5,3,4,4
7868,1049-50,2_2_3,3,False,4,4,3,3,3,3,4,3
7871,1049-50,2_4_12,3,False,4,4,4,4,4,4,5,4
7872,1049-50,2_4_10,3,False,4,3,4,4,3,4,4,4
7875,1049-50,2_2_5,3,False,4,4,4,5,4,4,4,5
7876,1049-50,3_2_2,3,False,3,3,3,3,3,3,3,3
7880,1049-50,1_1_3,3,False,3,2,4,3,2,3,3,3
7882,1049-50,1_1_2,3,False,4,4,3,3,4,4,4,4
7888,1049-50,4_2_12,3,False,5,4,3,4,3,5,4,4
7889,1049-50,5_3_12,3,False,3,4,4,3,4,4,4,4
7895,1049-50,3_5_13,3,False,5,4,3,4,3,5,4,4
7896,1049-50,3_2_2,3,False,4,4,4,4,3,4,3,4
7901,1049-50,1_1_2,3,False,4,3,4,4,4,3,3,4
7903,1049-50,2_3_7,3,False,4,3,4,3,4,5,4,4
7907,1049-50,4_2_12,3,False,4,4,4,4,3,4,3,4
7910,1049-50,2_4_12,3,False,4,4,4,4,3,4,5,3
7918,1049-50,2_4_12,3,False,4,4,4,5,4,3,3,3
792,1049-50,1_1_1,3,True,5,4,4,4,4,5,5,4
7927,1049-50,5_3_12,3,False,4,4,4,4,3,4,4,4
7929,1049-50,3_5_13,3,False,4,5,4,5,4,4,3,4
7933,1049-50,2_1_1,3,False,4,4,3,4,3,4,4,4
7935,1049-50,4_2_8,3,False,4,3,5,4,4,4,4,5
7937,1049-50,5_3_12,3,False,3,4,3,4,3,3,3,3
7938,1049-50,2_4_12,3,False,4,4,5,4,4,4,4,4
7940,1049-50,1_1_1,3,False,5,5,5,4,4,4,3,5
7941,1049-50,2_4_10,3,False,4,4,5,3,4,5,4,4
7944,1049-50,2_4_12,3,False,4,5,4,4,4,4,4,4
7950,1049-50,4_2_9,3,False,4,4,3,5,4,4,4,4
7954,1049-50,2_2_6,3,False,3,3,3,3,1,3,3,2
7956,1049-50,4_2_10,3,False,3,3,3,3,3,4,3,3
7959,1049-50,3_5_13,3,False,4,4,4,4,3,5,4,5
7962,1049-50,2_2_4,3,False,3,3,4,4,3,4,3,3
7963,1049-50,3_5_13,3,False,3,4,4,4,4,3,4,3
7966,1049-50,1_1_5,3,False,5,4,4,4,3,4,4,4
7974,1049-50,3_1_1,3,False,4,4,3,4,3,4,3,4
7975,1049-50,2_4_10,3,False,4,3,4,2,3,4,3,4
7977,1049-50,2_1_1,3,False,4,3,3,4,3,4,3,3
7978,1049-50,2_4_12,3,False,5,4,3,4,4,3,4,5
7980,1049-50,1_1_1,3,False,4,4,4,5,4,4,4,4
7982,1049-50,4_2_8,3,False,4,3,4,3,4,3,4,3
7992,1049-50,2_3_8,3,False,5,4,4,4,3,4,4,4
7996,1049-50,2_2_6,3,False,4,4,3,3,3,3,3,3
7997,1049-50,3_1_1,3,False,5,4,5,4,4,4,4,5
7998,1049-50,1_1_3,3,False,4,4,3,4,3,5,5,4
8007,1049-50,2_3_7,3,False,4,4,4,4,4,4,4,4
8008,1049-50,2_4_12,3,False,5,5,4,5,4,4,4,5
8009,1049-50,4_2_8,3,False,4,4,4,4,3,3,4,4
8010,1049-50,2_2_4,3,False,4,4,3,4,3,3,4,4
8011,1049-50,4_2_9,3,False,3,4,5,4,5,4,5,4
8015,1049-50,4_2_11,3,False,4,3,3,4,4,3,4,4
8017,1049-50,2_3_7,3,False,4,4,4,5,4,3,5,4
8018,1049-50,4_2_12,3,False,5,5,5,5,4,4,4,5
8019,1049-50,2_2_3,3,False,4,3,3,3,3,3,3,3
8023,1049-50,2_2_4,3,False,5,4,4,5,4,4,4,5
8024,1049-50,2_2_3,3,False,5,4,3,4,4,4,4,4
8026,1049-50,2_2_2,3,False,5,4,4,4,4,4,4,3
803,1049-50,2_2_6,3,False,4,4,4,4,4,5,4,4
8030,1049-50,2_2_5,3,False,4,4,4,3,4,3,4,4
8031,1049-50,2_3_8,3,False,4,3,4,4,4,4,4,4
8035,1049-50,2_3_7,3,False,4,3,4,5,4,4,4,4
8042,1049-50,2_4_12,3,False,4,3,2,3,3,4,3,3
8047,1049-50,2_4_12,3,False,5,4,4,5,4,4,5,4
8051,1049-50,1_1_5,3,False,4,4,4,4,3,4,4,4
8055,1049-50,4_2_9,3,False,3,4,3,4,4,3,4,4
8057,1049-50,2_3_8,3,False,4,4,4,3,4,4,3,4
8061,1049-50,1_1_1,3,False,5,5,5,4,4,5,5,5
8064,1049-50,2_2_2,3,False,5,4,4,5,5,4,4,4
8066,1049-50,2_4_11,3,False,4,4,3,4,4,3,3,4
807,1049-50,2_2_2,3,False,4,4,4,3,4,4,3,3
8071,1049-50,2_2_5,3,False,4,3,4,3,3,4,3,4
8073,1049-50,1_1_1,3,False,4,4,4,4,5,4,4,3
8076,1049-50,2_2_5,3,False,4,4,3,4,4,4,4,4
8079,1049-50,2_4_10,3,False,4,3,4,4,3,4,3,4
8080,1049-50,2_3_7,3,False,4,3,4,4,4,4,2,3
8082,1049-50,1_1_5,3,False,5,3,3,4,4,4,4,4
8085,1049-50,1_1_4,3,False,4,4,3,3,3,3,3,3
8086,1049-50,2_2_3,3,False,3,3,4,4,3,3,3,4
8090,1049-50,4_2_12,3,False,4,4,4,4,4,3,3,4
8095,1049-50,3_2_2,3,False,5,5,4,5,4,5,5,5
8096,1049-50,2_4_12,3,False,4,4,4,4,4,4,5,3
81,1049-50,1_1_2,3,False,4,4,3,3,3,4,3,4
810,1049-50,2_2_5,3,True,4,4,3,3,4,3,3,4
8100,1049-50,2_4_10,3,False,4,4,3,3,3,3,4,3
8109,1049-50,4_2_10,3,False,4,4,4,5,4,4,5,4
8112,1049-50,2_2_3,3,False,5,4,5,4,4,4,4,5
8113,1049-50,3_5_13,3,False,4,5,5,5,5,5,4,5
8117,1049-50,2_3_8,3,False,4,4,4,4,4,3,4,4
8119,1049-50,2_4_12,3,False,4,3,5,4,4,4,4,4
8120,1049-50,2_2_5,3,False,4,3,4,4,3,3,4,4
8124,1049-50,2_4_10,3,False,3,3,3,3,3,4,3,3
8126,1049-50,1_1_3,3,False,5,4,4,3,4,4,4,4
8127,1049-50,2_4_12,3,False,4,3,3,3,4,3,4,4
813,1049-50,2_4_10,3,False,4,4,4,4,3,4,4,4
8132,1049-50,2_2_6,3,False,4,4,3,4,3,4,4,4
8133,1049-50,2_2_5,3,False,4,4,3,4,4,4,3,4
8136,1049-50,5_3_11,3,False,4,3,5,4,4,3,3,3
8139,1049-50,2_4_12,3,False,4,4,4,4,4,4,4,5
8140,1049-50,3_2_2,3,False,4,4,4,4,3,3,3,4
8145,1049-50,2_2_6,3,False,3,2,2,3,3,3,3,3
8148,1049-50,4_2_8,3,False,4,3,3,5,4,3,3,3
8149,1049-50,4_2_8,3,False,4,3,3,3,4,4,3,3
8154,1049-50,3_1_1,3,False,4,4,3,4,3,3,4,3
8156,1049-50,2_3_7,3,False,3,3,4,5,4,4,4,4
8159,1049-50,1_1_2,3,False,4,4,3,4,3,4,4,4
8161,1049-50,1_1_1,3,False,4,5,4,4,4,4,4,4
8163,1049-50,2_2_2,3,False,5,4,5,5,5,4,4,4
8166,1049-50,2_1_1,3,False,4,4,4,4,4,4,4,4
8173,1049-50,2_4_11,3,False,3,3,3,3,3,4,2,3
8174,1049-50,2_3_8,3,False,5,4,4,5,4,5,5,5
8175,1049-50,4_2_12,3,False,4,4,3,4,3,3,4,3
8176,1049-50,2_2_6,3,False,4,5,4,4,4,4,4,3
8178,1049-50,2_2_5,3,False,3,4,3,4,3,4,4,3
8179,1049-50,2_4_12,3,False,4,4,3,4,3,3,4,4
8180,1049-50,2_4_11,3,False,5,5,4,5,4,5,5,4
8183,1049-50,1_1_3,3,False,4,4,4,4,4,4,3,4
8184,1049-50,2_2_5,3,False,4,3,4,4,4,4,4,4
8186,1049-50,1_1_3,3,False,4,4,4,4,4,4,3,4
8187,1049-50,3_5_13,3,False,5,4,4,4,3,3,4,4
8192,1049-50,3_5_13,3,False,4,4,4,4,4,4,4,4
8195,1049-50,2_2_2,3,False,4,4,4,4,3,4,4,4
8197,1049-50,2_3_9,3,False,4,4,4,4,4,4,4,4
8198,1049-50,1_2_1,3,False,4,3,3,4,4,4,4,3
8200,1049-50,2_3_8,3,False,4,3,4,3,4,4,3,3
8201,1049-50,1_1_2,3,False,4,4,3,3,3,4,4,3
8205,1049-50,5_3_11,3,False,3,3,4,4,4,4,3,3
8211,1049-50,2_1_1,3,False,5,5,5,5,5,5,5,4
8212,1049-50,2_3_7,3,False,4,4,5,5,4,4,4,4
8218,1049-50,2_4_12,3,False,3,4,3,3,3,3,3,3
8224,1049-50,3_2_2,3,False,5,5,5,5,4,5,4,5
8226,1049-50,2_3_9,3,False,4,3,4,3,4,4,3,4
8227,1049-50,4_2_11,3,False,4,4,4,3,3,4,4,3
8230,1049-50,3_5_13,3,False,4,3,4,3,3,4,3,3
8235,1049-50,2_4_10,3,False,5,5,5,4,4,4,4,4
8237,1049-50,2_2_5,3,False,4,4,4,4,4,4,4,4
8246,1049-50,2_4_10,3,False,4,4,4,4,3,3,3,3
8266,1049-50,1_1_3,3,False,4,5,4,4,4,4,4,5
8269,1049-50,2_2_3,3,False,4,4,4,4,4,4,4,4
8271,1049-50,2_1_1,3,False,5,4,5,5,4,4,3,4
8274,1049-50,2_2_3,3,False,4,4,4,3,3,4,4,4
8276,1049-50,2_3_7,3,False,5,4,4,4,3,4,4,4
8281,1049-50,1_2_1,3,False,4,4,4,3,4,4,4,4
8285,1049-50,4_2_11,3,False,4,3,4,4,4,4,4,3
8287,1049-50,2_3_8,3,False,4,3,3,4,4,3,3,3
8291,1049-50,2_4_10,3,False,4,4,3,3,3,4,3,3
8292,1049-50,2_3_7,3,False,4,4,3,4,3,4,4,4
8299,1049-50,4_2_9,3,False,3,5,3,4,3,3,4,3
8300,1049-50,4_2_11,3,False,4,4,4,4,4,4,4,5
8311,1049-50,3_5_13,3,False,4,4,5,4,3,4,4,4
8313,1049-50,2_4_12,3,False,5,4,3,5,4,4,4,4
8317,1049-50,4_2_12,3,False,5,4,5,4,4,5,5,5
8319,1049-50,2_2_3,3,False,4,4,4,4,3,4,4,4
8325,1049-50,4_2_8,3,False,3,3,3,4,4,4,4,4
8326,1049-50,1_1_3,3,False,3,4,3,3,3,4,4,4
8328,1049-50,1_1_2,3,False,5,4,4,4,4,4,4,5
8329,1049-50,1_1_4,3,False,5,4,4,5,4,3,4,4
8331,1049-50,2_2_2,3,False,4,3,4,4,4,4,3,4
8332,1049-50,2_2_5,3,False,4,5,4,3,4,4,3,4
8333,1049-50,2_1_1,3,False,4,4,4,4,3,4,4,4
8334,1049-50,4_2_10,3,False,2,3,3,3,3,3,3,3
8338,1049-50,1_1_2,3,False,4,3,4,4,4,4,4,4
8343,1049-50,4_2_8,3,False,4,5,5,4,4,4,4,5
8345,1049-50,3_2_2,3,False,5,5,4,3,4,4,4,4
8346,1049-50,1_1_1,3,False,3,4,4,4,3,3,3,4
8347,1049-50,2_1_1,3,False,4,3,3,2,2,3,3,3
8355,1049-50,2_2_4,3,False,4,4,3,3,4,3,4,3
8356,1049-50,2_2_3,3,False,4,4,3,4,4,3,3,3
8359,1049-50,1_1_5,3,False,3,3,4,4,4,4,4,4
8360,1049-50,4_2_10,3,False,4,4,4,4,4,4,5,4
8362,1049-50,2_2_5,3,False,5,4,4,5,5,5,5,5
8364,1049-50,3_5_13,3,False,3,3,2,4,4,3,3,3
8366,1049-50,2_2_6,3,False,4,3,4,4,3,3,4,4
8367,1049-50,1_1_4,3,False,5,4,4,4,4,4,3,4
8369,1049-50,4_2_12,3,False,3,3,4,4,4,4,3,3
8371,1049-50,4_2_10,3,False,3,3,4,4,3,4,4,3
8372,1049-50,4_2_8,3,False,4,4,4,5,4,4,4,5
8376,1049-50,4_2_12,3,False,5,4,4,4,4,4,5,4
8377,1049-50,2_2_2,3,False,4,4,3,3,3,3,3,4
8378,1049-50,1_1_5,3,False,4,4,3,3,3,4,4,3
8396,1049-50,1_2_1,3,False,5,5,5,5,5,5,5,4
8399,1049-50,1_1_3,3,False,5,4,4,4,4,4,4,3
8402,1049-50,2_3_7,3,False,4,3,4,3,3,3,3,3
8404,1049-50,1_1_3,3,False,4,4,5,4,4,4,5,4
8405,1049-50,3_5_13,3,False,3,4,2,3,3,4,5,3
8406,1049-50,2_2_2,3,False,5,4,4,5,4,4,4,5
8411,1049-50,4_2_12,3,False,4,5,4,4,4,4,3,3
8413,1049-50,2_2_2,3,False,3,3,4,4,4,4,3,4
8414,1049-50,1_1_3,3,False,5,5,5,5,5,4,4,5
8416,1049-50,1_2_1,3,False,4,4,4,3,4,4,4,4
8419,1049-50,2_2_3,3,False,4,4,4,4,3,5,4,5
8424,1049-50,4_2_9,3,False,4,3,4,5,4,4,4,3
8425,1049-50,2_2_5,3,False,4,4,4,4,4,4,4,4
8430,1049-50,2_2_5,3,False,4,4,3,3,3,3,3,3
8433,1049-50,2_4_10,3,False,3,3,3,3,3,4,3,4
8440,1049-50,1_1_4,3,False,5,5,4,5,5,4,5,4
8442,1049-50,2_2_3,3,False,5,4,4,3,4,4,3,4
8446,1049-50,2_2_2,3,False,4,3,3,4,3,4,3,3
8449,1049-50,4_2_12,3,False,4,4,4,4,3,4,4,3
8451,1049-50,1_1_1,3,False,5,5,4,4,4,4,5,5
8462,1049-50,2_4_12,3,False,4,4,4,4,3,4,4,2
8464,1049-50,1_1_3,3,False,5,5,4,5,5,5,4,5
8467,1049-50,4_2_11,3,False,3,4,3,3,3,3,3,3
8471,1049-50,2_2_3,3,False,4,3,4,4,4,3,3,4
8474,1049-50,2_3_7,3,False,4,3,3,3,4,4,3,3
8476,1049-50,1_1_5,3,False,5,5,4,5,4,5,4,5
8481,1049-50,1_1_1,3,False,4,4,4,4,3,4,4,4
8484,1049-50,2_2_6,3,False,4,4,4,4,4,3,3,4
8487,1049-50,2_4_12,3,False,4,3,2,3,3,4,3,2
8488,1049-50,2_2_2,3,False,4,4,3,3,4,4,4,4
8489,1049-50,1_1_4,3,False,3,3,3,3,3,3,3,2
8494,1049-50,2_4_12,3,False,5,4,4,4,4,3,4,4
8495,1049-50,2_4_12,3,False,4,4,4,5,4,5,5,5
8506,1049-50,4_2_12,3,False,5,4,5,4,5,4,4,5
8513,1049-50,2_4_12,3,False,4,4,4,5,4,4,5,3
8518,1049-50,1_1_4,3,False,4,4,4,4,4,4,4,4
8519,1049-50,4_2_9,3,False,3,3,4,4,4,4,4,4
8528,1049-50,1_1_3,3,False,5,4,4,5,5,4,5,4
8534,1049-50,2_3_9,3,False,5,3,4,4,4,3,4,4
8535,1049-50,2_2_4,3,False,4,3,4,3,4,4,4,4
8536,1049-50,2_3_7,3,False,4,4,4,4,4,5,5,4
8539,1049-50,4_2_8,3,False,3,3,3,4,3,4,3,3
854,1049-50,2_2_3,3,False,3,4,3,3,4,4,3,3
8540,1049-50,3_5_13,3,False,4,3,4,3,3,3,4,4
8547,1049-50,2_4_12,3,False,4,3,3,3,4,3,4,3
8549,1049-50,2_3_8,3,False,4,5,4,5,4,4,4,5
8550,1049-50,2_4_12,3,False,4,4,2,3,3,3,4,3
8554,1049-50,2_2_4,3,False,4,3,4,4,4,3,3,4
8555,1049-50,2_2_5,3,False,4,4,4,5,4,5,4,4
8556,1049-50,2_3_7,3,False,5,4,4,5,4,4,5,5
8557,1049-50,1_1_5,3,False,5,4,4,4,3,4,4,4
8559,1049-50,4_2_9,3,False,4,4,4,4,3,3,4,4
8560,1049-50,4_2_10,3,False,3,4,3,5,4,4,4,4
8567,1049-50,3_2_2,3,False,4,4,3,3,3,3,3,3
8570,1049-50,2_2_2,3,False,4,4,2,3,3,3,4,3
8571,1049-50,2_4_12,3,False,4,4,4,5,4,5,4,4
8572,1049-50,5_3_12,3,False,4,4,4,5,4,3,4,3
8576,1049-50,4_2_12,3,False,5,4,5,4,5,4,3,5
8579,1049-50,4_2_12,3,False,4,3,3,4,4,3,3,3
8581,1049-50,4_2_8,3,False,4,4,4,4,4,4,4,5
8582,1049-50,2_1_1,3,False,5,4,4,4,3,4,4,4
8586,1049-50,2_1_1,3,False,4,4,4,5,3,4,4,4
8587,1049-50,2_3_7,3,False,5,4,5,4,4,4,4,5
8588,1049-50,3_2_2,3,False,4,4,4,4,4,4,4,4
8589,1049-50,3_5_13,3,False,4,3,4,3,3,4,4,3
8595,1049-50,2_1_1,3,False,5,4,4,5,4,5,3,4
8600,1049-50,1_1_3,3,False,4,4,3,3,4,4,4,4
8601,1049-50,4_2_12,3,False,4,4,3,4,4,4,4,4
8609,1049-50,3_2_2,3,False,5,4,5,5,4,4,4,5
8612,1049-50,2_2_3,3,False,4,4,5,4,4,4,4,5
8622,1049-50,2_2_3,3,False,5,4,4,4,3,4,4,4
8626,1049-50,2_2_4,3,False,5,4,4,4,4,5,5,5
8629,1049-50,5_3_11,3,False,5,4,4,4,4,3,4,4
8630,1049-50,1_1_4,3,False,5,4,4,4,4,4,4,4
8631,1049-50,1_1_3,3,False,4,5,5,4,4,5,4,4
8632,1049-50,4_2_8,3,False,3,3,3,4,3,4,3,3
8633,1049-50,2_4_10,3,False,5,4,4,5,4,4,5,4
8635,1049-50,1_1_2,3,False,5,5,5,4,5,4,4,5
8636,1049-50,4_2_9,3,False,3,4,4,4,4,4,4,4
864,1049-50,3_2_2,3,True,4,4,2,4,1,3,3,3
8644,1049-50,2_4_10,3,False,4,4,3,4,3,4,4,4
8645,1049-50,1_1_5,3,False,4,4,4,4,3,4,4,4
865,1049-50,2_2_5,3,True,4,4,3,4,4,4,4,3
8651,1049-50,1_1_5,3,False,4,4,4,5,4,4,3,4
8654,1049-50,2_3_8,3,False,4,5,3,3,3,4,4,3
8662,1049-50,1_1_3,3,False,4,3,3,4,4,4,3,3
8663,1049-50,2_4_10,3,False,4,4,3,4,4,4,4,4
8666,1049-50,4_2_12,3,False,5,4,4,5,5,5,5,5
8671,1049-50,1_1_2,3,False,4,4,3,4,3,3,3,4
8674,1049-50,3_5_13,3,False,4,3,3,4,3,4,4,4
8681,1049-50,2_2_4,3,False,5,4,3,3,3,4,4,3
8684,1049-50,4_2_11,3,False,4,3,4,4,4,3,3,4
8689,1049-50,4_2_12,3,False,5,5,4,4,4,4,4,5
8690,1049-50,4_2_8,3,False,4,4,5,4,4,4,4,5
8699,1049-50,4_2_12,3,False,4,3,4,3,3,4,2,3
8700,1049-50,3_1_1,3,False,4,3,3,4,4,3,4,4
8701,1049-50,1_1_1,3,False,4,3,3,4,3,4,3,3
8707,1049-50,1_1_4,3,False,5,4,4,4,4,4,4,5
8712,1049-50,4_2_8,3,False,4,3,4,4,3,4,3,4
8713,1049-50,2_2_4,3,False,4,5,4,4,4,4,4,4
8718,1049-50,1_1_3,3,False,4,4,4,4,3,4,4,4
8721,1049-50,2_3_8,3,False,5,4,4,4,4,4,4,5
8723,1049-50,2_1_1,3,False,4,3,4,5,4,4,4,4
8725,1049-50,4_2_11,3,False,4,3,4,3,3,3,4,4
8731,1049-50,2_4_12,3,False,5,4,4,4,4,4,4,5
8735,1049-50,2_3_7,3,False,4,4,4,3,4,4,4,4
8736,1049-50,2_2_5,3,False,4,4,3,4,4,4,4,4
8748,1049-50,2_4_12,3,False,5,4,4,5,4,5,4,4
8759,1049-50,1_1_4,3,False,4,4,4,4,4,5,4,4
8760,1049-50,5_3_11,3,False,3,4,5,4,4,4,3,4
8763,1049-50,2_4_12,3,False,5,5,4,4,4,4,4,4
8765,1049-50,2_4_10,3,False,4,4,4,5,4,4,4,3
8767,1049-50,2_1_1,3,False,4,4,4,4,3,4,3,4
8768,1049-50,2_2_4,3,False,5,4,4,4,4,4,4,5
8770,1049-50,4_2_9,3,False,4,4,3,5,4,4,3,5
8771,1049-50,1_1_5,3,False,4,4,4,4,4,4,4,3
8774,1049-50,2_3_7,3,False,4,3,3,4,3,4,3,4
8775,1049-50,1_1_3,3,False,3,3,3,3,4,4,4,3
8776,1049-50,2_2_6,3,False,4,4,4,4,4,4,4,5
8777,1049-50,2_4_11,3,False,4,3,4,3,3,3,4,3
8780,1049-50,1_1_4,3,False,4,4,3,4,4,4,5,5
8783,1049-50,2_3_8,3,False,4,3,4,4,3,4,3,4
8787,1049-50,2_1_1,3,False,4,4,4,4,4,4,4,5
8788,1049-50,2_3_8,3,False,5,5,4,5,4,4,5,5
8790,1049-50,2_2_4,3,False,4,4,3,4,4,4,4,4
8793,1049-50,4_2_9,3,False,3,3,3,3,3,3,3,3
8798,1049-50,1_1_2,3,False,4,4,4,4,2,3,3,3
8802,1049-50,2_4_10,3,False,5,4,5,4,4,4,4,5
8803,1049-50,4_2_10,3,False,4,5,4,5,4,4,4,5
8805,1049-50,2_2_2,3,False,4,3,3,3,4,4,3,3
8806,1049-50,2_3_9,3,False,4,4,4,3,3,3,4,4
8807,1049-50,2_4_12,3,False,4,4,4,3,3,3,3,3
8811,1049-50,1_1_3,3,False,4,3,3,3,4,4,4,3
8812,1049-50,2_2_3,3,False,3,4,3,4,3,3,4,4
8816,1049-50,4_2_12,3,False,4,3,4,4,4,4,3,5
8817,1049-50,1_1_2,3,False,5,4,4,5,4,3,3,4
8820,1049-50,4_2_12,3,False,4,3,4,4,4,4,4,4
8821,1049-50,3_1_1,3,False,4,4,4,4,4,4,4,4
8823,1049-50,1_1_5,3,False,5,4,4,4,3,4,4,4
8824,1049-50,2_3_7,3,False,4,3,4,4,4,4,3,4
8826,1049-50,4_2_12,3,False,4,3,4,4,4,4,4,4
8828,1049-50,4_2_12,3,False,5,4,4,5,5,5,4,5
8830,1049-50,5_3_12,3,False,3,4,3,3,4,3,4,3
8832,1049-50,2_2_6,3,False,5,4,3,4,4,3,4,4
8834,1049-50,2_3_7,3,False,4,4,4,4,4,4,4,4
8838,1049-50,2_2_5,3,False,5,4,5,3,4,5,4,3
8839,1049-50,4_2_9,3,False,4,4,4,4,4,4,4,4
8840,1049-50,1_1_2,3,False,4,4,4,5,4,5,3,4
8842,1049-50,1_1_2,3,False,5,4,4,2,3,4,4,3
8844,1049-50,2_1_1,3,False,4,5,4,3,4,4,4,3
8849,1049-50,1_1_4,3,False,4,4,4,4,3,4,3,3
8852,1049-50,1_1_5,3,False,4,3,3,3,3,3,4,4
8854,1049-50,2_2_3,3,False,5,5,4,5,4,3,3,5
8858,1049-50,2_2_4,3,False,3,3,2,3,3,4,3,2
8859,1049-50,2_4_10,3,False,4,3,3,3,4,4,4,4
8860,1049-50,2_2_3,3,False,4,4,5,4,4,3,3,5
8863,1049-50,2_4_12,3,False,4,5,4,3,4,4,4,4
8870,1049-50,5_3_11,3,False,4,4,4,3,4,3,3,4
8872,1049-50,3_2_2,3,False,4,4,4,4,4,4,4,4
8873,1049-50,4_2_8,3,False,4,4,4,3,4,4,4,4
8876,1049-50,1_1_3,3,False,4,4,3,4,4,4,4,5
8877,1049-50,1_2_1,3,False,4,4,3,4,4,4,4,3
8879,1049-50,2_2_5,3,False,4,5,4,5,5,4,4,5
888,1049-50,2_1_1,3,False,4,5,4,5,5,5,5,5
8880,1049-50,4_2_9,3,False,4,4,4,4,4,4,3,3
8881,1049-50,3_5_13,3,False,4,4,4,4,4,5,5,4
8882,1049-50,1_1_3,3,False,4,3,3,3,4,4,4,4
8890,1049-50,2_3_7,3,False,4,4,4,5,4,4,4,4
8891,1049-50,3_5_13,3,False,4,4,4,4,4,3,4,3
8892,1049-50,3_2_2,3,False,5,4,4,5,4,4,5,5
8893,1049-50,2_1_1,3,False,3,4,3,4,3,4,4,4
8895,1049-50,3_5_13,3,False,4,4,3,3,4,4,3,3
8896,1049-50,1_1_1,3,False,4,4,5,5,5,4,5,4
8903,1049-50,2_2_4,3,False,4,4,4,4,3,4,3,4
8907,1049-50,1_1_2,3,False,4,5,4,4,4,4,4,4
8908,1049-50,2_3_8,3,False,4,4,4,4,4,4,4,4
8911,1049-50,2_4_11,3,False,5,4,3,5,4,4,4,5
8912,1049-50,4_2_12,3,False,4,4,3,4,4,3,4,4
8913,1049-50,5_3_11,3,False,4,4,4,4,4,4,4,4
8916,1049-50,4_2_12,3,False,4,4,3,3,3,3,3,4
8921,1049-50,1_1_4,3,False,5,4,4,5,4,4,4,5
8922,1049-50,1_1_1,3,False,4,4,4,4,4,4,4,4
8936,1049-50,4_2_9,3,False,3,4,4,3,4,4,3,3
8938,1049-50,2_3_8,3,False,5,3,4,5,4,4,4,4
8940,1049-50,1_1_2,3,False,5,4,4,4,4,4,4,4
8941,1049-50,2_2_5,3,False,5,5,5,5,5,4,5,5
8953,1049-50,4_2_12,3,False,4,3,4,4,4,4,4,4
8956,1049-50,2_2_6,3,False,4,4,5,4,5,4,3,4
8964,1049-50,2_4_12,3,False,4,5,5,4,5,4,5,4
8965,1049-50,2_4_12,3,False,5,3,3,3,3,3,4,4
8967,1049-50,2_4_12,3,False,4,3,3,3,3,4,3,3
8968,1049-50,2_2_4,3,False,4,3,5,4,4,4,3,5
8969,1049-50,2_4_12,3,False,5,5,4,3,4,5,4,4
8970,1049-50,5_3_12,3,False,3,3,3,4,3,3,3,4
8977,1049-50,3_1_1,3,False,4,5,4,4,4,4,3,4
8978,1049-50,2_2_2,3,False,5,4,4,4,4,4,4,4
8981,1049-50,1_1_1,3,False,4,4,2,3,4,3,4,4
8982,1049-50,5_3_11,3,False,4,3,3,4,4,4,3,4
8984,1049-50,2_4_12,3,False,3,4,4,3,3,3,4,3
8986,1049-50,3_2_2,3,False,4,3,3,3,3,3,3,3
8987,1049-50,2_3_7,3,False,4,4,4,4,4,4,4,4
8988,1049-50,4_2_8,3,False,4,3,4,4,4,4,3,4
8995,1049-50,4_2_10,3,False,4,4,5,4,3,4,4,4
8996,1049-50,2_2_3,3,False,4,4,4,4,4,4,4,4
8997,1049-50,2_3_7,3,False,4,4,4,3,4,4,4,3
9001,1049-50,2_2_4,3,False,5,4,4,3,3,3,3,4
9003,1049-50,1_1_1,3,False,4,3,3,3,3,4,3,3
9006,1049-50,2_2_3,3,False,5,4,4,4,4,4,3,4
9007,1049-50,2_4_12,3,False,4,4,3,3,4,4,4,4
9009,1049-50,4_2_8,3,False,2,3,3,4,3,4,3,3
9018,1049-50,5_3_12,3,False,3,3,4,4,3,3,3,3
902,1049-50,5_3_12,3,False,4,4,4,3,3,4,3,3
9025,1049-50,2_3_7,3,False,4,4,3,4,3,3,4,4
9031,1049-50,3_2_2,3,False,4,3,4,3,3,3,3,4
9035,1049-50,4_2_12,3,False,4,4,4,4,4,4,3,4
9036,1049-50,4_2_12,3,False,4,4,3,4,3,5,3,4
9039,1049-50,2_1_1,3,False,3,4,5,4,4,4,4,3
9043,1049-50,4_2_11,3,False,4,4,4,4,4,4,4,5
9047,1049-50,4_2_12,3,False,4,4,4,4,4,3,3,4
9054,1049-50,2_2_5,3,False,4,4,4,4,4,3,4,4
9056,1049-50,3_1_1,3,False,4,4,3,3,3,4,3,2
9058,1049-50,4_2_12,3,False,4,4,5,5,4,4,4,5
9065,1049-50,2_3_8,3,False,5,3,4,4,4,4,4,4
9066,1049-50,2_3_8,3,False,4,4,3,4,4,3,3,4
9070,1049-50,4_2_10,3,False,4,4,5,4,4,4,4,4
9078,1049-50,2_1_1,3,False,5,5,4,4,3,4,4,4
9080,1049-50,2_2_4,3,False,4,4,4,3,4,4,3,4
9081,1049-50,2_3_8,3,False,3,4,4,3,4,4,3,3
9083,1049-50,5_3_11,3,False,3,3,4,3,3,3,3,3
9084,1049-50,5_3_11,3,False,4,4,3,3,3,4,4,4
9085,1049-50,4_2_10,3,False,4,4,4,5,4,4,3,3
9089,1049-50,2_4_12,3,False,4,4,4,4,3,4,4,3
9090,1049-50,2_2_4,3,False,4,4,3,4,3,4,4,4
9093,1049-50,1_1_5,3,False,3,2,3,3,2,3,3,3
9095,1049-50,2_2_5,3,False,5,4,4,4,5,5,3,4
9097,1049-50,2_4_11,3,False,4,3,3,4,4,4,4,3
9108,1049-50,2_3_8,3,False,3,4,4,3,4,4,3,3
9109,1049-50,1_1_5,3,False,3,4,3,4,3,4,4,3
9112,1049-50,2_1_1,3,False,4,4,3,4,3,4,3,4
9116,1049-50,4_2_9,3,False,4,4,4,5,4,3,4,4
9120,1049-50,2_1_1,3,False,4,4,4,4,4,4,4,4
9126,1049-50,2_1_1,3,False,5,4,4,4,3,4,4,3
9127,1049-50,2_2_2,3,False,4,4,3,3,4,3,4,3
9130,1049-50,4_2_12,3,False,4,4,3,3,3,4,4,4
9132,1049-50,2_2_4,3,False,4,4,5,4,4,3,4,3
9142,1049-50,1_1_2,3,False,3,4,4,4,4,3,4,4
9144,1049-50,1_1_4,3,False,4,4,3,4,4,5,4,4
9146,1049-50,2_1_1,3,False,4,4,4,4,3,4,4,4
9147,1049-50,3_5_13,3,False,4,4,3,5,4,4,3,4
9149,1049-50,4_2_8,3,False,3,3,3,3,3,4,3,4
9155,1049-50,4_2_11,3,False,3,4,3,3,3,4,4,3
9163,1049-50,2_3_8,3,False,4,4,4,5,4,4,4,5
9164,1049-50,1_1_2,3,False,4,3,4,4,4,3,4,3
9165,1049-50,2_3_9,3,False,5,4,5,3,4,4,4,4
9174,1049-50,2_3_7,3,False,5,4,4,4,4,4,4,4
9180,1049-50,3_2_2,3,False,5,4,3,4,4,4,3,4
9187,1049-50,2_3_8,3,False,4,4,3,4,4,4,3,4
9188,1049-50,1_1_3,3,False,4,4,3,4,3,4,3,4
9192,1049-50,1_2_1,3,False,4,5,4,4,4,4,4,4
9193,1049-50,3_2_2,3,False,4,4,4,3,4,4,3,4
9195,1049-50,3_5_13,3,False,4,3,4,4,4,4,3,3
9196,1049-50,4_2_9,3,False,3,2,3,3,3,3,3,3
9203,1049-50,1_1_5,3,False,4,4,3,3,4,4,3,3
9204,1049-50,1_2_1,3,False,5,4,3,5,4,4,4,4
9206,1049-50,2_3_8,3,False,4,4,3,4,4,4,4,3
9209,1049-50,4_2_12,3,False,4,3,3,4,3,3,3,3
9210,1049-50,4_2_12,3,False,4,5,5,5,5,5,4,4
9211,1049-50,3_2_2,3,False,4,4,2,4,3,4,3,3
9213,1049-50,2_2_5,3,False,4,3,3,3,2,3,3,3
9214,1049-50,5_3_12,3,False,4,4,5,5,4,4,4,5
9216,1049-50,4_2_8,3,False,4,4,3,4,3,3,4,3
9217,1049-50,2_2_5,3,False,4,3,4,4,3,4,3,4
9219,1049-50,1_1_1,3,False,5,4,4,4,4,4,4,5
9225,1049-50,2_3_7,3,False,3,4,3,3,3,3,4,4
9228,1049-50,5_3_11,3,False,3,4,4,3,3,3,3,4
9229,1049-50,2_4_10,3,False,5,5,5,5,3,4,5,4
9231,1049-50,2_4_10,3,False,5,4,4,4,4,4,4,4
9232,1049-50,4_2_11,3,False,3,4,3,5,4,4,4,5
9233,1049-50,1_1_3,3,False,5,4,4,4,4,5,4,4
9234,1049-50,3_5_13,3,False,4,3,3,4,4,4,4,3
9244,1049-50,2_2_3,3,False,4,4,4,3,3,3,4,4
9245,1049-50,3_5_13,3,False,4,4,4,4,4,4,4,4
9249,1049-50,3_2_2,3,False,4,3,4,4,4,4,3,4
9254,1049-50,2_3_9,3,False,3,4,3,3,3,3,4,3
9260,1049-50,2_2_4,3,False,5,4,4,4,4,4,4,4
9262,1049-50,2_3_9,3,False,4,4,3,4,4,3,3,3
9268,1049-50,2_3_7,3,False,4,4,3,4,3,4,5,4
9269,1049-50,2_2_5,3,False,5,4,4,5,4,5,4,4
9270,1049-50,4_2_12,3,False,4,3,3,4,4,3,3,4
9271,1049-50,2_2_6,3,False,5,5,4,5,5,4,4,5
9272,1049-50,1_1_1,3,False,4,4,4,5,4,3,4,4
9277,1049-50,2_2_3,3,False,5,4,4,5,4,4,4,4
9279,1049-50,1_1_5,3,False,4,4,4,5,4,4,3,4
9281,1049-50,2_2_4,3,False,4,4,4,4,4,3,3,4
9285,1049-50,2_2_5,3,False,4,5,4,5,4,5,4,4
9287,1049-50,3_5_13,3,False,3,3,4,3,4,3,3,3
9288,1049-50,2_3_9,3,False,5,4,4,5,4,4,5,4
9289,1049-50,4_2_9,3,False,4,4,3,4,4,3,3,4
9293,1049-50,2_4_12,3,False,5,5,4,4,5,4,4,4
9296,1049-50,1_1_4,3,False,4,3,3,3,4,3,4,4
9300,1049-50,1_1_5,3,False,5,5,5,4,3,4,4,4
9302,1049-50,2_3_8,3,False,5,4,4,4,5,4,4,5
9308,1049-50,1_2_1,3,False,5,4,3,4,4,4,3,4
9311,1049-50,3_1_1,3,False,5,4,4,4,4,4,4,4
9319,1049-50,3_1_1,3,False,4,3,4,4,3,4,3,4
9324,1049-50,4_2_11,3,False,3,4,3,4,3,4,3,4
9329,1049-50,4_2_10,3,False,4,4,3,4,3,4,4,3
9335,1049-50,2_1_1,3,False,4,4,3,4,3,3,3,3
9336,1049-50,1_1_3,3,False,4,3,4,5,4,4,4,4
9338,1049-50,2_4_11,3,False,4,5,4,5,4,3,3,4
9341,1049-50,2_2_4,3,False,5,4,4,4,4,4,4,5
9342,1049-50,2_2_4,3,False,4,5,4,5,5,4,5,4
9343,1049-50,4_2_8,3,False,3,3,3,3,4,4,4,4
9347,1049-50,1_1_3,3,False,4,4,3,4,4,4,4,3
9349,1049-50,1_2_1,3,False,4,4,3,3,3,4,3,4
9350,1049-50,4_2_12,3,False,4,4,4,5,3,4,4,4
9351,1049-50,2_2_4,3,False,4,5,5,4,4,3,4,4
9353,1049-50,5_3_12,3,False,4,4,3,4,4,4,3,4
9356,1049-50,4_2_9,3,False,5,5,4,5,5,5,5,5
9364,1049-50,4_2_12,3,False,4,4,3,4,3,3,4,4
9371,1049-50,4_2_10,3,False,4,5,5,5,5,5,5,5
9372,1049-50,1_1_2,3,False,5,5,4,5,4,4,4,4
9375,1049-50,1_1_5,3,False,5,4,4,4,5,5,4,4
9377,1049-50,2_3_8,3,False,4,4,4,3,3,4,3,3
9381,1049-50,2_2_3,3,False,5,5,4,4,5,4,5,5
9382,1049-50,2_3_8,3,False,4,4,4,3,4,4,3,4
9383,1049-50,2_4_10,3,False,5,4,4,4,5,4,4,5
9387,1049-50,2_2_3,3,False,3,4,4,4,4,5,4,4
9390,1049-50,4_2_11,3,False,4,3,3,3,3,3,3,2
9394,1049-50,5_3_12,3,False,5,5,4,4,4,4,4,5
9395,1049-50,2_4_11,3,False,5,4,4,4,4,4,4,4
9397,1049-50,2_1_1,3,False,5,4,4,4,4,4,4,4
9399,1049-50,2_3_8,3,False,4,4,4,4,5,4,4,5
94,1049-50,2_2_5,3,True,4,4,4,4,3,4,3,3
9400,1049-50,3_5_13,3,False,5,4,4,4,5,5,5,4
9407,1049-50,2_2_2,3,False,4,3,4,4,3,3,3,4
9408,1049-50,2_2_5,3,False,4,4,4,5,4,3,3,5
941,1049-50,2_2_4,3,True,4,4,4,4,4,4,4,3
9416,1049-50,2_2_3,3,False,4,4,3,3,3,4,3,4
9421,1049-50,3_2_2,3,False,4,4,3,4,3,4,4,3
9423,1049-50,1_1_2,3,False,4,4,3,5,4,4,3,4
9431,1049-50,1_1_4,3,False,4,4,3,4,4,4,4,3
9434,1049-50,3_5_13,3,False,3,4,3,4,3,3,4,3
9437,1049-50,2_3_9,3,False,3,3,4,4,3,4,4,4
9440,1049-50,5_3_12,3,False,4,3,3,3,3,4,2,3
9443,1049-50,1_1_3,3,False,5,4,3,4,4,4,4,4
9446,1049-50,1_2_1,3,False,4,4,4,4,4,4,4,4
9449,1049-50,2_1_1,3,False,5,5,4,4,4,4,4,4
9450,1049-50,2_2_2,3,False,4,4,4,3,4,4,4,4
9453,1049-50,4_2_12,3,False,4,3,4,3,3,3,3,3
9456,1049-50,2_2_5,3,False,5,4,5,5,4,5,5,5
9459,1049-50,3_5_13,3,False,4,4,5,4,4,4,4,5
9462,1049-50,2_4_12,3,False,5,4,4,4,3,4,4,5
9464,1049-50,4_2_10,3,False,4,3,4,3,3,3,4,4
9467,1049-50,2_4_12,3,False,3,4,4,4,3,4,4,4
9468,1049-50,3_5_13,3,False,3,4,5,4,4,4,3,4
947,1049-50,2_4_10,3,False,3,4,4,3,3,3,3,3
9475,1049-50,2_2_4,3,False,4,4,4,5,4,3,4,4
9476,1049-50,1_1_3,3,False,4,5,4,4,4,5,5,5
9478,1049-50,4_2_10,3,False,3,4,3,5,5,4,4,4
9480,1049-50,2_2_5,3,False,4,4,4,4,4,4,4,4
9482,1049-50,1_1_2,3,False,4,4,4,4,4,4,4,4
9483,1049-50,2_2_6,3,False,5,4,4,4,4,4,4,4
9484,1049-50,2_2_4,3,False,5,3,4,4,3,4,4,3
9487,1049-50,2_4_12,3,False,5,4,5,5,4,4,4,5
9490,1049-50,2_2_2,3,False,5,4,5,4,4,4,4,5
9499,1049-50,4_2_8,3,False,4,4,4,4,5,4,5,5
950,1049-50,1_1_5,3,True,4,3,4,3,3,4,4,3
9500,1049-50,2_4_12,3,False,4,4,4,5,4,4,5,4
9506,1049-50,5_3_11,3,False,3,3,3,3,4,4,3,4
9508,1049-50,1_1_1,3,False,3,3,3,3,3,4,4,3
9511,1049-50,2_3_7,3,False,3,4,4,4,4,4,5,4
9513,1049-50,5_3_11,3,False,4,3,4,4,3,4,3,4
9514,1049-50,2_3_8,3,False,4,3,3,4,2,3,3,3
9517,1049-50,2_3_7,3,False,5,5,5,5,5,4,4,5
9522,1049-50,4_2_10,3,False,3,3,4,3,3,3,3,3
9523,1049-50,2_4_10,3,False,4,4,4,4,4,4,4,4
9524,1049-50,2_3_9,3,False,4,3,3,4,3,4,4,3
9526,1049-50,2_3_8,3,False,5,4,5,5,4,4,4,5
9529,1049-50,4_2_9,3,False,3,3,4,4,3,4,3,3
9530,1049-50,2_2_5,3,False,5,5,5,4,5,5,5,5
9533,1049-50,3_5_13,3,False,4,4,4,5,4,4,4,5
9535,1049-50,2_3_9,3,False,3,3,4,4,4,4,3,4
9536,1049-50,2_4_12,3,False,4,4,3,5,4,4,4,3
9540,1049-50,3_5_13,3,False,4,4,3,3,4,4,3,4
9542,1049-50,4_2_8,3,False,4,4,4,5,4,4,3,4
9543,1049-50,1_1_5,3,False,4,4,4,4,4,3,4,4
9545,1049-50,4_2_9,3,False,3,4,4,4,4,4,4,3
9546,1049-50,1_1_3,3,False,4,4,3,4,3,4,3,4
9549,1049-50,4_2_11,3,False,4,4,5,5,5,3,5,4
9552,1049-50,2_4_12,3,False,4,4,3,4,4,4,3,4
9553,1049-50,2_3_8,3,False,3,4,3,3,3,3,4,3
9554,1049-50,4_2_12,3,False,4,4,4,5,4,3,4,4
9556,1049-50,4_2_10,3,False,4,4,4,4,3,4,4,4
9560,1049-50,2_2_5,3,False,5,5,5,5,5,5,5,5
9562,1049-50,2_4_11,3,False,4,5,4,5,4,4,4,4
9565,1049-50,3_2_2,3,False,4,4,3,3,3,3,3,3
9567,1049-50,4_2_10,3,False,4,4,5,4,3,4,4,4
9568,1049-50,1_1_2,3,False,4,4,3,4,4,4,4,4
9571,1049-50,2_2_4,3,False,3,3,3,3,4,3,3,3
9573,1049-50,4_2_12,3,False,5,4,4,4,4,4,4,4
9574,1049-50,2_3_8,3,False,3,3,4,4,4,3,4,3
9579,1049-50,2_2_3,3,False,4,4,4,3,4,4,4,4
9583,1049-50,4_2_12,3,False,4,3,3,3,4,4,4,3
9588,1049-50,2_4_12,3,False,3,4,4,4,3,4,3,4
9589,1049-50,1_1_3,3,False,4,3,3,4,4,4,3,4
959,1049-50,1_2_1,3,False,3,3,2,2,3,3,3,3
9591,1049-50,4_2_11,3,False,3,3,3,3,4,3,3,4
9593,1049-50,2_2_3,3,False,5,4,4,5,4,4,4,4
9595,1049-50,2_3_7,3,False,4,4,3,3,3,4,4,4
9599,1049-50,1_1_1,3,False,4,3,3,3,3,3,3,3
96,1049-50,2_4_10,3,True,5,5,4,4,4,4,4,4
9601,1049-50,1_1_1,3,False,5,4,4,5,4,4,4,5
9603,1049-50,2_2_4,3,False,4,3,4,3,4,4,4,3
9604,1049-50,1_1_2,3,False,3,4,4,4,3,3,4,4
9606,1049-50,1_1_4,3,False,5,4,4,3,4,4,4,4
961,1049-50,4_2_11,3,False,4,4,5,4,3,4,4,4
9612,1049-50,4_2_12,3,False,3,3,3,4,4,4,4,4
9617,1049-50,4_2_12,3,False,4,4,4,5,4,5,4,4
9629,1049-50,4_2_12,3,False,3,3,3,3,3,4,2,3
9633,1049-50,3_5_13,3,False,2,3,3,3,2,4,3,4
9634,1049-50,2_2_5,3,False,4,4,4,4,4,4,5,5
9635,1049-50,3_2_2,3,False,4,3,3,4,4,4,4,4
9638,1049-50,4_2_12,3,False,5,5,4,5,5,5,4,5
9639,1049-50,1_1_2,3,False,5,4,4,4,4,4,4,5
9640,1049-50,2_3_8,3,False,4,3,4,3,4,4,4,4
9642,1049-50,1_1_2,3,False,5,5,5,5,4,5,4,5
9643,1049-50,2_2_4,3,False,4,4,4,4,5,4,4,4
9646,1049-50,3_2_2,3,False,4,4,3,3,4,4,3,4
9647,1049-50,3_1_1,3,False,4,4,4,3,4,4,4,4
9652,1049-50,4_2_12,3,False,4,3,3,3,4,3,3,4
9658,1049-50,2_1_1,3,False,4,3,3,3,2,3,3,3
9659,1049-50,2_3_7,3,False,4,4,4,4,3,3,3,4
9661,1049-50,4_2_12,3,False,4,4,3,3,4,4,4,4
9666,1049-50,3_1_1,3,False,3,4,4,3,3,3,4,3
9667,1049-50,1_1_4,3,False,4,4,3,4,3,4,4,4
9668,1049-50,4_2_12,3,False,4,4,4,4,4,4,3,4
9674,1049-50,1_1_2,3,False,4,4,3,4,4,4,4,4
9677,1049-50,1_1_5,3,False,4,4,4,4,4,3,4,4
9679,1049-50,2_3_8,3,False,4,4,4,4,4,5,5,4
968,1049-50,2_2_3,3,True,5,4,4,4,4,4,3,4
9680,1049-50,5_3_11,3,False,4,4,3,4,3,4,3,3
9684,1049-50,1_2_1,3,False,4,3,4,4,5,4,4,4
9694,1049-50,3_2_2,3,False,5,5,5,5,4,4,5,5
9695,1049-50,1_1_1,3,False,4,4,3,4,3,4,4,4
970,1049-50,2_2_2,3,False,3,3,3,3,3,3,3,3
9701,1049-50,2_2_2,3,False,4,4,4,4,3,5,4,4
9703,1049-50,1_1_4,3,False,3,4,3,3,3,4,2,3
9704,1049-50,1_1_5,3,False,5,4,5,5,4,3,4,4
9706,1049-50,1_1_4,3,False,3,3,3,3,2,3,3,2
9707,1049-50,2_2_2,3,False,5,3,4,4,4,4,4,4
9711,1049-50,2_3_9,3,False,4,3,3,3,3,3,3,3
9713,1049-50,2_3_9,3,False,5,5,4,5,4,5,3,5
9715,1049-50,2_3_8,3,False,4,4,4,4,3,4,5,4
9716,1049-50,5_3_11,3,False,4,4,3,3,3,4,3,3
9718,1049-50,2_2_5,3,False,4,5,5,5,5,5,5,5
9724,1049-50,1_1_3,3,False,4,4,4,4,4,5,4,4
9727,1049-50,4_2_8,3,False,4,3,3,4,3,3,3,3
9731,1049-50,2_4_12,3,False,4,4,4,4,4,4,4,3
9732,1049-50,3_2_2,3,False,4,4,3,4,4,4,3,4
9734,1049-50,4_2_10,3,False,2,3,3,4,3,4,3,3
9736,1049-50,4_2_12,3,False,5,3,4,4,4,4,4,4
9739,1049-50,4_2_10,3,False,4,4,4,4,4,4,4,4
9744,1049-50,2_2_2,3,False,4,4,3,3,3,3,4,3
9751,1049-50,4_2_8,3,False,4,3,5,4,5,3,4,3
9757,1049-50,2_2_5,3,False,4,3,4,5,4,4,3,4
9759,1049-50,2_3_9,3,False,5,4,4,5,4,4,5,4
9763,1049-50,1_1_3,3,False,4,4,4,4,4,3,5,4
9767,1049-50,2_4_12,3,False,5,4,4,4,3,5,4,4
9768,1049-50,1_1_3,3,False,4,4,5,5,4,3,4,5
9770,1049-50,2_2_2,3,False,5,5,4,4,4,4,4,5
9771,1049-50,2_2_2,3,False,5,4,4,4,3,4,4,4
9772,1049-50,1_2_1,3,False,4,3,3,3,3,3,3,4
9775,1049-50,2_3_8,3,False,3,3,3,3,3,3,3,3
9778,1049-50,2_1_1,3,False,3,4,3,4,3,3,3,3
9779,1049-50,1_1_2,3,False,5,4,4,5,4,4,4,4
9780,1049-50,2_2_3,3,False,5,4,4,4,4,3,3,5
9782,1049-50,4_2_12,3,False,4,4,4,4,4,4,4,5
9783,1049-50,2_4_10,3,False,4,3,3,4,3,4,4,3
9788,1049-50,2_2_2,3,False,4,3,4,3,3,4,4,4
9789,1049-50,2_2_5,3,False,4,4,4,4,4,4,4,3
9790,1049-50,2_3_7,3,False,5,4,4,4,4,4,4,4
9798,1049-50,2_4_10,3,False,5,4,4,4,4,4,4,4
9804,1049-50,1_1_2,3,False,5,4,4,4,4,3,4,4
9808,1049-50,2_2_3,3,False,4,5,4,5,5,4,4,4
9810,1049-50,2_3_8,3,False,4,4,4,5,4,4,4,5
9813,1049-50,2_1_1,3,False,5,4,5,4,4,4,4,5
9816,1049-50,2_4_10,3,False,4,3,3,3,3,3,3,3
9817,1049-50,4_2_11,3,False,4,4,4,4,4,4,3,4
9822,1049-50,2_2_2,3,False,5,4,4,4,5,4,5,5
9826,1049-50,5_3_11,3,False,4,4,4,3,4,4,3,3
9828,1049-50,2_4_12,3,False,4,4,4,4,3,4,4,4
9829,1049-50,3_2_2,3,False,4,4,5,4,4,4,4,5
9832,1049-50,3_5_13,3,False,4,3,3,4,3,3,4,3
9835,1049-50,3_2_2,3,False,5,4,4,5,4,5,4,5
9839,1049-50,2_2_2,3,False,4,4,3,4,3,2,3,3
9844,1049-50,4_2_8,3,False,4,4,5,4,3,4,3,4
9845,1049-50,2_2_4,3,False,5,4,5,5,5,5,4,5
9849,1049-50,1_1_1,3,False,4,4,4,4,4,4,4,4
9850,1049-50,1_1_3,3,False,4,5,4,4,4,4,4,4
9852,1049-50,2_4_12,3,False,4,5,3,4,5,4,3,4
9854,1049-50,2_3_7,3,False,4,5,4,4,4,3,4,4
9859,1049-50,2_3_8,3,False,4,4,4,4,4,5,5,5
9862,1049-50,1_2_1,3,False,5,4,4,4,3,4,4,4
9865,1049-50,4_2_12,3,False,5,4,4,5,4,4,5,5
9866,1049-50,1_2_1,3,False,4,4,4,4,4,4,4,4
9872,1049-50,2_2_6,3,False,3,3,3,3,3,4,4,3
9873,1049-50,4_2_9,3,False,4,4,4,4,4,3,4,4
9880,1049-50,3_5_13,3,False,3,3,3,3,3,3,3,3
9883,1049-50,1_1_2,3,False,4,4,4,4,4,4,4,4
9885,1049-50,2_2_4,3,False,4,4,4,4,4,4,4,4
9888,1049-50,2_3_8,3,False,4,3,3,4,4,4,3,4
9890,1049-50,1_1_5,3,False,3,4,4,5,4,4,4,4
9893,1049-50,2_2_3,3,False,4,4,4,3,4,4,4,3
9897,1049-50,2_4_10,3,False,5,5,5,5,5,5,4,5
9898,1049-50,2_3_8,3,False,4,4,4,4,4,5,4,4
99,1049-50,2_2_2,3,True,4,4,4,3,4,3,4,3
9901,1049-50,3_5_13,3,False,4,4,4,3,4,3,3,4
9909,1049-50,2_4_11,3,False,4,4,3,3,4,4,4,4
9916,1049-50,4_2_8,3,False,4,4,3,4,4,5,4,4
9917,1049-50,2_4_10,3,False,4,3,3,4,3,4,4,4
9926,1049-50,4_2_10,3,False,3,3,2,2,3,3,3,3
9929,1049-50,1_1_3,3,False,3,4,3,4,3,4,3,4
9931,1049-50,4_2_8,3,False,4,4,4,4,3,4,4,4
9932,1049-50,4_2_8,3,False,4,4,5,4,3,4,4,4
9933,1049-50,1_2_1,3,False,4,3,4,4,4,4,3,3
9934,1049-50,4_2_12,3,False,4,3,4,4,4,4,4,4
9936,1049-50,4_2_12,3,False,4,4,4,5,4,4,4,4
9937,1049-50,4_2_10,3,False,5,5,4,4,4,4,4,5
9938,1049-50,3_5_13,3,False,4,4,3,4,4,5,4,4
9944,1049-50,4_2_12,3,False,4,3,3,4,3,4,2,3
9949,1049-50,1_1_4,3,False,4,4,4,4,4,4,4,4
9954,1049-50,1_1_5,3,False,4,3,4,3,3,3,4,3
9959,1049-50,4_2_10,3,False,4,3,3,4,3,4,4,4
9969,1049-50,1_1_2,3,False,5,5,5,5,4,5,5,5
9972,1049-50,2_2_4,3,False,4,4,3,3,3,4,4,4
9977,1049-50,2_4_10,3,False,5,4,3,3,4,4,4,4
9981,1049-50,2_4_11,3,False,4,4,3,4,4,3,4,4
9986,1049-50,2_2_6,3,False,4,4,3,4,4,4,3,4
9987,1049-50,1_1_2,3,False,5,3,4,3,4,4,3,4
9988,1049-50,4_2_10,3,False,3,3,4,4,3,4,4,4
9989,1049-50,5_3_11,3,False,3,4,4,3,3,4,3,3
9994,1049-50,2_4_12,3,False,4,4,4,4,4,3,4,3
9995,1049-50,5_3_11,3,False,4,3,4,4,4,3,4,4
10003,1050-51,3_2_2,3,False,5,4,5,5,4,5,4,5
10013,1050-51,4_2_8,3,False,3,4,4,4,3,4,3,3
10014,1050-51,1_1_4,3,False,5,5,5,5,5,4,4,5
10018,1050-51,2_3_8,3,False,5,4,5,4,4,4,4,4
10025,1050-51,2_3_8,3,False,5,4,4,5,4,4,3,4
10029,1050-51,2_2_5,3,False,5,4,4,4,4,4,4,3
10035,1050-51,3_1_1,3,False,4,4,4,4,4,3,4,4
10039,1050-51,4_2_11,3,False,3,3,4,3,3,4,5,4
10044,1050-51,3_1_1,3,False,4,4,4,5,5,3,4,5
10047,1050-51,3_2_2,3,False,3,3,2,3,2,4,3,3
10052,1050-51,2_3_8,3,False,4,4,4,4,4,3,3,4
10060,1050-51,2_2_2,3,False,4,5,5,4,4,4,4,5
10062,1050-51,2_3_9,3,False,4,4,4,4,4,4,4,5
10063,1050-51,2_2_6,3,False,5,5,3,4,5,4,4,4
10064,1050-51,2_3_9,3,False,4,3,3,4,4,3,3,4
10068,1050-51,2_2_2,3,False,4,4,3,4,4,4,3,4
10075,1050-51,4_2_11,3,False,4,4,4,5,5,5,4,5
10076,1050-51,1_2_1,3,False,4,4,4,4,5,4,4,4
10080,1050-51,4_2_11,3,False,3,2,3,4,4,4,3,3
10082,1050-51,2_4_12,3,False,4,4,4,3,4,4,4,4
10083,1050-51,1_1_2,3,False,4,3,3,4,3,3,3,3
10086,1050-51,3_5_13,3,False,4,4,5,4,4,4,4,4
10100,1050-51,2_3_8,3,False,5,4,4,5,4,4,4,5
10105,1050-51,4_2_12,3,False,5,5,4,4,5,4,5,4
10107,1050-51,2_3_7,3,False,5,5,4,5,4,5,4,5
10109,1050-51,2_3_7,3,False,4,4,3,5,4,4,4,4
10126,1050-51,2_3_8,3,False,4,5,4,4,4,4,4,4
10127,1050-51,1_1_3,3,False,4,3,4,3,4,3,4,3
10134,1050-51,1_1_3,3,False,4,4,3,4,4,3,3,3
10135,1050-51,4_2_11,3,False,4,4,4,4,4,4,4,3
10140,1050-51,2_4_11,3,False,5,5,5,5,5,5,4,5
10141,1050-51,4_2_10,3,False,4,4,4,3,4,4,3,4
10143,1050-51,2_2_5,3,False,4,4,4,3,4,4,4,4
10152,1050-51,1_2_1,3,False,4,4,4,4,4,4,4,4
10154,1050-51,2_2_2,3,False,3,4,3,4,4,4,3,3
10157,1050-51,4_2_12,3,False,4,3,3,3,3,4,4,3
10158,1050-51,2_4_11,3,False,4,4,4,3,4,4,3,4
10161,1050-51,1_1_2,3,False,5,5,4,5,4,5,4,5
10165,1050-51,4_2_9,3,False,4,4,4,4,4,4,4,4
10170,1050-51,1_1_3,3,False,4,5,4,4,4,4,4,4
10171,1050-51,4_2_10,3,False,3,4,4,4,4,4,3,4
10172,1050-51,1_1_2,3,False,5,5,5,5,5,5,5,5
10177,1050-51,5_3_12,3,False,4,4,3,4,4,3,3,4
10181,1050-51,1_1_1,3,False,3,3,3,3,3,4,3,3
10182,1050-51,2_4_12,3,False,5,4,4,4,4,4,3,4
10184,1050-51,4_2_12,3,False,5,4,4,4,4,4,4,4
10186,1050-51,4_2_12,3,False,5,5,5,4,4,4,5,4
10187,1050-51,4_2_12,3,False,5,4,5,4,4,3,3,5
10193,1050-51,2_2_5,3,False,4,5,4,4,4,4,5,4
10200,1050-51,2_2_2,3,False,4,5,4,4,4,4,3,4
10201,1050-51,2_2_3,3,False,4,4,5,4,4,4,3,4
10203,1050-51,1_2_1,3,False,5,4,3,4,4,4,3,4
10204,1050-51,3_5_13,3,False,4,4,4,3,3,3,3,3
10207,1050-51,1_1_4,3,False,4,4,4,4,3,4,4,4
10210,1050-51,1_1_3,3,False,4,4,4,3,3,4,4,4
10211,1050-51,2_3_7,3,False,4,4,4,5,4,5,4,4
10212,1050-51,1_1_5,3,False,5,4,4,4,4,4,4,4
10214,1050-51,4_2_8,3,False,4,4,5,5,5,4,5,5
10215,1050-51,4_2_10,3,False,5,4,5,5,4,5,4,5
10220,1050-51,1_1_4,3,False,5,4,4,4,4,4,4,5
10232,1050-51,2_3_7,3,False,4,4,3,3,3,4,3,4
10237,1050-51,2_2_4,3,False,4,4,3,4,4,4,4,4
10241,1050-51,2_4_12,3,False,4,4,4,4,3,4,4,4
10244,1050-51,2_2_3,3,False,5,4,4,4,4,4,4,4
10247,1050-51,4_2_10,3,False,4,4,5,4,4,4,4,5
10249,1050-51,1_1_1,3,False,4,4,4,4,4,3,4,4
10251,1050-51,1_1_4,3,False,4,5,3,4,4,4,4,4
10259,1050-51,2_2_3,3,False,3,3,4,3,4,4,3,3
10260,1050-51,4_2_8,3,False,4,4,5,4,4,4,4,5
10262,1050-51,2_2_6,3,False,5,4,4,4,4,4,4,5
10263,1050-51,1_1_1,3,False,5,4,4,4,5,4,4,5
10268,1050-51,3_2_2,3,False,5,3,4,3,4,4,4,4
10270,1050-51,2_1_1,3,False,4,3,3,4,3,3,4,4
10273,1050-51,1_1_2,3,False,5,4,4,3,4,4,3,4
10276,1050-51,4_2_10,3,False,5,4,5,5,4,4,3,5
10278,1050-51,4_2_8,3,False,4,5,4,4,3,4,4,4
10279,1050-51,2_3_8,3,False,5,5,4,4,4,4,4,4
10280,1050-51,3_5_13,3,False,3,3,2,3,3,3,3,3
10282,1050-51,2_4_10,3,False,4,4,4,4,4,4,4,4
10288,1050-51,4_2_12,3,False,4,4,4,4,4,3,3,3
10297,1050-51,3_2_2,3,False,4,4,4,4,4,5,4,4
10301,1050-51,2_4_12,3,False,3,3,3,4,4,4,3,3
10310,1050-51,2_2_4,3,False,4,3,3,3,3,3,3,3
10312,1050-51,2_1_1,3,False,4,4,3,4,4,4,4,3
10317,1050-51,2_1_1,3,False,4,3,4,4,4,3,4,4
10318,1050-51,2_2_2,3,False,5,4,4,4,4,4,4,4
10322,1050-51,2_2_3,3,False,5,3,4,4,4,4,4,5
10326,1050-51,2_2_4,3,False,4,4,3,5,4,4,4,4
10327,1050-51,3_5_13,3,False,4,4,4,4,4,4,4,5
10329,1050-51,2_3_8,3,False,4,4,4,4,3,4,4,4
10337,1050-51,2_3_8,3,False,4,4,4,4,3,4,3,4
10341,1050-51,3_2_2,3,False,4,4,4,4,4,4,4,4
10344,1050-51,2_2_4,3,False,4,4,3,4,3,3,3,3
10347,1050-51,4_2_8,3,False,4,3,3,4,3,3,3,4
10348,1050-51,4_2_9,3,False,4,4,4,5,4,4,4,4
10353,1050-51,2_4_10,3,False,5,3,4,4,3,3,4,4
10356,1050-51,3_5_13,3,False,3,3,4,4,3,4,4,4
10359,1050-51,5_3_12,3,False,3,3,4,4,4,3,4,4
10362,1050-51,5_3_12,3,False,5,5,4,5,5,4,4,5
10363,1050-51,4_2_8,3,False,4,4,3,2,3,4,4,3
10369,1050-51,2_2_4,3,False,4,3,3,4,4,3,4,4
10373,1050-51,2_4_12,3,False,4,4,5,4,4,4,4,4
10376,1050-51,2_2_4,3,False,4,4,4,3,3,4,4,4
10381,1050-51,1_1_4,3,False,4,4,4,3,4,3,4,4
10383,1050-51,3_5_13,3,False,3,4,3,4,5,4,4,4
10384,1050-51,2_4_10,3,False,5,5,4,4,4,5,4,4
10387,1050-51,2_3_7,3,False,5,4,3,3,3,4,3,4
10390,1050-51,2_3_7,3,False,4,4,4,4,4,4,4,4
10391,1050-51,3_5_13,3,False,3,4,3,4,4,4,4,3
10397,1050-51,5_3_12,3,False,3,3,4,4,4,3,4,3
10401,1050-51,2_1_1,3,False,4,4,4,3,3,3,4,4
10407,1050-51,2_2_5,3,False,5,5,5,5,5,5,3,4
10408,1050-51,1_1_3,3,False,4,3,4,3,3,4,3,3
10409,1050-51,4_2_12,3,False,4,4,4,3,3,4,4,3
10412,1050-51,2_2_3,3,False,3,4,4,4,2,4,4,3
10413,1050-51,2_1_1,3,False,4,3,4,5,4,4,3,4
10415,1050-51,1_1_2,3,False,4,3,3,4,4,4,3,3
10418,1050-51,4_2_11,3,False,4,5,5,5,4,5,4,4
10422,1050-51,2_2_2,3,False,4,4,5,5,4,4,3,5
10423,1050-51,2_2_4,3,False,4,4,4,4,3,5,4,5
10424,1050-51,2_2_5,3,False,5,4,5,4,4,3,3,4
10427,1050-51,4_2_8,3,False,5,4,5,4,4,4,4,4
10431,1050-51,4_2_9,3,False,4,3,4,5,4,4,3,4
10432,1050-51,5_3_11,3,False,4,3,3,3,3,4,3,4
10434,1050-51,2_3_9,3,False,4,3,3,4,3,3,4,3
10435,1050-51,1_1_3,3,False,5,4,4,5,4,4,5,4
10440,1050-51,2_2_3,3,False,4,4,4,4,3,4,3,4
10445,1050-51,2_2_5,3,False,4,4,4,4,4,4,3,3
10453,1050-51,1_1_5,3,False,4,4,4,4,4,4,4,4
10464,1050-51,3_1_1,3,False,4,4,2,3,4,4,4,3
10467,1050-51,2_3_8,3,False,5,5,4,5,4,4,4,5
10473,1050-51,4_2_12,3,False,5,4,4,4,5,4,4,4
10487,1050-51,4_2_11,3,False,3,3,4,4,3,4,4,3
10491,1050-51,2_1_1,3,False,4,4,4,5,4,3,4,4
10492,1050-51,4_2_11,3,False,4,3,4,3,4,4,3,3
10493,1050-51,4_2_12,3,False,4,4,4,3,4,5,5,4
10494,1050-51,2_2_3,3,False,4,3,3,4,4,4,4,3
10498,1050-51,2_4_12,3,False,4,4,3,3,3,3,4,3
10499,1050-51,5_3_11,3,False,4,5,5,5,4,5,5,5
10500,1050-51,2_2_5,3,False,5,4,4,5,4,4,4,4
10501,1050-51,4_2_12,3,False,4,3,3,3,4,3,2,3
10502,1050-51,1_2_1,3,False,5,4,5,5,4,4,4,4
10515,1050-51,1_2_1,3,False,4,4,4,3,3,3,3,3
10518,1050-51,5_3_12,3,False,3,4,4,5,4,3,4,4
10519,1050-51,4_2_10,3,False,3,3,4,3,3,3,3,3
10521,1050-51,2_2_2,3,False,5,5,5,4,4,4,4,5
10529,1050-51,1_1_1,3,False,4,5,4,5,3,3,3,4
10530,1050-51,2_2_2,3,False,5,5,4,5,4,4,5,5
10534,1050-51,1_1_3,3,False,4,4,4,4,4,4,4,4
10537,1050-51,4_2_8,3,False,3,4,3,4,3,4,4,3
10538,1050-51,1_1_4,3,False,4,4,4,4,4,5,4,4
10539,1050-51,4_2_12,3,False,4,4,3,4,3,4,4,4
10545,1050-51,1_1_3,3,False,4,3,4,4,4,4,3,3
10549,1050-51,4_2_12,3,False,5,3,4,4,4,4,4,4
10550,1050-51,2_2_6,3,False,3,3,3,3,3,2,3,3
10552,1050-51,1_2_1,3,False,4,3,4,4,3,4,4,4
10556,1050-51,1_1_3,3,False,4,4,3,4,3,4,4,3
10558,1050-51,2_3_7,3,False,4,5,4,4,4,4,4,4
10561,1050-51,2_2_2,3,False,5,3,3,3,4,4,3,3
10562,1050-51,2_2_3,3,False,5,4,4,5,4,4,3,4
10571,1050-51,1_1_3,3,False,4,4,4,4,4,4,3,3
10575,1050-51,2_4_11,3,False,4,3,3,3,4,3,3,3
10576,1050-51,4_2_12,3,False,3,3,3,3,3,4,4,3
10578,1050-51,2_3_9,3,False,4,4,4,4,5,4,5,5
10580,1050-51,2_4_12,3,False,4,4,4,4,4,4,3,3
10582,1050-51,2_3_7,3,False,5,4,5,5,4,4,5,5
10587,1050-51,2_3_9,3,False,3,4,4,4,3,4,3,4
10589,1050-51,4_2_10,3,False,3,4,4,4,4,4,4,4
10591,1050-51,2_4_12,3,False,4,4,4,5,4,5,5,5
10601,1050-51,2_1_1,3,False,4,4,4,4,3,4,4,4
10604,1050-51,2_2_5,3,False,4,3,4,4,4,4,4,4
10607,1050-51,3_5_13,3,False,3,3,3,5,3,3,3,4
10612,1050-51,2_1_1,3,False,4,4,4,4,4,5,4,5
10614,1050-51,3_5_13,3,False,4,4,4,4,4,4,3,3
10616,1050-51,3_5_13,3,False,4,4,3,3,3,3,3,3
10618,1050-51,4_2_10,3,False,4,3,5,3,3,4,4,3
10622,1050-51,2_2_2,3,False,4,4,3,4,4,3,4,4
10632,1050-51,1_1_3,3,False,5,5,4,5,4,5,5,4
10635,1050-51,3_5_13,3,False,4,3,4,4,3,3,4,4
10638,1050-51,1_2_1,3,False,3,4,4,4,4,4,3,4
10642,1050-51,1_1_4,3,False,4,4,4,4,4,4,4,4
10652,1050-51,3_1_1,3,False,5,5,5,5,4,4,5,5
10653,1050-51,2_3_7,3,False,3,4,3,3,3,4,4,2
10658,1050-51,1_1_4,3,False,5,4,4,4,4,4,4,4
10660,1050-51,2_2_3,3,False,4,4,4,4,4,3,4,4
10666,1050-51,1_1_4,3,False,4,4,3,3,3,4,4,3
10668,1050-51,2_2_4,3,False,5,5,4,3,4,5,5,4
10680,1050-51,5_3_12,3,False,4,4,5,4,4,5,4,4
10681,1050-51,4_2_12,3,False,5,3,4,4,4,4,5,5
10683,1050-51,1_1_3,3,False,5,4,4,4,4,4,4,5
10685,1050-51,4_2_10,3,False,4,3,4,4,4,4,4,4
10686,1050-51,2_2_3,3,False,4,5,3,4,4,3,4,3
10687,1050-51,4_2_12,3,False,4,4,4,4,4,4,4,4
10692,1050-51,4_2_8,3,False,4,3,4,4,3,3,3,4
10696,1050-51,2_3_9,3,False,4,4,3,3,3,3,3,3
10698,1050-51,1_2_1,3,False,5,5,4,4,4,4,4,3
10699,1050-51,2_1_1,3,False,4,4,3,4,4,3,4,4
10701,1050-51,1_1_5,3,False,5,5,4,4,4,4,4,5
10702,1050-51,3_2_2,3,False,4,3,2,3,3,4,5,4
10703,1050-51,2_2_5,3,False,3,4,3,3,3,3,3,3
10706,1050-51,2_2_5,3,False,4,4,4,4,4,4,4,4
10707,1050-51,4_2_12,3,False,4,4,4,4,4,4,4,4
10711,1050-51,2_2_2,3,False,5,4,4,5,4,4,4,4
10714,1050-51,1_1_4,3,False,5,3,4,4,4,4,4,4
10717,1050-51,3_1_1,3,False,4,4,5,4,4,4,5,5
10718,1050-51,1_1_4,3,False,4,4,4,4,3,4,4,4
10721,1050-51,2_2_2,3,False,4,4,4,3,4,3,4,4
10731,1050-51,4_2_8,3,False,4,5,5,5,5,4,5,5
10732,1050-51,2_2_2,3,False,4,4,4,5,3,4,4,4
10735,1050-51,1_1_2,3,False,5,5,3,5,3,4,4,4
10744,1050-51,3_1_1,3,False,4,4,4,4,4,4,4,4
10745,1050-51,2_4_12,3,False,5,5,4,4,4,5,4,4
10748,1050-51,4_2_8,3,False,4,3,4,4,3,4,3,3
10757,1050-51,3_5_13,3,False,4,3,4,4,4,3,3,4
10759,1050-51,3_5_13,3,False,4,4,3,4,4,3,4,4
10762,1050-51,4_2_11,3,False,5,4,5,5,3,4,4,5
10763,1050-51,2_2_4,3,False,5,4,4,4,3,4,3,4
10767,1050-51,2_1_1,3,False,4,2,3,3,3,3,3,3
10777,1050-51,1_1_2,3,False,4,4,3,4,4,5,3,4
10779,1050-51,2_2_2,3,False,4,3,4,4,4,3,3,3
10782,1050-51,1_1_5,3,False,4,4,4,4,4,4,4,4
10785,1050-51,4_2_11,3,False,4,4,4,4,4,4,3,4
10792,1050-51,5_3_11,3,False,4,4,4,4,4,4,4,4
10797,1050-51,5_3_11,3,False,4,3,4,3,4,3,3,3
10798,1050-51,4_2_8,3,False,3,3,4,4,3,4,4,4
10801,1050-51,5_3_11,3,False,5,4,3,3,4,4,4,4
10805,1050-51,2_2_6,3,False,5,4,4,3,4,5,5,3
10807,1050-51,1_1_1,3,False,5,4,5,4,3,4,3,4
10811,1050-51,5_3_12,3,False,3,3,3,4,3,3,3,3
10814,1050-51,1_1_3,3,False,5,4,5,4,4,4,5,4
10815,1050-51,1_2_1,3,False,4,4,4,4,5,5,4,5
10816,1050-51,1_1_3,3,False,5,4,4,4,4,4,5,5
10817,1050-51,4_2_8,3,False,4,4,4,4,4,4,4,3
10818,1050-51,2_4_12,3,False,4,3,4,3,3,3,4,3
10821,1050-51,2_3_7,3,False,4,4,3,5,4,4,4,4
10822,1050-51,2_3_7,3,False,3,3,4,5,4,4,4,5
10830,1050-51,2_2_4,3,False,4,4,5,5,5,4,4,5
10832,1050-51,1_1_1,3,False,5,4,5,5,4,5,4,4
10833,1050-51,2_1_1,3,False,5,5,5,4,5,5,5,5
10836,1050-51,2_3_8,3,False,4,4,3,4,4,4,4,3
10843,1050-51,4_2_8,3,False,3,3,3,3,2,3,4,3
10845,1050-51,2_2_6,3,False,4,4,3,4,5,4,4,4
10849,1050-51,2_4_12,3,False,5,5,3,5,4,5,5,5
10850,1050-51,1_1_5,3,False,4,3,4,4,4,4,4,3
10851,1050-51,2_3_8,3,False,3,4,3,3,3,3,4,4
10852,1050-51,2_4_11,3,False,4,5,5,4,4,4,4,4
10853,1050-51,2_3_8,3,False,4,4,3,3,3,3,3,3
10860,1050-51,1_1_3,3,False,5,5,5,5,5,3,5,5
10865,1050-51,2_3_8,3,False,4,5,4,4,4,5,4,5
10868,1050-51,2_4_10,3,False,4,4,4,5,3,3,4,3
10870,1050-51,3_1_1,3,False,4,4,4,4,3,4,4,5
10871,1050-51,2_2_4,3,False,4,4,2,3,3,3,4,3
10872,1050-51,1_1_3,3,False,4,4,3,4,4,4,4,4
10873,1050-51,2_2_5,3,False,4,4,4,4,3,4,4,4
10874,1050-51,1_1_2,3,False,4,4,4,4,3,4,4,4
10876,1050-51,2_4_12,3,False,4,4,3,4,4,4,4,4
10881,1050-51,2_3_7,3,False,4,4,4,4,3,4,4,4
10882,1050-51,4_2_10,3,False,4,4,4,4,3,4,3,4
10893,1050-51,2_4_10,3,False,5,4,5,5,4,4,4,5
10894,1050-51,3_5_13,3,False,4,4,4,4,4,5,4,4
10895,1050-51,2_2_4,3,False,5,3,3,4,4,4,3,4
10896,1050-51,1_1_4,3,False,4,5,3,4,3,4,4,3
10898,1050-51,4_2_12,3,False,4,5,4,4,4,4,3,4
10904,1050-51,4_2_8,3,False,4,4,4,3,4,3,4,4
10913,1050-51,3_2_2,3,False,5,5,5,4,4,4,5,5
10918,1050-51,2_3_9,3,False,3,4,4,4,3,4,3,3
10922,1050-51,1_1_1,3,False,4,5,4,5,4,5,3,4
10923,1050-51,3_5_13,3,False,3,4,4,4,4,4,4,4
10924,1050-51,4_2_10,3,False,4,4,4,5,4,4,4,4
10928,1050-51,4_2_10,3,False,3,4,4,5,4,4,4,5
10930,1050-51,2_3_8,3,False,5,5,4,4,4,5,4,4
10939,1050-51,2_4_12,3,False,5,5,3,4,4,4,4,4
10941,1050-51,1_2_1,3,False,4,4,4,4,4,3,4,4
10945,1050-51,2_2_4,3,False,5,5,5,5,4,4,5,5
10947,1050-51,4_2_10,3,False,4,3,2,3,3,4,4,3
10951,1050-51,2_3_7,3,False,5,4,4,4,4,3,3,4
10952,1050-51,1_2_1,3,False,3,4,4,3,3,4,3,3
10961,1050-51,2_2_6,3,False,4,5,4,5,5,4,5,4
10968,1050-51,3_2_2,3,False,4,3,3,4,3,4,4,4
10974,1050-51,3_2_2,3,False,4,4,3,5,4,4,3,3
10979,1050-51,2_3_7,3,False,4,3,4,4,4,3,4,4
10990,1050-51,1_1_1,3,False,4,3,4,4,3,3,4,4
10992,1050-51,2_2_5,3,False,4,4,3,4,4,4,4,4
10996,1050-51,1_2_1,3,False,4,3,4,4,4,4,3,3
10997,1050-51,4_2_8,3,False,4,5,4,3,3,4,4,3
10999,1050-51,2_2_2,3,False,5,5,5,4,5,5,5,5
110,1050-51,3_5_13,3,False,4,4,3,4,4,4,3,4
11000,1050-51,2_4_11,3,False,4,3,4,3,3,3,3,3
11001,1050-51,3_1_1,3,False,4,4,3,3,3,4,3,4
11002,1050-51,2_2_6,3,False,4,4,4,4,4,4,3,4
11007,1050-51,2_2_3,3,False,5,5,4,5,4,4,5,4
11011,1050-51,1_1_3,3,False,4,4,3,4,4,4,4,4
11012,1050-51,2_2_3,3,False,5,4,4,4,4,4,4,5
11014,1050-51,4_2_12,3,False,4,3,4,4,3,4,4,4
11016,1050-51,1_1_2,3,False,4,4,4,4,3,4,4,4
11020,1050-51,2_2_2,3,False,4,3,3,3,3,3,4,4
11021,1050-51,2_2_5,3,False,4,4,4,4,4,5,3,4
11023,1050-51,1_1_3,3,False,5,4,4,5,4,4,4,4
11024,1050-51,4_2_9,3,False,4,4,4,4,3,4,3,4
11025,1050-51,2_2_4,3,False,4,3,4,5,4,4,4,4
11027,1050-51,2_1_1,3,False,5,5,3,4,4,4,5,4
11029,1050-51,1_2_1,3,False,5,5,5,4,4,4,4,5
11030,1050-51,4_2_12,3,False,4,3,4,3,3,4,4,3
11031,1050-51,5_3_12,3,False,4,3,4,3,4,3,3,4
11035,1050-51,2_2_4,3,False,4,5,4,5,4,5,4,5
11040,1050-51,3_2_2,3,False,5,4,4,4,4,5,4,4
11041,1050-51,2_3_7,3,False,4,4,3,3,4,4,3,4
11042,1050-51,4_2_12,3,False,4,4,4,5,3,4,3,4
11043,1050-51,3_1_1,3,False,3,4,4,5,4,4,4,4
11044,1050-51,2_4_11,3,False,4,4,3,3,4,3,3,3
11045,1050-51,5_3_11,3,False,4,4,4,3,4,3,3,3
11050,1050-51,4_2_11,3,False,3,3,4,3,3,3,3,3
11056,1050-51,2_4_10,3,False,4,4,3,3,3,4,3,4
11058,1050-51,4_2_11,3,False,3,4,3,4,4,4,4,3
11059,1050-51,2_1_1,3,False,5,4,3,4,5,3,4,4
11062,1050-51,2_3_8,3,False,4,5,4,4,4,4,4,4
11063,1050-51,4_2_10,3,False,4,4,5,5,4,4,4,3
11064,1050-51,2_3_8,3,False,5,4,3,5,4,4,4,5
11070,1050-51,3_5_13,3,False,5,4,4,4,4,4,4,5
11071,1050-51,4_2_8,3,False,4,4,4,4,3,4,4,4
11073,1050-51,2_3_9,3,False,4,4,3,4,3,3,3,3
11075,1050-51,2_2_5,3,False,4,5,4,5,4,3,4,3
11077,1050-51,4_2_12,3,False,3,3,3,2,3,4,3,3
11088,1050-51,2_2_2,3,False,5,4,2,3,4,3,4,3
11092,1050-51,2_4_10,3,False,4,3,3,4,4,3,3,4
11096,1050-51,2_3_7,3,False,4,5,4,4,4,3,4,5
11099,1050-51,1_2_1,3,False,4,3,3,4,3,4,4,4
11101,1050-51,4_2_11,3,False,4,4,3,4,3,4,3,4
11103,1050-51,1_1_2,3,False,5,4,5,4,4,4,4,5
11107,1050-51,1_1_1,3,False,4,4,4,4,3,4,4,3
11110,1050-51,2_2_5,3,False,5,5,3,5,4,5,4,5
11112,1050-51,2_2_4,3,False,4,4,4,4,4,3,4,3
11118,1050-51,1_2_1,3,False,5,4,4,4,4,5,4,4
11120,1050-51,2_3_7,3,False,5,3,4,5,4,4,4,5
11121,1050-51,1_2_1,3,False,3,4,4,4,4,3,4,3
11122,1050-51,2_1_1,3,False,5,4,5,5,4,4,4,5
11123,1050-51,2_2_4,3,False,4,4,4,4,3,4,3,3
11125,1050-51,2_4_12,3,False,4,4,4,4,3,4,3,4
11133,1050-51,1_1_3,3,False,4,4,4,4,3,4,4,4
11143,1050-51,3_5_13,3,False,4,3,3,4,4,4,4,4
11145,1050-51,4_2_12,3,False,4,4,4,4,4,4,4,4
11148,1050-51,2_3_7,3,False,5,5,5,4,5,4,5,5
11149,1050-51,4_2_10,3,False,4,4,4,5,4,4,4,4
11153,1050-51,2_4_10,3,False,3,4,3,4,3,4,4,3
11154,1050-51,2_4_12,3,False,4,5,4,4,4,3,4,4
11156,1050-51,3_2_2,3,False,5,4,3,4,4,4,3,4
11158,1050-51,2_3_9,3,False,5,5,4,4,4,4,4,4
11161,1050-51,4_2_12,3,False,3,4,3,4,3,3,3,3
11166,1050-51,1_1_4,3,False,4,4,3,4,4,4,4,4
11167,1050-51,3_1_1,3,False,3,4,4,3,3,3,4,4
11168,1050-51,2_4_12,3,False,4,5,4,5,5,5,4,5
11169,1050-51,1_1_5,3,False,4,4,4,4,4,4,4,5
11170,1050-51,5_3_11,3,False,4,4,5,4,4,4,3,4
11172,1050-51,2_2_4,3,False,4,3,4,4,3,3,4,4
11173,1050-51,1_1_4,3,False,5,4,4,4,4,4,4,5
11174,1050-51,3_5_13,3,False,4,3,4,5,4,4,4,4
11178,1050-51,4_2_9,3,False,4,4,4,4,3,4,4,3
11179,1050-51,2_2_5,3,False,4,4,4,5,4,4,4,4
11180,1050-51,2_2_2,3,False,4,3,3,3,3,3,3,3
11181,1050-51,1_1_2,3,False,5,4,3,2,3,3,3,3
11182,1050-51,3_2_2,3,False,5,5,3,5,3,4,4,4
11183,1050-51,3_2_2,3,False,5,4,4,4,4,4,4,4
11186,1050-51,3_1_1,3,False,4,4,3,3,3,4,5,3
11189,1050-51,1_1_3,3,False,4,4,4,3,3,4,4,3
11191,1050-51,2_2_3,3,False,4,4,3,3,3,3,3,3
11192,1050-51,1_2_1,3,False,4,5,4,5,4,4,5,4
11193,1050-51,4_2_11,3,False,5,4,4,4,4,4,4,5
11195,1050-51,2_2_4,3,False,5,4,4,4,4,4,4,4
11197,1050-51,1_1_1,3,False,5,4,4,5,4,4,3,4
11203,1050-51,2_2_3,3,False,5,5,4,5,5,5,5,5
11204,1050-51,4_2_10,3,False,3,3,4,4,3,3,3,3
11205,1050-51,5_3_11,3,False,3,4,3,4,4,4,4,4
11208,1050-51,4_2_10,3,False,5,5,4,5,4,4,4,5
11213,1050-51,2_4_10,3,False,5,3,4,4,4,3,4,4
11214,1050-51,4_2_12,3,False,4,5,4,5,4,5,5,5
11218,1050-51,4_2_12,3,False,5,4,4,4,4,5,5,5
11220,1050-51,2_2_3,3,False,4,4,4,4,3,3,4,4
11221,1050-51,3_2_2,3,False,5,4,4,5,4,4,4,4
11226,1050-51,2_4_10,3,False,5,4,4,5,5,5,5,5
11227,1050-51,4_2_12,3,False,4,4,3,4,3,4,3,4
11229,1050-51,3_2_2,3,False,5,4,3,4,3,4,4,4
11230,1050-51,4_2_8,3,False,4,4,3,4,4,4,3,4
11231,1050-51,4_2_11,3,False,3,4,4,4,4,4,3,4
11238,1050-51,1_1_1,3,False,4,4,3,4,4,4,4,4
11246,1050-51,4_2_12,3,False,3,3,5,4,3,3,3,2
11248,1050-51,1_1_4,3,False,4,3,2,3,3,4,2,2
11252,1050-51,4_2_8,3,False,3,3,4,4,4,3,3,3
11255,1050-51,4_2_11,3,False,4,3,4,3,3,4,4,3
11262,1050-51,2_4_11,3,False,4,4,3,4,4,4,4,4
11269,1050-51,1_1_5,3,False,4,3,3,4,4,3,3,4
11270,1050-51,5_3_12,3,False,3,4,4,4,4,4,4,4
11271,1050-51,1_1_3,3,False,5,4,4,4,4,3,5,4
11273,1050-51,3_5_13,3,False,3,4,4,4,4,4,4,4
11274,1050-51,1_1_4,3,False,4,3,2,3,3,3,4,3
11277,1050-51,4_2_12,3,False,5,5,3,3,3,4,4,4
11280,1050-51,2_3_7,3,False,3,3,4,4,3,2,3,2
11281,1050-51,4_2_9,3,False,4,4,4,4,4,4,4,5
11287,1050-51,2_2_5,3,False,4,4,5,4,4,4,3,4
11289,1050-51,5_3_12,3,False,5,4,4,4,4,4,4,5
11292,1050-51,2_1_1,3,False,4,4,3,4,4,3,3,3
11294,1050-51,2_4_12,3,False,4,4,4,3,4,3,3,3
11296,1050-51,2_3_7,3,False,4,4,4,4,3,4,4,4
11297,1050-51,2_3_9,3,False,4,3,4,5,4,4,3,4
11299,1050-51,1_1_3,3,False,3,4,3,4,4,3,4,4
11301,1050-51,2_4_12,3,False,4,3,4,5,4,4,3,4
11303,1050-51,4_2_12,3,False,4,3,4,4,4,4,3,4
11306,1050-51,4_2_11,3,False,3,4,3,3,3,4,4,4
11308,1050-51,4_2_10,3,False,4,4,5,5,4,4,4,5
11312,1050-51,2_2_3,3,False,5,4,4,4,5,4,5,5
11316,1050-51,2_1_1,3,False,5,5,4,5,4,4,4,5
11331,1050-51,1_1_5,3,False,3,4,3,3,2,3,3,3
11338,1050-51,2_3_9,3,False,4,3,4,4,4,4,4,4
11339,1050-51,3_5_13,3,False,3,4,3,4,3,4,3,4
11340,1050-51,2_3_8,3,False,4,4,3,5,4,4,4,4
11341,1050-51,2_1_1,3,False,4,4,3,4,3,4,3,3
11343,1050-51,2_2_2,3,False,5,4,5,4,3,4,3,5
11344,1050-51,4_2_11,3,False,4,3,3,4,4,5,4,4
11349,1050-51,2_3_8,3,False,4,4,4,4,4,4,5,5
11352,1050-51,2_2_2,3,False,4,3,4,4,4,4,2,3
11358,1050-51,2_1_1,3,False,5,4,4,5,5,4,5,5
11361,1050-51,3_1_1,3,False,5,4,4,5,4,4,4,4
11362,1050-51,5_3_11,3,False,4,4,5,4,4,5,3,5
11366,1050-51,3_5_13,3,False,4,3,3,3,3,3,3,3
11371,1050-51,2_3_8,3,False,5,4,4,4,3,3,3,4
11373,1050-51,2_4_10,3,False,4,4,4,4,4,4,4,4
11375,1050-51,5_3_11,3,False,3,3,5,4,4,3,5,4
11384,1050-51,2_3_8,3,False,4,3,3,3,3,4,3,3
11386,1050-51,2_4_12,3,False,4,5,4,5,4,4,4,4
11388,1050-51,1_1_5,3,False,5,4,4,4,5,4,4,5
11390,1050-51,2_3_8,3,False,4,4,3,4,4,4,3,4
11393,1050-51,1_1_5,3,False,4,3,3,4,3,3,3,3
11398,1050-51,4_2_10,3,False,4,3,3,3,3,3,3,3
11400,1050-51,5_3_12,3,False,4,4,4,4,3,4,3,3
11402,1050-51,1_1_3,3,False,4,4,4,4,4,4,3,3
11405,1050-51,2_4_12,3,False,4,4,4,3,4,4,4,4
11406,1050-51,2_3_8,3,False,4,4,4,5,5,4,4,5
11410,1050-51,5_3_11,3,False,4,3,4,3,3,3,3,3
11413,1050-51,2_4_12,3,False,4,3,3,3,3,3,3,3
11417,1050-51,4_2_11,3,False,4,4,4,4,4,4,4,4
11421,1050-51,1_1_3,3,False,3,3,3,4,3,4,3,3
11422,1050-51,4_2_8,3,False,5,3,5,5,4,4,4,5
11427,1050-51,4_2_10,3,False,3,3,2,3,3,3,3,3
11429,1050-51,4_2_10,3,False,4,3,3,3,4,3,3,3
11432,1050-51,2_3_8,3,False,3,3,2,3,3,3,3,3
11433,1050-51,4_2_9,3,False,3,4,3,4,3,3,3,3
11434,1050-51,2_3_7,3,False,4,4,4,4,4,4,5,4
11435,1050-51,2_4_12,3,False,3,4,3,3,3,3,4,3
11439,1050-51,5_3_11,3,False,4,4,5,5,4,4,4,4
11440,1050-51,1_1_4,3,False,4,3,3,3,3,4,3,3
11445,1050-51,5_3_11,3,False,4,4,4,5,4,4,4,4
11446,1050-51,2_4_12,3,False,5,4,4,4,4,4,2,4
11449,1050-51,4_2_12,3,False,5,4,5,4,4,5,4,4
11453,1050-51,2_2_5,3,False,4,3,4,4,4,4,4,4
11455,1050-51,5_3_11,3,False,3,3,4,4,3,3,3,3
11460,1050-51,4_2_10,3,False,4,3,5,5,4,4,4,5
11461,1050-51,1_1_2,3,False,4,4,4,4,4,4,4,4
11465,1050-51,5_3_12,3,False,3,3,3,3,3,2,3,3
11469,1050-51,4_2_9,3,False,4,4,4,4,4,4,3,3
11471,1050-51,2_2_3,3,False,5,4,4,4,4,4,3,5
11472,1050-51,2_3_8,3,False,4,4,3,4,4,4,3,4
11480,1050-51,2_2_4,3,False,4,5,5,5,5,5,5,5
11481,1050-51,1_1_2,3,False,5,4,5,4,4,4,4,4
11483,1050-51,5_3_11,3,False,4,4,4,4,4,4,4,5
11485,1050-51,2_2_4,3,False,4,4,4,3,2,4,4,4
11488,1050-51,1_1_5,3,False,5,5,4,5,5,4,4,5
11489,1050-51,2_3_9,3,False,4,4,4,4,3,4,4,4
11490,1050-51,4_2_8,3,False,4,3,3,5,4,3,3,4
11497,1050-51,1_1_5,3,False,5,5,5,4,4,3,4,4
11499,1050-51,2_3_8,3,False,4,4,4,3,2,5,3,4
11500,1050-51,4_2_10,3,False,4,4,5,3,4,5,4,5
11501,1050-51,4_2_9,3,False,3,3,3,3,3,3,3,3
11502,1050-51,2_2_3,3,False,5,4,4,4,4,4,5,4
11504,1050-51,4_2_12,3,False,5,5,4,5,5,4,4,5
11506,1050-51,2_4_10,3,False,4,4,4,5,5,4,4,5
11508,1050-51,2_2_5,3,False,4,4,4,3,5,3,4,4
11515,1050-51,4_2_10,3,False,4,4,4,5,4,5,4,4
11518,1050-51,4_2_12,3,False,4,4,4,4,5,4,4,3
11523,1050-51,2_2_3,3,False,5,5,3,4,4,4,4,3
11524,1050-51,4_2_12,3,False,3,4,3,4,3,3,4,4
11526,1050-51,2_1_1,3,False,4,4,4,4,4,3,3,4
11529,1050-51,1_1_4,3,False,4,3,2,4,3,3,2,3
11535,1050-51,1_1_5,3,False,4,3,4,3,3,3,3,3
11537,1050-51,4_2_12,3,False,4,4,3,3,3,4,4,3
11538,1050-51,2_4_12,3,False,4,4,4,3,3,4,4,3
11539,1050-51,4_2_8,3,False,3,4,3,4,4,3,4,3
11541,1050-51,1_1_5,3,False,4,4,4,4,4,4,4,3
11544,1050-51,2_2_4,3,False,4,4,4,4,4,4,4,3
11552,1050-51,1_1_1,3,False,5,4,4,4,3,3,4,4
11554,1050-51,4_2_12,3,False,3,3,3,3,3,3,3,3
11555,1050-51,4_2_11,3,False,3,3,3,4,3,3,3,4
11564,1050-51,5_3_11,3,False,4,4,3,4,4,4,4,4
11567,1050-51,2_2_5,3,False,4,4,4,3,3,3,3,4
11568,1050-51,2_2_5,3,False,4,4,3,4,3,3,4,4
11570,1050-51,2_4_12,3,False,4,5,3,5,4,4,4,4
11571,1050-51,1_1_4,3,False,5,5,5,4,5,4,4,4
11572,1050-51,2_4_10,3,False,4,4,4,4,3,4,4,5
11573,1050-51,4_2_8,3,False,5,4,4,4,3,3,3,4
11575,1050-51,1_1_4,3,False,4,4,4,5,4,5,4,5
11576,1050-51,4_2_8,3,False,4,3,3,4,3,4,4,4
11583,1050-51,3_5_13,3,False,4,3,4,4,4,3,4,4
11587,1050-51,1_1_3,3,False,5,4,5,5,4,4,4,4
11588,1050-51,2_3_7,3,False,4,4,5,4,4,4,4,5
11592,1050-51,2_3_7,3,False,5,3,4,4,3,3,4,5
11595,1050-51,2_4_12,3,False,3,3,2,3,3,3,3,2
11596,1050-51,2_3_9,3,False,5,4,5,4,4,4,3,5
11599,1050-51,2_2_2,3,False,4,4,4,4,4,4,4,4
11601,1050-51,2_2_2,3,False,4,3,3,4,3,4,3,3
11602,1050-51,2_3_7,3,False,4,3,3,3,3,3,4,3
11605,1050-51,2_2_2,3,False,4,4,5,4,4,4,4,5
11606,1050-51,3_2_2,3,False,5,5,4,4,4,4,5,5
11610,1050-51,2_3_7,3,False,3,4,3,3,3,4,3,3
11616,1050-51,1_1_3,3,False,4,4,5,5,4,5,4,4
11617,1050-51,4_2_9,3,False,4,5,3,4,4,3,4,4
11620,1050-51,2_4_12,3,False,3,4,3,4,3,4,3,3
11621,1050-51,1_2_1,3,False,4,4,5,4,4,4,3,5
11631,1050-51,2_2_4,3,False,5,4,4,5,5,4,4,5
11632,1050-51,2_2_4,3,False,5,4,4,3,4,4,4,4
11633,1050-51,3_5_13,3,False,3,4,3,4,4,4,4,4
11639,1050-51,2_2_6,3,False,5,5,4,5,5,5,4,4
11649,1050-51,2_3_9,3,False,4,4,4,4,3,4,4,4
11650,1050-51,1_1_2,3,False,4,4,4,4,5,4,3,5
11654,1050-51,2_4_12,3,False,4,3,3,5,4,4,4,4
11655,1050-51,5_3_11,3,False,4,3,4,4,3,4,3,4
11657,1050-51,2_2_3,3,False,3,4,3,5,4,4,3,4
11658,1050-51,2_2_2,3,False,5,4,4,3,4,4,4,5
11659,1050-51,2_2_3,3,False,4,4,3,4,3,4,3,4
11664,1050-51,2_2_2,3,False,4,4,4,4,4,4,4,4
11666,1050-51,4_2_10,3,False,4,4,4,4,4,4,4,4
11673,1050-51,3_5_13,3,False,4,4,4,4,3,4,4,4
11678,1050-51,2_2_5,3,False,5,5,5,5,4,4,3,4
11679,1050-51,2_2_3,3,False,5,5,4,4,3,4,3,4
11685,1050-51,1_1_2,3,False,4,4,3,3,3,4,4,4
11689,1050-51,4_2_12,3,False,3,3,3,4,4,3,3,3
11690,1050-51,3_5_13,3,False,4,4,4,4,4,4,3,4
11695,1050-51,3_5_13,3,False,4,4,4,4,4,3,4,4
11696,1050-51,1_1_2,3,False,5,4,4,5,5,4,5,5
11697,1050-51,3_2_2,3,False,4,3,4,4,4,3,2,3
11699,1050-51,2_1_1,3,False,4,4,4,4,3,3,4,4
11701,1050-51,3_1_1,3,False,4,4,4,4,4,4,4,4
11703,1050-51,1_1_1,3,False,5,4,4,4,4,3,4,4
11707,1050-51,1_1_2,3,False,4,4,4,5,4,4,4,4
11709,1050-51,2_2_4,3,False,5,5,4,5,4,4,4,5
11712,1050-51,4_2_11,3,False,3,3,5,4,4,4,3,4
11715,1050-51,1_1_2,3,False,5,4,4,5,5,5,4,5
11719,1050-51,5_3_11,3,False,3,4,5,4,4,5,3,5
11720,1050-51,4_2_9,3,False,2,3,3,3,3,3,3,3
11723,1050-51,2_2_6,3,False,4,4,3,3,4,4,4,3
11726,1050-51,2_2_4,3,False,5,3,4,4,4,4,4,5
11727,1050-51,2_1_1,3,False,5,4,5,4,4,4,4,4
11729,1050-51,4_2_8,3,False,3,4,3,4,4,4,4,3
11730,1050-51,2_2_4,3,False,4,3,3,3,3,4,4,4
11741,1050-51,2_3_8,3,False,5,4,4,4,4,4,4,5
11743,1050-51,2_2_2,3,False,4,5,4,5,4,4,4,5
11748,1050-51,2_2_6,3,False,3,3,4,4,3,3,3,3
11749,1050-51,2_3_8,3,False,5,4,4,4,4,4,4,5
11752,1050-51,5_3_11,3,False,4,4,4,3,3,3,3,4
11753,1050-51,3_5_13,3,False,4,3,4,4,4,4,3,4
11761,1050-51,2_3_8,3,False,5,4,4,4,4,4,4,4
11762,1050-51,2_2_3,3,False,5,5,5,5,4,5,4,5
11763,1050-51,3_5_13,3,False,5,4,4,5,4,4,4,4
11766,1050-51,1_1_4,3,False,4,4,3,4,4,3,4,3
11770,1050-51,2_2_2,3,False,4,4,4,5,4,4,4,4
11775,1050-51,2_1_1,3,False,4,4,4,4,5,4,4,4
11778,1050-51,2_3_8,3,False,4,4,3,4,4,4,3,4
11786,1050-51,2_2_6,3,False,4,4,3,3,3,4,3,3
11788,1050-51,2_2_2,3,False,4,4,3,3,3,4,3,4
11791,1050-51,1_1_2,3,False,4,4,4,5,4,4,4,4
11798,1050-51,1_1_3,3,False,4,5,5,5,4,4,4,5
11799,1050-51,4_2_11,3,False,4,4,3,5,4,4,4,4
11805,1050-51,1_1_4,3,False,4,3,4,4,5,4,4,4
11806,1050-51,4_2_11,3,False,3,4,4,3,3,3,4,3
11808,1050-51,4_2_12,3,False,3,3,4,4,4,3,4,4
11809,1050-51,2_4_12,3,False,5,4,4,5,4,4,4,4
11810,1050-51,2_3_7,3,False,4,4,5,4,4,4,4,5
11811,1050-51,2_3_8,3,False,4,4,4,3,4,5,5,4
11816,1050-51,2_1_1,3,False,3,3,4,4,3,3,3,4
11819,1050-51,4_2_11,3,False,4,3,4,4,4,4,3,4
11827,1050-51,2_4_10,3,False,3,3,3,3,3,3,3,3
11830,1050-51,2_2_2,3,False,4,4,3,3,4,4,3,3
11833,1050-51,1_2_1,3,False,5,5,4,4,4,4,4,5
11835,1050-51,4_2_12,3,False,5,5,4,4,4,3,3,4
11838,1050-51,2_2_3,3,False,4,4,3,4,2,3,3,3
11842,1050-51,1_1_5,3,False,5,4,5,4,4,5,5,4
11845,1050-51,4_2_8,3,False,3,4,3,3,3,4,3,3
11848,1050-51,4_2_11,3,False,4,4,4,4,3,4,4,3
11849,1050-51,2_3_9,3,False,4,4,3,4,3,3,4,4
11851,1050-51,4_2_11,3,False,4,4,5,5,5,5,4,5
11852,1050-51,2_1_1,3,False,4,5,4,4,4,4,4,4
11857,1050-51,4_2_12,3,False,5,4,4,4,4,4,4,5
11863,1050-51,2_2_3,3,False,4,3,4,4,4,3,3,4
11865,1050-51,2_1_1,3,False,5,5,3,5,4,5,5,5
11883,1050-51,2_2_6,3,False,4,4,4,4,4,3,3,4
11888,1050-51,2_3_7,3,False,4,5,3,3,3,3,4,4
11889,1050-51,4_2_12,3,False,5,4,4,4,5,4,4,5
11897,1050-51,1_1_3,3,False,4,4,4,4,4,4,4,4
11898,1050-51,4_2_12,3,False,4,3,5,4,4,4,4,4
11903,1050-51,4_2_12,3,False,4,4,4,2,3,3,4,3
11908,1050-51,2_2_2,3,False,4,4,5,4,4,4,4,4
11910,1050-51,5_3_11,3,False,3,4,3,3,4,3,4,4
11911,1050-51,4_2_10,3,False,2,3,3,3,3,3,3,3
11917,1050-51,1_1_4,3,False,4,5,4,4,3,4,3,4
11918,1050-51,2_3_9,3,False,4,4,4,5,3,4,4,5
11921,1050-51,2_2_5,3,False,4,3,4,3,3,3,4,4
11926,1050-51,2_2_3,3,False,5,4,4,4,3,4,3,4
11928,1050-51,4_2_10,3,False,4,4,4,4,4,5,4,4
11929,1050-51,2_2_2,3,False,4,4,4,4,4,4,4,4
11930,1050-51,3_5_13,3,False,4,4,5,5,4,4,3,5
11931,1050-51,2_2_2,3,False,4,4,3,5,3,4,4,5
11932,1050-51,3_1_1,3,False,5,4,4,5,5,4,3,4
11938,1050-51,2_2_2,3,False,4,4,4,4,3,4,4,4
11939,1050-51,3_1_1,3,False,5,5,5,5,5,4,5,5
11940,1050-51,3_2_2,3,False,3,4,4,4,3,4,4,3
11942,1050-51,4_2_12,3,False,4,4,5,3,3,3,3,3
11944,1050-51,1_1_3,3,False,5,4,5,4,3,4,3,4
11947,1050-51,2_1_1,3,False,4,3,4,3,4,3,3,3
11952,1050-51,1_1_3,3,False,4,3,4,4,4,4,4,4
11955,1050-51,1_1_2,3,False,4,4,3,4,4,4,4,4
1196,1050-51,1_1_2,3,True,4,4,3,3,3,5,4,4
11961,1050-51,2_4_12,3,False,4,5,4,4,4,4,4,4
11963,1050-51,4_2_10,3,False,4,3,5,5,4,4,4,4
11964,1050-51,4_2_8,3,False,3,4,4,3,4,3,4,4
11965,1050-51,2_3_8,3,False,5,4,4,5,4,5,4,4
11966,1050-51,1_1_3,3,False,5,4,5,5,4,5,4,3
11971,1050-51,2_2_2,3,False,5,5,3,4,4,4,4,4
11978,1050-51,2_2_2,3,False,4,5,4,4,5,4,4,4
11980,1050-51,1_1_3,3,False,5,5,5,5,5,5,4,5
11986,1050-51,2_2_6,3,False,5,3,4,4,4,4,4,4
11991,1050-51,2_4_12,3,False,4,4,4,4,4,3,4,3
11995,1050-51,2_2_2,3,False,4,4,4,4,4,4,4,4
11996,1050-51,2_3_8,3,False,4,4,3,4,4,3,4,4
11997,1050-51,2_1_1,3,False,4,5,4,5,3,4,4,5
11998,1050-51,2_4_12,3,False,4,3,4,4,3,3,2,3
11999,1050-51,3_2_2,3,False,5,4,4,4,4,4,4,4
12002,1050-51,1_2_1,3,False,5,4,5,4,5,5,5,5
12003,1050-51,2_4_12,3,False,4,5,4,4,4,5,5,5
12007,1050-51,2_3_8,3,False,4,3,4,4,4,3,3,4
12011,1050-51,2_2_6,3,False,4,3,4,4,4,4,3,3
12013,1050-51,1_1_5,3,False,4,4,4,4,4,4,3,4
12014,1050-51,2_2_6,3,False,4,4,3,4,4,4,3,3
12015,1050-51,3_1_1,3,False,4,5,4,4,4,5,4,5
12023,1050-51,2_1_1,3,False,5,5,5,4,3,4,4,4
12024,1050-51,2_2_3,3,False,4,4,4,4,4,4,3,4
12027,1050-51,5_3_11,3,False,4,3,4,5,5,4,4,5
12029,1050-51,1_1_3,3,False,4,4,4,4,4,4,4,4
12036,1050-51,1_1_5,3,False,4,4,4,5,4,4,4,5
12038,1050-51,4_2_8,3,False,3,3,3,3,4,3,4,4
1204,1050-51,2_4_11,3,False,4,4,3,3,4,4,4,4
12044,1050-51,3_1_1,3,False,4,5,5,5,4,3,4,5
12049,1050-51,2_2_3,3,False,4,5,5,5,4,4,4,4
12054,1050-51,4_2_12,3,False,4,4,3,4,4,4,3,4
12059,1050-51,4_2_11,3,False,3,4,3,4,4,4,4,3
12060,1050-51,2_3_8,3,False,5,4,3,3,4,3,4,4
12064,1050-51,1_2_1,3,False,5,5,4,4,5,3,4,4
12066,1050-51,1_1_4,3,False,4,3,4,4,4,3,4,4
12067,1050-51,1_1_2,3,False,4,4,4,5,4,5,5,5
12073,1050-51,1_1_2,3,False,5,4,4,3,4,3,4,4
12075,1050-51,1_1_4,3,False,4,4,4,4,5,5,5,5
12076,1050-51,2_4_12,3,False,5,4,5,5,4,5,4,5
12078,1050-51,1_1_5,3,False,5,4,4,5,4,4,4,5
12079,1050-51,4_2_11,3,False,3,3,4,4,4,4,4,4
12085,1050-51,2_2_4,3,False,5,5,4,5,5,4,4,5
12087,1050-51,3_2_2,3,False,4,4,5,4,4,4,4,4
12089,1050-51,1_1_2,3,False,4,4,4,4,4,4,3,4
12092,1050-51,1_2_1,3,False,4,4,4,4,4,4,4,4
12094,1050-51,2_2_4,3,False,5,4,4,4,4,4,4,4
12096,1050-51,3_5_13,3,False,4,3,4,4,4,4,3,3
12097,1050-51,1_1_3,3,False,5,5,4,5,5,4,4,5
12102,1050-51,2_3_9,3,False,4,4,4,4,4,4,4,4
12104,1050-51,1_1_4,3,False,4,5,4,4,4,4,3,3
12114,1050-51,2_4_12,3,False,5,5,4,5,4,5,4,4
12120,1050-51,3_5_13,3,False,4,5,4,3,3,4,4,4
12122,1050-51,2_2_3,3,False,3,3,3,3,3,4,3,3
12124,1050-51,2_4_10,3,False,4,4,4,4,4,3,4,4
12126,1050-51,4_2_10,3,False,3,4,4,4,3,3,4,4
12127,1050-51,1_1_3,3,False,3,3,3,4,3,3,4,3
12129,1050-51,4_2_9,3,False,4,5,4,4,4,5,5,5
12131,1050-51,1_1_2,3,False,3,4,4,4,5,4,4,4
12132,1050-51,2_2_6,3,False,4,3,4,4,4,3,3,3
12143,1050-51,2_2_5,3,False,5,5,5,5,4,5,5,5
12146,1050-51,2_2_3,3,False,5,4,4,3,4,4,4,4
12147,1050-51,4_2_8,3,False,3,4,4,4,3,4,4,3
12148,1050-51,2_1_1,3,False,4,4,3,4,3,4,3,3
12149,1050-51,3_5_13,3,False,4,4,4,5,4,3,4,4
12155,1050-51,2_3_7,3,False,3,4,4,4,4,4,3,3
12156,1050-51,1_1_3,3,False,4,4,4,3,4,4,4,4
12161,1050-51,1_2_1,3,False,4,3,3,4,3,4,2,3
12162,1050-51,5_3_11,3,False,3,4,4,4,4,4,4,4
12166,1050-51,2_4_12,3,False,4,4,4,4,4,4,4,4
12167,1050-51,4_2_12,3,False,5,4,4,3,3,3,4,3
12168,1050-51,2_4_11,3,False,5,4,4,3,3,4,3,3
12170,1050-51,3_2_2,3,False,4,4,5,4,4,4,5,4
12172,1050-51,4_2_9,3,False,3,3,3,3,2,3,2,2
12175,1050-51,3_5_13,3,False,4,4,4,4,4,5,4,5
12177,1050-51,4_2_8,3,False,4,4,5,4,4,4,4,5
12179,1050-51,1_1_2,3,False,5,5,4,5,5,4,4,5
12180,1050-51,2_1_1,3,False,5,4,4,4,3,4,4,4
12181,1050-51,2_2_4,3,False,4,4,4,4,4,4,3,4
12182,1050-51,4_2_9,3,False,3,3,4,4,3,4,3,3
12184,1050-51,4_2_12,3,False,5,4,4,4,3,4,3,4
12185,1050-51,2_3_7,3,False,5,4,4,5,4,4,4,5
12188,1050-51,3_2_2,3,False,4,4,3,3,4,3,4,3
12190,1050-51,3_5_13,3,False,3,4,4,4,4,4,4,3
12191,1050-51,1_2_1,3,False,3,3,3,3,2,3,3,2
12192,1050-51,3_5_13,3,False,4,4,4,4,3,4,4,4
12199,1050-51,4_2_8,3,False,3,3,3,3,3,3,3,3
12201,1050-51,2_4_12,3,False,5,4,4,4,3,4,4,4
12202,1050-51,2_4_12,3,False,4,4,4,4,4,3,4,4
12203,1050-51,2_2_5,3,False,5,4,4,4,4,4,3,4
12205,1050-51,2_3_7,3,False,4,4,3,4,3,3,4,4
12206,1050-51,2_3_8,3,False,4,4,3,4,3,3,4,3
12208,1050-51,2_4_12,3,False,5,4,4,5,3,4,4,5
12214,1050-51,4_2_8,3,False,4,3,3,3,4,4,4,3
12215,1050-51,2_2_6,3,False,5,5,4,5,4,4,3,4
12221,1050-51,1_1_5,3,False,3,3,3,2,4,3,3,3
12224,1050-51,2_4_12,3,False,4,4,3,4,4,4,3,4
12227,1050-51,1_2_1,3,False,5,4,4,5,5,4,4,4
12228,1050-51,1_2_1,3,False,3,4,5,4,4,4,5,4
12229,1050-51,1_1_1,3,False,5,5,5,5,4,5,4,5
12231,1050-51,4_2_10,3,False,4,4,4,4,4,4,4,4
12233,1050-51,2_4_12,3,False,4,4,2,3,4,3,3,3
12236,1050-51,2_4_12,3,False,4,4,4,4,3,4,4,4
12237,1050-51,2_3_7,3,False,4,4,4,4,4,4,3,4
12238,1050-51,2_2_4,3,False,3,3,3,5,4,5,4,4
12243,1050-51,3_2_2,3,False,5,5,4,5,4,4,4,5
12247,1050-51,1_1_1,3,False,4,4,4,4,4,4,4,5
12248,1050-51,2_3_7,3,False,5,4,3,5,4,4,4,4
12249,1050-51,2_4_12,3,False,5,3,3,4,3,4,4,3
12250,1050-51,4_2_11,3,False,4,4,5,5,5,5,4,5
12251,1050-51,3_5_13,3,False,4,4,4,4,4,4,4,5
12254,1050-51,4_2_10,3,False,4,5,4,4,3,4,4,4
12259,1050-51,4_2_12,3,False,4,4,4,3,4,4,4,4
12261,1050-51,2_3_8,3,False,5,4,3,3,4,3,4,4
12262,1050-51,1_1_3,3,False,4,3,4,4,3,4,4,4
12265,1050-51,2_3_7,3,False,4,5,4,4,3,4,4,5
12267,1050-51,2_2_6,3,False,4,4,4,4,4,4,4,4
12271,1050-51,1_2_1,3,False,4,4,3,4,4,4,3,4
12272,1050-51,3_5_13,3,False,3,4,5,4,4,3,4,4
12275,1050-51,2_2_3,3,False,5,5,4,5,4,5,3,4
12279,1050-51,4_2_9,3,False,4,3,3,4,3,3,3,4
12281,1050-51,4_2_8,3,False,3,4,3,4,3,3,3,3
12287,1050-51,2_2_5,3,False,5,5,5,5,4,4,4,5
12290,1050-51,2_4_12,3,False,5,4,4,4,4,5,5,5
12292,1050-51,3_5_13,3,False,3,4,4,4,3,4,3,4
12293,1050-51,4_2_12,3,False,5,4,4,4,4,3,3,4
12295,1050-51,2_3_8,3,False,5,4,4,4,4,5,4,4
12301,1050-51,3_5_13,3,False,3,3,4,4,4,3,3,3
12303,1050-51,2_2_5,3,False,4,4,3,3,3,3,3,5
12306,1050-51,1_1_5,3,False,4,4,4,4,4,4,4,4
12307,1050-51,2_1_1,3,False,5,5,4,4,4,4,5,5
12309,1050-51,2_4_10,3,False,5,4,3,4,4,4,3,4
12310,1050-51,2_2_3,3,False,4,4,3,4,4,4,3,4
12311,1050-51,1_1_1,3,False,4,3,3,4,4,3,2,4
12314,1050-51,2_2_3,3,False,4,4,3,4,3,4,4,3
12315,1050-51,2_4_10,3,False,4,4,4,5,4,5,4,4
12325,1050-51,2_4_12,3,False,5,4,3,4,4,4,4,4
12326,1050-51,3_2_2,3,False,5,5,5,4,4,4,4,5
12327,1050-51,2_4_10,3,False,5,4,4,4,4,4,4,4
12328,1050-51,2_1_1,3,False,4,5,4,5,4,4,4,5
12329,1050-51,2_4_11,3,False,4,4,4,4,4,4,4,5
12330,1050-51,4_2_12,3,False,4,4,4,4,5,4,4,4
12335,1050-51,2_2_3,3,False,4,4,4,4,4,4,3,4
12339,1050-51,4_2_11,3,False,3,3,3,3,3,3,3,3
12347,1050-51,2_4_10,3,False,5,5,4,5,4,5,4,5
12349,1050-51,1_1_4,3,False,4,4,4,4,4,4,4,4
12351,1050-51,2_4_12,3,False,5,4,4,3,4,4,3,4
12356,1050-51,2_4_10,3,False,4,3,4,4,3,4,4,4
12363,1050-51,2_1_1,3,False,3,3,3,3,3,3,2,3
12367,1050-51,2_3_7,3,False,5,3,3,4,5,4,4,4
12368,1050-51,2_2_2,3,False,5,4,5,4,4,4,4,4
12369,1050-51,1_1_5,3,False,5,5,4,4,3,4,5,4
12370,1050-51,2_1_1,3,False,4,3,3,4,3,4,4,3
12371,1050-51,2_4_12,3,False,5,5,5,5,5,5,5,5
12378,1050-51,2_3_8,3,False,4,4,4,5,4,4,4,5
12383,1050-51,2_4_10,3,False,4,4,4,5,4,3,3,3
12388,1050-51,2_2_4,3,False,4,4,3,3,4,4,4,4
12392,1050-51,2_1_1,3,False,5,5,4,4,4,5,3,5
12395,1050-51,4_2_8,3,False,4,4,4,4,5,4,4,4
12396,1050-51,4_2_10,3,False,3,3,3,3,3,3,3,3
12400,1050-51,3_5_13,3,False,4,3,4,4,4,3,3,4
12402,1050-51,4_2_12,3,False,5,4,4,4,4,5,4,4
12404,1050-51,5_3_12,3,False,3,3,4,4,3,3,3,3
12407,1050-51,1_2_1,3,False,4,5,4,4,4,4,4,4
12408,1050-51,2_2_4,3,False,5,5,4,5,5,4,4,4
12410,1050-51,3_1_1,3,False,3,4,4,4,4,3,3,4
12411,1050-51,5_3_12,3,False,4,4,4,4,4,4,4,4
12414,1050-51,4_2_12,3,False,3,5,4,5,4,4,4,5
12418,1050-51,4_2_12,3,False,5,5,4,4,4,4,4,5
12419,1050-51,2_2_3,3,False,5,4,4,4,3,3,3,4
12422,1050-51,2_3_7,3,False,5,5,5,5,4,4,4,5
12424,1050-51,1_2_1,3,False,5,4,4,4,4,4,3,4
12425,1050-51,2_2_4,3,False,5,4,5,5,5,5,5,5
12426,1050-51,2_2_5,3,False,3,4,3,4,3,3,3,3
12428,1050-51,2_3_7,3,False,5,5,4,5,4,4,4,5
12430,1050-51,2_2_5,3,False,5,5,5,5,4,4,4,4
12441,1050-51,3_5_13,3,False,4,4,3,4,4,3,4,4
12442,1050-51,1_1_1,3,False,4,3,3,4,4,3,3,4
12443,1050-51,2_3_9,3,False,5,4,4,5,4,4,3,5
12444,1050-51,2_3_9,3,False,5,4,4,5,4,4,4,4
12445,1050-51,2_2_3,3,False,5,5,4,5,4,5,5,5
12448,1050-51,3_5_13,3,False,3,3,4,3,3,4,4,4
12450,1050-51,4_2_11,3,False,4,4,5,5,4,4,4,5
12454,1050-51,1_1_4,3,False,4,4,3,3,3,4,3,4
12457,1050-51,2_2_4,3,False,5,4,5,5,3,4,4,5
12458,1050-51,2_2_2,3,False,4,4,3,3,4,4,3,4
12460,1050-51,1_1_1,3,False,5,4,4,4,4,4,4,5
12464,1050-51,2_2_6,3,False,4,3,5,4,3,4,3,3
12470,1050-51,2_4_12,3,False,5,4,3,4,5,3,3,4
12475,1050-51,4_2_11,3,False,4,4,3,4,3,4,4,4
12478,1050-51,2_3_8,3,False,4,4,3,4,4,4,3,4
12482,1050-51,2_2_4,3,False,4,4,3,4,3,4,4,4
12487,1050-51,4_2_10,3,False,3,3,3,4,4,4,4,3
12489,1050-51,2_4_11,3,False,4,5,5,4,4,4,4,4
12492,1050-51,1_1_4,3,False,4,3,3,3,3,4,4,4
12495,1050-51,2_3_8,3,False,4,4,3,4,4,4,3,5
12501,1050-51,4_2_8,3,False,4,3,4,3,4,3,4,3
12502,1050-51,2_4_12,3,False,4,5,5,5,5,4,4,4
12505,1050-51,2_2_2,3,False,4,3,3,3,2,3,5,3
12507,1050-51,1_1_2,3,False,4,4,4,4,4,3,4,4
12512,1050-51,1_2_1,3,False,4,4,3,4,4,4,4,3
12513,1050-51,5_3_12,3,False,4,3,4,4,4,4,3,4
12520,1050-51,3_2_2,3,False,4,4,4,3,3,3,4,4
12524,1050-51,4_2_12,3,False,4,3,4,4,3,3,5,3
12525,1050-51,1_2_1,3,False,4,3,3,4,3,4,3,4
12534,1050-51,1_1_1,3,False,4,4,4,4,4,4,4,4
12542,1050-51,5_3_11,3,False,4,3,4,4,4,3,4,4
12545,1050-51,4_2_12,3,False,4,4,4,5,3,4,4,4
12547,1050-51,1_1_5,3,False,5,4,3,4,4,4,4,4
12549,1050-51,2_3_8,3,False,4,5,4,5,4,4,5,5
12550,1050-51,1_1_4,3,False,5,4,4,4,4,5,4,4
12551,1050-51,2_4_11,3,False,5,4,4,3,4,3,4,4
12553,1050-51,2_2_3,3,False,5,4,5,4,4,5,4,5
12555,1050-51,1_1_5,3,False,5,5,5,5,5,4,4,5
12557,1050-51,3_2_2,3,False,5,4,5,4,4,4,4,5
12558,1050-51,3_1_1,3,False,5,4,3,3,3,4,3,3
12559,1050-51,1_1_2,3,False,4,4,4,4,5,4,4,3
12570,1050-51,3_5_13,3,False,3,3,3,3,3,3,3,3
12572,1050-51,4_2_12,3,False,4,4,3,3,3,3,3,3
12574,1050-51,1_1_3,3,False,4,4,3,4,4,4,3,3
12575,1050-51,4_2_10,3,False,4,3,4,4,3,4,3,4
12576,1050-51,2_3_7,3,False,4,4,4,4,4,4,4,4
12582,1050-51,5_3_11,3,False,4,4,4,3,3,3,4,3
12589,1050-51,3_1_1,3,False,3,3,3,4,4,4,4,3
12594,1050-51,3_5_13,3,False,4,4,3,4,4,4,4,4
12600,1050-51,4_2_9,3,False,3,3,4,4,3,4,3,3
12602,1050-51,5_3_11,3,False,4,4,3,4,4,4,3,5
12607,1050-51,2_3_9,3,False,3,2,3,3,3,3,3,3
12609,1050-51,2_2_5,3,False,4,4,3,4,4,4,5,5
12613,1050-51,4_2_10,3,False,4,4,4,5,4,4,3,5
12615,1050-51,2_4_12,3,False,4,3,2,2,3,3,3,2
12618,1050-51,4_2_10,3,False,4,4,3,4,4,4,4,4
12621,1050-51,2_4_10,3,False,4,4,4,3,3,4,4,4
12624,1050-51,2_2_3,3,False,4,4,5,4,3,3,4,4
12626,1050-51,2_4_10,3,False,4,4,4,5,3,4,4,4
12628,1050-51,1_1_2,3,False,4,4,4,4,3,4,4,3
12630,1050-51,5_3_11,3,False,4,4,4,4,3,3,3,3
12633,1050-51,4_2_9,3,False,4,4,5,4,4,4,4,5
12634,1050-51,2_3_7,3,False,4,4,3,4,4,3,4,4
12635,1050-51,3_5_13,3,False,3,4,4,3,3,3,3,3
12636,1050-51,3_5_13,3,False,4,4,4,4,4,4,4,4
12639,1050-51,5_3_11,3,False,3,3,3,4,3,3,4,3
12643,1050-51,2_4_12,3,False,5,4,4,4,4,4,3,4
12645,1050-51,2_4_10,3,False,4,3,3,4,4,4,3,4
12646,1050-51,4_2_11,3,False,4,3,3,3,3,3,3,3
12647,1050-51,2_2_3,3,False,4,4,4,3,3,4,4,4
12652,1050-51,4_2_8,3,False,4,3,3,3,3,3,3,3
12654,1050-51,4_2_8,3,False,4,4,4,4,4,4,3,4
12656,1050-51,4_2_8,3,False,4,3,4,4,4,4,3,5
12658,1050-51,5_3_12,3,False,4,4,5,4,4,5,4,4
12659,1050-51,2_3_8,3,False,4,3,3,4,3,3,3,3
12660,1050-51,4_2_12,3,False,4,4,4,3,4,4,3,4
12662,1050-51,2_3_7,3,False,5,4,4,4,4,4,4,4
12666,1050-51,2_2_4,3,False,4,4,3,4,4,4,4,4
12670,1050-51,3_2_2,3,False,4,4,4,5,4,4,4,4
12673,1050-51,4_2_12,3,False,4,4,4,4,4,4,4,4
12674,1050-51,1_1_2,3,False,4,4,3,4,4,4,4,3
12676,1050-51,2_3_8,3,False,4,4,4,4,4,4,4,4
12677,1050-51,2_4_11,3,False,5,5,4,5,4,4,5,4
12679,1050-51,2_2_2,3,False,4,4,5,5,4,5,4,5
12687,1050-51,5_3_12,3,False,4,4,4,4,3,4,4,4
12689,1050-51,1_2_1,3,False,4,4,4,5,4,4,4,4
12697,1050-51,2_3_7,3,False,4,4,3,4,4,3,4,3
12701,1050-51,2_2_3,3,False,3,3,3,3,3,3,3,3
12704,1050-51,2_2_2,3,False,5,5,4,4,4,4,5,4
12707,1050-51,2_2_4,3,False,5,5,5,5,5,5,4,5
12710,1050-51,2_1_1,3,False,4,4,4,4,4,4,4,4
12713,1050-51,2_2_6,3,False,4,5,5,5,5,4,5,5
12715,1050-51,2_2_5,3,False,4,4,3,3,3,4,4,3
12717,1050-51,4_2_12,3,False,4,4,3,4,4,3,3,4
12718,1050-51,4_2_12,3,False,3,4,3,4,3,3,4,3
12719,1050-51,4_2_9,3,False,5,3,4,4,4,4,4,4
12720,1050-51,1_1_4,3,False,5,4,4,5,5,5,4,4
12721,1050-51,2_2_4,3,False,4,4,4,4,4,3,4,4
12727,1050-51,2_4_11,3,False,4,3,3,4,3,3,3,3
12730,1050-51,1_1_4,3,False,5,5,5,5,5,5,5,5
12735,1050-51,4_2_11,3,False,3,4,4,4,4,4,3,4
12736,1050-51,3_5_13,3,False,4,5,5,3,4,4,3,4
12741,1050-51,1_1_3,3,False,4,5,3,3,4,4,4,4
12744,1050-51,2_3_7,3,False,5,3,3,4,4,4,3,5
12752,1050-51,2_2_4,3,False,4,5,3,4,4,4,4,4
12757,1050-51,4_2_9,3,False,3,3,4,3,3,3,3,3
12760,1050-51,3_5_13,3,False,3,3,3,4,4,3,3,3
12771,1050-51,1_1_2,3,False,4,4,4,4,4,4,4,4
12777,1050-51,3_2_2,3,False,5,4,5,4,4,5,4,5
12787,1050-51,2_4_12,3,False,4,4,3,3,4,4,3,3
12788,1050-51,4_2_12,3,False,3,3,4,4,4,4,4,3
12790,1050-51,2_4_12,3,False,5,4,4,4,3,4,5,4
12792,1050-51,2_1_1,3,False,4,4,4,4,4,4,4,4
12798,1050-51,2_2_2,3,False,4,4,4,5,3,4,4,4
12804,1050-51,2_4_10,3,False,4,3,4,3,4,4,3,3
12805,1050-51,2_2_6,3,False,4,5,2,3,3,3,3,3
12806,1050-51,1_1_3,3,False,3,5,3,3,3,4,3,3
12807,1050-51,2_3_9,3,False,3,4,4,3,4,3,3,3
12809,1050-51,4_2_12,3,False,5,5,5,4,4,4,5,5
12813,1050-51,2_4_12,3,False,5,5,5,4,5,3,4,5
12820,1050-51,1_1_3,3,False,5,5,4,5,5,5,4,5
12825,1050-51,3_2_2,3,False,5,4,3,4,4,3,3,3
12831,1050-51,1_1_3,3,False,5,4,4,5,3,4,4,4
12834,1050-51,2_3_9,3,False,4,3,4,4,4,4,3,4
12835,1050-51,2_2_6,3,False,4,4,3,4,4,4,4,4
12838,1050-51,1_1_4,3,False,4,4,3,5,4,4,5,4
12839,1050-51,2_3_7,3,False,4,4,3,3,4,3,3,3
12840,1050-51,1_1_4,3,False,5,5,5,5,4,4,4,4
12845,1050-51,1_1_2,3,False,4,4,4,4,3,4,3,3
12853,1050-51,1_2_1,3,False,4,4,4,4,4,5,4,4
12855,1050-51,2_2_5,3,False,4,3,3,2,3,3,4,3
12857,1050-51,2_1_1,3,False,4,3,3,4,3,3,4,2
12863,1050-51,1_1_3,3,False,4,4,4,3,4,4,4,5
12866,1050-51,3_2_2,3,False,4,5,4,5,3,5,4,4
12867,1050-51,3_2_2,3,False,5,5,4,4,3,4,4,5
12869,1050-51,1_1_2,3,False,5,5,4,4,4,4,3,5
12870,1050-51,4_2_9,3,False,3,2,3,3,3,3,3,3
12875,1050-51,2_3_7,3,False,5,4,4,4,4,5,4,5
12876,1050-51,2_1_1,3,False,5,4,4,5,4,4,3,4
12878,1050-51,2_4_12,3,False,5,5,5,4,3,4,4,5
12879,1050-51,2_2_4,3,False,4,4,3,4,4,4,4,4
12881,1050-51,2_2_6,3,False,4,4,3,4,4,4,4,3
12885,1050-51,4_2_12,3,False,4,3,4,3,3,4,3,4
12888,1050-51,2_4_10,3,False,5,4,4,5,4,4,4,5
12889,1050-51,1_1_2,3,False,5,4,4,4,4,4,4,4
12891,1050-51,2_4_12,3,False,4,5,4,4,4,5,4,5
12897,1050-51,5_3_11,3,False,4,3,4,3,3,4,3,3
12901,1050-51,1_1_2,3,False,5,4,4,4,4,4,5,5
12902,1050-51,4_2_12,3,False,4,5,4,4,4,4,4,4
12903,1050-51,1_1_5,3,False,5,4,3,4,4,3,4,4
12904,1050-51,2_4_12,3,False,4,3,4,3,3,4,3,4
12905,1050-51,1_1_1,3,False,5,4,4,4,4,4,5,4
12909,1050-51,2_2_5,3,False,4,5,5,5,4,5,4,5
12910,1050-51,4_2_11,3,False,4,3,4,4,5,3,3,3
12915,1050-51,5_3_12,3,False,4,4,4,4,3,4,3,4
12919,1050-51,1_1_2,3,False,4,4,5,5,5,4,4,5
12921,1050-51,1_1_4,3,False,5,3,4,4,5,5,3,4
12922,1050-51,1_1_4,3,False,4,4,3,4,3,5,5,5
12923,1050-51,4_2_12,3,False,4,4,3,3,2,3,4,3
12927,1050-51,1_1_1,3,False,5,4,3,4,5,4,4,5
12929,1050-51,2_4_10,3,False,5,5,3,5,4,4,4,5
12931,1050-51,5_3_11,3,False,4,4,4,5,4,4,4,4
12935,1050-51,2_2_2,3,False,4,4,4,4,4,4,4,4
12936,1050-51,1_1_3,3,False,4,4,4,5,4,4,3,4
12939,1050-51,4_2_10,3,False,3,4,3,3,3,4,4,3
12941,1050-51,2_3_8,3,False,4,4,3,4,4,4,3,4
12942,1050-51,2_2_3,3,False,4,4,4,4,4,4,4,4
12943,1050-51,2_4_12,3,False,3,4,4,4,4,4,4,4
12945,1050-51,1_2_1,3,False,5,4,4,4,4,4,4,4
12946,1050-51,1_1_2,3,False,4,4,3,4,4,4,4,4
12951,1050-51,2_2_2,3,False,5,4,4,4,4,4,4,3
12953,1050-51,1_1_5,3,False,5,4,3,4,4,4,4,4
12954,1050-51,2_2_2,3,False,4,4,4,4,3,4,4,5
12959,1050-51,2_3_9,3,False,4,4,4,4,4,4,5,4
12964,1050-51,2_3_7,3,False,4,4,4,4,4,5,4,5
12966,1050-51,1_1_3,3,False,5,4,4,4,4,4,5,4
12968,1050-51,4_2_9,3,False,5,4,4,4,3,4,5,4
12973,1050-51,4_2_8,3,False,3,3,3,3,3,3,3,3
12976,1050-51,1_2_1,3,False,4,4,3,4,4,3,3,4
12979,1050-51,1_1_3,3,False,4,5,5,4,4,5,4,4
12984,1050-51,2_3_8,3,False,5,5,4,4,4,4,4,4
12989,1050-51,2_3_7,3,False,4,4,4,5,4,4,4,4
12990,1050-51,3_5_13,3,False,3,4,4,3,3,4,3,4
12995,1050-51,2_1_1,3,False,5,4,4,4,3,3,4,3
12997,1050-51,2_2_5,3,False,3,4,3,2,3,4,4,3
13003,1050-51,4_2_11,3,False,3,3,4,4,4,4,3,3
13004,1050-51,4_2_9,3,False,3,3,3,4,4,4,4,4
13007,1050-51,3_2_2,3,False,4,3,4,4,3,4,4,3
13008,1050-51,2_2_5,3,False,4,4,5,3,4,4,4,3
13014,1050-51,4_2_12,3,False,4,3,4,4,4,4,4,4
13018,1050-51,2_2_5,3,False,5,3,4,5,3,3,3,4
13022,1050-51,3_2_2,3,False,5,4,5,5,4,5,4,4
13027,1050-51,1_1_2,3,False,4,4,4,5,4,4,4,4
13029,1050-51,1_2_1,3,False,4,4,3,3,4,4,4,3
13031,1050-51,2_4_12,3,False,4,4,3,4,4,4,3,4
13032,1050-51,3_2_2,3,False,4,4,4,4,4,4,3,3
13033,1050-51,2_4_12,3,False,4,5,4,4,5,5,4,5
13035,1050-51,2_4_11,3,False,5,4,4,4,4,5,4,4
13036,1050-51,2_3_7,3,False,4,4,3,4,4,4,3,4
13038,1050-51,2_2_5,3,False,4,4,5,4,4,4,4,3
13039,1050-51,2_2_5,3,False,4,4,4,5,4,3,3,5
13042,1050-51,2_4_12,3,False,4,4,4,4,5,4,4,5
13049,1050-51,3_1_1,3,False,4,3,4,4,4,3,5,4
13051,1050-51,2_2_6,3,False,5,4,4,5,4,5,5,5
13053,1050-51,1_1_5,3,False,5,5,5,5,4,5,4,5
13056,1050-51,1_2_1,3,False,4,5,4,4,4,4,4,4
13057,1050-51,1_1_2,3,False,5,5,5,5,5,4,5,5
13063,1050-51,2_1_1,3,False,4,5,4,4,3,4,4,4
13065,1050-51,4_2_11,3,False,3,4,4,4,4,4,4,4
13074,1050-51,1_1_2,3,False,4,4,4,4,4,4,4,4
13077,1050-51,2_2_6,3,False,5,4,4,5,4,4,4,5
13078,1050-51,2_1_1,3,False,5,5,5,4,4,4,4,5
13079,1050-51,1_2_1,3,False,4,4,4,4,3,4,4,3
13089,1050-51,2_4_12,3,False,4,4,4,4,3,4,4,3
13097,1050-51,2_2_4,3,False,3,4,3,3,3,4,4,3
13103,1050-51,2_3_8,3,False,5,5,4,4,4,4,4,4
13104,1050-51,2_3_8,3,False,5,5,4,5,4,5,4,5
13106,1050-51,2_4_12,3,False,5,4,4,4,4,4,4,4
13108,1050-51,4_2_9,3,False,3,4,3,3,3,3,3,4
13109,1050-51,3_2_2,3,False,4,4,4,3,3,3,4,4
13111,1050-51,2_2_3,3,False,5,5,4,4,4,5,4,4
13112,1050-51,2_3_8,3,False,4,4,4,3,4,4,4,4
13113,1050-51,4_2_10,3,False,4,3,3,3,3,3,3,3
13121,1050-51,2_4_10,3,False,3,3,3,2,3,3,2,3
13129,1050-51,2_4_12,3,False,4,4,3,4,4,4,4,4
13133,1050-51,4_2_12,3,False,4,5,5,5,4,5,4,4
13138,1050-51,4_2_11,3,False,4,4,5,4,4,4,4,4
13139,1050-51,2_2_6,3,False,4,4,4,5,3,4,4,4
13140,1050-51,2_2_3,3,False,4,4,5,4,4,3,4,5
13141,1050-51,2_1_1,3,False,5,5,5,4,4,4,4,5
13147,1050-51,2_2_6,3,False,3,4,4,5,4,4,3,5
13148,1050-51,2_3_8,3,False,5,5,3,4,4,3,4,4
13151,1050-51,3_5_13,3,False,4,4,4,4,3,4,4,4
13155,1050-51,3_2_2,3,False,5,4,4,3,4,4,4,5
13158,1050-51,2_2_5,3,False,4,4,4,4,3,4,3,4
13160,1050-51,2_4_10,3,False,5,4,5,5,4,4,3,5
13163,1050-51,2_2_5,3,False,4,4,3,4,3,3,4,3
13166,1050-51,4_2_10,3,False,4,4,4,4,4,4,4,5
13169,1050-51,2_3_8,3,False,4,3,4,3,3,3,4,3
13174,1050-51,2_2_2,3,False,5,4,4,5,4,4,3,4
13175,1050-51,2_2_3,3,False,5,4,4,5,4,5,4,5
13178,1050-51,2_2_5,3,False,4,4,3,3,3,4,4,3
13179,1050-51,2_2_4,3,False,5,5,4,5,5,4,4,4
13186,1050-51,2_3_7,3,False,4,4,4,5,4,3,3,3
13188,1050-51,2_3_9,3,False,3,3,2,3,3,3,4,3
13189,1050-51,2_2_5,3,False,4,4,4,4,3,3,4,3
13191,1050-51,5_3_12,3,False,4,4,4,4,4,4,4,5
13194,1050-51,2_3_8,3,False,5,4,4,4,4,4,4,4
13196,1050-51,2_4_10,3,False,4,4,4,4,4,4,4,4
13198,1050-51,1_1_4,3,False,4,3,4,3,3,4,3,3
13200,1050-51,2_4_12,3,False,4,5,3,4,4,3,5,4
13202,1050-51,3_2_2,3,False,5,5,5,5,5,4,4,5
13204,1050-51,4_2_11,3,False,3,3,4,4,3,4,4,3
13211,1050-51,4_2_9,3,False,4,4,4,4,4,4,4,4
13213,1050-51,2_2_5,3,False,4,3,4,3,4,4,3,4
13214,1050-51,1_1_4,3,False,4,4,5,5,4,4,5,4
13218,1050-51,1_1_1,3,False,4,3,3,3,3,3,4,3
13226,1050-51,2_2_4,3,False,4,3,3,3,3,3,4,3
13230,1050-51,2_4_10,3,False,5,4,4,5,5,4,5,4
13236,1050-51,2_2_4,3,False,4,4,4,4,3,3,4,4
13238,1050-51,3_5_13,3,False,4,4,5,4,4,4,4,4
13243,1050-51,4_2_12,3,False,4,4,4,4,4,3,3,3
13244,1050-51,4_2_10,3,False,4,4,5,4,4,4,4,4
13246,1050-51,2_1_1,3,False,3,4,3,3,3,4,2,3
13250,1050-51,4_2_12,3,False,5,5,4,4,4,4,4,4
13262,1050-51,1_2_1,3,False,4,3,4,4,4,4,3,3
13263,1050-51,2_3_7,3,False,5,4,4,4,4,4,4,4
13264,1050-51,2_1_1,3,False,4,4,4,4,3,3,3,4
13266,1050-51,1_1_3,3,False,4,5,4,4,4,4,5,3
13269,1050-51,3_5_13,3,False,3,4,3,4,3,3,3,4
13271,1050-51,2_2_6,3,False,4,4,4,5,3,4,4,4
13273,1050-51,2_3_8,3,False,4,4,4,5,5,5,4,4
13274,1050-51,4_2_10,3,False,4,4,4,4,4,4,3,4
13277,1050-51,1_1_3,3,False,5,4,4,5,4,5,4,5
13286,1050-51,3_5_13,3,False,2,3,3,4,3,3,3,3
13289,1050-51,2_2_6,3,False,4,4,4,4,4,4,4,4
13295,1050-51,2_2_4,3,False,5,5,5,4,3,4,4,5
13296,1050-51,2_4_10,3,False,4,4,3,4,4,4,3,3
13299,1050-51,1_1_2,3,False,4,3,4,4,3,4,3,4
13300,1050-51,2_2_5,3,False,5,4,4,4,4,4,4,5
13301,1050-51,2_2_4,3,False,3,4,3,4,3,4,3,3
13305,1050-51,2_2_6,3,False,4,3,2,3,3,3,4,3
13313,1050-51,1_1_3,3,False,4,4,3,3,4,5,4,3
13318,1050-51,2_4_12,3,False,5,5,5,5,4,4,4,4
13319,1050-51,2_2_4,3,False,5,5,5,5,5,5,5,5
13320,1050-51,4_2_12,3,False,4,4,4,3,3,4,3,3
13321,1050-51,4_2_9,3,False,4,4,4,4,3,5,4,4
13330,1050-51,4_2_12,3,False,5,5,4,5,4,4,4,4
13332,1050-51,2_4_12,3,False,5,5,5,4,4,4,5,4
13333,1050-51,2_4_12,3,False,4,4,4,4,5,5,4,4
13335,1050-51,2_2_4,3,False,4,4,4,4,4,4,4,4
13337,1050-51,2_4_11,3,False,4,4,3,4,3,4,5,3
13338,1050-51,3_5_13,3,False,4,4,4,4,4,4,3,4
13339,1050-51,2_3_7,3,False,4,4,4,3,4,3,3,4
13342,1050-51,2_4_10,3,False,4,3,4,4,4,3,4,4
13343,1050-51,4_2_11,3,False,3,3,4,4,5,4,4,4
13344,1050-51,2_3_7,3,False,5,4,4,5,5,5,4,5
13348,1050-51,4_2_8,3,False,4,4,4,4,4,4,4,4
13353,1050-51,2_3_7,3,False,5,5,5,5,4,4,4,5
13358,1050-51,1_1_5,3,False,4,4,4,3,3,3,4,3
13359,1050-51,3_1_1,3,False,5,4,3,4,4,4,4,4
13367,1050-51,4_2_10,3,False,3,2,3,3,3,3,2,3
13369,1050-51,1_2_1,3,False,5,5,4,5,5,4,5,5
13370,1050-51,4_2_8,3,False,4,4,4,4,3,4,4,4
13371,1050-51,5_3_12,3,False,4,3,5,4,4,4,4,4
13372,1050-51,2_4_12,3,False,4,4,4,4,3,4,4,3
13374,1050-51,5_3_12,3,False,3,4,4,4,3,3,4,3
13375,1050-51,2_2_5,3,False,5,4,3,4,5,4,3,4
13377,1050-51,2_3_7,3,False,5,5,4,4,4,5,4,4
13378,1050-51,4_2_12,3,False,4,4,4,4,4,4,3,4
13381,1050-51,2_2_2,3,False,4,4,3,4,3,4,3,4
13390,1050-51,2_3_8,3,False,4,4,4,4,4,4,4,3
13391,1050-51,2_3_8,3,False,4,3,3,4,3,3,3,3
13396,1050-51,1_1_5,3,False,4,4,3,4,4,3,4,3
13399,1050-51,1_1_2,3,False,4,3,3,3,4,4,4,4
13401,1050-51,4_2_8,3,False,4,4,5,4,4,4,4,5
13402,1050-51,1_1_2,3,False,4,5,4,4,4,5,4,4
13403,1050-51,3_2_2,3,False,4,5,4,3,3,4,3,4
13405,1050-51,2_3_8,3,False,4,4,3,4,3,4,3,4
13411,1050-51,1_1_3,3,False,5,5,5,4,4,4,4,5
13412,1050-51,2_2_2,3,False,5,4,4,5,4,4,4,4
13413,1050-51,2_2_3,3,False,4,4,4,3,4,4,4,4
13414,1050-51,3_5_13,3,False,4,4,3,5,4,4,3,5
13415,1050-51,1_1_4,3,False,5,4,4,5,4,5,4,5
13416,1050-51,3_2_2,3,False,5,5,5,5,4,4,5,5
13417,1050-51,1_2_1,3,False,5,4,4,4,4,4,3,4
13427,1050-51,4_2_8,3,False,3,3,4,4,4,3,4,4
1343,1050-51,2_3_7,3,True,4,3,3,4,3,3,4,3
13432,1050-51,2_2_2,3,False,4,5,4,4,4,4,4,5
13434,1050-51,3_5_13,3,False,5,5,5,4,4,5,4,5
13438,1050-51,2_4_10,3,False,5,5,5,5,5,5,5,5
13446,1050-51,2_1_1,3,False,4,4,3,4,3,4,4,4
13451,1050-51,3_5_13,3,False,3,4,4,4,4,4,4,4
13454,1050-51,4_2_9,3,False,4,4,4,4,4,3,3,4
13455,1050-51,1_1_3,3,False,4,3,3,4,4,3,4,4
13456,1050-51,3_1_1,3,False,4,4,3,3,3,4,4,4
13470,1050-51,2_1_1,3,False,4,4,4,4,4,4,5,4
13471,1050-51,5_3_11,3,False,3,3,3,3,3,4,3,2
13472,1050-51,4_2_11,3,False,3,4,4,4,4,4,4,4
13474,1050-51,1_2_1,3,False,4,4,3,4,4,4,4,4
13479,1050-51,2_2_2,3,False,5,4,5,4,4,3,3,4
13489,1050-51,3_1_1,3,False,4,4,4,3,4,3,4,4
13490,1050-51,2_2_5,3,False,5,4,4,5,4,4,4,5
13496,1050-51,4_2_12,3,False,4,4,4,4,4,3,3,3
13497,1050-51,2_2_3,3,False,3,3,4,3,4,3,3,3
13501,1050-51,2_3_7,3,False,4,4,3,4,4,5,5,4
13506,1050-51,2_4_12,3,False,5,5,5,4,4,4,4,5
13516,1050-51,2_4_10,3,False,4,4,4,4,4,4,5,5
13519,1050-51,2_4_12,3,False,4,3,3,4,3,3,4,4
13523,1050-51,2_2_5,3,False,4,4,3,4,3,3,4,3
13525,1050-51,5_3_11,3,False,3,3,3,4,3,3,2,4
13528,1050-51,2_1_1,3,False,4,5,4,4,5,3,5,5
13535,1050-51,1_1_2,3,False,4,3,4,4,3,4,4,3
13536,1050-51,3_5_13,3,False,3,4,3,4,3,3,4,3
13538,1050-51,2_4_12,3,False,4,4,4,4,3,4,4,4
13540,1050-51,2_4_12,3,False,5,4,4,3,4,4,4,4
13543,1050-51,1_1_5,3,False,4,3,3,3,4,4,3,3
13546,1050-51,3_5_13,3,False,3,4,2,3,3,3,3,3
1355,1050-51,2_2_5,3,True,4,4,2,4,3,4,4,3
13550,1050-51,2_1_1,3,False,4,5,4,4,4,5,4,4
13554,1050-51,2_2_5,3,False,5,5,4,4,4,4,4,4
13560,1050-51,2_4_12,3,False,4,4,4,3,3,4,4,4
13564,1050-51,2_3_7,3,False,4,4,3,3,3,4,3,3
13567,1050-51,2_1_1,3,False,5,4,4,4,4,4,4,4
13574,1050-51,1_1_4,3,False,4,4,5,4,4,4,5,4
13580,1050-51,2_1_1,3,False,5,4,4,4,4,4,4,5
13586,1050-51,4_2_11,3,False,3,4,4,3,3,4,4,3
13590,1050-51,2_3_8,3,False,4,4,4,4,4,4,4,4
13591,1050-51,2_3_8,3,False,4,4,2,4,3,3,4,3
13592,1050-51,2_2_2,3,False,3,4,3,3,3,4,3,3
13594,1050-51,2_3_7,3,False,5,5,4,4,5,4,5,5
13595,1050-51,5_3_11,3,False,3,4,4,5,4,4,4,4
13597,1050-51,2_1_1,3,False,5,4,4,4,4,5,4,5
13599,1050-51,1_1_4,3,False,4,4,3,4,3,4,4,4
13604,1050-51,2_3_8,3,False,4,5,4,5,4,5,4,4
13609,1050-51,2_4_12,3,False,5,4,4,4,4,4,4,4
13610,1050-51,3_1_1,3,False,4,5,5,5,5,5,4,5
13618,1050-51,2_4_12,3,False,4,3,3,4,4,4,4,4
13619,1050-51,1_1_1,3,False,4,4,5,5,5,4,5,4
13626,1050-51,1_1_5,3,False,4,4,4,4,3,5,4,3
13628,1050-51,4_2_12,3,False,4,4,5,4,3,4,5,4
13631,1050-51,2_4_10,3,False,5,5,5,5,5,5,4,5
13632,1050-51,3_5_13,3,False,3,3,3,3,3,4,4,3
13637,1050-51,3_2_2,3,False,4,4,5,4,4,4,4,4
13638,1050-51,5_3_11,3,False,4,4,4,4,5,4,3,4
13639,1050-51,2_1_1,3,False,5,3,4,4,4,4,4,4
13640,1050-51,2_2_2,3,False,4,3,4,4,3,4,3,4
13645,1050-51,5_3_12,3,False,4,4,4,4,5,5,4,5
13646,1050-51,2_2_6,3,False,5,4,4,4,4,4,4,5
13647,1050-51,1_1_2,3,False,4,4,4,4,3,3,4,3
13649,1050-51,1_1_2,3,False,4,4,4,3,3,4,3,4
13653,1050-51,2_2_2,3,False,3,3,3,3,3,3,3,3
13654,1050-51,1_1_5,3,False,4,4,4,5,4,4,4,5
13656,1050-51,2_3_8,3,False,4,4,4,4,4,4,5,5
13657,1050-51,1_2_1,3,False,5,3,4,3,3,4,4,4
13659,1050-51,2_2_2,3,False,4,3,4,4,3,4,3,3
13664,1050-51,4_2_12,3,False,4,4,3,3,3,4,3,4
13667,1050-51,2_2_6,3,False,4,4,4,4,3,3,3,4
13669,1050-51,1_1_2,3,False,4,4,4,4,4,3,4,4
13672,1050-51,2_2_3,3,False,5,3,5,5,4,4,4,4
13674,1050-51,1_2_1,3,False,5,4,5,5,4,4,4,4
13676,1050-51,5_3_12,3,False,4,3,4,4,4,4,3,4
13677,1050-51,2_3_7,3,False,4,4,4,5,4,4,4,4
13679,1050-51,2_4_12,3,False,5,5,5,5,5,5,5,5
13680,1050-51,2_4_10,3,False,4,4,5,4,3,3,4,4
13681,1050-51,1_1_4,3,False,3,4,3,3,4,4,3,4
13682,1050-51,1_1_3,3,False,5,4,4,4,4,4,4,4
13683,1050-51,4_2_12,3,False,3,3,3,4,3,4,3,3
13684,1050-51,3_2_2,3,False,4,4,4,4,5,4,3,4
13687,1050-51,2_2_3,3,False,4,4,5,5,4,4,4,4
13692,1050-51,4_2_12,3,False,5,4,4,5,4,4,4,5
13695,1050-51,2_2_3,3,False,5,5,4,5,3,4,4,5
13697,1050-51,2_4_12,3,False,4,4,3,4,4,3,3,4
13700,1050-51,4_2_11,3,False,3,4,4,4,2,4,3,3
13703,1050-51,1_1_5,3,False,5,4,4,4,4,4,4,4
13705,1050-51,3_5_13,3,False,4,4,3,3,3,3,4,4
13708,1050-51,2_4_12,3,False,5,4,4,4,4,4,5,4
13712,1050-51,2_2_5,3,False,4,4,4,4,3,4,4,4
13724,1050-51,2_2_4,3,False,5,4,5,4,4,5,4,4
1373,1050-51,2_4_10,3,False,4,5,3,3,4,4,4,3
13731,1050-51,2_2_4,3,False,4,4,3,4,4,4,4,3
13732,1050-51,3_5_13,3,False,5,4,4,5,4,4,4,4
13737,1050-51,2_2_4,3,False,5,4,4,4,4,5,4,4
13742,1050-51,2_2_6,3,False,4,4,3,3,3,4,3,4
13745,1050-51,3_5_13,3,False,4,3,4,5,4,3,4,4
13748,1050-51,2_4_10,3,False,4,4,4,3,5,4,4,4
13750,1050-51,1_2_1,3,False,4,5,4,4,3,4,4,4
13754,1050-51,2_3_7,3,False,4,4,3,3,3,4,3,3
13755,1050-51,3_5_13,3,False,4,3,4,4,4,4,4,4
13759,1050-51,3_2_2,3,False,4,4,4,4,3,4,5,4
13766,1050-51,4_2_8,3,False,5,5,5,5,3,4,4,5
13769,1050-51,4_2_10,3,False,3,4,3,4,4,3,3,3
13770,1050-51,3_1_1,3,False,4,4,4,5,5,4,3,4
13772,1050-51,1_1_3,3,False,4,4,4,4,3,4,4,4
13774,1050-51,1_1_1,3,False,4,4,4,5,4,4,4,4
13776,1050-51,2_3_7,3,False,4,4,4,4,3,3,4,4
13777,1050-51,2_4_12,3,False,3,3,3,3,3,3,2,2
13781,1050-51,1_2_1,3,False,4,4,4,4,3,4,4,4
13782,1050-51,1_2_1,3,False,4,4,4,4,3,3,4,4
13784,1050-51,2_3_9,3,False,4,3,3,3,2,3,2,3
13785,1050-51,3_5_13,3,False,4,4,4,5,4,4,4,4
13787,1050-51,4_2_8,3,False,3,3,3,3,3,4,3,3
13793,1050-51,2_2_3,3,False,5,4,4,4,3,4,4,4
13795,1050-51,2_4_12,3,False,4,4,4,4,4,4,4,4
13804,1050-51,3_5_13,3,False,4,4,4,3,4,4,4,4
13813,1050-51,2_1_1,3,False,4,4,3,3,3,3,4,3
13817,1050-51,3_5_13,3,False,5,4,4,4,4,4,4,4
13823,1050-51,1_1_2,3,False,4,4,3,4,3,4,3,4
13824,1050-51,1_1_3,3,False,5,4,5,5,5,4,4,5
13826,1050-51,2_4_11,3,False,4,4,4,4,3,4,3,4
13828,1050-51,4_2_12,3,False,4,4,3,2,3,4,3,3
13829,1050-51,2_2_6,3,False,4,4,3,3,4,4,3,3
13830,1050-51,2_3_8,3,False,3,4,3,4,4,4,4,3
13831,1050-51,2_4_10,3,False,4,4,4,4,4,4,4,4
13834,1050-51,2_2_3,3,False,5,4,4,5,4,4,4,5
13836,1050-51,5_3_12,3,False,4,4,4,4,3,3,3,4
13837,1050-51,4_2_12,3,False,4,4,3,3,3,3,2,3
13840,1050-51,3_2_2,3,False,3,4,3,4,3,4,3,3
13841,1050-51,2_2_2,3,False,4,3,3,4,4,4,3,3
13842,1050-51,2_2_5,3,False,4,4,4,4,3,4,5,4
13845,1050-51,4_2_11,3,False,4,4,5,4,4,4,3,4
13851,1050-51,1_1_5,3,False,5,4,5,5,4,4,4,5
13856,1050-51,2_3_9,3,False,3,3,3,3,4,3,3,3
13857,1050-51,1_1_3,3,False,4,5,4,5,5,5,4,4
13864,1050-51,2_4_12,3,False,5,5,4,4,5,5,5,5
13868,1050-51,4_2_12,3,False,5,4,3,4,4,4,3,4
13871,1050-51,4_2_12,3,False,3,4,4,4,4,4,5,4
13872,1050-51,2_3_8,3,False,5,4,4,5,5,4,4,5
13882,1050-51,2_4_11,3,False,4,4,4,4,4,4,3,5
13885,1050-51,2_2_2,3,False,4,4,4,4,4,4,4,4
13887,1050-51,2_2_5,3,False,5,4,4,4,4,4,4,5
13888,1050-51,3_1_1,3,False,5,4,5,5,4,4,4,4
13889,1050-51,3_2_2,3,False,5,5,5,4,5,4,4,4
1389,1050-51,1_1_2,3,True,5,4,4,3,4,4,4,4
13891,1050-51,2_1_1,3,False,4,4,3,3,3,3,4,3
13892,1050-51,2_4_12,3,False,4,5,4,4,4,4,3,4
13893,1050-51,4_2_10,3,False,4,4,4,4,4,3,4,4
13896,1050-51,2_2_4,3,False,5,4,4,4,4,4,3,4
13904,1050-51,2_4_12,3,False,5,4,4,3,4,4,5,4
13905,1050-51,2_2_3,3,False,4,4,4,4,4,4,4,5
13912,1050-51,2_2_3,3,False,5,4,4,5,4,4,4,4
13919,1050-51,1_2_1,3,False,4,4,3,3,3,4,5,3
1392,1050-51,2_4_11,3,True,4,3,2,4,3,3,3,3
13921,1050-51,3_5_13,3,False,4,3,5,4,4,3,3,5
13922,1050-51,4_2_10,3,False,3,3,3,4,4,4,4,3
13925,1050-51,1_1_1,3,False,5,4,4,4,4,4,4,4
13926,1050-51,5_3_11,3,False,4,5,4,5,5,4,4,4
13929,1050-51,2_4_10,3,False,5,4,5,5,4,5,5,5
13931,1050-51,2_4_10,3,False,4,5,4,5,3,4,4,4
13933,1050-51,3_2_2,3,False,4,4,3,5,4,4,4,4
13937,1050-51,3_5_13,3,False,4,4,4,4,4,4,3,5
13944,1050-51,1_2_1,3,False,3,4,4,3,3,3,3,4
13948,1050-51,4_2_9,3,False,4,3,4,4,3,3,3,3
13949,1050-51,2_3_7,3,False,4,4,3,4,3,4,4,3
13956,1050-51,4_2_12,3,False,4,4,4,4,4,4,5,5
13957,1050-51,2_2_5,3,False,4,4,5,4,4,4,3,3
13962,1050-51,1_2_1,3,False,5,5,3,5,5,4,4,5
13964,1050-51,3_5_13,3,False,3,3,3,4,4,4,3,4
13967,1050-51,2_3_8,3,False,4,3,4,4,3,4,3,4
13968,1050-51,1_1_3,3,False,5,4,4,4,4,4,4,4
13969,1050-51,3_2_2,3,False,4,3,4,3,4,4,4,4
13970,1050-51,2_2_4,3,False,3,3,3,3,3,3,3,3
13975,1050-51,4_2_12,3,False,4,4,4,5,4,5,4,4
13977,1050-51,2_3_8,3,False,4,4,4,4,4,4,4,4
13978,1050-51,1_1_3,3,False,5,4,4,4,3,3,4,4
13979,1050-51,3_5_13,3,False,4,4,5,4,4,4,4,5
13980,1050-51,2_2_2,3,False,4,4,4,3,4,5,4,4
13981,1050-51,2_3_8,3,False,4,5,4,5,4,5,4,4
13985,1050-51,2_3_7,3,False,5,4,4,5,4,4,4,5
13987,1050-51,2_1_1,3,False,3,4,4,4,4,3,3,4
13988,1050-51,1_1_2,3,False,4,4,3,3,3,4,3,3
13990,1050-51,1_2_1,3,False,4,4,3,4,4,3,4,3
13993,1050-51,1_1_1,3,False,4,3,4,4,3,4,4,4
13995,1050-51,4_2_12,3,False,4,4,4,4,3,4,4,4
13997,1050-51,3_1_1,3,False,5,5,4,5,4,4,5,5
13998,1050-51,1_1_4,3,False,5,4,5,4,5,4,3,4
14000,1050-51,1_1_3,3,False,2,3,2,3,3,2,3,2
14002,1050-51,1_2_1,3,False,5,4,4,4,4,4,4,4
14005,1050-51,2_4_12,3,False,5,4,4,4,4,5,4,5
14007,1050-51,1_1_4,3,False,4,4,4,4,4,4,4,5
14009,1050-51,4_2_11,3,False,2,2,3,4,3,3,4,3
14010,1050-51,2_4_10,3,False,4,3,3,4,4,4,3,3
14011,1050-51,3_2_2,3,False,4,4,4,4,4,4,3,3
14012,1050-51,3_1_1,3,False,4,4,4,4,5,4,4,4
14015,1050-51,2_4_11,3,False,4,4,4,5,5,4,4,5
14017,1050-51,2_3_8,3,False,5,5,5,4,5,5,5,5
14022,1050-51,2_3_9,3,False,5,4,4,4,4,4,4,5
14031,1050-51,1_1_4,3,False,5,5,3,4,4,4,4,4
14033,1050-51,2_2_2,3,False,4,3,4,3,3,4,4,4
14035,1050-51,2_2_3,3,False,4,5,4,4,4,4,4,5
14037,1050-51,2_4_10,3,False,4,4,4,3,3,4,4,4
14047,1050-51,3_5_13,3,False,3,4,3,4,4,4,4,3
14051,1050-51,2_1_1,3,False,4,4,3,4,3,3,5,4
14052,1050-51,4_2_8,3,False,3,4,3,3,4,3,3,3
14056,1050-51,1_1_3,3,False,4,4,4,5,3,4,4,4
14057,1050-51,3_2_2,3,False,5,5,4,4,4,4,4,5
14059,1050-51,3_5_13,3,False,3,4,4,5,3,4,4,4
14062,1050-51,4_2_12,3,False,4,4,5,4,4,5,5,4
14066,1050-51,3_5_13,3,False,3,4,4,4,4,4,4,4
14067,1050-51,2_2_4,3,False,5,4,4,5,4,4,5,4
14070,1050-51,4_2_9,3,False,3,4,4,3,3,4,4,5
14071,1050-51,4_2_12,3,False,4,4,3,4,4,4,3,4
14074,1050-51,2_3_7,3,False,5,5,4,5,4,4,4,5
14078,1050-51,1_1_2,3,False,4,4,3,4,3,4,3,3
14079,1050-51,4_2_12,3,False,4,4,3,4,3,3,3,3
14080,1050-51,3_5_13,3,False,4,4,3,4,3,4,4,4
14081,1050-51,2_1_1,3,False,4,3,3,4,3,3,3,4
14097,1050-51,5_3_11,3,False,4,4,4,5,4,4,4,4
14098,1050-51,1_1_4,3,False,4,4,4,4,3,4,4,4
14099,1050-51,2_1_1,3,False,4,3,3,4,3,4,4,4
14101,1050-51,1_2_1,3,False,5,4,4,5,4,5,4,4
14104,1050-51,2_3_8,3,False,4,4,3,3,4,4,3,3
14108,1050-51,2_2_3,3,False,5,4,5,5,4,4,4,5
14112,1050-51,3_5_13,3,False,3,5,3,3,4,4,4,4
14113,1050-51,4_2_8,3,False,4,4,4,3,4,4,4,4
14115,1050-51,2_3_8,3,False,4,5,4,4,4,4,4,4
14119,1050-51,3_1_1,3,False,4,4,4,4,4,5,4,4
14123,1050-51,3_5_13,3,False,4,5,4,4,3,3,4,3
14130,1050-51,1_2_1,3,False,5,3,4,4,4,5,4,4
14131,1050-51,1_1_2,3,False,5,5,4,4,4,4,5,4
14137,1050-51,4_2_10,3,False,4,4,5,4,4,4,3,4
14140,1050-51,2_4_12,3,False,4,4,5,5,3,4,4,5
14147,1050-51,3_5_13,3,False,3,4,4,4,4,3,4,3
14154,1050-51,5_3_12,3,False,3,3,4,3,3,3,4,2
14159,1050-51,2_2_4,3,False,4,3,4,3,3,4,2,3
14161,1050-51,4_2_8,3,False,4,4,3,3,3,3,3,4
14162,1050-51,1_1_2,3,False,4,3,4,4,4,4,4,3
14166,1050-51,2_2_3,3,False,5,5,5,5,4,5,5,5
14167,1050-51,2_2_3,3,False,5,4,5,5,5,4,4,4
14175,1050-51,2_2_3,3,False,4,3,4,4,3,4,3,4
14176,1050-51,1_1_2,3,False,5,4,4,5,5,4,4,5
14181,1050-51,5_3_12,3,False,4,3,4,3,4,4,3,4
14185,1050-51,3_2_2,3,False,5,5,4,4,4,4,4,4
14186,1050-51,1_1_5,3,False,4,4,3,3,3,4,4,4
14191,1050-51,4_2_8,3,False,4,4,4,4,4,4,4,5
14193,1050-51,2_4_12,3,False,3,4,2,3,3,4,3,3
14194,1050-51,4_2_10,3,False,4,4,4,4,4,4,4,4
14197,1050-51,1_1_4,3,False,5,4,4,5,4,4,4,4
14206,1050-51,2_4_11,3,False,4,3,4,4,4,4,2,2
14208,1050-51,1_1_1,3,False,5,5,5,5,4,5,5,5
14211,1050-51,2_2_4,3,False,3,3,3,3,4,3,3,3
14212,1050-51,4_2_8,3,False,3,3,4,3,4,3,4,3
14215,1050-51,3_5_13,3,False,4,4,4,4,4,4,4,4
14216,1050-51,1_2_1,3,False,5,5,4,5,4,4,4,5
14218,1050-51,1_1_2,3,False,4,3,4,4,3,4,3,3
14220,1050-51,1_2_1,3,False,4,5,4,4,3,4,3,4
1423,1050-51,4_2_8,3,False,3,3,4,3,3,4,3,3
14234,1050-51,1_1_3,3,False,4,5,3,4,4,4,4,4
14235,1050-51,2_2_6,3,False,5,4,4,5,4,4,4,5
14238,1050-51,2_2_3,3,False,5,4,4,4,4,3,4,4
14239,1050-51,2_3_8,3,False,5,5,4,5,4,4,4,5
14240,1050-51,2_2_4,3,False,5,5,4,4,4,4,4,5
14241,1050-51,2_1_1,3,False,5,4,5,4,4,4,4,5
14247,1050-51,1_2_1,3,False,5,4,5,5,5,3,4,5
14248,1050-51,2_2_5,3,False,4,5,5,5,4,4,5,5
14250,1050-51,3_2_2,3,False,5,3,4,4,4,4,4,4
14261,1050-51,1_1_3,3,False,4,4,4,5,4,4,4,5
14262,1050-51,1_1_2,3,False,4,4,3,3,3,4,4,3
14263,1050-51,4_2_9,3,False,4,3,4,4,3,3,4,4
14269,1050-51,4_2_11,3,False,4,4,3,4,4,3,4,4
14273,1050-51,2_4_10,3,False,5,5,4,3,4,4,5,4
14276,1050-51,3_5_13,3,False,4,4,4,4,4,4,4,5
14277,1050-51,2_2_2,3,False,4,4,3,4,4,4,5,4
14278,1050-51,3_5_13,3,False,4,4,3,4,3,3,3,4
14279,1050-51,4_2_10,3,False,5,4,4,5,4,4,4,4
14283,1050-51,4_2_8,3,False,4,4,4,4,4,4,4,3
14284,1050-51,5_3_11,3,False,4,4,5,4,4,4,4,4
14288,1050-51,2_2_6,3,False,4,4,3,3,3,4,3,4
14292,1050-51,2_4_10,3,False,3,3,3,4,4,3,3,4
14295,1050-51,3_5_13,3,False,4,4,4,4,4,3,5,5
14303,1050-51,2_4_12,3,False,3,3,2,2,3,3,2,2
14308,1050-51,2_3_9,3,False,4,4,4,4,4,4,3,4
14316,1050-51,1_1_3,3,False,5,5,5,5,4,4,4,5
14319,1050-51,1_1_1,3,False,3,4,4,3,3,3,4,3
14322,1050-51,4_2_8,3,False,4,4,5,4,4,4,4,4
14323,1050-51,1_1_2,3,False,3,5,3,4,4,4,4,5
14325,1050-51,4_2_8,3,False,4,5,4,5,4,4,4,5
14330,1050-51,1_1_3,3,False,4,4,4,3,3,4,4,4
14332,1050-51,2_2_6,3,False,5,5,4,4,5,4,5,4
14339,1050-51,2_2_2,3,False,4,4,3,4,4,4,3,4
14341,1050-51,2_2_4,3,False,5,5,4,5,4,5,4,4
14349,1050-51,2_2_6,3,False,4,4,4,3,3,4,4,4
14350,1050-51,1_1_2,3,False,5,4,4,4,4,4,4,4
14353,1050-51,2_4_10,3,False,4,4,3,4,4,3,4,4
14354,1050-51,4_2_10,3,False,4,3,4,4,3,5,4,4
14356,1050-51,2_2_2,3,False,4,5,4,4,4,4,3,4
14358,1050-51,2_4_11,3,False,4,4,3,4,4,4,4,3
14361,1050-51,2_4_12,3,False,4,4,3,3,3,4,3,3
14363,1050-51,1_1_3,3,False,4,5,4,5,4,4,4,4
14368,1050-51,2_3_8,3,False,4,3,3,3,3,4,4,3
14370,1050-51,2_4_12,3,False,4,4,3,4,3,4,3,4
14371,1050-51,2_2_5,3,False,5,4,5,5,5,5,5,5
14374,1050-51,4_2_11,3,False,4,3,4,4,4,4,3,3
14375,1050-51,2_3_8,3,False,4,4,3,4,5,4,4,4
14376,1050-51,1_1_3,3,False,5,4,4,5,3,3,3,4
14377,1050-51,2_2_4,3,False,5,4,5,5,4,5,4,5
14385,1050-51,2_1_1,3,False,3,5,4,4,4,3,3,3
14388,1050-51,2_4_12,3,False,4,4,4,3,4,4,4,4
14389,1050-51,1_1_4,3,False,5,5,4,5,4,5,4,4
14392,1050-51,1_1_2,3,False,4,4,2,4,3,4,3,3
14398,1050-51,2_2_2,3,False,4,5,5,5,4,4,4,4
144,1050-51,1_1_5,3,True,5,5,3,4,4,5,5,5
14400,1050-51,2_2_3,3,False,5,5,4,4,5,4,5,5
14401,1050-51,1_1_4,3,False,4,4,3,3,4,4,3,3
14412,1050-51,4_2_10,3,False,4,4,4,4,4,4,4,5
14414,1050-51,1_1_4,3,False,5,4,4,5,4,5,4,5
14419,1050-51,2_3_9,3,False,5,4,4,4,4,4,3,4
14422,1050-51,2_2_4,3,False,4,4,4,5,4,5,4,5
14424,1050-51,3_5_13,3,False,4,4,4,5,3,4,4,5
14425,1050-51,3_2_2,3,False,5,4,4,5,4,5,4,5
14427,1050-51,2_2_3,3,False,5,4,4,4,4,5,4,4
14428,1050-51,4_2_12,3,False,3,3,4,3,3,4,3,3
14433,1050-51,2_2_5,3,False,4,4,4,4,3,4,4,4
14437,1050-51,4_2_12,3,False,5,5,5,5,4,4,4,5
14443,1050-51,2_2_5,3,False,5,4,4,4,4,4,4,5
14444,1050-51,4_2_12,3,False,5,4,3,2,2,3,3,3
14446,1050-51,2_3_7,3,False,5,4,4,5,4,5,5,5
14449,1050-51,1_1_5,3,False,4,4,4,5,3,4,3,4
14452,1050-51,2_2_5,3,False,5,4,5,4,5,5,4,4
14453,1050-51,5_3_11,3,False,4,4,4,4,4,3,3,3
14456,1050-51,2_3_8,3,False,5,3,4,3,4,4,3,3
14458,1050-51,1_1_4,3,False,4,4,3,4,3,4,5,4
14460,1050-51,1_1_5,3,False,5,5,5,5,5,4,4,5
14461,1050-51,5_3_11,3,False,3,4,4,5,4,4,4,4
14464,1050-51,4_2_10,3,False,4,4,4,4,3,3,4,4
14469,1050-51,1_1_2,3,False,4,4,4,4,3,4,3,4
14470,1050-51,4_2_12,3,False,4,4,3,3,3,4,5,3
14473,1050-51,4_2_12,3,False,5,4,3,3,3,4,3,3
14474,1050-51,2_4_12,3,False,5,4,4,4,4,5,3,3
14477,1050-51,4_2_12,3,False,4,3,4,4,4,4,3,3
14489,1050-51,4_2_12,3,False,4,4,3,4,4,4,4,4
14492,1050-51,2_2_2,3,False,4,3,4,4,4,4,3,4
14496,1050-51,1_2_1,3,False,4,4,4,5,3,4,4,4
14498,1050-51,1_1_5,3,False,4,4,4,4,3,3,3,4
14499,1050-51,2_3_8,3,False,4,4,4,4,4,4,4,4
14500,1050-51,3_5_13,3,False,4,4,4,4,3,4,4,5
14502,1050-51,1_1_3,3,False,3,3,2,2,4,3,3,2
14503,1050-51,4_2_12,3,False,4,3,4,3,3,3,3,3
14505,1050-51,1_1_5,3,False,4,5,4,5,4,5,4,5
14506,1050-51,3_5_13,3,False,4,4,3,4,4,3,3,4
14509,1050-51,2_4_11,3,False,5,3,3,4,4,4,3,4
14512,1050-51,2_2_3,3,False,4,4,4,4,4,4,4,4
14516,1050-51,1_1_5,3,False,5,5,5,5,5,5,5,5
14523,1050-51,1_2_1,3,False,4,4,4,5,4,4,4,5
14524,1050-51,2_4_11,3,False,4,3,3,3,3,3,3,3
14525,1050-51,2_4_10,3,False,5,4,4,5,4,4,4,4
14526,1050-51,2_3_8,3,False,5,5,4,5,4,5,4,5
14529,1050-51,3_5_13,3,False,4,4,5,4,4,5,4,5
14530,1050-51,4_2_8,3,False,3,4,4,3,3,4,4,3
14534,1050-51,5_3_11,3,False,4,4,3,3,4,4,4,4
14543,1050-51,1_1_4,3,False,4,4,4,4,4,4,4,4
14544,1050-51,4_2_10,3,False,4,4,4,4,3,3,4,4
14546,1050-51,2_2_3,3,False,4,4,5,5,4,4,3,4
14547,1050-51,2_1_1,3,False,5,4,4,4,4,4,4,4
14549,1050-51,4_2_12,3,False,4,4,3,5,4,4,4,4
14550,1050-51,2_3_8,3,False,3,3,3,4,3,4,4,3
14551,1050-51,2_3_7,3,False,4,4,4,3,3,3,4,3
14557,1050-51,1_1_5,3,False,4,5,4,5,4,4,4,4
14559,1050-51,2_2_6,3,False,5,5,4,4,4,4,3,5
1456,1050-51,2_2_3,3,True,4,5,4,4,4,4,4,4
14561,1050-51,2_2_2,3,False,5,4,5,5,3,4,4,5
14565,1050-51,2_3_9,3,False,4,3,3,4,4,3,4,4
14575,1050-51,2_4_12,3,False,5,4,4,4,4,4,4,5
14578,1050-51,4_2_10,3,False,3,3,3,3,3,3,4,3
14581,1050-51,2_4_12,3,False,4,3,3,4,3,4,4,4
14583,1050-51,4_2_12,3,False,5,4,3,4,3,3,3,3
14585,1050-51,1_1_4,3,False,4,3,4,4,4,5,3,4
14588,1050-51,4_2_10,3,False,3,4,4,4,4,4,4,4
14592,1050-51,1_1_4,3,False,4,3,3,3,3,4,3,2
14595,1050-51,3_2_2,3,False,5,4,5,4,5,5,4,5
14597,1050-51,2_2_4,3,False,4,4,4,4,4,4,3,4
14600,1050-51,4_2_8,3,False,3,3,4,4,4,4,3,4
14601,1050-51,3_5_13,3,False,5,4,4,4,4,4,4,5
14607,1050-51,2_3_8,3,False,4,4,3,4,3,3,4,3
14608,1050-51,2_2_2,3,False,5,4,4,3,4,4,4,4
14611,1050-51,4_2_8,3,False,4,4,4,4,3,3,4,2
14613,1050-51,4_2_8,3,False,4,4,4,4,4,4,4,4
14617,1050-51,2_2_2,3,False,4,4,4,4,4,4,4,4
14618,1050-51,1_2_1,3,False,5,4,4,4,4,5,4,5
14624,1050-51,2_3_8,3,False,4,4,4,4,3,5,4,4
14626,1050-51,2_3_7,3,False,4,3,3,3,3,3,3,3
14627,1050-51,4_2_10,3,False,4,3,4,5,4,4,4,4
14628,1050-51,1_1_5,3,False,4,4,4,4,3,3,4,4
14631,1050-51,2_2_5,3,False,4,4,4,4,3,4,4,3
14636,1050-51,4_2_12,3,False,5,4,4,5,4,4,5,4
14645,1050-51,2_2_3,3,False,4,5,3,4,4,5,4,4
14651,1050-51,1_1_2,3,False,4,4,4,3,3,3,4,4
14655,1050-51,4_2_8,3,False,4,3,3,3,3,3,4,4
14656,1050-51,1_1_4,3,False,5,5,4,5,5,4,4,4
14657,1050-51,4_2_12,3,False,3,4,4,5,4,4,4,3
14662,1050-51,2_1_1,3,False,5,4,4,4,4,4,4,5
14665,1050-51,2_3_8,3,False,4,4,3,3,3,4,4,3
14667,1050-51,4_2_12,3,False,4,4,5,4,4,4,4,4
14668,1050-51,2_1_1,3,False,5,4,4,4,4,4,4,4
14670,1050-51,2_3_7,3,False,4,5,5,4,4,5,4,5
14672,1050-51,1_1_4,3,False,4,5,4,3,4,5,4,4
14678,1050-51,3_1_1,3,False,4,4,3,4,3,3,4,4
14680,1050-51,4_2_10,3,False,3,4,4,4,4,3,4,4
14681,1050-51,3_5_13,3,False,3,3,4,4,3,3,4,2
14686,1050-51,4_2_8,3,False,4,3,3,3,4,4,3,3
14691,1050-51,2_2_6,3,False,4,4,5,5,4,5,4,4
14692,1050-51,4_2_11,3,False,4,4,5,4,4,4,4,5
14695,1050-51,2_4_10,3,False,5,5,5,4,5,4,5,5
14706,1050-51,2_4_10,3,False,4,4,3,5,3,4,4,4
14707,1050-51,2_4_12,3,False,4,3,4,4,3,4,4,4
14714,1050-51,2_4_12,3,False,5,4,4,4,5,5,4,5
14715,1050-51,4_2_10,3,False,3,3,3,3,3,3,3,2
14720,1050-51,4_2_11,3,False,4,3,4,3,4,3,3,4
14728,1050-51,5_3_12,3,False,4,3,4,4,3,4,3,3
14729,1050-51,2_1_1,3,False,5,4,3,5,4,4,4,5
14732,1050-51,4_2_11,3,False,4,4,4,4,4,4,3,4
14736,1050-51,1_1_2,3,False,5,4,4,5,4,3,4,4
14745,1050-51,2_2_5,3,False,5,3,3,3,3,3,3,3
14746,1050-51,1_1_4,3,False,5,3,3,5,4,4,3,4
14747,1050-51,2_2_3,3,False,5,4,5,5,4,5,4,5
14748,1050-51,4_2_12,3,False,4,4,4,3,4,4,4,5
14749,1050-51,4_2_12,3,False,4,4,3,4,3,4,3,3
14751,1050-51,1_1_4,3,False,5,4,5,5,5,4,5,5
14752,1050-51,5_3_12,3,False,4,4,5,5,4,4,5,4
14754,1050-51,2_4_12,3,False,4,5,4,5,4,4,4,4
14755,1050-51,1_1_4,3,False,4,3,4,4,4,4,4,4
14763,1050-51,2_1_1,3,False,5,3,5,5,4,4,4,4
14764,1050-51,2_4_12,3,False,4,4,3,3,3,4,4,3
14769,1050-51,4_2_9,3,False,4,4,3,4,4,3,4,4
14770,1050-51,2_4_10,3,False,5,4,3,5,4,4,3,5
14774,1050-51,2_4_12,3,False,5,4,4,4,5,5,3,5
14779,1050-51,2_3_7,3,False,4,4,3,4,3,3,3,4
14781,1050-51,2_2_2,3,False,5,5,5,5,5,4,4,5
14787,1050-51,1_1_2,3,False,3,4,3,4,4,4,4,4
14789,1050-51,5_3_11,3,False,4,3,4,4,4,4,4,4
14793,1050-51,1_2_1,3,False,5,5,4,4,5,4,5,5
14796,1050-51,4_2_12,3,False,5,4,4,4,3,4,4,4
14798,1050-51,1_1_4,3,False,5,5,5,4,4,4,4,5
14804,1050-51,2_3_8,3,False,4,4,3,4,4,4,4,4
14805,1050-51,2_1_1,3,False,5,4,3,2,3,4,4,4
14809,1050-51,1_2_1,3,False,5,4,4,4,4,4,5,4
14818,1050-51,4_2_12,3,False,5,4,4,4,4,4,5,4
14819,1050-51,3_5_13,3,False,4,4,4,4,4,4,3,4
14824,1050-51,2_2_3,3,False,4,4,4,4,4,4,3,4
14827,1050-51,2_3_7,3,False,3,4,4,3,3,3,4,3
14832,1050-51,4_2_8,3,False,4,4,4,3,4,5,4,4
14843,1050-51,4_2_11,3,False,4,4,4,4,4,4,4,4
14844,1050-51,4_2_11,3,False,4,4,4,4,4,4,4,4
14846,1050-51,2_2_4,3,False,4,5,4,4,4,4,4,3
14848,1050-51,2_2_3,3,False,4,3,4,4,4,3,3,3
14849,1050-51,2_3_7,3,False,5,5,4,5,4,5,5,5
14852,1050-51,3_2_2,3,False,5,5,4,3,4,4,4,4
14862,1050-51,2_4_12,3,False,4,4,4,3,4,4,4,3
14866,1050-51,1_1_3,3,False,4,4,4,3,3,4,4,3
14867,1050-51,3_5_13,3,False,5,5,5,4,4,4,4,5
14871,1050-51,2_3_8,3,False,5,4,4,4,4,3,5,5
14876,1050-51,4_2_11,3,False,4,4,4,4,4,4,4,4
14879,1050-51,2_3_7,3,False,4,4,4,4,4,4,4,3
14881,1050-51,3_5_13,3,False,4,4,4,4,4,3,3,4
14885,1050-51,5_3_11,3,False,4,4,5,4,4,4,4,4
14890,1050-51,4_2_12,3,False,3,4,4,5,3,4,4,2
14891,1050-51,3_5_13,3,False,4,4,5,4,4,4,4,4
14892,1050-51,2_4_12,3,False,4,4,4,4,4,4,4,4
14895,1050-51,4_2_8,3,False,4,4,4,4,4,4,4,4
14898,1050-51,2_2_2,3,False,4,3,4,4,5,4,4,4
14900,1050-51,1_1_3,3,False,4,4,4,4,4,4,4,4
14903,1050-51,2_3_9,3,False,3,3,4,4,3,4,3,4
14904,1050-51,2_2_6,3,False,5,4,4,4,4,4,4,5
14905,1050-51,2_4_10,3,False,4,4,3,5,4,5,4,5
14907,1050-51,2_4_10,3,False,4,4,5,5,3,4,4,4
14908,1050-51,2_3_7,3,False,3,4,4,4,3,4,5,4
14909,1050-51,4_2_12,3,False,3,4,4,4,4,4,4,4
14913,1050-51,1_1_1,3,False,5,4,4,4,4,4,4,3
14916,1050-51,2_3_7,3,False,4,5,4,5,5,4,4,5
14919,1050-51,2_2_3,3,False,4,3,4,5,3,4,3,4
14920,1050-51,2_3_7,3,False,4,4,4,5,4,4,4,4
14921,1050-51,1_1_4,3,False,4,4,3,4,4,3,4,3
14929,1050-51,4_2_9,3,False,3,4,3,3,4,4,4,3
14930,1050-51,2_2_3,3,False,5,4,4,5,3,4,5,4
14932,1050-51,5_3_12,3,False,4,4,4,4,5,4,3,4
14933,1050-51,2_2_3,3,False,4,4,4,4,4,5,4,4
14935,1050-51,1_1_3,3,False,3,4,2,2,3,3,3,3
14936,1050-51,1_1_3,3,False,4,4,4,4,4,4,4,4
14937,1050-51,2_4_10,3,False,5,4,5,4,4,3,4,4
14940,1050-51,5_3_11,3,False,4,3,4,5,3,4,3,3
14943,1050-51,4_2_10,3,False,4,3,3,4,4,4,4,3
14945,1050-51,1_1_5,3,False,4,3,4,4,3,4,3,3
14947,1050-51,1_2_1,3,False,4,4,3,3,3,4,3,4
14951,1050-51,2_4_10,3,False,4,3,4,3,3,3,3,3
14952,1050-51,3_2_2,3,False,4,4,3,3,4,4,4,5
14953,1050-51,1_2_1,3,False,3,4,3,3,3,4,4,4
14956,1050-51,1_1_3,3,False,5,5,4,4,4,4,4,4
14972,1050-51,2_4_12,3,False,4,4,4,5,3,4,4,4
14975,1050-51,2_4_12,3,False,5,5,4,4,4,4,4,4
14977,1050-51,1_2_1,3,False,5,4,3,4,4,4,3,4
14982,1050-51,2_3_9,3,False,4,4,4,4,4,3,4,3
14985,1050-51,2_2_6,3,False,4,4,4,4,4,4,4,5
14986,1050-51,2_2_3,3,False,5,3,4,4,4,4,4,4
14990,1050-51,2_2_5,3,False,5,4,3,4,4,4,4,3
14995,1050-51,1_1_4,3,False,5,5,5,5,5,5,4,5
1525,1050-51,2_2_4,3,False,4,4,4,4,4,4,5,5
1527,1050-51,2_2_6,3,True,4,4,3,3,3,4,3,4
16,1050-51,1_1_2,3,True,5,4,4,4,3,4,4,4
1673,1050-51,2_2_3,3,True,4,4,3,4,4,4,4,4
1707,1050-51,2_2_4,3,True,4,4,4,2,4,4,4,2
1855,1050-51,1_1_4,3,False,4,3,3,3,4,3,4,3
1856,1050-51,2_2_5,3,True,3,5,3,3,3,3,4,3
1879,1050-51,2_1_1,3,True,4,4,3,3,3,3,3,3
198,1050-51,2_3_7,3,True,4,4,3,3,4,3,5,4
2103,1050-51,2_4_11,3,True,4,4,3,4,4,4,4,4
2113,1050-51,2_3_8,3,True,4,5,4,5,4,4,4,4
216,1050-51,2_4_11,3,True,5,5,3,4,5,4,3,4
2205,1050-51,3_1_1,3,False,4,4,3,5,4,4,4,4
2217,1050-51,1_1_2,3,False,4,4,3,3,4,4,3,3
2253,1050-51,1_1_4,3,True,4,4,3,4,4,3,3,4
2281,1050-51,2_4_10,3,True,3,3,4,3,3,4,3,3
2289,1050-51,1_1_2,3,True,3,3,3,3,2,3,3,2
2351,1050-51,2_3_8,3,False,4,4,3,4,3,4,3,4
2354,1050-51,2_3_7,3,True,4,4,3,3,3,3,4,3
2386,1050-51,1_2_1,3,True,4,3,3,3,3,3,4,3
2451,1050-51,2_3_8,3,True,4,4,4,4,4,4,4,3
2508,1050-51,1_1_3,3,False,4,4,3,4,4,4,4,4
2543,1050-51,4_2_8,3,False,3,4,4,4,3,4,4,3
2552,1050-51,2_2_3,3,True,4,3,3,3,3,3,3,3
2562,1050-51,2_3_7,3,False,4,4,3,4,4,3,4,3
265,1050-51,2_2_4,3,False,4,3,3,3,3,3,3,3
2661,1050-51,2_3_7,3,True,4,4,4,4,4,4,5,4
2686,1050-51,2_2_3,3,True,3,3,2,4,3,3,3,4
2707,1050-51,1_1_2,3,True,3,4,3,4,3,3,3,3
2715,1050-51,2_4_11,3,True,5,4,4,4,4,4,3,3
2718,1050-51,2_2_3,3,False,4,4,3,4,4,5,4,4
2736,1050-51,3_2_2,3,True,4,3,2,3,3,4,4,4
2743,1050-51,2_4_10,3,True,4,4,3,4,5,5,4,4
2869,1050-51,1_1_3,3,True,4,4,4,3,4,4,3,3
288,1050-51,1_1_3,3,True,2,3,3,3,3,3,4,3
2927,1050-51,2_2_4,3,True,5,4,3,4,3,4,3,3
2929,1050-51,2_4_11,3,False,4,4,4,4,4,4,4,4
2993,1050-51,2_4_12,3,True,3,3,3,3,3,4,3,2
302,1050-51,2_2_4,3,True,5,4,4,3,4,4,4,4
308,1050-51,2_3_7,3,True,4,4,3,4,3,3,3,3
3096,1050-51,2_3_8,3,True,4,4,3,3,3,4,3,4
3175,1050-51,1_1_4,3,False,3,3,3,3,3,3,3,2
3201,1050-51,2_3_8,3,True,3,4,3,3,3,4,3,3
326,1050-51,2_3_8,3,True,3,3,3,3,3,3,3,4
3294,1050-51,4_2_8,3,False,4,3,2,3,3,4,3,4
3307,1050-51,2_2_2,3,False,4,4,4,4,3,4,4,4
3320,1050-51,2_2_4,3,True,3,4,3,3,3,4,3,4
335,1050-51,2_2_2,3,True,5,4,4,4,3,4,3,4
3499,1050-51,2_2_4,3,False,4,3,4,4,4,4,4,4
3503,1050-51,1_1_3,3,True,4,4,2,2,3,4,4,3
3528,1050-51,1_1_3,3,False,5,4,3,4,3,3,4,4
3607,1050-51,1_1_1,3,True,3,3,4,4,3,4,4,4
3612,1050-51,2_4_10,3,False,4,4,3,4,4,4,4,4
3696,1050-51,2_4_12,3,True,3,4,3,3,4,4,3,3
370,1050-51,1_1_5,3,True,4,4,4,4,4,4,4,4
3706,1050-51,4_2_12,3,True,3,3,3,3,2,3,2,2
3710,1050-51,2_2_5,3,True,4,5,4,3,4,4,4,3
3720,1050-51,3_1_1,3,True,4,4,4,4,3,4,4,3
3732,1050-51,2_3_7,3,False,4,3,2,3,3,3,3,3
3741,1050-51,2_4_12,3,True,3,4,4,4,3,3,4,4
3759,1050-51,2_4_12,3,True,4,3,2,4,3,4,3,3
3768,1050-51,2_4_10,3,True,3,4,3,3,2,4,4,2
3784,1050-51,2_3_7,3,True,5,4,5,4,4,5,4,5
3785,1050-51,2_2_6,3,False,5,4,4,4,3,3,4,4
3799,1050-51,2_3_8,3,True,4,4,3,4,4,4,5,4
3834,1050-51,1_2_1,3,False,5,4,3,4,3,4,3,4
3865,1050-51,2_4_11,3,False,4,4,3,4,4,4,4,3
3872,1050-51,2_3_7,3,True,4,4,4,4,2,4,4,3
3922,1050-51,1_2_1,3,False,3,3,3,2,3,2,4,3
3952,1050-51,1_2_1,3,True,5,5,4,5,5,4,4,4
3974,1050-51,1_2_1,3,True,4,4,4,3,3,4,3,3
3983,1050-51,2_3_8,3,False,4,3,3,4,3,3,3,2
4041,1050-51,2_4_11,3,True,3,4,3,3,3,4,3,3
406,1050-51,2_4_10,3,True,4,4,3,4,2,3,4,3
407,1050-51,4_2_10,3,False,3,3,3,3,3,3,3,3
4085,1050-51,2_1_1,3,False,4,4,4,4,4,4,4,4
4125,1050-51,1_2_1,3,True,4,4,4,4,3,3,4,4
4153,1050-51,1_1_5,3,False,5,4,4,5,4,4,4,5
4163,1050-51,2_3_7,3,True,5,5,4,4,5,4,4,5
4222,1050-51,1_2_1,3,True,4,4,2,4,3,4,3,3
424,1050-51,2_3_9,3,False,3,3,4,4,3,4,3,4
4244,1050-51,2_4_12,3,False,4,4,3,4,4,3,4,4
4298,1050-51,2_4_10,3,True,4,3,3,3,2,3,3,3
4318,1050-51,1_1_3,3,False,4,4,3,4,4,4,3,3
4374,1050-51,2_2_6,3,True,3,4,2,4,3,4,4,3
4402,1050-51,2_2_5,3,True,4,2,2,4,3,3,4,3
4442,1050-51,2_2_5,3,False,4,4,3,4,3,3,4,3
4467,1050-51,2_2_3,3,True,4,3,3,3,3,4,4,4
4506,1050-51,5_3_11,3,False,5,4,4,5,4,4,4,5
4528,1050-51,2_1_1,3,False,3,3,2,3,3,2,2,2
4560,1050-51,2_2_4,3,True,5,4,3,4,3,4,5,4
4573,1050-51,2_2_5,3,True,3,3,2,2,2,3,3,2
4609,1050-51,2_4_12,3,True,4,4,3,3,4,3,4,3
4640,1050-51,2_2_6,3,True,4,4,3,4,3,3,3,4
4665,1050-51,2_1_1,3,True,4,4,3,4,4,4,4,4
469,1050-51,2_2_6,3,False,5,4,4,5,5,4,5,5
4725,1050-51,1_1_4,3,True,4,4,3,4,4,4,3,3
4860,1050-51,1_2_1,3,True,4,4,3,4,4,4,5,3
4881,1050-51,2_4_12,3,False,3,3,2,3,3,4,3,2
4907,1050-51,2_2_3,3,True,4,4,2,3,3,4,3,3
4923,1050-51,1_2_1,3,True,4,5,4,5,4,4,4,4
4953,1050-51,1_1_3,3,True,4,3,3,3,4,3,4,3
4963,1050-51,1_1_3,3,True,4,5,4,4,4,4,4,4
5009,1050-51,2_4_12,3,True,4,4,4,3,3,4,3,2
5048,1050-51,2_3_8,3,True,4,4,3,3,3,3,4,3
5067,1050-51,4_2_12,3,False,3,4,4,4,3,4,4,4
5079,1050-51,2_4_10,3,True,3,4,2,3,2,3,4,3
5088,1050-51,2_1_1,3,False,4,5,4,3,4,4,3,4
5092,1050-51,2_4_12,3,False,4,4,3,4,3,3,3,4
5099,1050-51,2_3_9,3,False,4,4,4,5,3,4,4,4
5102,1050-51,3_5_13,3,False,4,3,4,4,3,4,4,4
5117,1050-51,2_2_4,3,False,4,5,3,4,4,4,3,4
5119,1050-51,2_2_3,3,True,5,4,5,4,5,5,4,4
5120,1050-51,4_2_11,3,False,3,3,4,3,3,4,3,3
5125,1050-51,2_2_4,3,False,5,4,3,4,3,4,5,4
5156,1050-51,2_2_4,3,False,3,4,4,4,3,4,4,3
5165,1050-51,1_1_4,3,False,4,4,3,4,3,4,4,3
5183,1050-51,2_3_8,3,True,4,4,3,4,3,3,4,3
5184,1050-51,2_4_12,3,False,5,4,4,4,4,4,4,5
5214,1050-51,2_4_12,3,False,4,4,4,4,4,4,4,4
5227,1050-51,2_3_7,3,False,4,3,4,4,4,3,3,4
5269,1050-51,1_1_3,3,True,4,4,4,3,4,4,3,4
5280,1050-51,2_1_1,3,True,4,3,3,3,3,4,4,3
5281,1050-51,2_4_12,3,True,5,4,4,5,4,4,5,4
5305,1050-51,2_4_10,3,True,4,4,3,4,3,4,4,3
5310,1050-51,2_3_8,3,True,4,5,4,4,4,4,4,4
5330,1050-51,2_4_10,3,True,4,4,4,4,4,4,3,3
5343,1050-51,2_3_8,3,True,3,4,3,3,3,3,3,3
5352,1050-51,2_2_5,3,True,3,4,3,3,3,4,3,3
5354,1050-51,3_2_2,3,True,4,4,4,4,3,4,4,3
5357,1050-51,1_1_3,3,False,4,3,3,3,4,4,3,3
5373,1050-51,2_4_12,3,True,5,4,3,4,4,4,4,4
5376,1050-51,2_1_1,3,False,4,4,3,4,4,4,4,3
5379,1050-51,2_1_1,3,True,4,4,4,4,3,4,3,4
5403,1050-51,2_3_7,3,True,4,3,3,3,3,4,2,3
5404,1050-51,1_1_1,3,True,4,4,4,3,4,4,4,4
5412,1050-51,2_3_9,3,False,4,4,4,4,4,4,3,4
5416,1050-51,3_5_13,3,False,4,3,3,3,3,4,3,3
5438,1050-51,1_1_2,3,False,2,3,2,3,3,4,3,3
5443,1050-51,4_2_12,3,False,5,4,3,4,4,4,5,4
5461,1050-51,1_1_1,3,True,4,4,4,4,4,4,3,5
5475,1050-51,1_2_1,3,False,3,3,3,3,3,4,4,3
5481,1050-51,2_3_8,3,True,4,4,4,5,4,4,4,4
5500,1050-51,2_2_2,3,False,4,4,3,4,3,5,4,4
5524,1050-51,3_2_2,3,True,4,4,4,3,3,3,4,3
5530,1050-51,1_1_3,3,True,4,4,3,3,4,3,3,3
5545,1050-51,2_1_1,3,False,4,4,3,3,4,4,4,4
5570,1050-51,1_1_1,3,True,3,3,3,3,3,4,4,4
5597,1050-51,3_2_2,3,False,5,5,4,5,5,4,4,4
5598,1050-51,4_2_10,3,False,4,3,4,4,3,3,3,4
560,1050-51,1_1_4,3,True,4,4,3,3,3,3,4,3
5600,1050-51,2_2_3,3,False,4,4,3,3,3,4,3,3
5614,1050-51,2_4_12,3,True,3,3,4,4,3,4,3,3
5664,1050-51,2_2_2,3,False,4,4,2,3,3,3,4,3
5673,1050-51,2_3_9,3,True,4,5,4,4,3,4,4,4
5733,1050-51,1_1_5,3,True,4,3,3,3,3,4,3,3
5737,1050-51,2_1_1,3,False,4,3,4,4,3,4,3,4
5740,1050-51,2_2_6,3,True,5,3,3,4,4,4,3,3
5784,1050-51,2_2_5,3,True,4,4,4,3,4,4,4,4
58,1050-51,1_2_1,3,False,4,3,3,3,3,4,3,3
5801,1050-51,4_2_8,3,False,3,3,3,4,4,4,3,4
5840,1050-51,1_2_1,3,False,3,3,3,4,3,3,3,4
5853,1050-51,2_4_11,3,False,4,3,3,3,3,3,3,3
5861,1050-51,2_2_2,3,True,4,4,3,3,4,4,3,4
5883,1050-51,4_2_10,3,False,4,3,4,4,4,4,4,4
5901,1050-51,2_1_1,3,False,4,3,3,3,4,3,4,4
5913,1050-51,1_1_2,3,False,4,4,3,3,3,4,4,4
5926,1050-51,2_3_7,3,True,4,4,3,3,4,4,3,4
5938,1050-51,1_2_1,3,False,3,3,3,3,4,4,4,3
5945,1050-51,2_4_10,3,True,4,3,4,4,4,4,4,3
6030,1050-51,1_1_1,3,False,5,5,4,4,4,4,4,4
6032,1050-51,1_2_1,3,True,4,4,2,4,3,3,4,3
6046,1050-51,1_1_4,3,False,4,4,3,4,3,3,4,4
6056,1050-51,2_3_8,3,True,3,4,3,4,3,3,3,3
6060,1050-51,2_2_2,3,False,4,4,4,4,4,4,4,3
6067,1050-51,2_4_12,3,True,4,4,4,4,3,4,4,4
6084,1050-51,1_1_3,3,True,3,4,3,3,3,4,4,2
6101,1050-51,1_1_2,3,False,4,4,4,4,4,4,3,4
6108,1050-51,2_2_2,3,False,3,5,4,3,4,3,4,3
6110,1050-51,1_1_5,3,True,4,4,4,4,4,4,4,4
6130,1050-51,4_2_9,3,False,4,3,2,3,3,3,4,3
6145,1050-51,4_2_10,3,False,4,4,4,5,4,3,3,4
6227,1050-51,2_4_12,3,True,4,3,4,4,3,5,4,4
6243,1050-51,1_1_1,3,False,4,3,3,3,3,3,3,3
6249,1050-51,1_1_5,3,False,4,4,3,4,4,4,4,4
6260,1050-51,2_2_6,3,False,5,5,4,5,5,4,5,4
6261,1050-51,2_4_12,3,True,4,5,5,5,5,4,4,5
6281,1050-51,2_1_1,3,False,3,3,2,3,3,3,4,2
6287,1050-51,3_5_13,3,False,4,4,4,4,4,4,3,5
6290,1050-51,4_2_10,3,False,4,4,4,4,4,4,4,5
6303,1050-51,2_4_11,3,True,4,4,3,3,4,4,4,3
6319,1050-51,4_2_12,3,False,4,4,3,3,3,4,4,3
6336,1050-51,2_3_9,3,True,4,5,3,4,4,4,4,4
6360,1050-51,2_4_11,3,False,3,3,2,3,3,4,3,3
6372,1050-51,5_3_11,3,False,4,3,3,4,3,4,3,4
6375,1050-51,4_2_11,3,False,3,4,4,4,4,4,4,4
6377,1050-51,2_4_12,3,True,4,3,3,4,3,3,4,3
6408,1050-51,2_3_9,3,True,3,4,4,3,3,3,3,3
6439,1050-51,2_1_1,3,True,4,4,4,4,3,3,4,3
6474,1050-51,2_3_8,3,False,4,4,4,4,4,4,4,5
6490,1050-51,2_3_9,3,False,3,4,4,4,4,4,4,5
6501,1050-51,2_3_7,3,True,4,4,5,3,3,4,4,3
653,1050-51,2_4_10,3,False,4,4,4,3,3,4,3,4
6571,1050-51,1_1_1,3,True,5,4,4,5,4,4,4,4
6585,1050-51,2_3_7,3,True,5,5,5,5,4,5,4,4
6595,1050-51,4_2_12,3,False,5,5,4,5,4,5,4,5
6598,1050-51,2_4_12,3,False,4,4,4,5,3,4,3,4
6599,1050-51,2_4_10,3,False,3,3,3,3,3,3,4,4
6642,1050-51,1_1_5,3,True,4,3,3,3,3,3,3,2
6661,1050-51,2_2_2,3,True,4,5,5,4,4,4,4,4
6664,1050-51,2_2_4,3,False,4,4,4,4,4,4,4,4
6687,1050-51,2_2_4,3,False,4,3,2,2,3,3,2,2
6692,1050-51,4_2_10,3,False,3,3,3,4,3,3,4,3
6716,1050-51,1_1_4,3,True,3,3,3,3,3,4,3,2
6718,1050-51,1_2_1,3,True,4,3,3,2,3,3,3,2
6738,1050-51,2_2_4,3,True,4,4,3,4,3,4,4,3
6792,1050-51,1_1_5,3,False,4,4,4,3,4,4,4,3
6812,1050-51,3_1_1,3,True,4,4,4,3,4,3,3,3
6821,1050-51,2_4_10,3,False,4,3,3,2,4,4,4,3
6823,1050-51,2_2_4,3,False,4,4,3,5,4,3,4,3
6849,1050-51,2_3_7,3,False,4,3,3,3,4,4,4,4
6854,1050-51,2_4_12,3,True,3,4,4,3,3,4,4,3
6855,1050-51,1_1_5,3,True,5,4,4,5,4,4,4,4
686,1050-51,1_1_3,3,True,5,5,4,4,4,4,4,4
6875,1050-51,2_2_5,3,True,4,4,3,4,4,4,4,4
6889,1050-51,2_3_8,3,False,4,4,3,4,3,4,3,4
6897,1050-51,4_2_12,3,False,4,4,2,3,3,4,4,3
6900,1050-51,2_2_3,3,True,4,3,5,4,4,4,4,4
6918,1050-51,2_2_5,3,True,3,4,3,3,3,3,5,3
6929,1050-51,2_3_8,3,True,4,4,4,3,3,4,3,3
6961,1050-51,1_1_2,3,True,5,4,3,3,3,4,4,3
6981,1050-51,2_1_1,3,True,4,4,4,4,4,4,4,4
6983,1050-51,2_4_11,3,True,5,4,3,4,3,4,4,3
7046,1050-51,2_4_12,3,False,4,4,3,3,4,4,4,3
7079,1050-51,4_2_11,3,False,4,2,2,3,3,4,3,3
7088,1050-51,2_3_8,3,True,5,5,5,5,5,4,4,4
7091,1050-51,1_1_5,3,False,4,4,3,3,4,4,3,4
7098,1050-51,2_4_12,3,False,4,4,3,4,4,4,3,4
7103,1050-51,2_1_1,3,True,5,4,4,3,4,4,3,4
7114,1050-51,4_2_9,3,False,3,3,3,3,4,3,3,3
7115,1050-51,1_1_1,3,False,3,4,3,4,3,3,3,3
7158,1050-51,2_3_8,3,True,4,4,3,4,4,4,4,3
7165,1050-51,2_4_12,3,True,4,5,4,3,4,4,4,4
7217,1050-51,2_4_10,3,False,4,4,4,4,4,3,4,4
7220,1050-51,1_1_3,3,False,5,4,4,4,5,3,4,4
7235,1050-51,5_3_11,3,False,3,3,3,3,2,3,3,3
7244,1050-51,2_4_11,3,True,5,5,4,3,3,4,4,4
7269,1050-51,2_3_8,3,True,4,4,4,4,5,3,3,4
7286,1050-51,2_2_3,3,True,4,4,4,4,3,4,3,3
7300,1050-51,4_2_10,3,False,3,4,4,4,3,4,3,4
7302,1050-51,1_1_3,3,True,3,3,2,3,4,3,3,2
7306,1050-51,2_3_7,3,False,5,4,4,4,5,3,3,4
731,1050-51,1_1_1,3,True,3,3,3,4,3,4,3,4
7330,1050-51,2_3_8,3,True,4,3,4,3,3,4,3,3
7334,1050-51,2_2_4,3,True,4,4,3,4,4,4,4,4
7335,1050-51,2_3_7,3,False,5,5,3,4,4,5,4,4
7349,1050-51,2_2_5,3,True,4,5,3,4,3,4,4,3
7362,1050-51,1_1_5,3,False,3,3,3,2,3,3,3,3
7372,1050-51,2_4_10,3,True,3,3,3,3,3,3,4,4
7440,1050-51,2_4_12,3,False,4,3,3,3,3,4,4,3
7445,1050-51,4_2_10,3,False,3,3,2,3,2,3,3,3
7449,1050-51,3_2_2,3,True,3,4,3,2,3,3,2,2
7468,1050-51,5_3_12,3,False,3,3,3,4,4,3,4,3
7479,1050-51,1_1_1,3,True,4,3,3,2,3,3,3,3
7480,1050-51,4_2_12,3,False,4,4,4,5,4,4,3,4
7496,1050-51,4_2_12,3,True,4,4,5,4,4,4,4,5
7532,1050-51,3_5_13,3,False,4,4,3,4,3,4,3,4
7536,1050-51,2_4_11,3,True,4,5,4,4,4,5,4,4
7539,1050-51,2_4_12,3,True,4,4,4,4,4,4,5,4
7545,1050-51,2_4_12,3,True,4,3,2,4,4,3,4,3
7564,1050-51,2_2_3,3,False,5,5,5,5,4,4,5,5
7583,1050-51,3_2_2,3,True,4,5,4,4,4,4,4,4
7597,1050-51,2_4_12,3,True,5,4,3,4,3,5,4,4
7603,1050-51,1_1_3,3,False,3,4,3,3,3,4,3,4
7641,1050-51,4_2_11,3,False,2,3,3,3,2,3,2,2
7644,1050-51,3_2_2,3,False,4,4,4,4,4,4,5,5
7679,1050-51,1_1_4,3,True,4,4,3,5,4,5,3,4
7702,1050-51,2_3_7,3,False,5,4,4,4,4,4,4,4
7726,1050-51,2_3_8,3,False,4,4,4,5,4,4,3,4
7741,1050-51,2_4_10,3,True,3,4,3,3,3,4,3,4
7764,1050-51,2_2_4,3,True,4,4,3,4,3,3,4,3
7766,1050-51,2_2_3,3,True,5,4,4,4,5,4,4,4
7818,1050-51,2_2_4,3,False,4,4,3,3,4,3,4,3
7820,1050-51,1_2_1,3,True,5,4,4,4,4,4,4,5
7822,1050-51,4_2_10,3,False,3,4,2,3,3,3,3,3
784,1050-51,2_2_6,3,False,3,3,2,4,3,3,3,3
7844,1050-51,2_2_3,3,True,4,3,3,4,4,4,3,3
7862,1050-51,2_3_9,3,True,5,4,4,4,4,4,4,5
7868,1050-51,2_2_3,3,True,4,4,4,4,4,4,5,4
7882,1050-51,1_1_2,3,True,5,4,4,4,3,4,2,4
7896,1050-51,3_2_2,3,True,4,3,4,4,3,4,4,4
7922,1050-51,2_3_7,3,False,5,5,4,4,4,4,4,4
7923,1050-51,3_2_2,3,False,5,4,4,4,4,4,4,4
7933,1050-51,2_1_1,3,True,4,4,3,4,4,4,4,3
7944,1050-51,2_4_12,3,True,4,5,5,4,4,4,4,3
7948,1050-51,4_2_11,3,False,4,3,3,4,4,4,4,4
7991,1050-51,1_1_3,3,False,4,4,4,4,4,4,4,3
7992,1050-51,2_3_8,3,True,5,4,5,5,4,4,4,5
7996,1050-51,2_2_6,3,True,3,2,3,2,3,4,4,3
8014,1050-51,2_3_7,3,False,4,4,3,4,3,4,3,3
8026,1050-51,2_2_2,3,True,4,3,4,4,4,3,4,3
8042,1050-51,2_4_12,3,True,4,4,3,4,3,4,4,4
8085,1050-51,1_1_4,3,True,4,4,3,3,3,4,3,3
8094,1050-51,2_2_4,3,False,4,4,3,4,4,4,4,3
8098,1050-51,2_3_7,3,False,4,3,3,3,3,4,4,4
8107,1050-51,2_3_7,3,False,5,4,4,5,5,4,4,5
8111,1050-51,4_2_10,3,False,4,4,3,4,3,4,4,4
8130,1050-51,4_2_12,3,False,3,4,3,3,4,4,5,4
8145,1050-51,2_2_6,3,True,4,3,3,4,3,4,3,3
8153,1050-51,4_2_10,3,False,4,4,3,4,3,4,3,3
8176,1050-51,2_2_6,3,True,4,4,3,3,4,3,3,4
8179,1050-51,2_4_12,3,True,4,4,3,5,4,4,4,4
8180,1050-51,2_4_11,3,True,5,4,4,4,4,4,4,5
8186,1050-51,1_1_3,3,True,4,4,3,4,3,4,4,4
8215,1050-51,2_2_4,3,False,4,3,3,3,3,3,2,3
8242,1050-51,5_3_11,3,False,4,3,4,4,4,4,4,3
8273,1050-51,2_2_5,3,False,4,4,4,4,4,4,4,4
8313,1050-51,2_4_12,3,True,4,4,3,4,3,3,3,3
8319,1050-51,2_2_3,3,True,4,4,4,4,4,4,5,4
8326,1050-51,1_1_3,3,True,3,4,4,3,3,4,4,3
8357,1050-51,4_2_10,3,False,4,3,4,4,3,4,4,3
8377,1050-51,2_2_2,3,True,4,4,3,3,3,4,3,4
8419,1050-51,2_2_3,3,True,4,4,4,4,4,5,4,4
8446,1050-51,2_2_2,3,True,4,5,4,4,4,4,5,5
8487,1050-51,2_4_12,3,True,4,4,3,4,4,4,4,3
8495,1050-51,2_4_12,3,True,5,4,4,4,4,4,5,4
8525,1050-51,2_3_8,3,False,3,4,3,4,3,4,4,4
8528,1050-51,1_1_3,3,True,5,4,3,4,3,4,3,3
8542,1050-51,2_2_3,3,False,5,5,4,5,4,4,4,4
8549,1050-51,2_3_8,3,True,4,4,3,3,3,3,4,3
8550,1050-51,2_4_12,3,True,4,3,3,4,3,4,3,2
8568,1050-51,1_2_1,3,False,5,4,4,5,4,4,4,4
8601,1050-51,4_2_12,3,True,3,4,3,4,3,4,4,3
8603,1050-51,1_1_3,3,False,3,4,4,3,3,4,4,4
8626,1050-51,2_2_4,3,True,4,4,4,4,4,3,4,4
8627,1050-51,1_1_5,3,False,4,4,3,5,4,4,4,4
8633,1050-51,2_4_10,3,True,5,5,4,4,4,5,5,4
8644,1050-51,2_4_10,3,True,4,4,3,4,3,3,3,3
8701,1050-51,1_1_1,3,True,4,4,3,4,4,4,4,3
8705,1050-51,2_2_4,3,False,4,4,4,4,5,4,4,5
8713,1050-51,2_2_4,3,True,4,4,3,4,3,4,4,3
8727,1050-51,3_1_1,3,False,4,4,3,4,2,4,4,3
8736,1050-51,2_2_5,3,True,4,4,4,4,4,5,4,5
8744,1050-51,2_2_3,3,False,3,3,3,4,3,3,4,3
8748,1050-51,2_4_12,3,True,5,5,5,5,4,4,4,5
8769,1050-51,2_4_11,3,False,4,4,4,4,4,4,4,4
8805,1050-51,2_2_2,3,True,4,4,4,3,3,4,3,4
8827,1050-51,2_4_10,3,False,4,4,4,4,3,4,5,4
8835,1050-51,1_1_4,3,False,5,4,3,3,4,5,4,4
8844,1050-51,2_1_1,3,True,5,4,4,4,5,5,5,4
8852,1050-51,1_1_5,3,True,5,4,3,4,4,4,4,4
8876,1050-51,1_1_3,3,True,5,4,3,3,3,4,3,3
8902,1050-51,3_5_13,3,False,4,4,3,4,4,3,3,4
8924,1050-51,3_5_13,3,False,4,4,4,4,4,4,4,4
8925,1050-51,2_2_5,3,False,4,4,3,3,2,3,4,3
8949,1050-51,4_2_10,3,False,3,3,4,4,4,3,3,3
8950,1050-51,1_1_2,3,False,5,4,4,4,4,3,4,4
8961,1050-51,2_3_7,3,False,4,4,4,3,3,3,3,4
8972,1050-51,2_2_5,3,False,3,3,3,3,2,3,3,2
8980,1050-51,2_3_8,3,False,4,4,4,4,4,4,4,4
8996,1050-51,2_2_3,3,True,3,4,3,4,3,4,4,4
9025,1050-51,2_3_7,3,True,3,3,2,3,3,3,3,3
9027,1050-51,4_2_12,3,False,4,4,3,4,3,3,4,3
9067,1050-51,2_2_4,3,False,3,4,3,3,3,3,3,3
9076,1050-51,2_2_3,3,False,4,4,4,4,4,4,4,4
9097,1050-51,2_4_11,3,True,5,4,5,5,4,4,5,5
9105,1050-51,2_3_8,3,False,4,4,3,3,4,4,4,4
9109,1050-51,1_1_5,3,True,4,4,4,4,3,4,3,4
9128,1050-51,1_1_4,3,False,4,4,3,5,3,4,4,4
9132,1050-51,2_2_4,3,True,4,4,4,4,4,4,4,5
9144,1050-51,1_1_4,3,True,5,5,4,4,4,4,5,5
9152,1050-51,2_2_4,3,False,4,4,3,4,4,4,3,4
9180,1050-51,3_2_2,3,True,4,5,4,4,3,4,4,4
9182,1050-51,4_2_12,3,False,4,3,2,3,3,4,4,3
9188,1050-51,1_1_3,3,True,4,4,4,3,3,4,3,4
9189,1050-51,2_2_6,3,False,4,4,4,4,4,4,4,4
9203,1050-51,1_1_5,3,True,5,5,3,4,4,4,4,4
9215,1050-51,3_5_13,3,False,3,3,3,2,3,4,3,3
9258,1050-51,2_3_7,3,False,4,4,4,4,4,4,3,5
9260,1050-51,2_2_4,3,True,5,5,5,4,5,5,4,5
9261,1050-51,2_2_5,3,False,4,5,5,4,4,4,5,5
9262,1050-51,2_3_9,3,True,4,3,3,4,3,3,3,3
9268,1050-51,2_3_7,3,True,5,4,4,4,4,4,4,5
9293,1050-51,2_4_12,3,True,4,4,4,4,4,5,4,5
9294,1050-51,4_2_10,3,False,4,4,2,3,3,4,3,3
9295,1050-51,2_4_10,3,False,4,4,3,4,4,4,4,4
9313,1050-51,2_3_9,3,False,4,4,3,4,4,3,4,3
9321,1050-51,3_2_2,3,False,4,4,3,4,4,4,4,4
9331,1050-51,2_2_3,3,False,4,4,3,4,3,3,3,4
9347,1050-51,1_1_3,3,True,4,4,3,3,4,4,4,4
9349,1050-51,1_2_1,3,True,4,4,3,3,3,4,4,3
9389,1050-51,1_1_1,3,False,3,5,4,4,4,4,4,4
9399,1050-51,2_3_8,3,True,5,4,4,3,4,4,4,4
9410,1050-51,1_1_5,3,False,4,4,4,4,4,4,3,4
942,1050-51,2_2_6,3,False,4,4,4,4,4,4,3,4
9425,1050-51,2_2_6,3,False,4,3,3,4,3,4,4,3
9433,1050-51,1_1_3,3,False,3,3,4,4,3,4,3,3
9436,1050-51,4_2_12,3,False,4,3,3,4,3,4,3,4
9442,1050-51,1_1_3,3,False,4,4,3,4,4,5,4,3
947,1050-51,2_4_10,3,True,3,3,2,3,3,4,3,2
9470,1050-51,4_2_9,3,False,4,4,4,4,4,4,4,4
9481,1050-51,5_3_12,3,False,3,4,3,4,4,3,3,3
9496,1050-51,4_2_11,3,False,4,4,3,4,4,4,3,3
9523,1050-51,2_4_10,3,True,4,3,4,4,3,3,4,4
9524,1050-51,2_3_9,3,True,4,4,4,4,4,4,4,4
9537,1050-51,2_4_12,3,False,4,4,3,3,3,3,3,3
9568,1050-51,1_1_2,3,True,3,3,3,4,4,3,4,3
9584,1050-51,1_1_2,3,False,3,4,3,3,3,3,4,3
959,1050-51,1_2_1,3,True,4,4,4,3,4,4,4,4
96,1050-51,2_4_10,3,True,4,4,4,4,4,4,4,4
9604,1050-51,1_1_2,3,True,4,4,3,3,4,4,5,4
9655,1050-51,2_2_4,3,False,3,3,3,3,3,4,3,2
970,1050-51,2_2_2,3,True,4,3,4,4,3,3,4,3
9703,1050-51,1_1_4,3,True,4,3,3,3,2,3,4,3
9706,1050-51,1_1_4,3,True,4,4,4,3,3,4,4,4
9711,1050-51,2_3_9,3,True,3,3,3,3,2,3,2,2
9772,1050-51,1_2_1,3,True,5,4,3,4,3,4,3,4
9775,1050-51,2_3_8,3,True,4,4,3,3,3,3,3,3
9805,1050-51,4_2_12,3,False,4,4,4,4,4,4,4,4
9815,1050-51,2_4_11,3,False,3,4,3,3,3,4,3,3
9821,1050-51,2_2_3,3,False,4,4,5,4,4,4,4,4
9827,1050-51,1_1_3,3,False,4,3,3,4,3,4,3,4
9830,1050-51,2_4_12,3,False,3,4,3,3,3,4,3,3
9861,1050-51,4_2_11,3,False,4,4,4,4,4,4,4,4
9866,1050-51,1_2_1,3,True,4,4,3,4,4,4,4,4
9888,1050-51,2_3_8,3,True,5,5,4,5,4,4,4,5
9898,1050-51,2_3_8,3,True,5,4,4,4,3,4,4,4
9907,1050-51,1_1_5,3,False,4,3,3,3,3,4,4,3
9909,1050-51,2_4_11,3,True,4,4,4,5,4,3,4,4
9929,1050-51,1_1_3,3,True,4,4,3,4,4,4,4,4
9944,1050-51,4_2_12,3,True,4,4,3,4,4,4,4,4
9946,1050-51,2_3_8,3,False,5,3,4,5,4,4,4,4
9981,1050-51,2_4_11,3,True,3,4,3,3,3,4,3,4
10047,1051-52,3_2_2,3,True,5,4,3,4,3,4,4,3
10059,1051-52,4_2_12,3,False,4,5,4,4,4,4,4,4
10068,1051-52,2_2_2,3,True,4,3,3,4,3,4,3,3
10071,1051-52,2_4_12,3,False,4,4,3,4,3,4,2,4
10084,1051-52,4_2_12,3,False,3,4,3,3,3,3,3,3
10102,1051-52,4_2_12,3,False,4,3,2,2,2,3,3,2
10103,1051-52,4_2_12,3,False,5,4,4,5,4,4,4,4
10112,1051-52,1_1_3,3,False,4,5,4,5,4,4,4,5
10116,1051-52,2_2_2,3,False,4,3,2,4,3,3,4,4
10126,1051-52,2_3_8,3,True,4,5,3,4,4,5,4,4
10144,1051-52,2_3_7,3,False,4,3,3,4,3,3,3,3
10152,1051-52,1_2_1,3,True,5,4,4,4,4,4,4,4
10174,1051-52,2_3_9,3,False,4,3,4,4,3,3,3,4
10182,1051-52,2_4_12,3,True,4,4,4,4,4,4,4,4
10195,1051-52,5_3_12,3,False,4,3,4,5,3,4,3,4
10198,1051-52,2_2_4,3,False,3,4,2,3,3,4,4,3
10217,1051-52,2_2_3,3,False,4,4,3,3,3,4,4,4
10237,1051-52,2_2_4,3,True,4,4,3,4,4,4,4,3
10242,1051-52,2_2_5,3,False,4,4,4,4,4,4,4,3
10296,1051-52,2_3_8,3,False,4,4,3,4,3,4,4,4
10302,1051-52,5_3_12,3,False,3,4,4,4,3,5,4,5
10344,1051-52,2_2_4,3,True,4,5,4,3,3,4,4,4
10364,1051-52,2_2_5,3,False,4,4,3,4,3,3,3,3
10369,1051-52,2_2_4,3,True,5,4,3,4,4,4,4,3
10378,1051-52,2_3_8,3,False,4,4,4,3,3,4,3,4
10401,1051-52,2_1_1,3,True,4,3,3,3,4,3,4,3
10408,1051-52,1_1_3,3,True,4,3,4,3,3,3,3,3
10434,1051-52,2_3_9,3,True,3,3,3,4,4,4,3,2
10435,1051-52,1_1_3,3,True,5,5,4,4,4,4,4,4
10454,1051-52,2_2_5,3,False,4,4,3,4,3,4,3,4
10464,1051-52,3_1_1,3,True,5,3,4,5,4,4,4,4
10472,1051-52,3_5_13,3,False,4,4,3,4,4,4,4,3
10474,1051-52,2_3_7,3,False,4,4,3,4,4,3,3,4
10498,1051-52,2_4_12,3,True,4,5,4,5,4,4,4,4
10507,1051-52,2_3_7,3,False,5,4,3,4,4,4,4,5
10517,1051-52,2_4_12,3,False,5,5,4,4,4,4,4,5
10550,1051-52,2_2_6,3,True,3,4,3,3,3,3,4,3
10561,1051-52,2_2_2,3,True,4,3,3,4,3,4,3,3
10587,1051-52,2_3_9,3,True,4,3,4,4,3,4,3,3
10590,1051-52,3_5_13,3,False,3,4,3,4,4,4,3,3
10602,1051-52,5_3_11,3,False,4,4,4,4,3,4,4,4
10623,1051-52,1_2_1,3,False,4,4,3,3,3,4,3,3
10662,1051-52,4_2_8,3,False,3,4,3,5,4,4,4,4
10672,1051-52,2_2_4,3,False,4,4,4,4,3,5,5,4
10752,1051-52,2_2_3,3,False,4,4,4,5,4,4,5,5
10767,1051-52,2_1_1,3,True,5,4,4,3,4,4,4,4
10775,1051-52,2_4_12,3,False,3,4,3,4,4,4,3,4
10820,1051-52,3_5_13,3,False,4,3,3,4,3,3,4,3
10821,1051-52,2_3_7,3,True,3,4,3,4,3,4,3,3
10840,1051-52,1_1_4,3,False,4,5,3,4,4,4,5,4
10845,1051-52,2_2_6,3,True,4,3,3,4,5,4,3,4
10849,1051-52,2_4_12,3,True,4,4,4,5,3,3,4,4
10853,1051-52,2_3_8,3,True,4,3,4,3,3,3,3,3
10896,1051-52,1_1_4,3,True,4,3,3,3,3,3,3,3
10911,1051-52,1_2_1,3,False,4,3,3,4,4,3,3,4
10938,1051-52,4_2_11,3,False,3,3,3,2,2,3,3,2
10948,1051-52,1_1_1,3,False,4,4,3,4,4,4,3,3
10968,1051-52,3_2_2,3,True,3,3,2,3,4,3,4,3
10978,1051-52,2_4_10,3,False,4,4,4,3,4,5,4,4
11000,1051-52,2_4_11,3,True,4,4,3,3,4,4,3,3
11011,1051-52,1_1_3,3,True,5,4,4,4,4,4,4,5
11033,1051-52,1_1_2,3,False,5,4,3,4,4,5,4,4
11035,1051-52,2_2_4,3,True,4,4,4,4,4,4,3,4
11056,1051-52,2_4_10,3,True,3,4,3,4,4,4,4,4
11059,1051-52,2_1_1,3,True,3,4,3,4,3,4,5,4
11088,1051-52,2_2_2,3,True,5,5,4,4,5,4,3,5
11115,1051-52,2_1_1,3,False,4,4,3,4,4,3,4,3
11152,1051-52,4_2_11,3,False,3,3,3,3,3,4,4,2
11158,1051-52,2_3_9,3,True,4,4,4,4,4,4,4,3
11167,1051-52,3_1_1,3,True,3,4,3,3,3,4,3,2
11179,1051-52,2_2_5,3,True,4,4,3,3,4,4,4,4
11182,1051-52,3_2_2,3,True,5,4,4,4,4,4,4,4
11186,1051-52,3_1_1,3,True,4,4,3,3,3,4,4,3
11188,1051-52,2_2_5,3,False,5,4,3,5,4,4,4,5
11229,1051-52,3_2_2,3,True,4,4,3,3,2,3,4,2
11248,1051-52,1_1_4,3,True,4,3,3,2,2,3,2,2
11274,1051-52,1_1_4,3,True,3,3,2,3,3,3,4,3
11279,1051-52,2_2_6,3,False,4,4,4,4,4,4,4,3
11282,1051-52,2_2_4,3,False,4,4,3,4,4,3,4,4
11304,1051-52,4_2_8,3,False,3,3,3,3,3,4,3,3
11312,1051-52,2_2_3,3,True,4,4,3,3,3,3,3,3
11331,1051-52,1_1_5,3,True,4,4,3,3,3,4,4,4
11340,1051-52,2_3_8,3,True,3,4,3,3,3,3,3,3
11356,1051-52,4_2_12,3,False,4,4,3,3,3,4,4,3
11384,1051-52,2_3_8,3,True,4,3,3,2,3,4,4,3
11390,1051-52,2_3_8,3,True,5,4,3,4,3,4,3,3
11402,1051-52,1_1_3,3,True,4,4,3,3,3,5,4,3
11403,1051-52,2_2_5,3,False,4,3,2,3,4,4,3,3
11421,1051-52,1_1_3,3,True,4,4,3,3,3,3,4,3
11431,1051-52,1_1_3,3,False,4,4,3,4,4,4,3,4
11442,1051-52,1_1_4,3,False,4,4,4,3,4,4,4,3
11446,1051-52,2_4_12,3,True,5,4,5,4,4,4,4,4
11450,1051-52,4_2_12,3,False,3,3,3,3,3,4,3,4
11462,1051-52,4_2_12,3,False,4,4,5,3,4,4,3,4
11519,1051-52,2_2_4,3,False,4,4,3,3,4,4,3,4
11523,1051-52,2_2_3,3,True,4,4,4,4,4,3,4,3
11529,1051-52,1_1_4,3,True,4,3,3,4,3,4,4,4
11561,1051-52,2_4_10,3,False,4,4,4,4,3,4,4,4
11595,1051-52,2_4_12,3,True,4,3,3,2,2,4,3,3
11600,1051-52,1_1_2,3,False,3,4,3,4,3,4,3,3
11601,1051-52,2_2_2,3,True,4,4,3,3,3,4,4,4
11610,1051-52,2_3_7,3,True,4,4,3,4,3,4,4,4
11620,1051-52,2_4_12,3,True,5,4,4,5,4,5,4,5
11660,1051-52,2_2_4,3,False,3,4,3,4,4,4,4,3
11664,1051-52,2_2_2,3,True,5,4,5,4,5,4,4,5
11671,1051-52,1_1_3,3,False,5,4,3,5,3,4,3,4
11703,1051-52,1_1_1,3,True,5,4,4,4,4,4,4,4
11718,1051-52,2_4_12,3,False,4,4,4,3,3,4,3,3
11723,1051-52,2_2_6,3,True,4,4,4,3,3,3,3,3
11731,1051-52,2_3_8,3,False,4,4,3,4,3,5,3,4
11741,1051-52,2_3_8,3,True,4,4,4,4,4,5,5,5
11775,1051-52,2_1_1,3,True,5,4,4,4,4,4,4,4
11787,1051-52,3_2_2,3,False,3,4,3,4,3,4,3,3
11794,1051-52,2_2_5,3,False,3,3,3,4,3,4,2,3
11811,1051-52,2_3_8,3,True,4,4,4,3,3,4,4,3
11818,1051-52,2_2_4,3,False,4,4,4,3,4,4,4,3
11827,1051-52,2_4_10,3,True,4,4,4,4,4,4,4,4
11830,1051-52,2_2_2,3,True,4,3,3,4,3,3,3,3
11874,1051-52,2_2_6,3,False,4,4,3,3,3,3,3,3
11886,1051-52,4_2_8,3,False,4,5,4,3,3,4,4,4
11888,1051-52,2_3_7,3,True,5,4,3,3,3,4,4,3
11905,1051-52,5_3_12,3,False,3,4,4,3,4,4,4,4
11941,1051-52,1_1_4,3,False,5,4,4,4,4,4,4,4
11946,1051-52,2_3_8,3,False,4,4,3,3,3,3,3,3
11955,1051-52,1_1_2,3,True,4,4,4,4,4,4,4,4
1196,1051-52,1_1_2,3,True,4,4,3,4,4,4,5,3
12013,1051-52,1_1_5,3,True,5,4,4,5,4,5,3,5
12019,1051-52,2_3_7,3,False,4,4,3,5,4,4,5,3
12042,1051-52,5_3_11,3,False,4,4,4,4,3,4,3,4
12122,1051-52,2_2_3,3,True,4,3,4,4,4,3,3,4
12188,1051-52,3_2_2,3,True,4,4,2,3,3,4,4,3
12204,1051-52,4_2_12,3,False,4,5,4,3,3,4,4,4
12206,1051-52,2_3_8,3,True,4,5,4,3,3,3,4,3
12210,1051-52,4_2_8,3,False,4,4,5,5,5,4,5,5
12230,1051-52,5_3_11,3,False,4,4,3,4,4,4,4,4
12246,1051-52,2_4_12,3,False,4,4,4,4,4,4,4,5
12249,1051-52,2_4_12,3,True,4,4,4,4,3,4,4,4
12265,1051-52,2_3_7,3,True,4,3,3,4,3,4,3,2
12303,1051-52,2_2_5,3,True,4,3,3,3,3,3,3,4
12328,1051-52,2_1_1,3,True,4,3,4,4,4,4,4,4
12331,1051-52,1_1_5,3,False,5,4,3,3,5,4,4,4
12340,1051-52,2_3_7,3,False,4,4,3,3,3,4,4,3
12342,1051-52,2_3_8,3,False,4,3,3,4,4,4,4,4
12351,1051-52,2_4_12,3,True,3,3,2,3,3,3,3,2
12373,1051-52,2_1_1,3,False,5,4,4,4,4,5,5,4
12407,1051-52,1_2_1,3,True,5,4,4,4,4,4,4,4
12409,1051-52,2_2_3,3,False,4,3,3,4,3,3,4,4
12426,1051-52,2_2_5,3,True,3,4,3,3,3,3,3,3
12438,1051-52,2_2_3,3,False,4,4,4,4,4,4,4,4
12444,1051-52,2_3_9,3,True,3,4,4,4,3,4,4,4
12453,1051-52,5_3_11,3,False,5,5,4,5,4,4,4,5
12462,1051-52,2_2_2,3,False,5,4,4,4,5,4,5,5
12477,1051-52,2_2_6,3,False,4,5,5,4,4,4,4,5
12495,1051-52,2_3_8,3,True,4,4,3,4,4,4,3,4
12502,1051-52,2_4_12,3,True,4,4,5,5,5,4,4,4
12528,1051-52,3_1_1,3,False,4,3,3,3,3,3,2,2
12546,1051-52,2_3_9,3,False,3,3,3,4,3,3,3,4
12576,1051-52,2_3_7,3,True,5,4,5,4,3,4,4,4
12589,1051-52,3_1_1,3,True,4,4,4,4,4,4,4,5
12599,1051-52,2_2_2,3,False,4,4,4,5,3,4,4,4
12607,1051-52,2_3_9,3,True,4,3,3,2,3,3,3,3
12615,1051-52,2_4_12,3,True,3,3,3,3,3,4,4,3
12623,1051-52,2_3_7,3,False,4,4,3,4,3,4,3,4
12628,1051-52,1_1_2,3,True,3,4,3,3,2,2,3,3
12634,1051-52,2_3_7,3,True,5,4,5,4,5,4,5,5
12643,1051-52,2_4_12,3,True,5,4,3,4,3,3,4,4
12649,1051-52,1_1_3,3,False,5,4,3,5,4,4,3,4
12670,1051-52,3_2_2,3,True,4,4,3,4,4,3,3,4
12684,1051-52,4_2_11,3,False,4,4,4,4,4,3,3,5
12692,1051-52,2_4_11,3,False,3,3,3,3,3,2,3,3
12697,1051-52,2_3_7,3,True,4,4,4,4,4,4,4,3
12699,1051-52,4_2_10,3,False,3,4,3,4,3,4,4,4
12721,1051-52,2_2_4,3,True,5,3,4,4,4,4,4,3
12727,1051-52,2_4_11,3,True,4,4,4,4,3,3,3,4
12752,1051-52,2_2_4,3,True,4,4,3,3,4,4,4,3
12761,1051-52,2_4_12,3,False,4,3,3,5,3,3,3,3
12799,1051-52,1_1_2,3,False,4,4,4,3,3,4,3,4
12812,1051-52,1_1_2,3,False,4,4,4,3,4,4,5,3
12825,1051-52,3_2_2,3,True,3,3,3,4,3,3,3,3
12831,1051-52,1_1_3,3,True,4,5,4,4,4,4,4,4
12835,1051-52,2_2_6,3,True,5,4,3,4,4,5,4,4
12851,1051-52,2_2_5,3,False,4,4,3,4,3,3,3,3
12857,1051-52,2_1_1,3,True,5,4,4,4,3,5,4,3
12863,1051-52,1_1_3,3,True,5,4,4,4,3,4,3,4
12881,1051-52,2_2_6,3,True,5,3,4,4,4,4,5,4
12886,1051-52,1_1_1,3,False,4,4,3,4,4,4,4,4
12890,1051-52,2_1_1,3,False,4,4,4,4,4,4,4,4
12926,1051-52,2_2_2,3,False,4,3,3,3,3,3,3,3
12927,1051-52,1_1_1,3,True,4,4,4,5,4,4,3,4
12941,1051-52,2_3_8,3,True,5,5,4,4,4,4,4,3
12946,1051-52,1_1_2,3,True,4,4,3,4,3,4,3,4
12951,1051-52,2_2_2,3,True,4,4,3,4,4,4,4,3
12970,1051-52,1_1_1,3,False,4,3,3,4,4,4,4,4
12972,1051-52,2_1_1,3,False,4,4,4,4,3,4,3,4
12997,1051-52,2_2_5,3,True,4,3,3,3,3,4,4,3
13001,1051-52,2_4_12,3,False,4,4,3,4,4,4,4,4
13009,1051-52,2_3_7,3,False,4,4,3,3,4,3,3,3
13011,1051-52,1_1_5,3,False,5,4,4,4,4,4,4,4
13019,1051-52,2_4_10,3,False,3,3,3,3,3,4,4,3
13035,1051-52,2_4_11,3,True,5,5,3,4,4,4,3,3
13058,1051-52,1_1_4,3,False,5,4,4,5,4,4,5,4
13085,1051-52,4_2_12,3,False,3,3,3,4,4,4,4,4
13088,1051-52,1_1_3,3,False,5,4,3,4,4,3,4,4
13109,1051-52,3_2_2,3,True,4,4,4,4,4,4,4,4
13112,1051-52,2_3_8,3,True,4,4,4,4,3,5,4,4
13121,1051-52,2_4_10,3,True,5,4,3,4,4,3,4,4
13155,1051-52,3_2_2,3,True,4,4,3,4,3,3,3,3
13188,1051-52,2_3_9,3,True,3,3,3,3,3,3,4,3
13196,1051-52,2_4_10,3,True,3,4,5,5,4,3,5,4
13202,1051-52,3_2_2,3,True,4,4,4,4,4,4,3,3
13215,1051-52,2_3_8,3,False,5,4,3,4,4,4,4,4
13228,1051-52,1_1_1,3,False,3,2,2,3,4,3,3,2
13229,1051-52,2_2_3,3,False,4,4,4,3,3,4,4,4
13252,1051-52,2_3_7,3,False,4,3,4,4,4,4,5,4
13271,1051-52,2_2_6,3,True,4,3,3,4,4,4,4,3
13303,1051-52,2_3_7,3,False,4,4,4,4,4,4,4,4
13309,1051-52,4_2_11,3,False,4,4,4,4,4,4,4,4
13313,1051-52,1_1_3,3,True,4,5,4,4,4,5,5,5
13314,1051-52,2_4_10,3,False,5,4,3,4,4,3,4,4
13331,1051-52,1_1_1,3,False,3,4,4,4,4,4,3,4
13337,1051-52,2_4_11,3,True,4,4,4,4,4,3,3,4
13347,1051-52,3_2_2,3,False,4,5,4,3,3,5,4,4
13355,1051-52,4_2_10,3,False,3,3,3,3,3,4,3,2
13365,1051-52,1_1_5,3,False,4,4,4,4,4,4,4,5
13369,1051-52,1_2_1,3,True,4,4,3,4,4,4,4,3
13381,1051-52,2_2_2,3,True,5,4,4,4,3,4,5,4
13398,1051-52,4_2_12,3,False,4,3,4,4,4,4,3,4
13400,1051-52,1_2_1,3,False,4,4,4,4,4,5,4,4
1343,1051-52,2_3_7,3,True,4,4,3,4,3,4,4,4
13474,1051-52,1_2_1,3,True,4,3,4,3,3,3,3,2
13477,1051-52,2_2_2,3,False,5,4,4,4,3,4,4,4
13502,1051-52,2_4_12,3,False,5,4,4,4,4,4,4,5
13518,1051-52,2_2_4,3,False,4,3,4,3,4,4,3,3
13524,1051-52,2_1_1,3,False,4,5,4,4,3,4,4,3
13543,1051-52,1_1_5,3,True,4,4,3,4,4,4,3,3
1355,1051-52,2_2_5,3,True,4,4,3,4,4,4,3,4
13567,1051-52,2_1_1,3,True,5,4,4,4,4,3,4,4
13580,1051-52,2_1_1,3,True,4,3,3,3,3,4,3,2
13585,1051-52,2_2_4,3,False,4,3,4,3,4,4,4,4
13591,1051-52,2_3_8,3,True,4,4,4,4,3,3,4,4
13614,1051-52,4_2_8,3,False,3,4,2,4,3,4,4,3
13621,1051-52,2_2_4,3,False,4,4,3,4,4,4,4,4
13642,1051-52,1_2_1,3,False,4,5,3,5,4,5,5,5
13671,1051-52,2_3_8,3,False,5,3,4,3,4,4,4,4
13675,1051-52,1_1_4,3,False,5,5,3,4,4,5,3,4
13681,1051-52,1_1_4,3,True,5,4,3,3,3,4,3,4
13729,1051-52,1_1_2,3,False,4,4,3,4,4,4,3,4
1373,1051-52,2_4_10,3,True,3,3,3,3,3,4,3,2
13742,1051-52,2_2_6,3,True,4,4,3,3,3,3,4,3
13748,1051-52,2_4_10,3,True,4,3,3,4,4,4,3,3
13754,1051-52,2_3_7,3,True,5,3,3,3,3,3,4,3
13781,1051-52,1_2_1,3,True,4,4,4,3,3,3,4,3
13800,1051-52,3_2_2,3,False,4,4,3,4,4,4,4,4
13823,1051-52,1_1_2,3,True,5,4,4,5,5,5,3,4
13829,1051-52,2_2_6,3,True,3,4,3,3,2,4,4,3
13832,1051-52,1_2_1,3,False,4,4,4,4,4,3,4,3
13860,1051-52,2_2_4,3,False,5,5,4,4,4,4,5,4
13891,1051-52,2_1_1,3,True,4,4,3,4,3,3,3,3
13892,1051-52,2_4_12,3,True,4,4,4,4,4,3,4,4
13899,1051-52,4_2_10,3,False,4,3,4,3,4,4,4,4
1392,1051-52,2_4_11,3,True,4,5,4,4,5,4,4,4
13933,1051-52,3_2_2,3,True,4,3,4,4,4,3,4,4
13944,1051-52,1_2_1,3,True,3,3,2,2,3,4,3,3
13963,1051-52,2_3_8,3,False,4,3,3,3,3,4,3,2
13967,1051-52,2_3_8,3,True,4,4,3,4,4,4,4,4
14000,1051-52,1_1_3,3,True,3,4,3,3,3,3,4,3
14022,1051-52,2_3_9,3,True,4,4,4,4,3,4,3,4
14050,1051-52,2_1_1,3,False,3,3,3,3,3,3,3,2
14051,1051-52,2_1_1,3,True,5,4,4,4,4,4,5,4
14056,1051-52,1_1_3,3,True,5,4,4,4,4,4,4,4
14067,1051-52,2_2_4,3,True,4,4,3,4,3,4,4,4
14076,1051-52,5_3_11,3,False,4,3,3,4,4,3,3,3
14106,1051-52,4_2_9,3,False,4,3,3,3,4,5,4,5
14131,1051-52,1_1_2,3,True,4,4,3,3,3,4,4,3
14155,1051-52,2_3_7,3,False,4,4,4,3,4,4,4,4
14158,1051-52,1_1_2,3,False,3,3,3,3,4,3,3,3
14175,1051-52,2_2_3,3,True,4,4,3,4,4,3,3,3
14190,1051-52,1_1_1,3,False,5,4,4,4,4,4,4,4
14193,1051-52,2_4_12,3,True,4,3,3,3,3,4,3,3
14195,1051-52,2_3_8,3,False,5,5,4,4,5,5,5,5
14200,1051-52,2_2_5,3,False,4,4,4,4,4,4,3,4
14229,1051-52,2_2_3,3,False,4,4,3,4,3,4,4,4
14251,1051-52,2_1_1,3,False,4,3,3,4,3,3,3,4
14262,1051-52,1_1_2,3,True,4,4,3,4,4,4,4,3
14277,1051-52,2_2_2,3,True,4,4,4,4,3,4,4,4
14303,1051-52,2_4_12,3,True,4,4,3,3,3,4,3,2
14319,1051-52,1_1_1,3,True,5,4,4,4,4,4,4,4
14352,1051-52,2_3_9,3,False,4,3,4,4,3,3,3,4
14368,1051-52,2_3_8,3,True,4,3,3,3,3,3,4,4
14375,1051-52,2_3_8,3,True,4,4,3,3,3,3,3,2
14389,1051-52,1_1_4,3,True,4,4,3,4,4,4,3,4
14396,1051-52,3_2_2,3,False,5,4,4,3,4,4,4,5
144,1051-52,1_1_5,3,True,4,4,3,4,4,4,3,3
14401,1051-52,1_1_4,3,True,4,4,5,4,4,4,4,3
14440,1051-52,2_4_10,3,False,4,4,4,4,4,4,4,4
14445,1051-52,1_1_3,3,False,3,4,3,3,3,3,3,3
14468,1051-52,4_2_11,3,False,3,4,5,5,4,4,4,4
14470,1051-52,4_2_12,3,True,4,4,3,3,3,4,4,4
14471,1051-52,4_2_8,3,False,3,3,3,3,3,3,3,2
14475,1051-52,4_2_8,3,False,4,4,4,4,3,4,4,4
14476,1051-52,2_3_7,3,False,4,3,4,4,4,4,3,4
14496,1051-52,1_2_1,3,True,4,4,4,4,4,4,4,3
14498,1051-52,1_1_5,3,True,4,4,3,3,4,4,4,4
14533,1051-52,2_3_7,3,False,3,4,3,4,4,4,5,4
14542,1051-52,2_3_8,3,False,3,4,4,4,3,3,3,3
14559,1051-52,2_2_6,3,True,5,4,4,4,3,4,3,3
14568,1051-52,2_4_12,3,False,4,4,5,4,4,5,4,5
14581,1051-52,2_4_12,3,True,5,4,4,5,4,4,4,4
14607,1051-52,2_3_8,3,True,4,4,4,4,4,4,4,4
14615,1051-52,3_5_13,3,False,3,3,3,3,2,2,3,3
14623,1051-52,4_2_9,3,False,4,4,3,4,3,3,4,3
14625,1051-52,2_2_6,3,False,4,4,4,4,4,4,3,3
14626,1051-52,2_3_7,3,True,4,4,3,3,3,4,3,3
14645,1051-52,2_2_3,3,True,4,4,4,2,3,4,4,3
14653,1051-52,2_3_8,3,False,5,4,4,4,4,4,4,4
14656,1051-52,1_1_4,3,True,5,5,5,5,4,5,5,4
14665,1051-52,2_3_8,3,True,4,4,3,3,3,3,3,3
14727,1051-52,2_2_6,3,False,4,4,4,4,4,4,4,5
14740,1051-52,4_2_10,3,False,3,3,3,3,3,3,3,3
14744,1051-52,4_2_12,3,False,4,3,3,3,3,3,3,4
14779,1051-52,2_3_7,3,True,4,4,3,3,4,4,3,4
14793,1051-52,1_2_1,3,True,4,4,4,4,3,4,4,3
14809,1051-52,1_2_1,3,True,4,4,3,4,3,3,3,3
14817,1051-52,2_4_12,3,False,4,4,4,4,4,4,4,4
14835,1051-52,3_2_2,3,False,4,4,3,3,3,4,3,3
14874,1051-52,1_1_3,3,False,5,4,4,3,4,4,4,4
14921,1051-52,1_1_4,3,True,5,5,3,3,4,4,5,4
14924,1051-52,1_1_2,3,False,4,4,3,2,3,3,3,4
14935,1051-52,1_1_3,3,True,4,4,3,3,3,3,3,3
14953,1051-52,1_2_1,3,True,4,4,4,4,3,3,4,4
14963,1051-52,2_4_10,3,False,4,4,2,3,3,3,4,3
15002,1051-52,3_2_2,3,False,4,4,4,4,3,4,3,4
15003,1051-52,1_1_5,3,False,5,5,5,4,5,5,4,5
15007,1051-52,2_3_7,3,False,4,4,4,4,5,4,4,4
15009,1051-52,4_2_11,3,False,4,4,3,4,3,3,4,4
15014,1051-52,2_2_4,3,False,4,4,3,4,4,3,3,4
15018,1051-52,3_2_2,3,False,5,5,5,5,5,5,4,5
15024,1051-52,4_2_12,3,False,4,4,4,3,3,3,3,4
15025,1051-52,2_3_9,3,False,4,4,4,3,3,4,4,3
15026,1051-52,4_2_12,3,False,5,5,3,4,4,4,3,5
15027,1051-52,2_1_1,3,False,3,4,4,4,4,3,3,4
15031,1051-52,2_2_4,3,False,4,4,4,4,4,3,4,4
15035,1051-52,1_1_3,3,False,5,4,4,4,3,4,4,4
15039,1051-52,2_3_9,3,False,5,3,5,4,5,4,4,5
15040,1051-52,5_3_11,3,False,4,3,4,4,4,4,4,4
15041,1051-52,5_3_11,3,False,3,3,4,4,4,5,4,3
15049,1051-52,2_2_4,3,False,4,3,4,5,4,4,3,4
15051,1051-52,1_1_3,3,False,4,4,3,3,4,4,4,3
15057,1051-52,5_3_11,3,False,4,3,4,3,4,3,3,3
15058,1051-52,3_2_2,3,False,4,4,4,4,3,4,3,3
15059,1051-52,4_2_8,3,False,4,4,4,4,3,4,4,5
15061,1051-52,2_2_5,3,False,4,4,4,4,4,4,4,4
15063,1051-52,1_1_1,3,False,5,5,4,3,4,5,5,4
15065,1051-52,2_2_6,3,False,5,5,4,5,4,5,4,4
15066,1051-52,2_3_8,3,False,4,5,5,5,4,4,4,5
15067,1051-52,2_1_1,3,False,5,5,5,4,5,5,5,4
15072,1051-52,4_2_8,3,False,4,4,4,4,5,4,4,4
15075,1051-52,2_2_4,3,False,4,4,3,4,4,4,4,4
15079,1051-52,2_3_7,3,False,4,4,3,3,3,3,4,4
15082,1051-52,2_2_4,3,False,3,4,4,5,4,4,4,4
15087,1051-52,2_1_1,3,False,4,4,4,4,4,4,4,4
15090,1051-52,1_1_5,3,False,5,4,4,4,5,5,5,5
15092,1051-52,2_4_12,3,False,5,4,4,5,4,5,4,4
15093,1051-52,2_2_2,3,False,4,4,4,4,4,4,4,5
15094,1051-52,1_1_5,3,False,4,4,3,3,4,4,4,3
15095,1051-52,2_4_10,3,False,4,4,4,4,4,3,3,4
15101,1051-52,1_1_2,3,False,4,5,4,4,4,5,5,3
15104,1051-52,2_4_10,3,False,5,4,5,4,4,4,5,5
15107,1051-52,2_2_2,3,False,4,4,5,5,5,5,4,5
15108,1051-52,3_5_13,3,False,4,4,4,4,4,4,4,5
15121,1051-52,2_2_5,3,False,4,4,3,3,3,4,4,3
15126,1051-52,1_1_2,3,False,5,5,4,4,4,4,4,5
15127,1051-52,2_4_11,3,False,4,4,4,3,4,4,4,3
15128,1051-52,2_2_3,3,False,4,3,4,2,3,3,4,4
15129,1051-52,2_2_6,3,False,5,4,5,4,4,4,4,4
15133,1051-52,2_2_5,3,False,4,4,3,3,3,4,4,4
15135,1051-52,2_4_10,3,False,4,4,3,4,3,4,3,4
15138,1051-52,2_3_8,3,False,4,3,3,3,3,4,3,3
15139,1051-52,2_2_5,3,False,4,4,4,4,4,4,4,4
15141,1051-52,2_3_7,3,False,4,3,3,3,3,4,4,3
15142,1051-52,2_2_4,3,False,4,4,4,4,4,4,4,4
15143,1051-52,2_4_12,3,False,4,3,3,4,3,3,3,3
15147,1051-52,2_2_5,3,False,5,4,4,4,4,3,4,4
15149,1051-52,4_2_12,3,False,5,4,4,5,4,5,4,5
15153,1051-52,2_2_4,3,False,4,4,4,4,4,3,4,3
15154,1051-52,2_3_9,3,False,4,3,3,4,3,3,4,4
15155,1051-52,2_1_1,3,False,5,4,4,5,4,4,4,4
15156,1051-52,3_2_2,3,False,4,4,4,4,4,4,4,4
15157,1051-52,5_3_11,3,False,4,4,4,5,4,5,4,5
15158,1051-52,1_1_2,3,False,5,4,4,4,4,4,3,4
15166,1051-52,3_5_13,3,False,3,3,4,4,4,3,3,3
15168,1051-52,2_4_10,3,False,4,4,4,4,4,4,4,4
15170,1051-52,2_3_7,3,False,5,4,4,4,4,4,4,5
15171,1051-52,2_2_6,3,False,4,5,4,4,5,4,4,5
15175,1051-52,2_4_10,3,False,4,4,4,4,4,5,3,4
15176,1051-52,2_3_8,3,False,4,4,4,4,5,4,4,3
15185,1051-52,2_3_8,3,False,5,4,5,4,5,4,5,5
15186,1051-52,4_2_10,3,False,4,4,4,3,3,4,3,3
15187,1051-52,2_2_2,3,False,4,4,4,4,3,4,4,5
15188,1051-52,2_3_7,3,False,5,4,3,5,4,4,4,4
15192,1051-52,2_3_7,3,False,4,4,4,4,4,3,4,3
15193,1051-52,1_1_2,3,False,4,3,5,4,3,4,3,4
15198,1051-52,2_3_9,3,False,4,5,4,3,4,4,4,3
15204,1051-52,1_1_2,3,False,4,4,3,3,3,4,4,4
15205,1051-52,2_3_8,3,False,4,4,3,3,3,4,4,3
15206,1051-52,1_1_4,3,False,5,5,4,4,5,4,4,5
15208,1051-52,2_2_3,3,False,4,4,3,4,3,3,2,3
15216,1051-52,1_1_3,3,False,4,4,4,3,4,4,5,4
15222,1051-52,5_3_12,3,False,3,4,3,3,4,4,3,3
15223,1051-52,2_3_8,3,False,4,4,4,5,3,4,4,4
15226,1051-52,1_2_1,3,False,4,4,4,4,3,4,3,5
15231,1051-52,2_1_1,3,False,4,4,4,3,3,3,4,4
15237,1051-52,5_3_12,3,False,4,5,3,3,4,4,4,4
15243,1051-52,2_3_7,3,False,5,4,5,4,4,4,4,4
15244,1051-52,3_2_2,3,False,4,3,4,4,3,3,4,4
15245,1051-52,1_1_5,3,False,5,5,4,5,5,5,5,5
15246,1051-52,2_4_12,3,False,4,4,4,4,3,4,4,4
15248,1051-52,2_2_5,3,False,4,4,4,4,4,4,4,4
15249,1051-52,2_3_8,3,False,5,5,5,4,4,4,4,5
15256,1051-52,2_4_12,3,False,4,4,3,3,4,4,4,3
15257,1051-52,2_3_7,3,False,4,4,4,3,2,3,3,3
15258,1051-52,5_3_11,3,False,2,3,2,3,3,3,3,3
15265,1051-52,2_2_6,3,False,5,4,4,4,4,5,3,5
15268,1051-52,2_3_9,3,False,5,4,4,4,4,4,3,4
15269,1051-52,2_2_5,3,False,5,5,5,5,4,5,4,5
15273,1051-52,2_4_10,3,False,3,4,4,3,3,3,4,3
15276,1051-52,4_2_10,3,False,4,4,3,5,3,4,3,4
15282,1051-52,5_3_11,3,False,3,3,4,4,3,3,4,3
15283,1051-52,5_3_11,3,False,2,3,3,4,3,4,3,3
15284,1051-52,2_2_4,3,False,4,4,4,4,4,3,3,4
15285,1051-52,4_2_11,3,False,4,4,4,4,4,4,3,5
15288,1051-52,1_2_1,3,False,5,4,4,5,4,4,4,4
15291,1051-52,2_2_4,3,False,5,4,4,4,3,4,4,4
15292,1051-52,2_2_3,3,False,4,4,4,4,4,4,4,4
15297,1051-52,1_1_4,3,False,4,4,4,3,4,4,4,4
15307,1051-52,4_2_9,3,False,3,3,3,4,3,4,3,3
15308,1051-52,2_1_1,3,False,4,4,3,4,3,4,4,4
15312,1051-52,1_1_5,3,False,4,4,4,4,4,4,3,5
15315,1051-52,4_2_8,3,False,3,3,3,3,3,3,3,3
15319,1051-52,4_2_12,3,False,3,4,3,4,4,4,4,4
15321,1051-52,1_2_1,3,False,4,3,4,3,4,4,3,4
15322,1051-52,2_1_1,3,False,5,5,4,4,4,4,4,4
15323,1051-52,2_2_6,3,False,4,4,4,4,3,3,4,4
15331,1051-52,1_1_1,3,False,4,5,4,4,4,3,4,4
15333,1051-52,4_2_11,3,False,4,4,3,5,3,4,3,4
15335,1051-52,2_2_4,3,False,4,4,4,4,4,4,4,4
15340,1051-52,4_2_12,3,False,3,3,3,4,3,3,3,3
15342,1051-52,2_4_12,3,False,5,4,4,4,4,5,4,5
15345,1051-52,2_3_8,3,False,4,4,4,4,3,4,4,5
15347,1051-52,4_2_8,3,False,4,4,4,4,4,4,4,5
15348,1051-52,3_2_2,3,False,4,3,5,4,4,4,4,4
15349,1051-52,2_4_10,3,False,5,5,4,4,4,5,5,5
15351,1051-52,2_2_6,3,False,4,3,3,4,3,4,4,3
15352,1051-52,3_2_2,3,False,4,4,4,4,4,4,4,5
15355,1051-52,2_4_12,3,False,4,4,4,4,4,4,4,5
15357,1051-52,1_1_3,3,False,4,4,3,3,4,4,4,4
15359,1051-52,2_2_2,3,False,5,4,5,4,4,4,4,5
15360,1051-52,2_4_10,3,False,5,4,4,4,4,5,5,4
15361,1051-52,1_1_4,3,False,4,4,4,4,5,3,3,4
15362,1051-52,2_2_3,3,False,4,4,4,5,4,4,4,4
15365,1051-52,2_2_4,3,False,5,4,3,5,4,4,4,3
15372,1051-52,2_2_2,3,False,4,4,5,4,4,4,4,4
15374,1051-52,2_2_5,3,False,5,5,5,4,4,4,4,5
15375,1051-52,4_2_10,3,False,4,3,3,3,3,4,3,3
15378,1051-52,3_1_1,3,False,5,4,3,4,4,4,3,3
15380,1051-52,2_4_12,3,False,5,5,4,5,4,4,4,4
15383,1051-52,1_1_5,3,False,4,4,4,4,4,4,4,4
15388,1051-52,2_1_1,3,False,4,4,4,4,4,4,4,5
15390,1051-52,2_3_8,3,False,3,4,3,4,3,3,3,3
15395,1051-52,2_4_12,3,False,5,5,5,4,4,4,5,5
15398,1051-52,2_2_4,3,False,3,4,4,4,4,4,4,4
15400,1051-52,2_4_10,3,False,4,4,4,3,4,3,4,3
15401,1051-52,5_3_12,3,False,4,4,4,4,3,4,3,4
15402,1051-52,4_2_9,3,False,4,3,4,4,3,4,4,3
15403,1051-52,1_2_1,3,False,4,4,4,5,4,4,3,3
15407,1051-52,5_3_12,3,False,3,4,4,5,3,4,3,5
15408,1051-52,4_2_12,3,False,5,4,5,4,3,4,4,4
15409,1051-52,2_4_12,3,False,4,4,4,4,3,4,4,3
15412,1051-52,1_1_5,3,False,4,3,4,4,3,4,3,3
15416,1051-52,4_2_12,3,False,5,4,5,4,4,5,4,5
15419,1051-52,5_3_11,3,False,4,4,3,4,4,4,3,3
15421,1051-52,2_2_3,3,False,5,5,4,4,4,5,4,4
15424,1051-52,2_3_9,3,False,4,4,3,4,4,4,4,4
15427,1051-52,2_3_7,3,False,4,3,4,3,3,4,3,4
15433,1051-52,1_1_4,3,False,4,4,5,4,4,4,4,4
15435,1051-52,2_3_8,3,False,4,4,4,4,4,4,3,4
15437,1051-52,2_3_9,3,False,4,4,4,4,4,3,4,3
15440,1051-52,4_2_11,3,False,3,4,4,4,4,5,4,5
15443,1051-52,4_2_9,3,False,4,3,4,5,4,4,4,5
15448,1051-52,4_2_12,3,False,4,4,4,4,3,4,3,4
15452,1051-52,4_2_12,3,False,4,4,2,3,3,3,4,3
15460,1051-52,1_1_1,3,False,4,4,3,4,3,4,3,3
15461,1051-52,2_3_8,3,False,4,4,4,4,4,4,3,3
15464,1051-52,3_2_2,3,False,3,3,3,3,3,3,3,3
15465,1051-52,3_5_13,3,False,4,4,3,5,4,4,4,4
15466,1051-52,2_4_11,3,False,5,4,4,5,4,5,5,4
15469,1051-52,2_3_8,3,False,5,4,4,4,4,4,4,4
15473,1051-52,1_1_4,3,False,4,4,4,4,4,4,4,4
15476,1051-52,2_3_8,3,False,4,4,4,4,4,4,4,3
15483,1051-52,2_4_12,3,False,4,4,4,3,3,3,3,4
15484,1051-52,1_1_2,3,False,5,4,5,5,4,4,4,5
15485,1051-52,2_2_2,3,False,4,3,4,4,3,3,4,3
15486,1051-52,3_5_13,3,False,4,4,5,4,4,3,4,4
15487,1051-52,2_2_2,3,False,3,4,2,3,2,4,4,3
15488,1051-52,4_2_10,3,False,4,3,4,4,4,3,4,4
15493,1051-52,5_3_12,3,False,4,4,4,3,4,3,4,3
15494,1051-52,2_3_9,3,False,5,4,5,4,4,4,3,4
15496,1051-52,4_2_12,3,False,4,4,4,3,3,3,4,3
15499,1051-52,2_2_4,3,False,4,4,3,4,3,5,4,4
15509,1051-52,1_1_4,3,False,4,4,5,5,4,4,5,5
15514,1051-52,4_2_12,3,False,3,4,3,4,3,4,5,5
15516,1051-52,2_1_1,3,False,5,4,3,5,4,4,4,4
15517,1051-52,2_2_3,3,False,5,4,4,4,3,4,4,4
15521,1051-52,4_2_12,3,False,5,3,4,4,4,4,3,4
15535,1051-52,4_2_12,3,False,5,4,4,5,4,4,5,4
15536,1051-52,1_1_3,3,False,4,4,3,3,4,3,3,3
15541,1051-52,2_1_1,3,False,4,5,4,4,4,4,4,4
15542,1051-52,2_4_11,3,False,4,5,4,3,4,4,3,4
15543,1051-52,2_2_4,3,False,5,4,4,4,4,4,4,4
15547,1051-52,4_2_8,3,False,3,3,4,4,4,4,3,5
15548,1051-52,3_5_13,3,False,4,3,3,4,4,4,3,3
15551,1051-52,4_2_11,3,False,4,3,3,3,3,3,3,3
15554,1051-52,2_2_3,3,False,4,5,5,4,4,4,5,4
15562,1051-52,1_1_1,3,False,5,4,4,4,4,4,5,5
15563,1051-52,2_4_11,3,False,4,4,4,4,4,4,5,4
15569,1051-52,4_2_10,3,False,4,5,4,5,4,4,4,5
15571,1051-52,1_1_3,3,False,3,3,3,3,3,4,3,4
15573,1051-52,1_1_4,3,False,5,4,3,4,3,4,3,3
15580,1051-52,4_2_10,3,False,3,3,3,3,3,3,3,3
15581,1051-52,3_2_2,3,False,4,5,4,4,4,4,4,5
15582,1051-52,1_1_3,3,False,5,5,5,5,4,4,4,5
15588,1051-52,2_1_1,3,False,4,4,3,4,3,4,4,4
15598,1051-52,2_2_4,3,False,5,5,4,5,5,4,5,5
15599,1051-52,2_2_3,3,False,5,5,4,5,4,4,4,5
15600,1051-52,1_1_4,3,False,4,3,3,3,4,4,3,3
15602,1051-52,2_3_7,3,False,4,4,3,4,3,4,4,3
15604,1051-52,4_2_9,3,False,4,4,4,4,4,5,3,4
15607,1051-52,1_1_3,3,False,3,3,3,3,3,3,3,3
15610,1051-52,4_2_11,3,False,4,3,4,4,4,4,4,4
15616,1051-52,2_2_3,3,False,4,5,4,4,4,3,3,4
15619,1051-52,4_2_9,3,False,4,4,4,4,4,4,4,4
15621,1051-52,2_2_5,3,False,5,5,4,4,4,4,5,4
15624,1051-52,2_2_5,3,False,4,4,5,5,4,4,5,4
15626,1051-52,2_1_1,3,False,4,5,4,5,4,4,4,4
15627,1051-52,1_1_5,3,False,4,3,3,3,4,4,3,3
15628,1051-52,2_3_8,3,False,5,4,4,4,4,4,4,4
15629,1051-52,2_2_3,3,False,4,4,4,5,4,4,4,4
15636,1051-52,3_2_2,3,False,4,4,3,4,3,4,4,3
15640,1051-52,2_2_5,3,False,4,4,3,4,4,4,3,5
15641,1051-52,2_1_1,3,False,4,4,4,4,4,4,3,5
15645,1051-52,3_5_13,3,False,4,4,4,5,4,4,5,5
15646,1051-52,1_1_1,3,False,5,4,5,4,4,4,5,4
15647,1051-52,1_1_3,3,False,5,3,3,3,4,4,4,4
15650,1051-52,2_3_9,3,False,5,4,4,4,4,3,5,5
15656,1051-52,2_2_6,3,False,5,4,4,3,4,4,4,4
15658,1051-52,4_2_11,3,False,4,4,4,4,3,4,3,4
15662,1051-52,5_3_12,3,False,3,3,3,4,4,3,3,3
15665,1051-52,2_1_1,3,False,4,4,5,5,4,4,3,5
15669,1051-52,2_2_6,3,False,4,3,4,3,4,4,4,4
15670,1051-52,2_2_5,3,False,4,4,4,4,3,4,4,4
15675,1051-52,4_2_8,3,False,4,3,4,4,5,4,3,4
15680,1051-52,3_5_13,3,False,4,5,4,5,4,4,4,5
15683,1051-52,2_2_4,3,False,4,5,4,4,3,4,4,4
15684,1051-52,4_2_11,3,False,4,4,4,4,4,3,4,4
15685,1051-52,4_2_12,3,False,5,3,3,4,3,3,2,3
15687,1051-52,3_2_2,3,False,4,4,4,5,4,4,4,4
15688,1051-52,2_3_8,3,False,4,4,5,5,4,4,3,4
15689,1051-52,2_3_7,3,False,5,5,4,4,4,4,4,4
15690,1051-52,4_2_12,3,False,5,5,4,5,5,4,5,5
15691,1051-52,2_4_12,3,False,4,4,4,4,5,3,4,4
15692,1051-52,2_3_7,3,False,5,4,5,4,4,4,3,4
15693,1051-52,1_1_2,3,False,4,4,4,5,3,4,4,4
15696,1051-52,2_3_7,3,False,5,4,4,5,5,5,4,4
15698,1051-52,2_4_12,3,False,5,4,4,5,5,4,5,5
15704,1051-52,3_2_2,3,False,4,3,4,3,3,4,4,3
15705,1051-52,4_2_9,3,False,4,3,3,3,3,3,3,4
15708,1051-52,3_2_2,3,False,5,5,4,4,5,5,5,5
15709,1051-52,2_1_1,3,False,4,4,4,4,4,4,3,5
15714,1051-52,1_1_3,3,False,4,5,3,3,4,4,5,3
15715,1051-52,5_3_11,3,False,4,4,5,4,4,4,4,4
15717,1051-52,2_3_8,3,False,4,3,3,4,3,3,3,3
15718,1051-52,2_3_8,3,False,5,4,4,5,5,5,5,5
15720,1051-52,5_3_11,3,False,4,4,4,4,4,4,4,4
15723,1051-52,1_2_1,3,False,4,5,3,4,3,4,3,3
15724,1051-52,1_1_1,3,False,5,3,4,4,4,4,2,4
15729,1051-52,4_2_12,3,False,4,3,4,4,4,4,3,2
15730,1051-52,4_2_8,3,False,4,4,4,5,3,4,3,3
15734,1051-52,2_2_2,3,False,5,4,5,4,4,4,4,5
15739,1051-52,1_1_1,3,False,5,4,4,3,3,4,4,4
15740,1051-52,3_2_2,3,False,3,4,4,4,3,4,4,3
15749,1051-52,1_1_1,3,False,4,5,4,5,4,4,4,5
15754,1051-52,2_1_1,3,False,3,4,3,4,3,3,3,3
15755,1051-52,1_1_4,3,False,4,4,3,3,4,3,3,3
15756,1051-52,5_3_11,3,False,4,4,5,4,4,5,4,5
15763,1051-52,2_4_10,3,False,5,4,5,5,4,5,5,5
15764,1051-52,2_2_5,3,False,4,4,4,4,3,4,5,4
15765,1051-52,1_2_1,3,False,5,4,4,4,4,4,5,4
15770,1051-52,3_2_2,3,False,4,3,4,4,4,3,4,3
15771,1051-52,3_2_2,3,False,4,4,3,3,4,4,3,4
15774,1051-52,2_4_12,3,False,4,4,5,4,4,4,4,4
15779,1051-52,2_2_6,3,False,5,4,3,4,5,4,4,5
15783,1051-52,2_4_12,3,False,4,5,5,4,5,5,5,4
15786,1051-52,2_1_1,3,False,5,3,4,4,3,4,3,4
15794,1051-52,2_3_8,3,False,4,5,4,4,4,4,3,4
15795,1051-52,5_3_12,3,False,2,3,2,2,3,2,3,2
15799,1051-52,2_1_1,3,False,5,4,4,5,5,4,4,5
15802,1051-52,3_5_13,3,False,3,4,3,3,4,3,3,3
15803,1051-52,1_1_1,3,False,5,4,4,5,3,4,4,4
15808,1051-52,2_2_2,3,False,5,4,4,5,4,5,4,5
15813,1051-52,2_2_4,3,False,4,4,4,4,4,4,4,4
15814,1051-52,5_3_12,3,False,3,4,3,4,3,3,4,3
15818,1051-52,2_2_5,3,False,4,3,4,4,4,4,4,4
15822,1051-52,2_3_7,3,False,4,3,4,4,4,4,3,4
15827,1051-52,2_2_3,3,False,4,3,4,3,3,3,3,3
15829,1051-52,4_2_10,3,False,3,4,4,4,4,4,4,4
15840,1051-52,2_3_9,3,False,4,4,3,4,4,3,4,3
15843,1051-52,4_2_12,3,False,4,4,4,5,4,5,4,5
15848,1051-52,2_3_7,3,False,5,4,4,4,5,4,4,4
15853,1051-52,2_2_5,3,False,5,4,5,4,4,4,4,5
15854,1051-52,1_1_2,3,False,5,4,4,4,5,4,4,4
15856,1051-52,1_1_3,3,False,4,4,3,4,4,4,4,4
15867,1051-52,1_1_4,3,False,4,3,3,4,4,4,3,3
15870,1051-52,4_2_12,3,False,4,3,4,3,3,4,4,4
15871,1051-52,4_2_11,3,False,3,3,2,3,4,4,3,3
15872,1051-52,2_4_10,3,False,5,4,4,4,4,4,4,4
15873,1051-52,2_3_7,3,False,5,5,5,5,4,4,5,5
15876,1051-52,4_2_10,3,False,4,3,4,4,4,3,3,4
15881,1051-52,4_2_10,3,False,4,4,4,5,4,4,4,4
15882,1051-52,1_1_3,3,False,5,4,4,4,3,4,3,5
15884,1051-52,3_5_13,3,False,5,5,5,4,5,5,4,5
15885,1051-52,4_2_12,3,False,4,4,4,4,4,4,4,4
15886,1051-52,2_2_3,3,False,4,5,4,3,4,3,4,4
15887,1051-52,1_1_2,3,False,4,4,2,4,4,4,4,4
15888,1051-52,2_2_4,3,False,4,4,3,3,3,4,3,4
15892,1051-52,2_3_7,3,False,4,4,3,4,4,4,4,4
15893,1051-52,3_2_2,3,False,4,5,4,4,4,3,4,4
15895,1051-52,2_3_8,3,False,5,4,3,3,2,3,4,3
15899,1051-52,2_4_10,3,False,5,5,4,4,5,4,4,5
15900,1051-52,2_4_10,3,False,5,4,4,4,4,4,5,4
15902,1051-52,2_2_3,3,False,4,5,4,3,4,4,4,4
15903,1051-52,3_1_1,3,False,5,4,4,5,4,4,4,4
15905,1051-52,2_2_4,3,False,4,3,3,4,4,4,3,4
15906,1051-52,4_2_12,3,False,4,3,3,3,3,3,3,3
15907,1051-52,2_3_7,3,False,4,4,5,4,4,4,4,4
15909,1051-52,4_2_11,3,False,3,5,3,4,4,4,4,4
15911,1051-52,2_4_11,3,False,5,4,4,5,4,4,4,5
15927,1051-52,4_2_8,3,False,4,3,4,4,4,3,4,3
15929,1051-52,2_2_4,3,False,3,4,4,2,3,3,3,2
15931,1051-52,4_2_11,3,False,3,3,4,3,3,4,3,3
15932,1051-52,4_2_12,3,False,4,4,4,3,4,4,4,4
15933,1051-52,2_2_4,3,False,4,4,4,4,4,3,3,3
15936,1051-52,4_2_9,3,False,4,4,4,4,4,4,4,3
15942,1051-52,2_3_8,3,False,4,4,4,4,5,4,4,4
15944,1051-52,5_3_12,3,False,4,4,3,4,4,4,4,4
15952,1051-52,1_1_2,3,False,3,4,4,4,4,4,3,4
15956,1051-52,2_3_7,3,False,4,4,3,3,4,4,4,3
15959,1051-52,1_1_2,3,False,4,4,4,4,4,4,4,5
15962,1051-52,1_1_4,3,False,4,3,3,4,4,3,4,3
15966,1051-52,3_2_2,3,False,4,4,4,3,3,3,3,4
15968,1051-52,1_1_1,3,False,4,4,3,4,4,4,4,4
15969,1051-52,2_3_7,3,False,4,5,4,4,4,5,4,4
15972,1051-52,1_1_1,3,False,3,4,3,3,3,3,4,3
15973,1051-52,1_1_1,3,False,5,5,4,5,5,5,5,5
15976,1051-52,2_1_1,3,False,4,4,3,4,4,4,4,4
15978,1051-52,3_5_13,3,False,4,4,4,3,3,3,3,3
15979,1051-52,2_3_7,3,False,4,4,4,4,4,5,3,4
15985,1051-52,2_2_5,3,False,5,4,5,4,4,5,5,5
15986,1051-52,4_2_12,3,False,4,4,4,4,4,5,4,4
15989,1051-52,2_1_1,3,False,5,4,4,4,4,4,4,3
15993,1051-52,5_3_11,3,False,4,4,5,5,4,4,4,4
15998,1051-52,3_5_13,3,False,4,4,3,3,4,3,3,3
15999,1051-52,1_2_1,3,False,4,3,4,4,4,4,4,4
16012,1051-52,1_1_4,3,False,4,5,5,4,4,4,3,4
16014,1051-52,2_2_2,3,False,4,4,4,4,3,3,4,4
16019,1051-52,2_3_8,3,False,5,5,5,4,5,5,4,4
16020,1051-52,1_1_4,3,False,4,4,3,4,4,4,4,4
16021,1051-52,1_1_1,3,False,4,5,4,3,3,4,4,4
16022,1051-52,2_2_4,3,False,4,4,3,5,4,3,3,4
16026,1051-52,1_1_3,3,False,4,2,3,4,4,4,4,4
16027,1051-52,1_1_3,3,False,4,4,3,4,3,4,4,4
16028,1051-52,3_2_2,3,False,5,4,4,5,4,4,5,5
16035,1051-52,2_1_1,3,False,4,4,3,4,4,4,4,3
16041,1051-52,1_1_2,3,False,5,4,4,4,4,4,4,4
16044,1051-52,2_2_2,3,False,4,4,4,4,4,3,3,3
16047,1051-52,4_2_9,3,False,3,3,3,3,2,3,2,3
16053,1051-52,5_3_11,3,False,4,4,3,4,4,4,3,4
16057,1051-52,2_3_7,3,False,5,4,4,3,4,3,4,5
16060,1051-52,1_1_2,3,False,3,4,3,3,3,4,4,2
16062,1051-52,2_4_12,3,False,3,4,2,4,3,4,4,3
16063,1051-52,5_3_12,3,False,4,4,4,4,4,3,4,3
16064,1051-52,2_1_1,3,False,5,5,5,5,5,4,4,5
16069,1051-52,2_1_1,3,False,5,4,4,4,5,4,3,5
16071,1051-52,2_2_3,3,False,4,3,3,3,3,3,4,3
16075,1051-52,2_2_2,3,False,4,4,4,4,5,4,4,5
16076,1051-52,2_4_10,3,False,4,4,3,3,4,3,4,3
16079,1051-52,1_1_1,3,False,4,4,3,3,3,4,4,3
16084,1051-52,1_2_1,3,False,4,4,3,4,4,3,3,3
16088,1051-52,2_2_5,3,False,4,4,4,4,4,4,3,4
16091,1051-52,4_2_9,3,False,4,4,4,4,4,4,4,4
16092,1051-52,3_5_13,3,False,4,4,4,4,4,4,4,4
16093,1051-52,4_2_12,3,False,4,4,3,4,4,4,3,4
16094,1051-52,2_3_7,3,False,4,4,4,4,3,4,4,3
16097,1051-52,4_2_11,3,False,4,4,4,4,4,4,4,4
16099,1051-52,2_2_6,3,False,4,4,4,5,4,4,4,4
16103,1051-52,4_2_11,3,False,4,3,4,4,3,4,4,4
16105,1051-52,1_1_1,3,False,5,4,4,5,4,5,4,5
16112,1051-52,3_5_13,3,False,5,4,5,5,3,4,4,5
16113,1051-52,3_1_1,3,False,5,5,5,4,4,4,4,4
16114,1051-52,2_3_7,3,False,4,4,5,4,4,4,4,4
16115,1051-52,3_2_2,3,False,5,5,4,4,4,4,3,4
16120,1051-52,1_1_3,3,False,4,4,4,4,4,4,3,5
16121,1051-52,4_2_12,3,False,5,3,3,4,3,4,4,4
16126,1051-52,5_3_11,3,False,3,3,4,4,3,4,3,4
16129,1051-52,5_3_11,3,False,4,4,4,4,4,4,4,4
16136,1051-52,3_2_2,3,False,4,4,4,5,4,4,4,4
16143,1051-52,2_3_8,3,False,4,4,3,4,4,4,5,4
16149,1051-52,2_2_2,3,False,4,4,4,4,4,4,4,4
16151,1051-52,2_3_8,3,False,4,4,4,4,4,4,4,4
16152,1051-52,4_2_11,3,False,4,4,5,4,4,4,3,4
16156,1051-52,2_2_3,3,False,4,5,5,3,3,3,4,5
16157,1051-52,3_2_2,3,False,4,4,3,4,3,3,4,4
16160,1051-52,2_3_9,3,False,5,5,4,4,4,4,4,5
16164,1051-52,2_4_10,3,False,4,4,4,4,4,4,4,4
16165,1051-52,1_1_3,3,False,5,4,3,4,4,4,4,4
16166,1051-52,1_1_1,3,False,5,4,5,4,4,5,3,5
16167,1051-52,1_1_4,3,False,4,3,4,5,4,4,3,4
16169,1051-52,2_2_5,3,False,4,4,4,4,4,4,4,4
16171,1051-52,2_3_8,3,False,5,5,4,5,4,5,5,5
16173,1051-52,2_2_4,3,False,3,4,3,3,3,3,4,3
16185,1051-52,4_2_11,3,False,5,4,4,4,5,4,4,5
16187,1051-52,1_1_4,3,False,3,5,4,5,4,4,5,4
16188,1051-52,2_3_8,3,False,4,3,4,5,4,4,3,4
16193,1051-52,2_4_11,3,False,5,4,4,5,4,5,5,5
16196,1051-52,2_4_10,3,False,4,2,3,4,3,3,4,3
16199,1051-52,1_1_5,3,False,4,4,4,4,3,4,3,3
16203,1051-52,2_2_4,3,False,4,4,5,4,4,4,4,4
16205,1051-52,4_2_12,3,False,5,4,5,5,5,5,4,5
16217,1051-52,4_2_10,3,False,4,4,5,5,3,4,4,5
16219,1051-52,2_2_6,3,False,4,5,5,4,5,4,4,4
16221,1051-52,4_2_12,3,False,4,4,3,4,4,4,4,3
16234,1051-52,2_2_2,3,False,4,4,4,4,4,4,4,5
16236,1051-52,2_4_10,3,False,5,4,3,3,3,4,4,3
16237,1051-52,3_2_2,3,False,5,4,3,4,5,4,4,4
16243,1051-52,2_1_1,3,False,4,4,4,5,4,3,5,4
16246,1051-52,2_2_6,3,False,4,4,4,4,4,4,4,3
16250,1051-52,2_2_2,3,False,5,5,5,5,4,4,5,5
16258,1051-52,2_4_12,3,False,4,4,5,4,4,3,3,4
16259,1051-52,2_2_5,3,False,5,4,5,5,4,5,3,4
16261,1051-52,1_1_2,3,False,5,4,4,3,3,3,4,3
16267,1051-52,1_1_3,3,False,5,4,3,5,4,3,4,4
16269,1051-52,4_2_8,3,False,3,4,3,4,4,3,3,4
16270,1051-52,2_3_7,3,False,4,3,3,3,3,3,3,4
16273,1051-52,1_1_4,3,False,4,5,4,4,4,4,4,4
16278,1051-52,1_1_5,3,False,5,5,5,4,4,5,4,5
16281,1051-52,3_2_2,3,False,4,4,4,3,3,3,3,3
16290,1051-52,1_2_1,3,False,3,3,4,3,3,4,3,3
16291,1051-52,2_3_9,3,False,4,4,4,4,4,4,3,4
16295,1051-52,2_2_5,3,False,4,4,4,4,3,4,3,4
16300,1051-52,2_2_5,3,False,5,4,4,4,3,4,4,4
16302,1051-52,2_4_12,3,False,4,3,4,3,4,3,3,3
16306,1051-52,2_2_2,3,False,4,4,4,4,3,4,4,3
16308,1051-52,1_1_1,3,False,5,4,4,5,4,4,3,4
16309,1051-52,1_2_1,3,False,5,4,5,5,4,4,5,4
16313,1051-52,2_3_9,3,False,5,5,4,4,4,4,5,4
16316,1051-52,4_2_12,3,False,4,3,3,4,3,3,4,3
16317,1051-52,2_4_10,3,False,4,5,4,5,5,4,5,5
16318,1051-52,3_5_13,3,False,4,4,4,4,4,4,4,4
16319,1051-52,2_3_7,3,False,4,4,5,4,4,4,4,5
16326,1051-52,2_3_7,3,False,5,5,5,4,4,4,4,5
16334,1051-52,2_3_9,3,False,4,4,4,5,4,4,4,5
16336,1051-52,2_3_7,3,False,4,4,4,3,4,5,4,4
16337,1051-52,1_1_2,3,False,4,4,4,4,3,4,4,4
16339,1051-52,2_2_6,3,False,4,4,3,3,3,3,3,3
16340,1051-52,4_2_12,3,False,4,4,4,3,3,3,3,3
16343,1051-52,2_2_2,3,False,4,4,3,3,3,3,4,3
16345,1051-52,4_2_10,3,False,4,4,4,4,4,3,4,4
16357,1051-52,2_2_2,3,False,4,4,3,3,3,3,3,3
16359,1051-52,3_5_13,3,False,4,4,4,4,5,4,4,4
16360,1051-52,2_1_1,3,False,5,4,4,4,3,3,4,5
16365,1051-52,2_3_8,3,False,4,4,3,4,3,4,4,4
16368,1051-52,2_4_12,3,False,4,4,4,3,4,4,4,4
16374,1051-52,4_2_10,3,False,3,4,4,4,4,4,4,3
16382,1051-52,2_3_8,3,False,4,4,3,4,3,4,3,4
16386,1051-52,3_5_13,3,False,4,3,2,4,3,3,3,2
16387,1051-52,1_2_1,3,False,5,5,3,5,5,4,4,5
16397,1051-52,1_1_5,3,False,4,3,3,4,4,3,4,4
16398,1051-52,2_2_5,3,False,4,4,4,4,5,4,5,5
16400,1051-52,1_2_1,3,False,4,3,4,4,4,3,4,4
16402,1051-52,2_3_7,3,False,4,4,4,4,4,4,4,4
16405,1051-52,2_2_6,3,False,5,5,5,5,4,4,4,5
16407,1051-52,2_1_1,3,False,3,3,4,3,3,3,3,3
16408,1051-52,3_5_13,3,False,4,4,3,4,4,3,3,4
16409,1051-52,2_4_12,3,False,3,3,3,3,2,3,3,3
16413,1051-52,1_2_1,3,False,3,4,4,5,4,4,5,4
16414,1051-52,1_1_1,3,False,4,4,4,5,4,4,4,4
16416,1051-52,4_2_12,3,False,5,5,5,5,4,5,5,5
16425,1051-52,2_4_10,3,False,4,4,4,4,3,3,4,3
16428,1051-52,1_1_4,3,False,5,4,3,4,3,5,4,4
16433,1051-52,4_2_11,3,False,3,4,5,4,3,3,4,4
16434,1051-52,2_4_11,3,False,3,4,3,3,3,4,4,3
16440,1051-52,4_2_12,3,False,4,5,5,4,3,4,4,5
16443,1051-52,4_2_12,3,False,3,5,4,4,4,4,5,4
16446,1051-52,2_4_12,3,False,4,4,4,4,4,4,4,5
16452,1051-52,1_1_5,3,False,5,4,4,5,4,4,5,4
16458,1051-52,2_4_10,3,False,5,4,3,3,4,3,3,3
16460,1051-52,2_2_4,3,False,5,4,4,4,4,4,4,4
16463,1051-52,2_2_4,3,False,4,4,4,4,4,4,5,5
16467,1051-52,2_4_12,3,False,4,5,4,4,4,4,4,4
16469,1051-52,2_2_4,3,False,4,4,4,5,4,4,3,4
16472,1051-52,2_2_3,3,False,4,4,3,3,3,3,4,4
16473,1051-52,4_2_12,3,False,5,4,5,5,4,5,4,4
16482,1051-52,2_2_4,3,False,4,4,4,4,4,4,4,4
16483,1051-52,4_2_11,3,False,3,3,4,4,3,3,3,3
16484,1051-52,2_1_1,3,False,4,4,4,5,4,4,4,5
16485,1051-52,1_1_1,3,False,3,3,2,4,3,3,4,3
16486,1051-52,3_2_2,3,False,4,4,4,4,4,4,4,4
16488,1051-52,2_4_12,3,False,4,3,3,3,3,3,3,4
16489,1051-52,2_3_8,3,False,5,5,4,4,4,4,5,4
16490,1051-52,3_2_2,3,False,4,5,4,5,5,5,4,5
16492,1051-52,1_1_3,3,False,5,3,4,4,4,4,3,4
16507,1051-52,2_2_4,3,False,4,5,5,5,5,5,5,5
16508,1051-52,2_3_9,3,False,5,5,5,5,5,5,4,5
16510,1051-52,3_2_2,3,False,4,3,4,4,3,3,4,4
16511,1051-52,1_1_2,3,False,4,4,4,4,4,4,4,3
16516,1051-52,4_2_12,3,False,4,3,4,4,4,4,4,4
16517,1051-52,4_2_10,3,False,4,3,4,4,4,4,4,5
16520,1051-52,1_1_4,3,False,4,4,4,4,3,4,3,4
16523,1051-52,1_1_2,3,False,4,4,4,4,5,4,4,4
16527,1051-52,2_4_12,3,False,3,3,3,3,3,3,4,2
16530,1051-52,4_2_8,3,False,3,4,3,3,4,4,4,4
16531,1051-52,2_3_8,3,False,5,4,4,5,4,4,4,5
16533,1051-52,2_2_4,3,False,5,4,4,4,4,4,4,4
16539,1051-52,2_1_1,3,False,4,4,4,4,4,4,3,4
16540,1051-52,2_2_5,3,False,4,4,4,3,3,3,3,4
16543,1051-52,4_2_11,3,False,4,4,4,4,3,4,4,4
16546,1051-52,4_2_12,3,False,5,4,5,5,5,5,5,5
16548,1051-52,1_1_2,3,False,4,4,4,4,4,4,4,4
16549,1051-52,4_2_12,3,False,4,4,4,4,4,4,3,4
16552,1051-52,4_2_11,3,False,4,4,4,4,4,4,4,5
16557,1051-52,3_5_13,3,False,4,4,4,4,3,4,4,4
16558,1051-52,2_3_9,3,False,5,4,5,4,5,4,4,5
16562,1051-52,2_4_12,3,False,4,4,4,4,4,4,3,4
16565,1051-52,2_1_1,3,False,4,4,3,4,3,3,4,4
16566,1051-52,2_2_4,3,False,5,4,4,4,4,4,4,4
16569,1051-52,2_2_3,3,False,3,3,2,2,3,3,2,2
16575,1051-52,2_1_1,3,False,4,4,4,4,3,4,3,4
16579,1051-52,4_2_8,3,False,2,4,3,4,3,3,3,3
16582,1051-52,1_1_1,3,False,4,5,2,3,4,3,4,3
16585,1051-52,2_4_11,3,False,4,4,3,4,4,4,4,4
16588,1051-52,5_3_11,3,False,4,4,5,2,4,3,4,3
16591,1051-52,2_2_5,3,False,5,5,5,5,4,4,4,5
16604,1051-52,2_2_2,3,False,4,4,3,4,4,4,4,4
16605,1051-52,4_2_10,3,False,3,3,4,4,4,4,4,4
16611,1051-52,4_2_9,3,False,3,4,3,4,3,4,4,4
16614,1051-52,2_3_9,3,False,5,4,5,5,4,4,5,5
16616,1051-52,2_2_4,3,False,4,4,4,4,4,4,4,3
16617,1051-52,1_1_5,3,False,3,4,4,4,3,4,4,4
16620,1051-52,2_3_7,3,False,4,4,3,3,5,4,4,4
16621,1051-52,1_1_1,3,False,4,5,5,5,5,4,4,5
16622,1051-52,2_3_8,3,False,4,4,3,4,3,4,4,3
16623,1051-52,2_2_5,3,False,3,3,3,3,3,3,3,3
16624,1051-52,2_2_6,3,False,5,5,5,5,4,5,4,5
16625,1051-52,3_5_13,3,False,5,4,4,4,4,4,4,4
16627,1051-52,4_2_8,3,False,3,4,3,4,4,4,5,4
16631,1051-52,4_2_11,3,False,4,4,4,4,4,3,3,4
16632,1051-52,2_3_9,3,False,4,3,3,3,3,4,3,3
16636,1051-52,1_2_1,3,False,4,4,3,5,4,4,4,4
16637,1051-52,1_1_2,3,False,5,4,5,4,5,5,5,5
16639,1051-52,4_2_8,3,False,4,3,3,4,3,3,3,4
16642,1051-52,4_2_8,3,False,4,4,4,5,4,4,4,4
16643,1051-52,2_2_2,3,False,4,3,2,3,2,3,4,3
16645,1051-52,1_2_1,3,False,5,3,3,5,5,4,4,4
16649,1051-52,2_1_1,3,False,5,4,4,5,4,4,4,4
16650,1051-52,2_3_7,3,False,4,4,3,4,3,4,4,4
16651,1051-52,1_1_4,3,False,3,4,4,3,3,4,3,4
16663,1051-52,3_5_13,3,False,4,3,4,4,3,4,4,4
16670,1051-52,1_1_2,3,False,4,5,4,4,3,4,5,5
16671,1051-52,2_4_11,3,False,4,3,3,2,3,4,4,3
16678,1051-52,4_2_12,3,False,4,3,4,4,4,4,4,4
16679,1051-52,2_4_10,3,False,5,5,4,4,4,4,5,5
16681,1051-52,4_2_8,3,False,4,4,4,4,4,5,4,4
16682,1051-52,2_2_3,3,False,5,4,4,4,3,4,5,3
16700,1051-52,3_1_1,3,False,5,4,3,4,4,4,4,4
16708,1051-52,5_3_11,3,False,4,4,5,3,3,4,4,3
16713,1051-52,3_2_2,3,False,4,4,4,4,4,3,5,4
16717,1051-52,1_1_2,3,False,4,4,4,5,4,4,4,4
16718,1051-52,4_2_9,3,False,3,3,3,3,3,3,3,3
16721,1051-52,2_1_1,3,False,5,4,4,5,4,4,4,5
16726,1051-52,2_1_1,3,False,5,4,4,4,4,4,3,4
16728,1051-52,2_3_8,3,False,4,5,4,4,5,4,3,4
16731,1051-52,1_1_2,3,False,4,3,3,3,4,4,4,4
16735,1051-52,2_2_2,3,False,4,3,3,3,4,4,4,3
16737,1051-52,2_2_3,3,False,4,5,4,4,3,4,4,4
16742,1051-52,3_5_13,3,False,3,4,4,3,3,3,4,4
16744,1051-52,2_4_11,3,False,4,4,3,4,3,4,5,3
16747,1051-52,1_1_4,3,False,5,5,4,5,3,4,4,4
16748,1051-52,2_3_8,3,False,4,4,4,4,5,4,4,4
16749,1051-52,2_3_8,3,False,4,4,4,4,4,3,3,4
16751,1051-52,4_2_12,3,False,5,4,5,4,4,4,4,4
16752,1051-52,4_2_11,3,False,4,4,4,4,4,3,4,4
16754,1051-52,2_2_2,3,False,5,4,4,5,4,4,3,5
16755,1051-52,2_4_10,3,False,4,4,3,4,4,4,4,3
16757,1051-52,1_2_1,3,False,4,4,3,4,4,3,3,3
16760,1051-52,2_3_7,3,False,5,4,3,3,4,3,4,4
16761,1051-52,1_1_1,3,False,3,4,4,3,3,3,3,3
16764,1051-52,1_1_2,3,False,4,4,4,5,4,4,4,5
16766,1051-52,2_1_1,3,False,4,3,4,4,4,3,4,4
16767,1051-52,5_3_12,3,False,4,3,4,5,3,4,4,3
16771,1051-52,2_3_7,3,False,4,4,4,4,4,4,4,4
16773,1051-52,5_3_11,3,False,3,4,4,3,3,4,3,3
16774,1051-52,1_1_2,3,False,4,3,3,4,4,4,4,4
16775,1051-52,1_1_2,3,False,4,4,4,2,3,4,4,3
16776,1051-52,1_1_5,3,False,4,4,4,4,3,4,4,4
16779,1051-52,1_1_5,3,False,4,4,5,5,4,4,4,4
16780,1051-52,2_2_3,3,False,4,4,4,4,4,3,4,3
16785,1051-52,4_2_12,3,False,4,4,4,4,4,4,4,4
16786,1051-52,2_2_6,3,False,5,4,4,4,4,3,3,3
16793,1051-52,4_2_9,3,False,4,3,4,3,4,4,3,4
16796,1051-52,2_4_12,3,False,4,4,4,4,4,4,4,4
16802,1051-52,3_5_13,3,False,3,3,4,4,3,4,3,3
16803,1051-52,4_2_10,3,False,4,4,4,4,4,4,3,4
16804,1051-52,2_3_8,3,False,4,5,4,5,3,4,4,4
16806,1051-52,3_5_13,3,False,3,3,3,3,4,2,3,2
16812,1051-52,2_4_12,3,False,5,4,4,5,5,4,4,4
16814,1051-52,2_2_4,3,False,4,4,4,3,4,4,4,3
16838,1051-52,1_2_1,3,False,4,4,3,5,4,4,4,3
16841,1051-52,5_3_11,3,False,4,3,4,4,3,3,3,4
16842,1051-52,4_2_9,3,False,4,4,3,3,4,4,4,4
16843,1051-52,2_4_10,3,False,5,5,4,4,4,4,4,4
16847,1051-52,4_2_11,3,False,4,4,5,5,4,4,3,4
16849,1051-52,2_3_8,3,False,5,4,5,4,4,4,4,4
16850,1051-52,2_4_10,3,False,5,4,5,4,5,4,4,5
16853,1051-52,2_2_3,3,False,4,4,4,3,4,3,4,4
16855,1051-52,2_2_5,3,False,5,5,5,4,4,5,4,5
16856,1051-52,2_2_2,3,False,4,4,4,4,4,3,3,4
16858,1051-52,2_2_3,3,False,4,4,4,3,4,3,4,4
16859,1051-52,1_2_1,3,False,4,3,2,4,3,3,4,3
16860,1051-52,2_3_7,3,False,4,4,3,3,4,3,3,4
16861,1051-52,1_1_4,3,False,3,3,3,2,4,4,2,3
16862,1051-52,2_2_2,3,False,4,4,2,4,4,4,4,4
16866,1051-52,1_2_1,3,False,4,4,3,3,3,4,4,4
16868,1051-52,2_2_4,3,False,4,5,4,3,3,4,4,4
16870,1051-52,2_2_2,3,False,4,4,4,5,4,4,5,4
16876,1051-52,4_2_10,3,False,4,4,3,3,3,4,4,4
16877,1051-52,2_2_3,3,False,4,4,5,5,4,4,4,5
16882,1051-52,4_2_9,3,False,4,4,4,4,3,4,3,3
16883,1051-52,2_2_5,3,False,4,4,5,5,4,4,4,5
16885,1051-52,2_2_2,3,False,5,4,4,5,4,5,4,5
16887,1051-52,3_2_2,3,False,5,4,4,4,4,5,4,4
16889,1051-52,1_1_2,3,False,4,5,4,4,3,4,4,4
16891,1051-52,2_3_7,3,False,4,4,4,4,4,4,4,4
16894,1051-52,2_2_4,3,False,4,3,4,4,3,3,2,3
16896,1051-52,1_2_1,3,False,4,3,3,4,2,4,4,3
16897,1051-52,2_4_10,3,False,4,3,4,3,4,4,5,4
16898,1051-52,4_2_11,3,False,4,3,3,3,3,3,4,4
16900,1051-52,5_3_11,3,False,4,3,4,3,3,3,4,3
16902,1051-52,5_3_11,3,False,5,4,3,5,4,4,3,3
16903,1051-52,1_1_4,3,False,5,4,5,5,4,5,4,5
16906,1051-52,2_2_2,3,False,4,4,3,4,4,4,5,4
16907,1051-52,4_2_12,3,False,4,5,4,4,4,4,4,4
16914,1051-52,4_2_11,3,False,3,3,3,3,4,3,4,3
16927,1051-52,4_2_8,3,False,4,4,3,4,4,4,4,4
16929,1051-52,1_1_2,3,False,4,4,4,5,4,4,3,4
16932,1051-52,1_2_1,3,False,4,4,4,3,4,4,4,4
16934,1051-52,1_1_2,3,False,5,4,3,3,4,3,3,3
16946,1051-52,3_2_2,3,False,3,4,3,3,3,3,3,4
16950,1051-52,2_1_1,3,False,5,5,4,4,4,4,4,4
16957,1051-52,5_3_11,3,False,4,3,4,4,3,4,3,4
16960,1051-52,4_2_11,3,False,4,4,4,4,4,4,3,4
16966,1051-52,1_1_1,3,False,5,4,5,5,4,4,5,5
16974,1051-52,1_1_5,3,False,4,4,4,3,4,3,3,4
16984,1051-52,2_3_8,3,False,4,4,3,4,4,4,4,4
16993,1051-52,1_1_4,3,False,5,4,4,4,4,4,5,5
16994,1051-52,4_2_11,3,False,4,3,3,4,4,3,4,4
16995,1051-52,2_4_11,3,False,4,5,5,4,4,4,5,5
17001,1051-52,1_1_4,3,False,4,5,4,4,5,4,4,4
17003,1051-52,4_2_12,3,False,3,4,3,4,3,4,4,3
17004,1051-52,2_4_12,3,False,5,4,4,4,4,3,3,4
17005,1051-52,3_2_2,3,False,5,5,5,4,4,5,5,5
17006,1051-52,2_2_3,3,False,4,5,4,4,3,3,4,4
17007,1051-52,5_3_12,3,False,3,3,2,3,3,3,2,1
17011,1051-52,2_1_1,3,False,4,4,3,4,4,4,4,4
17012,1051-52,2_2_3,3,False,4,3,4,3,3,3,4,3
17014,1051-52,2_4_10,3,False,4,4,4,4,4,4,3,4
17015,1051-52,2_2_2,3,False,4,4,3,3,4,4,3,3
17019,1051-52,4_2_8,3,False,4,3,4,4,4,3,4,4
17027,1051-52,2_4_11,3,False,4,4,4,4,4,4,4,4
17028,1051-52,2_2_3,3,False,4,4,4,4,4,4,4,3
17030,1051-52,3_5_13,3,False,4,3,3,5,4,4,3,4
17032,1051-52,2_4_11,3,False,4,4,4,4,4,4,3,4
17033,1051-52,4_2_8,3,False,4,4,5,5,5,4,5,4
17035,1051-52,1_2_1,3,False,5,4,4,4,4,4,2,5
17036,1051-52,4_2_11,3,False,4,4,4,4,4,4,4,4
17038,1051-52,4_2_8,3,False,4,4,5,5,4,4,4,4
17042,1051-52,2_4_10,3,False,4,4,4,4,3,4,3,4
17043,1051-52,2_1_1,3,False,4,4,4,4,4,4,4,4
17044,1051-52,2_3_7,3,False,5,5,3,4,5,4,4,5
17051,1051-52,2_2_4,3,False,5,5,5,4,4,4,5,4
17053,1051-52,1_1_2,3,False,4,4,5,4,4,4,4,4
17056,1051-52,3_2_2,3,False,5,5,4,3,4,4,4,4
17058,1051-52,2_4_12,3,False,3,3,4,3,4,4,4,4
17060,1051-52,3_5_13,3,False,4,4,5,5,4,3,4,5
17061,1051-52,2_3_7,3,False,4,4,3,4,3,3,3,3
17062,1051-52,1_1_4,3,False,4,5,5,4,4,5,4,4
17076,1051-52,2_2_4,3,False,4,4,4,4,3,3,4,4
17077,1051-52,1_1_1,3,False,4,4,3,5,4,3,3,4
17078,1051-52,2_2_5,3,False,5,4,4,4,4,5,4,3
17079,1051-52,2_2_5,3,False,5,4,5,4,4,4,4,5
17082,1051-52,4_2_11,3,False,3,4,4,3,3,4,4,3
17084,1051-52,2_2_6,3,False,4,4,3,4,4,4,3,3
17085,1051-52,3_2_2,3,False,5,4,4,4,4,4,4,4
17087,1051-52,4_2_10,3,False,4,4,4,3,3,4,4,3
17098,1051-52,1_1_2,3,False,3,4,4,4,4,3,4,4
17102,1051-52,4_2_12,3,False,4,4,3,4,4,4,4,4
17103,1051-52,1_1_3,3,False,5,4,5,4,5,5,5,5
17107,1051-52,4_2_12,3,False,4,4,4,4,4,4,3,4
17109,1051-52,1_1_2,3,False,4,5,3,4,4,4,3,4
17114,1051-52,1_1_4,3,False,4,3,4,3,3,4,3,3
17116,1051-52,3_5_13,3,False,3,4,2,3,3,3,3,3
17123,1051-52,2_1_1,3,False,4,5,4,3,4,4,4,3
17128,1051-52,1_1_2,3,False,5,5,4,3,3,3,4,3
17129,1051-52,2_3_9,3,False,3,4,4,3,4,3,3,3
17130,1051-52,2_2_4,3,False,4,4,3,3,4,4,4,3
17131,1051-52,2_4_10,3,False,5,4,4,5,4,4,4,4
17133,1051-52,1_1_3,3,False,4,4,4,4,3,4,3,4
17135,1051-52,2_2_4,3,False,4,5,3,3,4,4,5,4
17136,1051-52,2_2_3,3,False,4,4,4,5,4,4,3,5
17144,1051-52,2_4_10,3,False,5,3,4,4,4,4,3,4
17145,1051-52,4_2_9,3,False,3,4,5,3,3,4,3,3
17148,1051-52,4_2_12,3,False,4,4,5,4,4,4,4,5
17150,1051-52,2_4_10,3,False,4,4,4,5,4,4,3,4
17151,1051-52,2_2_5,3,False,4,4,4,4,4,3,5,4
17153,1051-52,1_2_1,3,False,4,5,4,5,4,5,5,4
17156,1051-52,4_2_12,3,False,4,5,5,5,5,4,5,5
17157,1051-52,3_5_13,3,False,4,4,4,3,4,3,4,4
17158,1051-52,2_3_7,3,False,4,4,5,4,4,4,4,5
17161,1051-52,4_2_11,3,False,4,4,3,3,3,3,4,4
17162,1051-52,2_2_5,3,False,5,4,5,5,4,4,4,5
17164,1051-52,2_4_10,3,False,4,4,3,4,4,4,4,4
17169,1051-52,2_3_7,3,False,5,4,5,4,4,3,4,4
17170,1051-52,5_3_11,3,False,4,4,4,3,4,4,3,3
17172,1051-52,2_2_3,3,False,4,4,3,2,3,4,4,3
17174,1051-52,2_1_1,3,False,3,3,4,5,4,4,3,4
17175,1051-52,4_2_11,3,False,3,4,4,4,4,3,3,4
17178,1051-52,2_2_4,3,False,4,4,4,4,4,4,4,4
17179,1051-52,2_3_8,3,False,5,4,4,5,5,5,4,4
17180,1051-52,4_2_12,3,False,5,5,5,5,4,4,4,5
17181,1051-52,4_2_12,3,False,4,4,5,4,4,4,4,5
17187,1051-52,2_2_2,3,False,4,4,3,3,3,3,3,4
17188,1051-52,2_2_4,3,False,5,4,4,4,5,4,4,4
17196,1051-52,4_2_12,3,False,5,5,4,5,5,5,5,4
17197,1051-52,3_2_2,3,False,3,3,4,5,4,4,4,4
17198,1051-52,2_2_3,3,False,4,4,4,4,4,4,4,4
17199,1051-52,2_4_12,3,False,4,4,4,4,3,4,4,4
17201,1051-52,2_3_7,3,False,4,4,4,4,4,4,3,4
17203,1051-52,2_3_9,3,False,4,4,4,5,4,3,3,3
17207,1051-52,2_2_4,3,False,5,5,4,4,4,5,4,4
17208,1051-52,2_2_4,3,False,3,3,3,3,3,3,3,2
17209,1051-52,2_2_2,3,False,5,4,4,5,5,4,5,5
17216,1051-52,1_2_1,3,False,4,4,5,5,4,5,3,4
17221,1051-52,1_1_5,3,False,4,4,4,3,4,4,4,4
17224,1051-52,2_3_8,3,False,3,3,2,3,3,3,4,3
17226,1051-52,4_2_12,3,False,4,5,4,4,4,4,4,4
17232,1051-52,1_1_5,3,False,5,4,3,4,3,4,4,4
17235,1051-52,2_3_8,3,False,4,4,3,3,3,3,4,4
17236,1051-52,3_2_2,3,False,4,3,3,4,3,3,4,4
17237,1051-52,5_3_11,3,False,4,4,4,4,5,4,4,4
17238,1051-52,3_2_2,3,False,4,3,3,3,4,4,3,3
17241,1051-52,2_4_11,3,False,5,5,4,5,5,5,4,5
17243,1051-52,2_4_12,3,False,4,4,3,4,3,3,4,2
17244,1051-52,2_2_3,3,False,5,4,4,4,4,5,5,4
17245,1051-52,4_2_12,3,False,4,3,3,4,4,4,5,4
17246,1051-52,1_1_5,3,False,5,4,3,4,3,5,4,5
17248,1051-52,1_1_3,3,False,4,4,3,4,3,4,3,3
17252,1051-52,2_2_5,3,False,5,4,4,4,5,3,3,3
17254,1051-52,1_1_5,3,False,4,4,4,4,4,4,3,5
17256,1051-52,3_1_1,3,False,5,4,4,4,4,5,3,4
17259,1051-52,3_5_13,3,False,4,3,5,4,4,4,4,4
17261,1051-52,2_3_8,3,False,4,5,4,4,3,4,3,4
17263,1051-52,2_4_10,3,False,4,3,4,4,4,4,4,3
17264,1051-52,2_4_12,3,False,4,4,4,4,4,4,4,4
17265,1051-52,1_1_5,3,False,4,4,4,4,4,4,3,4
17268,1051-52,2_3_7,3,False,4,4,4,4,3,4,4,3
17271,1051-52,2_4_10,3,False,4,5,4,4,4,4,4,4
17272,1051-52,3_2_2,3,False,4,4,4,4,4,4,4,4
17274,1051-52,2_2_3,3,False,5,4,4,5,4,4,4,5
17275,1051-52,2_4_12,3,False,4,3,3,3,3,4,4,2
17276,1051-52,4_2_10,3,False,3,2,4,4,4,3,3,3
17278,1051-52,4_2_8,3,False,4,4,5,4,3,4,4,4
17284,1051-52,4_2_10,3,False,4,4,4,4,4,3,5,4
17285,1051-52,2_2_3,3,False,3,2,2,2,2,3,3,2
17286,1051-52,1_1_2,3,False,4,4,3,4,4,3,4,3
17287,1051-52,3_5_13,3,False,4,4,4,5,4,4,4,5
17289,1051-52,2_4_10,3,False,4,4,3,4,3,3,4,4
17295,1051-52,2_2_4,3,False,5,4,4,4,5,4,3,4
17300,1051-52,2_2_2,3,False,4,4,4,3,3,3,4,3
17309,1051-52,2_3_7,3,False,5,4,3,4,4,4,3,4
17314,1051-52,4_2_8,3,False,4,3,4,4,5,4,4,4
17319,1051-52,1_2_1,3,False,5,5,5,5,4,5,4,5
17322,1051-52,2_3_8,3,False,4,5,4,3,3,4,4,4
17324,1051-52,4_2_8,3,False,3,4,3,4,3,3,4,4
17326,1051-52,2_2_5,3,False,4,4,4,4,4,4,4,3
17340,1051-52,2_2_6,3,False,4,4,4,4,3,4,4,4
17342,1051-52,1_1_3,3,False,4,4,3,3,4,4,4,3
17343,1051-52,2_4_10,3,False,4,4,4,4,4,4,4,4
17349,1051-52,2_2_3,3,False,4,4,3,4,3,4,3,4
17354,1051-52,2_2_6,3,False,4,3,4,4,4,4,3,4
17355,1051-52,2_4_10,3,False,5,4,4,4,4,3,5,5
17360,1051-52,4_2_11,3,False,4,3,3,4,4,4,3,3
17361,1051-52,3_5_13,3,False,4,4,4,4,4,4,4,4
17362,1051-52,2_3_7,3,False,5,4,5,4,4,5,4,5
17369,1051-52,2_2_6,3,False,4,4,4,4,3,3,3,4
17370,1051-52,4_2_10,3,False,5,4,4,5,4,4,4,5
17371,1051-52,2_3_8,3,False,3,3,2,3,3,2,4,2
17373,1051-52,4_2_12,3,False,5,4,5,4,4,4,4,5
17375,1051-52,3_1_1,3,False,5,4,4,4,5,5,5,5
17376,1051-52,2_2_5,3,False,5,4,4,5,4,4,4,5
17380,1051-52,3_2_2,3,False,4,4,4,4,4,4,3,4
17382,1051-52,2_4_10,3,False,5,3,4,4,5,4,4,5
17383,1051-52,1_1_5,3,False,4,4,4,4,5,4,4,4
17384,1051-52,3_5_13,3,False,4,5,5,4,4,4,4,4
17385,1051-52,2_4_10,3,False,3,4,4,5,4,4,3,3
17386,1051-52,2_4_12,3,False,4,4,3,3,3,4,3,3
17387,1051-52,1_2_1,3,False,5,4,4,4,4,5,4,5
17388,1051-52,3_5_13,3,False,3,4,5,5,5,4,4,4
17391,1051-52,2_3_7,3,False,3,3,3,3,3,3,3,3
17393,1051-52,2_2_5,3,False,3,4,3,3,4,4,3,4
17394,1051-52,2_2_5,3,False,5,5,4,4,5,5,5,5
17395,1051-52,3_5_13,3,False,4,4,3,4,4,4,4,4
17400,1051-52,2_3_8,3,False,4,4,4,4,4,4,3,4
17403,1051-52,4_2_8,3,False,3,3,4,4,4,3,3,3
17408,1051-52,2_2_4,3,False,5,4,4,5,5,5,4,5
17412,1051-52,2_4_12,3,False,4,4,4,4,4,3,4,4
17413,1051-52,4_2_12,3,False,5,4,5,5,5,4,4,4
17419,1051-52,4_2_11,3,False,5,4,4,4,4,4,3,4
17426,1051-52,2_2_3,3,False,5,5,5,5,4,5,5,5
17427,1051-52,4_2_12,3,False,4,4,4,4,4,5,3,4
17440,1051-52,1_1_3,3,False,5,4,4,4,4,3,3,4
17441,1051-52,4_2_12,3,False,5,5,5,5,4,5,5,5
17450,1051-52,4_2_10,3,False,4,3,4,4,4,4,4,4
17451,1051-52,2_2_5,3,False,5,4,4,4,5,4,5,5
17458,1051-52,1_1_5,3,False,4,4,3,4,4,3,3,3
17459,1051-52,2_3_8,3,False,5,4,4,4,3,4,3,4
17462,1051-52,2_2_2,3,False,4,4,3,5,4,4,5,3
17467,1051-52,2_2_3,3,False,4,4,3,4,4,4,3,4
17470,1051-52,3_5_13,3,False,3,3,3,4,4,3,3,3
17471,1051-52,5_3_12,3,False,3,3,4,4,4,4,4,4
17476,1051-52,2_4_12,3,False,4,4,3,3,4,3,4,3
17477,1051-52,2_1_1,3,False,4,4,4,4,5,4,4,4
17478,1051-52,3_2_2,3,False,4,4,3,4,3,3,4,3
17479,1051-52,2_1_1,3,False,4,3,4,4,4,4,3,4
17480,1051-52,2_3_7,3,False,5,4,3,3,5,5,3,4
17483,1051-52,5_3_12,3,False,4,3,2,4,3,4,4,4
17484,1051-52,4_2_10,3,False,4,4,4,4,4,4,4,4
17488,1051-52,4_2_11,3,False,3,4,4,4,4,3,4,4
17492,1051-52,2_4_12,3,False,4,5,4,5,4,4,4,5
17493,1051-52,4_2_12,3,False,4,4,4,4,4,4,4,4
17495,1051-52,2_3_8,3,False,4,3,4,4,4,4,3,4
17504,1051-52,3_5_13,3,False,3,3,4,4,3,4,4,3
17506,1051-52,3_2_2,3,False,5,5,4,5,4,5,5,4
17508,1051-52,2_4_12,3,False,5,5,4,5,4,4,4,5
17509,1051-52,1_2_1,3,False,4,4,4,5,3,4,4,4
17510,1051-52,2_2_3,3,False,4,4,5,4,4,4,4,4
17511,1051-52,2_3_7,3,False,5,4,5,4,5,4,5,5
17512,1051-52,3_5_13,3,False,3,4,2,4,4,3,3,3
17517,1051-52,4_2_11,3,False,4,4,4,3,4,4,4,4
17518,1051-52,2_2_6,3,False,4,5,5,4,4,4,4,5
17519,1051-52,2_4_10,3,False,4,4,3,4,4,4,3,4
17532,1051-52,2_2_4,3,False,4,4,3,4,3,4,3,4
17535,1051-52,2_2_3,3,False,5,5,5,4,5,5,5,4
17538,1051-52,5_3_11,3,False,4,4,5,5,4,4,4,5
17539,1051-52,2_4_12,3,False,3,4,2,3,3,3,3,2
17540,1051-52,5_3_11,3,False,4,3,4,4,3,4,4,4
17542,1051-52,2_1_1,3,False,4,4,3,4,4,5,4,3
17544,1051-52,4_2_8,3,False,4,4,5,4,4,4,4,5
17550,1051-52,3_1_1,3,False,5,4,5,4,4,3,4,4
17552,1051-52,2_2_3,3,False,4,4,3,4,4,4,5,4
17553,1051-52,2_2_2,3,False,4,4,4,4,4,3,4,3
17561,1051-52,2_3_8,3,False,4,4,3,5,3,4,3,4
17562,1051-52,2_1_1,3,False,4,4,4,4,4,4,3,4
17565,1051-52,1_1_3,3,False,5,5,5,4,5,4,4,5
17567,1051-52,2_3_7,3,False,5,5,4,4,4,4,4,5
17568,1051-52,2_2_5,3,False,4,4,4,4,4,4,4,4
17572,1051-52,2_1_1,3,False,4,3,4,4,4,3,4,4
17573,1051-52,2_3_9,3,False,4,4,4,4,4,4,4,4
17578,1051-52,1_1_4,3,False,5,4,5,4,5,4,5,5
17584,1051-52,3_5_13,3,False,4,4,3,4,4,3,4,4
17600,1051-52,1_1_1,3,False,5,4,4,4,4,4,4,5
17601,1051-52,2_2_3,3,False,3,4,3,4,3,3,4,4
17603,1051-52,1_1_5,3,False,5,5,4,5,4,4,5,5
17607,1051-52,5_3_11,3,False,4,4,4,4,3,4,3,4
17608,1051-52,1_1_2,3,False,4,4,4,5,4,3,4,4
17609,1051-52,5_3_11,3,False,4,4,4,3,3,4,4,4
17613,1051-52,2_2_4,3,False,5,5,5,5,4,4,4,4
17614,1051-52,2_4_12,3,False,5,3,4,3,4,4,4,4
17615,1051-52,2_2_5,3,False,4,4,4,4,4,4,3,4
17617,1051-52,1_1_4,3,False,5,4,4,4,4,5,5,4
17618,1051-52,4_2_12,3,False,4,4,4,4,4,4,5,4
17619,1051-52,1_2_1,3,False,4,4,4,4,4,4,3,4
17620,1051-52,1_2_1,3,False,4,4,4,4,4,4,3,4
17621,1051-52,2_4_10,3,False,4,5,4,4,4,4,4,5
17623,1051-52,4_2_12,3,False,5,5,4,4,5,5,5,5
17625,1051-52,2_2_5,3,False,5,4,4,3,4,4,4,3
17626,1051-52,1_1_1,3,False,4,5,4,4,4,4,4,4
17632,1051-52,1_2_1,3,False,4,4,4,4,4,4,3,4
17633,1051-52,5_3_11,3,False,4,4,4,4,4,4,3,5
17634,1051-52,2_1_1,3,False,5,4,4,5,4,4,4,4
17638,1051-52,2_4_10,3,False,3,4,3,4,4,4,3,4
17641,1051-52,2_2_6,3,False,5,5,5,5,5,5,4,5
17643,1051-52,1_2_1,3,False,3,4,3,3,3,4,4,3
17647,1051-52,2_2_2,3,False,4,4,4,3,3,5,3,4
17648,1051-52,4_2_12,3,False,4,4,4,4,4,4,4,4
17650,1051-52,1_1_4,3,False,4,4,4,3,4,4,3,4
17660,1051-52,2_2_5,3,False,4,4,3,4,4,3,4,4
17661,1051-52,4_2_9,3,False,3,3,4,4,4,2,3,4
17663,1051-52,2_3_8,3,False,4,4,4,4,4,4,4,4
17664,1051-52,2_2_3,3,False,4,4,4,5,4,4,4,4
17665,1051-52,4_2_12,3,False,5,4,4,4,4,4,5,5
17666,1051-52,2_2_5,3,False,4,5,5,4,4,4,4,4
17668,1051-52,3_1_1,3,False,5,4,4,5,5,5,4,5
17674,1051-52,4_2_11,3,False,4,4,5,4,4,4,4,4
17675,1051-52,2_4_10,3,False,4,3,5,4,3,3,3,4
17679,1051-52,2_3_8,3,False,4,5,4,5,4,3,4,5
17682,1051-52,1_2_1,3,False,5,4,5,5,5,5,4,5
17686,1051-52,4_2_10,3,False,3,3,4,3,3,3,3,3
17687,1051-52,4_2_12,3,False,4,4,4,4,4,3,4,4
17692,1051-52,1_1_2,3,False,4,4,4,4,3,4,4,4
17693,1051-52,4_2_11,3,False,4,4,4,4,3,4,4,3
17696,1051-52,2_4_11,3,False,4,4,3,4,4,4,3,3
17698,1051-52,1_1_1,3,False,5,5,5,5,5,5,5,5
17701,1051-52,2_4_11,3,False,3,3,3,4,4,4,3,3
17704,1051-52,4_2_9,3,False,4,3,3,4,4,4,3,3
17712,1051-52,1_1_4,3,False,4,5,5,4,4,4,5,4
17714,1051-52,1_2_1,3,False,4,4,4,4,4,4,4,4
17719,1051-52,1_1_3,3,False,4,4,3,4,3,3,4,4
17723,1051-52,2_3_9,3,False,4,4,3,4,4,4,4,4
17724,1051-52,2_4_11,3,False,5,4,4,4,3,4,4,5
17726,1051-52,4_2_10,3,False,2,3,3,3,3,3,3,3
17727,1051-52,2_2_6,3,False,4,4,4,4,4,3,3,3
17731,1051-52,1_1_4,3,False,4,4,4,4,3,4,4,4
17733,1051-52,4_2_10,3,False,4,4,4,5,3,4,4,3
17736,1051-52,2_1_1,3,False,4,4,4,4,4,4,3,4
17742,1051-52,4_2_9,3,False,4,5,4,4,4,5,4,4
17744,1051-52,2_2_3,3,False,4,4,4,4,4,4,4,4
17750,1051-52,2_2_3,3,False,4,4,5,4,4,4,5,3
17751,1051-52,2_2_5,3,False,5,4,4,3,4,5,4,3
17752,1051-52,2_2_6,3,False,5,4,5,4,4,4,4,4
17753,1051-52,1_1_4,3,False,5,4,3,4,3,4,4,4
17754,1051-52,2_2_2,3,False,4,4,5,4,4,4,3,3
17767,1051-52,1_1_3,3,False,4,4,4,5,5,4,4,4
17769,1051-52,2_3_7,3,False,5,4,5,5,4,4,4,4
17772,1051-52,1_1_5,3,False,4,4,4,4,4,4,4,4
17773,1051-52,2_4_12,3,False,4,3,4,4,4,4,3,4
17776,1051-52,2_2_5,3,False,4,4,4,4,4,3,4,5
17777,1051-52,4_2_12,3,False,5,4,4,5,4,4,4,5
17782,1051-52,1_1_4,3,False,3,4,3,3,3,4,4,4
17788,1051-52,5_3_11,3,False,4,4,3,4,4,3,4,4
17790,1051-52,2_4_10,3,False,4,3,3,3,4,3,3,3
17793,1051-52,2_4_11,3,False,4,4,4,3,5,4,5,4
17794,1051-52,2_4_10,3,False,5,4,5,5,5,4,4,5
17795,1051-52,2_2_2,3,False,4,4,4,4,4,4,4,4
17798,1051-52,4_2_11,3,False,4,5,3,5,3,3,3,4
17800,1051-52,2_2_5,3,False,5,4,5,5,5,5,5,5
17805,1051-52,2_2_3,3,False,4,4,3,3,3,3,4,4
17807,1051-52,5_3_11,3,False,4,4,3,4,4,4,3,4
17808,1051-52,1_1_5,3,False,4,4,4,3,4,3,3,3
17809,1051-52,4_2_8,3,False,3,3,4,2,2,3,3,3
17810,1051-52,4_2_8,3,False,5,4,4,4,4,4,4,5
17814,1051-52,2_2_3,3,False,4,4,4,4,4,4,4,4
17815,1051-52,2_1_1,3,False,4,4,4,4,4,4,4,3
17824,1051-52,4_2_12,3,False,4,4,4,4,4,3,4,4
17826,1051-52,1_1_1,3,False,5,4,4,4,3,4,5,4
17828,1051-52,4_2_12,3,False,4,4,4,4,3,4,4,4
17836,1051-52,2_4_12,3,False,5,5,4,5,4,4,4,5
17840,1051-52,3_2_2,3,False,4,4,4,5,4,4,4,4
17842,1051-52,3_5_13,3,False,4,4,4,3,4,5,3,4
17843,1051-52,4_2_12,3,False,4,3,3,4,4,3,3,4
17844,1051-52,3_5_13,3,False,3,3,3,4,4,3,3,3
17846,1051-52,4_2_12,3,False,5,4,3,4,4,5,4,4
17849,1051-52,4_2_12,3,False,4,5,3,5,4,4,4,4
17850,1051-52,2_3_7,3,False,4,4,4,5,3,3,3,4
17851,1051-52,5_3_11,3,False,3,3,3,3,3,3,3,3
17854,1051-52,2_4_10,3,False,5,4,4,4,3,3,4,4
17860,1051-52,2_3_8,3,False,5,5,5,5,4,5,4,5
17861,1051-52,4_2_11,3,False,3,3,3,4,3,3,3,4
17863,1051-52,3_5_13,3,False,4,4,4,3,4,5,3,4
17864,1051-52,2_2_3,3,False,4,4,4,3,4,3,3,4
17868,1051-52,3_2_2,3,False,4,5,3,5,4,4,4,5
17880,1051-52,2_1_1,3,False,5,5,5,5,5,5,4,5
17889,1051-52,2_4_12,3,False,4,3,3,3,2,3,3,3
17891,1051-52,2_2_3,3,False,3,4,3,3,4,3,3,3
17893,1051-52,4_2_9,3,False,4,4,3,4,4,4,3,4
17894,1051-52,2_1_1,3,False,4,4,3,4,4,4,4,4
17905,1051-52,1_1_5,3,False,5,4,5,4,4,4,4,4
17906,1051-52,1_1_5,3,False,4,4,5,4,5,4,4,4
17909,1051-52,1_2_1,3,False,4,4,4,4,4,4,4,4
17910,1051-52,1_1_3,3,False,5,4,4,4,4,4,4,4
17911,1051-52,1_1_5,3,False,5,4,3,4,4,4,4,5
17912,1051-52,2_2_6,3,False,5,4,5,4,4,5,5,5
17916,1051-52,4_2_10,3,False,5,5,4,4,4,4,4,5
17917,1051-52,4_2_11,3,False,4,4,4,5,3,3,3,4
17918,1051-52,2_2_3,3,False,4,3,4,4,3,3,3,3
17920,1051-52,2_2_5,3,False,4,4,3,3,3,3,3,4
17925,1051-52,2_1_1,3,False,4,5,4,3,4,4,4,4
17928,1051-52,2_2_2,3,False,4,4,3,4,3,4,4,4
1793,1051-52,4_2_9,3,False,4,4,3,3,4,3,3,3
17930,1051-52,1_1_3,3,False,4,4,4,4,4,5,3,4
17934,1051-52,2_2_5,3,False,4,4,3,3,4,4,4,3
17942,1051-52,2_2_5,3,False,4,4,4,5,4,4,4,4
17943,1051-52,2_2_3,3,False,4,4,4,4,4,4,4,4
17948,1051-52,4_2_8,3,False,4,4,5,4,4,4,4,5
17952,1051-52,1_1_4,3,False,4,3,3,4,4,4,3,4
17957,1051-52,2_3_9,3,False,4,4,4,5,4,4,4,5
17958,1051-52,4_2_9,3,False,4,4,4,4,4,4,3,3
17965,1051-52,4_2_12,3,False,4,4,4,3,3,4,3,3
17972,1051-52,5_3_11,3,False,4,3,4,4,4,4,4,4
17973,1051-52,4_2_12,3,False,4,4,5,4,4,4,4,4
17975,1051-52,2_2_3,3,False,3,4,3,3,3,4,4,3
17978,1051-52,3_5_13,3,False,3,4,4,4,4,4,4,4
17979,1051-52,2_2_2,3,False,5,4,5,5,4,4,4,4
17981,1051-52,2_3_7,3,False,4,4,4,4,4,4,3,4
17983,1051-52,2_3_8,3,False,4,5,5,4,5,4,4,5
17984,1051-52,3_5_13,3,False,4,3,4,4,3,3,4,3
17988,1051-52,2_4_12,3,False,5,5,4,5,4,4,4,4
17992,1051-52,1_1_4,3,False,4,5,4,3,4,4,4,4
17994,1051-52,2_4_10,3,False,5,4,4,4,4,4,4,4
17996,1051-52,2_4_12,3,False,4,4,4,3,4,4,4,4
17998,1051-52,1_1_4,3,False,5,4,4,4,4,4,5,4
18004,1051-52,4_2_8,3,False,4,3,3,4,3,3,4,3
18008,1051-52,2_2_5,3,False,4,4,5,5,5,4,4,4
18012,1051-52,4_2_12,3,False,4,4,4,5,3,4,4,5
18014,1051-52,3_2_2,3,False,5,4,3,3,3,3,3,4
18015,1051-52,4_2_10,3,False,3,3,4,4,4,4,3,4
18017,1051-52,2_4_10,3,False,5,5,4,5,5,5,4,4
18019,1051-52,4_2_8,3,False,3,3,3,4,3,3,2,2
18022,1051-52,4_2_12,3,False,4,4,3,4,3,3,3,3
18027,1051-52,2_1_1,3,False,4,3,4,4,4,4,4,3
18028,1051-52,1_1_4,3,False,5,4,4,4,4,3,3,4
18030,1051-52,1_1_4,3,False,4,4,4,4,4,4,4,5
18032,1051-52,2_3_7,3,False,5,4,4,4,4,4,5,5
18035,1051-52,2_3_7,3,False,4,4,4,4,4,4,3,3
18037,1051-52,2_4_12,3,False,4,5,3,3,3,4,3,4
18044,1051-52,1_2_1,3,False,4,4,4,4,5,4,4,4
18048,1051-52,2_4_12,3,False,4,4,5,5,4,4,4,4
18055,1051-52,4_2_8,3,False,3,3,4,3,3,4,4,3
18061,1051-52,2_1_1,3,False,5,5,4,4,4,4,4,5
18064,1051-52,4_2_12,3,False,5,4,4,5,4,4,4,5
18067,1051-52,2_1_1,3,False,4,4,4,5,4,4,4,4
18068,1051-52,4_2_9,3,False,4,3,3,3,4,3,4,3
18070,1051-52,4_2_11,3,False,3,4,3,4,3,4,4,3
18071,1051-52,1_1_2,3,False,3,3,4,3,4,4,3,4
18072,1051-52,3_5_13,3,False,3,3,3,3,3,3,3,3
18074,1051-52,2_4_10,3,False,4,4,5,5,4,4,4,5
18076,1051-52,4_2_9,3,False,4,3,3,4,4,3,4,4
18078,1051-52,2_4_11,3,False,4,4,5,4,4,4,4,5
18081,1051-52,3_5_13,3,False,4,3,4,4,4,4,3,5
18084,1051-52,4_2_12,3,False,4,4,4,4,4,4,3,4
18086,1051-52,2_4_12,3,False,5,4,4,4,4,4,5,5
18087,1051-52,1_2_1,3,False,4,4,3,4,3,3,4,3
18088,1051-52,4_2_8,3,False,4,5,4,4,5,4,5,4
18096,1051-52,2_3_9,3,False,5,4,4,5,5,4,4,5
18100,1051-52,2_4_10,3,False,4,3,2,3,4,3,3,3
18101,1051-52,1_1_2,3,False,4,4,4,4,4,4,4,5
18108,1051-52,4_2_8,3,False,4,4,4,5,5,4,4,4
18109,1051-52,2_4_12,3,False,5,4,5,4,4,5,4,4
18110,1051-52,3_2_2,3,False,5,5,5,5,4,5,5,5
18115,1051-52,2_1_1,3,False,5,5,4,5,5,5,4,5
18116,1051-52,2_2_5,3,False,5,4,5,5,4,5,5,5
18121,1051-52,2_1_1,3,False,4,4,4,4,4,3,2,4
18125,1051-52,2_2_2,3,False,5,5,5,4,4,4,4,5
18126,1051-52,4_2_8,3,False,3,3,3,4,3,4,3,4
18129,1051-52,1_1_1,3,False,4,4,3,3,4,4,4,3
18130,1051-52,2_3_7,3,False,4,4,4,5,4,5,4,5
18131,1051-52,2_2_6,3,False,4,4,4,3,4,4,5,4
18132,1051-52,2_4_12,3,False,4,4,3,3,4,4,3,3
18137,1051-52,4_2_12,3,False,4,5,4,4,4,4,5,4
18140,1051-52,4_2_9,3,False,4,3,3,4,4,4,5,4
18142,1051-52,4_2_9,3,False,4,4,3,4,4,4,4,4
18143,1051-52,4_2_9,3,False,4,3,4,4,3,3,3,3
18144,1051-52,4_2_8,3,False,5,4,4,5,4,4,4,4
18147,1051-52,2_3_8,3,False,4,4,4,4,4,4,4,4
18150,1051-52,1_1_1,3,False,4,4,5,4,4,3,4,4
18151,1051-52,2_4_12,3,False,4,5,4,5,5,4,5,4
18152,1051-52,1_1_1,3,False,5,4,5,4,4,5,4,5
18154,1051-52,3_5_13,3,False,3,4,3,5,4,3,3,4
18157,1051-52,1_1_3,3,False,4,3,3,3,4,3,4,3
18158,1051-52,4_2_8,3,False,3,4,3,3,4,4,3,4
18162,1051-52,2_3_9,3,False,4,4,4,4,4,5,5,5
18163,1051-52,2_2_4,3,False,5,4,3,4,4,3,5,4
18164,1051-52,3_5_13,3,False,4,4,4,3,4,4,3,4
18174,1051-52,3_2_2,3,False,4,4,4,4,4,4,3,4
18179,1051-52,2_4_12,3,False,4,4,3,3,4,4,3,3
18185,1051-52,5_3_12,3,False,4,3,3,4,4,4,3,3
18190,1051-52,2_3_8,3,False,4,4,3,3,3,4,4,4
18192,1051-52,3_2_2,3,False,5,4,4,4,4,4,4,5
18197,1051-52,4_2_8,3,False,4,4,4,4,3,4,4,3
18200,1051-52,3_5_13,3,False,5,4,5,5,4,4,4,5
18210,1051-52,2_3_9,3,False,4,5,4,5,5,5,4,5
18212,1051-52,5_3_11,3,False,3,4,3,3,3,4,3,3
18214,1051-52,4_2_10,3,False,4,5,4,4,4,3,4,4
18215,1051-52,3_1_1,3,False,4,4,4,4,3,4,4,4
18216,1051-52,3_5_13,3,False,4,4,5,4,4,4,4,4
18222,1051-52,1_1_3,3,False,4,4,2,4,4,3,3,3
18233,1051-52,3_2_2,3,False,5,4,4,4,3,4,4,4
18240,1051-52,4_2_11,3,False,3,3,4,5,4,4,4,5
18242,1051-52,2_2_5,3,False,3,3,3,4,3,3,4,3
18243,1051-52,2_2_4,3,False,4,3,3,4,3,4,3,3
18248,1051-52,2_3_9,3,False,3,3,3,2,3,3,3,3
18249,1051-52,1_1_1,3,False,4,5,4,4,4,4,5,4
18258,1051-52,2_3_8,3,False,4,3,3,3,3,3,3,2
18261,1051-52,4_2_9,3,False,4,4,5,5,3,4,4,5
18265,1051-52,5_3_12,3,False,3,4,4,3,3,3,4,4
18266,1051-52,2_4_12,3,False,4,5,4,5,5,4,4,4
18267,1051-52,1_1_2,3,False,4,4,5,4,4,4,4,4
18269,1051-52,3_1_1,3,False,3,3,3,4,4,3,3,4
18271,1051-52,1_1_3,3,False,3,4,3,3,3,3,4,3
18272,1051-52,2_2_5,3,False,5,5,5,5,4,4,4,4
18276,1051-52,2_2_3,3,False,4,5,4,3,4,4,4,4
18277,1051-52,1_1_3,3,False,4,4,4,4,3,4,4,4
18278,1051-52,2_3_8,3,False,4,3,3,3,3,3,3,3
18280,1051-52,2_3_8,3,False,4,3,3,3,4,3,3,3
18282,1051-52,2_3_7,3,False,4,5,5,5,5,4,4,5
18283,1051-52,4_2_11,3,False,4,4,4,4,4,4,4,4
18284,1051-52,5_3_12,3,False,4,3,5,4,4,4,4,4
18287,1051-52,1_1_3,3,False,4,4,3,4,4,3,4,4
18291,1051-52,4_2_8,3,False,4,4,3,3,3,3,3,3
18300,1051-52,2_3_8,3,False,4,3,4,4,4,3,4,4
18303,1051-52,2_4_12,3,False,5,3,4,4,4,3,3,5
18306,1051-52,2_4_12,3,False,4,5,4,5,4,4,3,4
18312,1051-52,3_1_1,3,False,4,4,4,5,4,5,4,4
18314,1051-52,2_1_1,3,False,4,4,5,4,4,4,4,4
18317,1051-52,2_4_10,3,False,4,5,4,4,4,4,4,4
18327,1051-52,2_2_2,3,False,3,3,2,2,2,3,3,2
18332,1051-52,4_2_11,3,False,4,4,4,4,4,4,4,3
18333,1051-52,2_3_8,3,False,4,4,5,4,4,4,4,4
18335,1051-52,2_4_10,3,False,4,4,4,4,4,3,3,3
18337,1051-52,2_3_8,3,False,4,4,3,4,4,3,3,4
18340,1051-52,4_2_9,3,False,4,4,4,4,4,4,3,3
18345,1051-52,1_1_3,3,False,5,4,4,4,4,4,4,5
18348,1051-52,1_1_3,3,False,5,5,4,4,4,4,4,5
18350,1051-52,4_2_10,3,False,4,4,5,4,4,4,4,4
18357,1051-52,2_1_1,3,False,4,4,3,3,3,3,3,4
18358,1051-52,2_2_3,3,False,4,4,4,4,5,3,4,4
18365,1051-52,4_2_11,3,False,4,4,4,4,4,3,3,4
18366,1051-52,4_2_9,3,False,4,4,3,4,3,4,3,4
18368,1051-52,2_2_2,3,False,4,4,3,3,4,4,4,4
18369,1051-52,4_2_12,3,False,5,4,4,4,4,4,2,3
18371,1051-52,2_3_9,3,False,4,4,5,5,4,4,4,4
18372,1051-52,4_2_12,3,False,5,4,4,4,4,4,4,5
18374,1051-52,3_2_2,3,False,5,5,4,5,4,4,4,4
18377,1051-52,4_2_8,3,False,3,4,3,4,4,4,4,4
18378,1051-52,4_2_9,3,False,3,4,4,4,3,4,3,4
18381,1051-52,1_1_3,3,False,3,4,3,4,3,4,3,3
18383,1051-52,1_1_3,3,False,5,4,4,5,5,4,4,4
18388,1051-52,2_3_7,3,False,5,4,5,3,4,5,5,5
18395,1051-52,4_2_9,3,False,3,3,4,4,3,4,3,3
18399,1051-52,2_2_4,3,False,5,5,5,5,5,5,4,5
18401,1051-52,2_4_12,3,False,5,5,5,4,4,5,4,4
18402,1051-52,3_5_13,3,False,3,4,4,4,4,4,4,4
18405,1051-52,3_5_13,3,False,3,4,3,4,4,3,3,3
18406,1051-52,2_2_5,3,False,4,4,4,4,4,4,4,4
18407,1051-52,2_3_8,3,False,4,4,3,3,3,3,2,3
18408,1051-52,5_3_11,3,False,4,4,4,4,4,3,3,5
18413,1051-52,4_2_10,3,False,3,3,2,3,3,3,3,3
18417,1051-52,1_2_1,3,False,4,3,4,2,3,3,3,3
18420,1051-52,1_1_1,3,False,4,4,4,5,4,4,3,4
18421,1051-52,2_2_2,3,False,3,4,3,3,3,4,3,3
18422,1051-52,2_2_6,3,False,4,3,4,4,4,4,3,4
18431,1051-52,4_2_12,3,False,3,3,4,4,4,3,5,3
18433,1051-52,4_2_12,3,False,5,5,5,5,4,5,5,5
18434,1051-52,2_2_3,3,False,4,4,4,4,3,4,4,4
18435,1051-52,1_1_5,3,False,4,4,5,4,4,4,5,5
18436,1051-52,5_3_12,3,False,3,3,3,3,4,3,3,3
18437,1051-52,4_2_10,3,False,3,3,4,4,4,4,4,4
18438,1051-52,2_3_9,3,False,5,5,5,5,4,5,4,5
18440,1051-52,2_2_2,3,False,5,5,4,4,4,4,5,5
18443,1051-52,4_2_8,3,False,4,4,4,4,3,4,4,5
18448,1051-52,2_2_5,3,False,4,4,4,4,4,4,4,4
18452,1051-52,5_3_11,3,False,4,4,5,5,4,4,4,5
18456,1051-52,3_5_13,3,False,3,4,4,4,3,3,4,4
18457,1051-52,2_4_12,3,False,4,4,4,4,4,3,4,4
18464,1051-52,4_2_11,3,False,3,3,4,5,4,3,5,3
18469,1051-52,2_2_4,3,False,4,5,4,5,4,4,3,4
18470,1051-52,2_3_7,3,False,5,3,4,4,4,3,4,3
18472,1051-52,1_1_3,3,False,4,5,4,3,4,4,4,4
18473,1051-52,1_2_1,3,False,4,4,4,3,4,4,4,4
18474,1051-52,2_2_3,3,False,4,4,4,3,3,4,4,4
18487,1051-52,2_2_5,3,False,5,4,3,4,4,5,4,5
18492,1051-52,2_2_4,3,False,5,4,4,4,5,4,4,5
18494,1051-52,2_3_7,3,False,5,5,5,5,4,4,5,5
18497,1051-52,2_3_8,3,False,5,4,4,5,4,4,4,5
18504,1051-52,2_2_4,3,False,5,4,4,5,5,5,4,4
18513,1051-52,2_2_3,3,False,4,4,4,4,4,4,3,4
18514,1051-52,2_3_7,3,False,5,4,4,4,4,3,4,3
18515,1051-52,4_2_10,3,False,4,4,4,4,4,5,4,5
18530,1051-52,4_2_12,3,False,4,3,2,3,3,4,4,4
18545,1051-52,1_1_5,3,False,3,3,3,5,4,4,3,3
18547,1051-52,2_2_2,3,False,4,4,4,4,3,3,4,4
1855,1051-52,1_1_4,3,True,5,4,4,5,4,5,5,5
18554,1051-52,4_2_8,3,False,4,4,4,4,4,4,3,4
18555,1051-52,2_2_2,3,False,4,4,3,3,3,4,4,3
18556,1051-52,1_2_1,3,False,4,4,3,3,4,4,4,3
18559,1051-52,2_1_1,3,False,5,5,4,4,4,4,4,5
18565,1051-52,1_1_4,3,False,5,5,4,4,4,4,4,4
18566,1051-52,1_1_3,3,False,4,5,4,4,3,4,4,5
18567,1051-52,1_2_1,3,False,5,5,4,4,4,5,4,4
18571,1051-52,2_1_1,3,False,5,5,4,5,4,4,4,5
18574,1051-52,5_3_11,3,False,3,4,4,4,3,4,4,3
18578,1051-52,2_2_6,3,False,4,4,4,4,4,4,4,3
18579,1051-52,2_2_4,3,False,5,5,4,5,4,4,5,5
18580,1051-52,3_2_2,3,False,4,4,2,4,3,4,3,3
18592,1051-52,4_2_8,3,False,4,4,4,4,5,5,4,5
18597,1051-52,2_1_1,3,False,4,3,3,3,3,3,2,3
18603,1051-52,2_4_12,3,False,4,4,3,4,4,4,4,5
18606,1051-52,4_2_12,3,False,5,4,4,4,4,4,4,5
18614,1051-52,2_2_4,3,False,4,5,4,4,4,4,4,5
18616,1051-52,1_1_2,3,False,4,4,3,4,4,4,4,3
18620,1051-52,2_2_3,3,False,5,5,4,5,4,5,4,5
18625,1051-52,2_2_3,3,False,3,3,3,2,3,3,4,3
18626,1051-52,1_1_2,3,False,4,3,4,4,5,4,4,4
18633,1051-52,1_2_1,3,False,4,4,4,4,4,4,4,4
18635,1051-52,2_2_5,3,False,4,4,3,4,5,4,3,4
18637,1051-52,2_2_2,3,False,4,4,3,3,3,3,4,3
18638,1051-52,2_2_6,3,False,3,3,3,4,3,4,4,4
18645,1051-52,1_1_5,3,False,4,5,4,4,4,4,4,5
18647,1051-52,2_4_12,3,False,4,3,3,3,4,3,3,3
18648,1051-52,3_5_13,3,False,4,4,4,5,4,5,4,4
18652,1051-52,2_2_4,3,False,4,4,4,4,3,4,4,4
18654,1051-52,2_2_6,3,False,4,4,4,4,3,3,3,2
18655,1051-52,2_3_7,3,False,4,5,4,4,4,4,3,5
18656,1051-52,2_4_12,3,False,3,3,3,3,3,2,2,2
18657,1051-52,2_2_6,3,False,4,4,4,4,3,4,4,4
18662,1051-52,2_4_11,3,False,4,3,3,4,4,4,4,4
18663,1051-52,2_2_3,3,False,4,4,5,4,4,4,4,5
18665,1051-52,1_1_3,3,False,5,5,5,5,5,5,5,5
18668,1051-52,1_1_2,3,False,5,4,3,4,4,5,4,4
18670,1051-52,4_2_10,3,False,3,4,3,3,3,3,4,4
18671,1051-52,1_1_1,3,False,4,4,4,4,4,4,3,4
18674,1051-52,4_2_11,3,False,4,4,4,4,4,5,4,4
18676,1051-52,2_2_3,3,False,4,5,4,5,4,5,5,4
18682,1051-52,3_2_2,3,False,5,5,5,5,5,5,4,5
18687,1051-52,1_1_4,3,False,4,4,4,4,4,4,3,5
18688,1051-52,2_1_1,3,False,4,5,4,4,3,4,4,3
18697,1051-52,3_1_1,3,False,4,3,3,4,4,4,3,4
18699,1051-52,2_4_10,3,False,4,4,3,4,5,4,4,4
18703,1051-52,4_2_11,3,False,3,3,3,4,3,3,2,3
18705,1051-52,2_2_5,3,False,4,4,4,4,5,4,4,4
18706,1051-52,2_3_9,3,False,4,4,5,5,5,4,4,4
18708,1051-52,1_1_2,3,False,4,5,4,5,5,4,4,5
18710,1051-52,2_2_4,3,False,3,4,3,3,4,4,4,3
18714,1051-52,3_2_2,3,False,5,4,4,3,3,3,3,4
18716,1051-52,3_5_13,3,False,3,4,3,4,4,3,3,3
18719,1051-52,2_2_5,3,False,4,3,3,3,3,4,4,4
18724,1051-52,2_3_8,3,False,4,5,4,4,4,4,4,5
18725,1051-52,2_1_1,3,False,5,5,4,5,4,4,5,5
18726,1051-52,2_4_12,3,False,4,4,4,4,4,3,5,4
18727,1051-52,3_5_13,3,False,4,4,4,4,4,5,4,4
18730,1051-52,2_3_9,3,False,5,4,4,3,4,4,4,4
18734,1051-52,3_2_2,3,False,3,4,3,3,3,4,3,2
18743,1051-52,1_1_3,3,False,4,4,4,4,4,4,4,4
18748,1051-52,4_2_12,3,False,4,4,3,3,3,3,4,3
18749,1051-52,3_2_2,3,False,4,4,3,4,3,3,3,4
18751,1051-52,4_2_8,3,False,4,4,4,4,4,3,3,4
18752,1051-52,1_1_4,3,False,4,3,4,4,4,4,3,3
18760,1051-52,4_2_8,3,False,3,4,3,3,3,3,4,4
18761,1051-52,1_1_2,3,False,5,4,4,4,4,4,4,4
18765,1051-52,2_3_7,3,False,4,4,4,3,4,4,4,4
18766,1051-52,1_1_3,3,False,4,4,4,4,4,4,4,3
18769,1051-52,2_3_8,3,False,4,5,4,4,4,4,4,4
18775,1051-52,2_3_8,3,False,4,4,4,4,4,3,3,4
18776,1051-52,4_2_8,3,False,3,3,3,3,2,3,3,2
18777,1051-52,1_1_4,3,False,5,4,5,5,5,5,5,5
18779,1051-52,2_3_8,3,False,4,4,4,4,4,4,4,5
18781,1051-52,2_2_4,3,False,5,4,4,5,4,4,4,4
18783,1051-52,2_2_5,3,False,5,4,4,4,4,4,4,4
18785,1051-52,3_1_1,3,False,4,4,3,4,4,4,4,4
18787,1051-52,2_3_9,3,False,4,3,5,4,4,4,4,4
18791,1051-52,2_3_7,3,False,4,5,4,4,4,4,4,4
18792,1051-52,2_3_8,3,False,5,4,4,4,4,4,4,4
18793,1051-52,2_4_11,3,False,4,3,4,4,4,4,3,4
18796,1051-52,3_5_13,3,False,4,4,3,4,3,4,3,3
18798,1051-52,4_2_10,3,False,3,4,4,3,4,4,3,4
18807,1051-52,5_3_11,3,False,4,3,3,4,4,4,4,4
18813,1051-52,4_2_9,3,False,4,3,3,4,4,4,3,3
18817,1051-52,4_2_8,3,False,4,4,4,4,4,4,5,5
18818,1051-52,2_3_9,3,False,4,4,3,4,4,3,3,3
18819,1051-52,2_4_10,3,False,4,4,3,3,4,5,4,4
18821,1051-52,5_3_12,3,False,4,4,4,4,3,4,3,4
18824,1051-52,4_2_12,3,False,4,4,3,5,5,4,5,4
18828,1051-52,2_2_4,3,False,5,4,5,4,4,4,3,4
18832,1051-52,2_3_7,3,False,5,4,5,5,4,5,5,5
18844,1051-52,2_4_12,3,False,4,4,3,4,4,4,4,3
18845,1051-52,2_3_8,3,False,3,4,4,3,4,3,3,4
18851,1051-52,1_1_2,3,False,3,4,3,3,3,4,3,3
18852,1051-52,2_1_1,3,False,4,4,4,4,4,3,4,4
18854,1051-52,1_1_3,3,False,4,4,4,4,4,4,5,4
18855,1051-52,2_2_4,3,False,4,4,4,5,4,4,3,5
18863,1051-52,2_2_3,3,False,4,4,4,5,4,4,4,4
18864,1051-52,2_3_7,3,False,5,4,4,4,5,5,4,4
18865,1051-52,4_2_9,3,False,4,4,4,3,3,4,3,4
18868,1051-52,4_2_10,3,False,4,5,4,4,3,4,4,4
18871,1051-52,4_2_10,3,False,3,3,4,4,3,5,4,4
18872,1051-52,2_3_8,3,False,4,3,3,3,4,3,3,3
18877,1051-52,2_4_12,3,False,3,4,3,3,3,4,3,3
18879,1051-52,2_2_4,3,False,4,4,4,4,4,4,4,4
18891,1051-52,2_2_3,3,False,4,4,3,5,3,4,3,4
18892,1051-52,2_2_4,3,False,4,4,4,3,3,4,4,3
18899,1051-52,1_1_1,3,False,4,4,3,4,4,3,4,4
18903,1051-52,4_2_11,3,False,5,4,5,5,4,4,5,5
18907,1051-52,4_2_10,3,False,4,4,4,4,4,4,4,4
18910,1051-52,2_4_12,3,False,4,4,4,4,4,4,4,5
18925,1051-52,1_1_5,3,False,4,4,4,5,4,4,4,3
18928,1051-52,4_2_9,3,False,4,4,4,4,3,3,3,4
18940,1051-52,5_3_12,3,False,5,5,4,5,4,4,4,5
18943,1051-52,1_1_1,3,False,5,4,4,4,5,4,4,5
18947,1051-52,3_1_1,3,False,5,5,4,4,4,5,5,4
18948,1051-52,1_1_2,3,False,4,4,4,5,5,4,3,4
18950,1051-52,1_1_2,3,False,4,4,3,3,3,4,4,3
18952,1051-52,5_3_12,3,False,3,4,4,4,3,3,4,3
18954,1051-52,2_4_10,3,False,4,4,4,4,4,3,4,4
18955,1051-52,2_1_1,3,False,4,5,4,4,3,4,4,5
18958,1051-52,4_2_10,3,False,3,5,5,4,4,4,4,4
18960,1051-52,4_2_11,3,False,4,3,3,3,3,4,3,4
18961,1051-52,5_3_11,3,False,4,4,3,4,4,3,4,4
18962,1051-52,2_3_8,3,False,4,3,3,4,4,3,4,4
18964,1051-52,1_1_2,3,False,5,5,5,4,4,4,4,3
18966,1051-52,1_1_2,3,False,4,4,3,4,4,4,4,4
18968,1051-52,1_2_1,3,False,5,5,4,5,3,4,4,4
18972,1051-52,2_3_8,3,False,5,3,4,4,3,4,4,4
18979,1051-52,5_3_11,3,False,4,3,5,4,4,4,4,4
18981,1051-52,2_2_6,3,False,4,5,4,4,4,4,4,4
18989,1051-52,1_1_2,3,False,3,3,3,3,3,4,3,3
18991,1051-52,5_3_11,3,False,5,4,4,4,4,4,4,5
18993,1051-52,1_1_4,3,False,4,4,4,4,4,4,3,4
18995,1051-52,3_2_2,3,False,4,4,4,4,4,3,4,4
18999,1051-52,2_4_11,3,False,4,4,4,4,3,5,3,4
19004,1051-52,1_1_2,3,False,3,4,3,3,4,4,3,3
19013,1051-52,2_1_1,3,False,5,5,4,5,4,4,5,5
19017,1051-52,2_3_9,3,False,4,4,4,4,4,4,4,5
19022,1051-52,5_3_11,3,False,4,4,3,4,3,4,4,4
19023,1051-52,1_1_5,3,False,5,4,4,5,4,5,4,4
19024,1051-52,2_2_5,3,False,4,3,3,3,3,4,3,3
19027,1051-52,2_2_5,3,False,4,5,4,4,4,3,3,4
19029,1051-52,2_2_6,3,False,5,4,4,4,4,4,4,5
19030,1051-52,2_4_10,3,False,4,4,3,4,4,3,4,4
19031,1051-52,2_3_7,3,False,5,3,4,5,4,4,4,4
19034,1051-52,2_2_6,3,False,3,4,3,3,4,4,4,4
19038,1051-52,4_2_8,3,False,2,3,3,3,3,3,3,3
19042,1051-52,2_1_1,3,False,4,4,4,4,4,4,4,4
19047,1051-52,1_2_1,3,False,5,4,4,4,4,4,5,4
19050,1051-52,2_4_11,3,False,4,4,5,4,5,4,4,4
19055,1051-52,2_2_4,3,False,4,4,4,4,4,4,4,4
19056,1051-52,3_1_1,3,False,5,4,4,4,4,4,4,4
19060,1051-52,2_2_2,3,False,3,3,3,3,2,3,3,2
19062,1051-52,1_1_3,3,False,4,5,4,4,4,4,5,4
19066,1051-52,4_2_11,3,False,4,4,4,4,4,4,4,4
19075,1051-52,4_2_12,3,False,5,4,4,5,4,4,4,5
19078,1051-52,4_2_11,3,False,4,5,4,4,4,4,4,5
19079,1051-52,5_3_11,3,False,4,4,3,3,3,4,3,3
19090,1051-52,4_2_10,3,False,4,3,4,4,4,4,3,4
19094,1051-52,2_2_4,3,False,5,4,4,4,4,4,4,4
19097,1051-52,4_2_10,3,False,3,3,4,4,3,4,3,3
19100,1051-52,2_3_9,3,False,4,3,3,3,3,4,4,3
19101,1051-52,2_3_7,3,False,4,4,4,4,3,3,4,3
19102,1051-52,4_2_9,3,False,4,4,4,4,4,4,4,4
19103,1051-52,2_4_11,3,False,4,4,2,4,4,4,4,4
19104,1051-52,5_3_11,3,False,3,4,5,4,3,3,3,4
19105,1051-52,1_1_4,3,False,5,5,4,5,4,4,3,5
19106,1051-52,5_3_11,3,False,4,3,5,4,4,4,4,4
19110,1051-52,3_5_13,3,False,3,3,2,3,3,4,2,2
19111,1051-52,2_4_12,3,False,4,4,3,4,3,3,3,4
19115,1051-52,2_1_1,3,False,4,4,3,3,3,4,4,4
19116,1051-52,2_2_5,3,False,3,4,3,4,4,4,4,3
19123,1051-52,2_3_9,3,False,3,3,3,3,3,3,3,2
19129,1051-52,1_1_1,3,False,4,5,5,5,4,4,4,4
19132,1051-52,4_2_9,3,False,3,3,4,4,3,3,3,3
19133,1051-52,2_4_11,3,False,4,4,4,4,4,4,4,3
19135,1051-52,3_2_2,3,False,4,4,4,4,4,4,4,4
19139,1051-52,2_2_5,3,False,5,4,3,3,4,4,3,4
19146,1051-52,2_2_3,3,False,4,3,4,4,4,4,3,3
19150,1051-52,4_2_9,3,False,4,4,3,4,3,4,3,3
19153,1051-52,2_3_7,3,False,4,5,5,4,3,4,5,4
19156,1051-52,2_2_3,3,False,4,4,4,5,4,5,4,4
19157,1051-52,2_1_1,3,False,5,5,5,4,4,4,4,5
19160,1051-52,2_4_12,3,False,5,4,4,4,3,4,4,4
19163,1051-52,5_3_11,3,False,3,4,4,5,4,4,4,4
19167,1051-52,1_1_3,3,False,5,4,4,5,4,4,4,4
19173,1051-52,1_2_1,3,False,4,4,4,5,4,4,4,4
19175,1051-52,2_2_2,3,False,5,4,4,4,4,5,4,5
19178,1051-52,2_1_1,3,False,4,4,4,3,3,3,3,3
19179,1051-52,4_2_8,3,False,4,4,4,3,4,4,3,3
19181,1051-52,1_1_2,3,False,5,5,4,4,4,4,4,5
19182,1051-52,4_2_10,3,False,3,4,3,4,3,3,3,4
19185,1051-52,2_2_4,3,False,5,3,3,4,3,4,4,3
19187,1051-52,3_2_2,3,False,4,4,3,3,4,4,4,3
19188,1051-52,1_1_3,3,False,4,4,4,4,4,3,3,4
19193,1051-52,3_5_13,3,False,4,3,4,4,4,4,4,4
19195,1051-52,4_2_10,3,False,4,3,3,4,3,3,4,3
19196,1051-52,2_1_1,3,False,5,4,3,5,3,4,4,4
19203,1051-52,1_2_1,3,False,4,3,4,5,4,4,4,5
19204,1051-52,4_2_12,3,False,4,4,4,3,3,4,4,3
19208,1051-52,2_3_9,3,False,4,4,4,4,4,4,3,5
19210,1051-52,2_4_12,3,False,5,4,4,5,4,4,5,5
19212,1051-52,1_2_1,3,False,5,5,4,4,5,4,5,5
19217,1051-52,4_2_10,3,False,4,4,4,3,4,4,4,4
19219,1051-52,2_2_3,3,False,5,5,4,4,4,4,4,4
19220,1051-52,2_2_6,3,False,4,4,4,4,4,4,4,4
19222,1051-52,5_3_12,3,False,4,3,3,5,4,3,4,3
19224,1051-52,2_1_1,3,False,3,4,3,3,3,3,4,3
19225,1051-52,2_2_2,3,False,4,4,4,4,4,3,4,4
19226,1051-52,3_5_13,3,False,3,3,5,3,3,3,4,4
19229,1051-52,1_1_4,3,False,4,4,4,4,4,4,3,4
19230,1051-52,1_1_1,3,False,5,4,4,5,4,5,5,5
19232,1051-52,4_2_10,3,False,3,3,3,4,3,3,3,3
19237,1051-52,1_1_5,3,False,5,4,5,4,4,4,5,4
19242,1051-52,3_5_13,3,False,3,4,3,3,3,3,3,3
19243,1051-52,2_1_1,3,False,4,4,4,4,4,4,3,4
19245,1051-52,2_3_7,3,False,4,5,4,4,4,4,3,4
19248,1051-52,4_2_8,3,False,3,4,3,4,3,3,3,3
19249,1051-52,2_2_3,3,False,4,4,4,5,4,4,4,5
19271,1051-52,3_5_13,3,False,3,4,4,4,4,4,4,4
19279,1051-52,2_2_4,3,False,5,5,5,4,4,5,4,4
19289,1051-52,4_2_11,3,False,4,4,3,4,4,4,4,4
19292,1051-52,4_2_11,3,False,4,5,4,4,4,3,3,4
19298,1051-52,2_2_4,3,False,4,4,4,4,4,3,3,4
19305,1051-52,3_1_1,3,False,4,4,3,4,4,4,3,4
19309,1051-52,4_2_9,3,False,4,4,4,4,4,4,4,4
19322,1051-52,2_2_3,3,False,5,4,4,4,5,4,4,5
19328,1051-52,3_5_13,3,False,4,3,4,4,4,3,4,4
19334,1051-52,2_4_12,3,False,4,4,4,4,4,3,4,4
19335,1051-52,2_4_12,3,False,3,4,3,3,4,4,4,3
19336,1051-52,2_3_9,3,False,4,4,4,4,3,4,4,4
19344,1051-52,2_2_4,3,False,5,4,4,4,4,4,4,4
19345,1051-52,1_1_4,3,False,4,3,3,3,4,3,4,3
19349,1051-52,4_2_12,3,False,4,4,3,3,3,3,4,3
19351,1051-52,3_2_2,3,False,4,4,4,5,4,4,4,4
19354,1051-52,4_2_12,3,False,4,4,3,4,4,4,4,4
19360,1051-52,4_2_12,3,False,4,4,4,4,4,4,5,4
19362,1051-52,4_2_9,3,False,5,4,5,4,4,4,4,4
19364,1051-52,4_2_10,3,False,3,4,4,4,4,4,4,4
19366,1051-52,2_2_5,3,False,4,5,3,4,4,4,3,4
19368,1051-52,2_2_3,3,False,4,4,4,4,3,4,4,4
19373,1051-52,1_1_1,3,False,4,3,4,3,3,3,3,4
19375,1051-52,2_2_3,3,False,5,4,5,4,3,4,5,5
19377,1051-52,4_2_12,3,False,4,4,4,4,4,3,4,4
19379,1051-52,2_3_8,3,False,5,4,4,4,4,5,5,4
19382,1051-52,2_3_9,3,False,5,5,4,5,4,4,4,4
19389,1051-52,2_4_11,3,False,4,4,4,5,4,4,4,4
19390,1051-52,5_3_11,3,False,4,4,4,4,3,3,4,3
19391,1051-52,1_2_1,3,False,5,4,4,4,4,4,4,4
19393,1051-52,3_2_2,3,False,5,5,5,5,4,4,4,4
19396,1051-52,3_2_2,3,False,4,5,3,4,3,4,5,4
19399,1051-52,2_2_5,3,False,4,3,3,3,3,3,3,3
19401,1051-52,2_1_1,3,False,5,4,4,4,5,5,3,4
19402,1051-52,3_5_13,3,False,4,3,5,4,4,5,4,4
19406,1051-52,2_3_7,3,False,4,3,3,4,3,3,4,4
19410,1051-52,2_2_6,3,False,4,4,4,4,4,3,4,4
19418,1051-52,4_2_10,3,False,4,3,3,4,3,4,3,4
19423,1051-52,3_5_13,3,False,4,3,3,3,3,3,3,4
19425,1051-52,2_2_5,3,False,4,3,4,4,4,4,3,4
19429,1051-52,3_5_13,3,False,4,5,4,4,4,4,4,4
19432,1051-52,2_3_7,3,False,5,4,5,4,4,4,4,4
19433,1051-52,2_2_3,3,False,3,3,3,3,2,3,4,3
19434,1051-52,1_1_3,3,False,3,3,3,3,3,3,4,3
19440,1051-52,2_3_8,3,False,5,4,4,3,4,4,3,4
19443,1051-52,2_2_3,3,False,5,4,4,4,4,4,4,4
19444,1051-52,3_5_13,3,False,4,4,4,5,4,4,3,5
19445,1051-52,2_4_10,3,False,5,4,4,4,4,4,5,4
19447,1051-52,1_1_5,3,False,3,3,4,4,4,3,3,3
19450,1051-52,1_1_1,3,False,4,4,4,4,4,5,4,5
19453,1051-52,2_2_6,3,False,5,4,2,4,4,5,4,4
19454,1051-52,1_1_3,3,False,5,4,4,4,4,4,4,4
19455,1051-52,1_1_4,3,False,4,4,3,4,4,4,4,4
19456,1051-52,5_3_12,3,False,4,4,4,5,3,4,3,4
19458,1051-52,1_1_4,3,False,5,4,3,4,3,3,3,4
19460,1051-52,2_3_8,3,False,4,4,4,4,4,4,5,4
19464,1051-52,2_3_8,3,False,5,4,4,4,4,5,5,5
19473,1051-52,2_3_9,3,False,5,4,5,4,4,4,4,4
19477,1051-52,2_4_11,3,False,5,5,3,4,4,4,3,4
19478,1051-52,3_1_1,3,False,3,3,4,4,4,3,3,3
19479,1051-52,1_1_1,3,False,3,4,4,3,3,3,4,3
19488,1051-52,2_3_7,3,False,4,4,3,3,3,4,4,3
19489,1051-52,4_2_8,3,False,4,3,3,3,3,3,4,3
19490,1051-52,4_2_10,3,False,4,4,4,4,4,4,4,4
19494,1051-52,4_2_9,3,False,4,4,5,4,5,5,4,4
19495,1051-52,2_2_2,3,False,4,3,4,4,3,4,3,4
19499,1051-52,1_1_3,3,False,4,4,4,4,3,3,3,2
19502,1051-52,3_5_13,3,False,4,4,4,4,4,5,4,4
19507,1051-52,2_4_10,3,False,5,4,4,4,5,5,3,4
19508,1051-52,2_3_8,3,False,4,4,3,3,3,4,3,4
19513,1051-52,2_1_1,3,False,5,4,3,4,3,4,3,4
19516,1051-52,2_4_10,3,False,5,4,4,5,5,4,4,4
19519,1051-52,4_2_8,3,False,4,4,4,4,4,4,4,4
19523,1051-52,2_2_4,3,False,5,4,4,4,4,4,5,5
19524,1051-52,2_1_1,3,False,5,4,5,4,4,5,3,4
19525,1051-52,5_3_11,3,False,5,4,4,5,4,4,3,5
19532,1051-52,2_4_10,3,False,5,4,4,4,4,4,4,5
19533,1051-52,4_2_10,3,False,3,4,3,4,3,4,4,4
19536,1051-52,5_3_12,3,False,4,3,4,4,3,4,4,4
19537,1051-52,5_3_12,3,False,3,4,4,4,3,4,4,3
19538,1051-52,4_2_11,3,False,4,4,4,4,4,4,4,3
19539,1051-52,4_2_9,3,False,4,4,4,4,4,4,4,4
19542,1051-52,2_2_5,3,False,5,4,4,5,4,4,4,4
19543,1051-52,2_3_7,3,False,4,4,3,4,3,4,4,4
19544,1051-52,2_2_6,3,False,4,4,3,3,3,3,4,3
19545,1051-52,1_2_1,3,False,4,4,5,4,5,4,3,4
19548,1051-52,5_3_11,3,False,5,4,5,5,4,5,4,5
19550,1051-52,4_2_12,3,False,5,4,5,5,4,4,4,5
19552,1051-52,4_2_10,3,False,4,4,4,5,4,3,4,4
19565,1051-52,2_4_11,3,False,5,5,5,5,5,4,4,4
19568,1051-52,2_2_2,3,False,4,4,3,4,4,4,5,4
19571,1051-52,3_1_1,3,False,4,3,4,4,3,3,3,3
19572,1051-52,3_1_1,3,False,5,4,5,5,4,4,4,4
19573,1051-52,2_4_10,3,False,4,4,3,4,4,4,3,4
19575,1051-52,4_2_11,3,False,4,4,5,4,4,4,4,4
19576,1051-52,4_2_11,3,False,3,3,4,3,3,3,3,3
19578,1051-52,2_3_9,3,False,4,4,4,4,3,4,4,4
19581,1051-52,1_2_1,3,False,4,4,3,4,5,4,4,4
19582,1051-52,4_2_8,3,False,4,4,4,4,4,4,3,4
19586,1051-52,3_5_13,3,False,3,4,3,4,3,4,3,3
19588,1051-52,4_2_11,3,False,4,4,4,5,3,4,4,5
19592,1051-52,5_3_12,3,False,3,3,4,4,4,4,4,3
19596,1051-52,4_2_8,3,False,4,4,4,4,4,4,4,5
19598,1051-52,2_3_8,3,False,4,5,4,3,3,4,4,4
19599,1051-52,2_4_12,3,False,4,4,4,4,4,4,4,4
19602,1051-52,2_2_6,3,False,4,4,4,4,3,4,4,4
19604,1051-52,3_2_2,3,False,4,4,4,4,3,3,3,3
19605,1051-52,3_5_13,3,False,4,4,3,4,3,4,4,5
19606,1051-52,2_4_10,3,False,5,4,4,4,4,5,4,4
19608,1051-52,3_1_1,3,False,5,4,5,5,5,4,3,4
19611,1051-52,2_4_12,3,False,5,5,5,5,5,4,4,5
19613,1051-52,1_1_5,3,False,4,5,5,4,3,4,4,4
19615,1051-52,4_2_12,3,False,5,4,3,4,4,4,3,4
19619,1051-52,4_2_10,3,False,4,4,4,4,4,4,4,4
19620,1051-52,2_4_10,3,False,5,3,3,4,4,3,3,4
19629,1051-52,2_2_5,3,False,3,4,3,4,3,3,4,3
19639,1051-52,1_1_3,3,False,4,4,4,4,4,4,4,4
19641,1051-52,4_2_10,3,False,3,3,2,3,4,3,3,2
19643,1051-52,2_2_2,3,False,4,4,5,4,4,5,4,5
19650,1051-52,1_1_2,3,False,4,3,4,3,3,3,3,3
19651,1051-52,4_2_11,3,False,4,4,4,5,4,3,4,4
19660,1051-52,1_1_3,3,False,4,4,3,3,3,3,4,3
19663,1051-52,4_2_8,3,False,4,4,4,4,4,3,4,4
19667,1051-52,4_2_11,3,False,3,3,3,4,4,4,4,3
19668,1051-52,4_2_10,3,False,3,4,5,4,3,4,3,4
19670,1051-52,2_3_8,3,False,4,4,3,4,4,4,4,4
19671,1051-52,3_1_1,3,False,5,4,5,5,4,4,5,4
19673,1051-52,2_3_8,3,False,4,4,3,4,4,4,4,4
19676,1051-52,1_1_2,3,False,4,4,3,4,4,4,5,4
19679,1051-52,1_1_1,3,False,4,4,3,4,3,4,4,4
19684,1051-52,2_2_4,3,False,3,4,3,3,4,4,4,3
19685,1051-52,2_2_6,3,False,4,5,5,5,5,4,5,5
19690,1051-52,2_2_5,3,False,5,3,4,4,4,4,3,4
19694,1051-52,4_2_12,3,False,5,4,4,4,5,4,4,4
19697,1051-52,3_5_13,3,False,5,4,4,5,4,3,4,4
19698,1051-52,2_3_7,3,False,4,4,4,5,4,4,4,5
19703,1051-52,2_4_10,3,False,4,5,4,4,4,4,4,4
19709,1051-52,4_2_8,3,False,3,3,4,4,3,4,4,4
19712,1051-52,2_4_12,3,False,4,4,4,5,4,4,4,4
19713,1051-52,2_3_8,3,False,5,4,5,4,5,5,4,4
19720,1051-52,2_2_3,3,False,4,4,4,4,3,4,4,4
19722,1051-52,2_4_12,3,False,4,4,4,3,3,5,4,4
19724,1051-52,4_2_11,3,False,4,3,3,5,4,4,4,4
19728,1051-52,2_2_3,3,False,3,4,4,5,4,4,4,4
19732,1051-52,4_2_8,3,False,4,4,5,4,4,4,4,4
19735,1051-52,1_1_5,3,False,4,4,4,4,4,3,3,3
19737,1051-52,2_4_11,3,False,5,4,4,5,5,4,4,5
19738,1051-52,1_1_1,3,False,4,3,3,3,3,4,3,3
19740,1051-52,4_2_10,3,False,3,3,4,4,4,4,3,5
19741,1051-52,2_2_4,3,False,4,4,4,3,4,4,4,3
19749,1051-52,2_2_3,3,False,4,5,5,4,4,4,4,4
19751,1051-52,2_4_12,3,False,4,4,4,5,4,4,4,3
19753,1051-52,2_2_6,3,False,4,4,3,3,4,4,4,3
19757,1051-52,2_2_3,3,False,4,4,4,4,4,4,4,5
19759,1051-52,1_1_5,3,False,5,4,4,4,5,4,3,4
19760,1051-52,5_3_11,3,False,4,3,4,3,3,4,4,4
19762,1051-52,3_5_13,3,False,4,4,5,5,5,5,5,5
19764,1051-52,1_1_2,3,False,5,3,4,4,5,4,4,4
19765,1051-52,4_2_11,3,False,4,4,4,4,4,5,4,4
19767,1051-52,1_1_1,3,False,4,5,5,5,5,4,5,5
19772,1051-52,2_2_3,3,False,4,4,4,5,4,4,3,4
19776,1051-52,2_1_1,3,False,5,5,5,4,4,4,5,5
19779,1051-52,2_3_7,3,False,5,3,3,3,3,4,3,4
19780,1051-52,4_2_11,3,False,4,4,3,3,4,3,4,4
19785,1051-52,2_2_3,3,False,5,4,4,5,4,4,4,4
19788,1051-52,2_3_9,3,False,3,3,3,4,3,3,3,3
19790,1051-52,3_2_2,3,False,4,2,3,2,3,3,3,3
19792,1051-52,2_3_8,3,False,4,4,4,4,4,5,3,4
19793,1051-52,4_2_8,3,False,3,4,4,4,3,3,4,4
19795,1051-52,4_2_10,3,False,4,4,4,4,4,4,4,4
19797,1051-52,2_3_8,3,False,5,4,4,5,3,3,4,4
19801,1051-52,1_1_5,3,False,5,5,4,3,5,4,3,4
19806,1051-52,1_1_3,3,False,4,4,4,4,4,4,4,3
19809,1051-52,4_2_12,3,False,4,3,3,3,3,3,4,2
19812,1051-52,1_1_4,3,False,4,4,4,4,3,4,3,4
19818,1051-52,1_1_4,3,False,4,4,4,5,4,4,4,4
19820,1051-52,2_4_10,3,False,5,5,4,4,5,5,5,5
19823,1051-52,2_3_8,3,False,5,3,3,4,4,4,4,4
19826,1051-52,4_2_11,3,False,3,3,4,4,4,4,4,4
19832,1051-52,4_2_11,3,False,4,4,4,5,4,4,4,4
19833,1051-52,1_1_5,3,False,5,4,4,4,4,5,4,5
19838,1051-52,4_2_11,3,False,4,4,4,4,4,3,4,4
19842,1051-52,2_2_4,3,False,4,4,3,4,4,4,4,4
19843,1051-52,2_4_12,3,False,5,4,3,3,3,4,4,4
19844,1051-52,1_1_1,3,False,4,4,4,4,4,3,4,4
19845,1051-52,2_2_5,3,False,5,5,4,5,5,4,5,5
19846,1051-52,1_2_1,3,False,4,4,3,4,3,4,4,4
19850,1051-52,2_4_12,3,False,5,5,4,5,5,4,3,4
19853,1051-52,1_1_4,3,False,4,4,4,4,4,4,5,4
19860,1051-52,2_3_7,3,False,4,4,3,3,4,4,5,3
19867,1051-52,1_1_3,3,False,3,3,3,3,3,3,2,3
19870,1051-52,4_2_11,3,False,4,4,4,4,4,3,4,4
19872,1051-52,1_2_1,3,False,4,4,3,2,3,3,3,2
19874,1051-52,1_1_3,3,False,3,3,3,4,4,3,3,3
19876,1051-52,5_3_12,3,False,4,4,4,3,4,3,3,3
19878,1051-52,2_4_10,3,False,5,5,5,5,5,4,4,5
19879,1051-52,4_2_12,3,False,3,4,3,3,4,4,3,3
19880,1051-52,4_2_10,3,False,5,4,4,4,4,4,4,4
19881,1051-52,5_3_11,3,False,5,4,5,5,4,4,4,5
19884,1051-52,2_4_10,3,False,4,4,4,4,4,4,4,4
19889,1051-52,2_3_8,3,False,5,5,5,5,5,5,5,5
19891,1051-52,4_2_12,3,False,5,3,5,4,5,4,4,5
19892,1051-52,1_1_5,3,False,5,5,5,5,4,5,5,5
19893,1051-52,4_2_10,3,False,4,4,4,4,3,3,4,4
19895,1051-52,3_2_2,3,False,4,5,5,5,5,4,4,5
19898,1051-52,3_5_13,3,False,4,4,4,5,3,5,4,4
19899,1051-52,2_2_6,3,False,3,4,3,3,3,3,3,2
19903,1051-52,3_1_1,3,False,4,4,4,4,4,4,4,4
19907,1051-52,4_2_10,3,False,5,4,3,4,3,3,4,3
19908,1051-52,2_2_5,3,False,4,4,4,4,3,5,4,4
19912,1051-52,1_1_5,3,False,3,3,4,4,4,4,3,3
19913,1051-52,1_1_3,3,False,5,4,4,4,5,4,5,5
19919,1051-52,3_5_13,3,False,5,3,5,4,4,4,5,5
19922,1051-52,3_2_2,3,False,5,5,4,5,5,4,4,4
19927,1051-52,2_4_10,3,False,5,4,4,5,5,4,4,4
19929,1051-52,1_1_4,3,False,5,4,4,5,4,4,4,5
19931,1051-52,2_4_12,3,False,4,4,4,4,4,4,4,5
19933,1051-52,2_2_6,3,False,5,4,4,4,4,4,5,4
19934,1051-52,2_3_9,3,False,5,4,4,5,4,4,4,5
19935,1051-52,1_1_5,3,False,4,4,5,4,4,4,4,4
19938,1051-52,2_2_5,3,False,5,3,3,4,3,3,3,4
19947,1051-52,2_2_5,3,False,5,4,4,4,3,4,4,4
19949,1051-52,5_3_11,3,False,4,4,3,3,4,4,5,4
19954,1051-52,5_3_12,3,False,4,3,4,4,4,4,4,4
19962,1051-52,1_1_1,3,False,4,4,4,4,4,4,4,4
19964,1051-52,4_2_12,3,False,4,4,4,4,5,4,5,5
19965,1051-52,2_1_1,3,False,4,4,3,4,3,5,4,3
19972,1051-52,3_1_1,3,False,4,4,4,4,4,4,3,4
19975,1051-52,2_2_6,3,False,4,4,4,4,4,4,4,4
19978,1051-52,2_2_5,3,False,3,3,5,5,4,4,3,4
19983,1051-52,4_2_11,3,False,3,4,4,3,4,4,4,4
19984,1051-52,2_2_5,3,False,5,5,3,4,4,4,5,4
19986,1051-52,2_1_1,3,False,5,4,3,3,3,4,3,4
19991,1051-52,1_1_1,3,False,5,5,5,4,5,5,4,5
19994,1051-52,2_1_1,3,False,4,4,5,5,4,5,4,5
2048,1051-52,4_2_10,3,False,4,4,3,4,4,4,4,4
2095,1051-52,4_2_11,3,False,4,3,4,4,3,4,4,4
2113,1051-52,2_3_8,3,True,5,4,4,4,4,4,4,4
2451,1051-52,2_3_8,3,True,5,4,3,4,4,3,4,4
2508,1051-52,1_1_3,3,True,4,4,4,4,3,4,4,4
2552,1051-52,2_2_3,3,True,4,3,3,4,3,4,3,3
2602,1051-52,4_2_8,3,False,4,4,3,3,3,4,4,3
2608,1051-52,4_2_12,3,False,4,4,3,4,3,4,5,4
265,1051-52,2_2_4,3,True,3,3,3,5,3,4,4,4
2686,1051-52,2_2_3,3,True,3,4,3,4,3,3,3,3
2927,1051-52,2_2_4,3,True,4,4,2,4,4,3,3,3
2993,1051-52,2_4_12,3,True,4,4,3,4,3,3,4,3
302,1051-52,2_2_4,3,True,5,4,4,5,4,4,4,4
308,1051-52,2_3_7,3,True,4,3,3,4,3,4,4,3
3175,1051-52,1_1_4,3,True,5,5,5,4,3,4,4,5
3289,1051-52,2_1_1,3,False,4,3,2,3,3,4,3,3
3307,1051-52,2_2_2,3,True,4,4,3,3,4,4,4,4
3499,1051-52,2_2_4,3,True,4,4,4,4,3,3,3,3
3612,1051-52,2_4_10,3,True,4,3,2,2,3,3,3,3
3741,1051-52,2_4_12,3,True,4,4,3,4,4,4,4,3
3759,1051-52,2_4_12,3,True,4,4,2,3,3,3,4,3
3784,1051-52,2_3_7,3,True,4,4,4,4,4,4,3,3
3799,1051-52,2_3_8,3,True,4,4,2,3,3,4,4,4
3885,1051-52,2_3_8,3,False,3,4,3,3,2,4,4,3
3974,1051-52,1_2_1,3,True,3,3,3,2,2,4,3,2
4102,1051-52,2_4_11,3,False,3,3,2,3,2,3,3,3
4222,1051-52,1_2_1,3,True,4,5,4,4,4,4,4,3
4244,1051-52,2_4_12,3,True,4,3,3,3,3,4,5,3
4318,1051-52,1_1_3,3,True,4,3,3,3,4,4,4,3
4413,1051-52,4_2_12,3,False,5,4,4,5,4,4,4,5
4467,1051-52,2_2_3,3,True,4,3,2,2,3,3,3,2
4560,1051-52,2_2_4,3,True,3,2,3,3,3,3,4,2
4573,1051-52,2_2_5,3,True,3,3,3,3,3,3,3,3
4640,1051-52,2_2_6,3,True,4,4,4,4,3,4,4,3
4665,1051-52,2_1_1,3,True,4,3,3,3,3,4,4,4
469,1051-52,2_2_6,3,True,4,4,3,3,4,4,4,3
4725,1051-52,1_1_4,3,True,4,4,3,4,4,3,4,4
4745,1051-52,2_1_1,3,False,4,4,4,4,3,4,3,4
4750,1051-52,4_2_9,3,False,3,2,3,3,3,4,3,3
4860,1051-52,1_2_1,3,True,4,4,3,3,3,4,3,3
4881,1051-52,2_4_12,3,True,3,4,3,3,3,3,3,3
4907,1051-52,2_2_3,3,True,4,3,4,4,3,4,4,3
4923,1051-52,1_2_1,3,True,5,5,4,4,4,4,4,4
4963,1051-52,1_1_3,3,True,4,4,4,4,3,4,5,4
5117,1051-52,2_2_4,3,True,4,4,3,4,4,3,3,4
5165,1051-52,1_1_4,3,True,4,4,3,2,4,4,5,3
5183,1051-52,2_3_8,3,True,4,5,3,3,3,4,3,4
5184,1051-52,2_4_12,3,True,4,4,4,4,4,4,4,4
5214,1051-52,2_4_12,3,True,4,4,4,5,4,4,4,5
5227,1051-52,2_3_7,3,True,4,4,3,4,4,4,3,3
5269,1051-52,1_1_3,3,True,4,4,4,4,3,4,4,3
5310,1051-52,2_3_8,3,True,4,5,4,4,4,4,4,3
5343,1051-52,2_3_8,3,True,5,4,3,4,3,4,4,4
5370,1051-52,2_3_8,3,False,4,3,3,3,3,3,4,4
5373,1051-52,2_4_12,3,True,5,4,4,4,4,4,4,4
5376,1051-52,2_1_1,3,True,3,3,3,3,3,3,4,3
5403,1051-52,2_3_7,3,True,4,3,3,3,3,3,3,3
5404,1051-52,1_1_1,3,True,4,4,3,4,4,4,4,4
5443,1051-52,4_2_12,3,True,4,4,3,4,3,3,3,3
5481,1051-52,2_3_8,3,True,4,4,4,4,4,4,4,4
5545,1051-52,2_1_1,3,True,4,4,4,4,4,4,4,3
560,1051-52,1_1_4,3,True,3,3,3,2,1,2,2,2
5600,1051-52,2_2_3,3,True,4,5,3,3,5,5,4,4
5643,1051-52,2_3_7,3,False,3,3,3,4,3,3,3,4
5733,1051-52,1_1_5,3,True,3,3,2,2,3,3,4,3
5740,1051-52,2_2_6,3,True,5,4,4,4,4,4,4,4
5749,1051-52,4_2_10,3,False,4,4,4,4,4,4,4,5
5817,1051-52,2_3_8,3,False,5,4,2,3,2,4,2,3
5853,1051-52,2_4_11,3,True,4,3,3,2,2,4,3,3
5926,1051-52,2_3_7,3,True,4,3,3,3,2,4,3,2
6046,1051-52,1_1_4,3,True,4,4,3,4,3,4,4,3
6056,1051-52,2_3_8,3,True,4,4,3,4,4,4,4,4
6067,1051-52,2_4_12,3,True,5,5,4,4,4,5,4,5
6078,1051-52,2_2_2,3,False,5,4,4,4,4,5,4,4
6101,1051-52,1_1_2,3,True,5,5,4,5,5,5,5,5
6246,1051-52,2_2_4,3,False,4,3,3,3,3,4,4,3
6281,1051-52,2_1_1,3,True,4,4,3,3,3,4,4,3
6283,1051-52,2_4_12,3,False,4,5,4,3,4,4,4,3
6303,1051-52,2_4_11,3,True,4,4,4,4,3,3,4,3
6392,1051-52,4_2_12,3,False,3,3,3,4,3,3,4,3
6439,1051-52,2_1_1,3,True,4,3,3,3,3,4,4,4
6470,1051-52,4_2_11,3,False,5,3,4,5,4,5,4,4
6474,1051-52,2_3_8,3,True,4,4,4,4,4,4,4,4
6531,1051-52,2_3_8,3,False,4,5,3,4,4,4,5,4
6585,1051-52,2_3_7,3,True,5,5,4,4,4,5,5,5
6642,1051-52,1_1_5,3,True,4,3,4,3,4,3,3,3
6670,1051-52,1_1_1,3,False,4,3,4,3,4,4,4,4
6687,1051-52,2_2_4,3,True,4,4,3,3,3,3,3,3
6689,1051-52,2_2_3,3,False,3,3,2,2,2,3,4,2
6746,1051-52,2_2_2,3,False,4,3,3,3,4,3,3,4
6889,1051-52,2_3_8,3,True,4,3,4,3,3,3,4,3
6890,1051-52,2_3_8,3,False,3,3,3,4,4,4,3,2
6897,1051-52,4_2_12,3,True,4,4,3,3,3,4,4,3
6911,1051-52,2_4_11,3,False,4,4,3,4,3,4,4,4
6918,1051-52,2_2_5,3,True,4,3,3,3,3,3,4,3
6961,1051-52,1_1_2,3,True,4,4,3,3,3,4,4,3
7046,1051-52,2_4_12,3,True,4,4,3,3,3,4,5,4
7091,1051-52,1_1_5,3,True,5,3,3,4,3,4,4,4
7103,1051-52,2_1_1,3,True,4,4,4,4,3,3,2,3
7158,1051-52,2_3_8,3,True,4,4,3,4,4,4,4,3
7165,1051-52,2_4_12,3,True,4,3,2,4,4,3,4,3
7244,1051-52,2_4_11,3,True,4,4,4,3,4,4,4,3
7286,1051-52,2_2_3,3,True,3,4,3,3,2,4,4,3
731,1051-52,1_1_1,3,True,4,2,3,4,4,3,3,3
7449,1051-52,3_2_2,3,True,4,4,3,4,4,3,4,3
7463,1051-52,2_3_7,3,False,4,4,3,4,3,3,4,4
7485,1051-52,2_2_4,3,False,4,4,4,4,4,3,3,4
7545,1051-52,2_4_12,3,True,5,5,4,4,4,4,5,4
7583,1051-52,3_2_2,3,True,5,4,4,4,4,4,3,4
7597,1051-52,2_4_12,3,True,4,4,4,4,3,4,4,4
7726,1051-52,2_3_8,3,True,3,4,4,4,4,4,4,3
781,1051-52,2_2_4,3,False,4,4,3,4,4,3,3,4
7821,1051-52,4_2_12,3,False,4,3,2,4,3,3,3,3
7896,1051-52,3_2_2,3,True,4,3,4,4,4,4,4,4
7917,1051-52,2_2_6,3,False,5,5,3,4,4,3,4,5
7922,1051-52,2_3_7,3,True,5,5,4,4,3,4,5,5
8014,1051-52,2_3_7,3,True,4,4,3,4,4,4,4,3
8016,1051-52,4_2_10,3,False,4,4,4,3,3,3,4,3
8026,1051-52,2_2_2,3,True,4,4,2,4,4,4,4,4
8089,1051-52,4_2_12,3,False,4,4,4,4,3,4,4,4
8105,1051-52,2_2_6,3,False,3,3,3,4,3,3,2,3
8145,1051-52,2_2_6,3,True,5,5,4,4,4,5,5,4
8179,1051-52,2_4_12,3,True,4,3,4,4,4,4,4,4
8313,1051-52,2_4_12,3,True,5,4,4,4,4,4,3,4
8319,1051-52,2_2_3,3,True,4,3,3,3,2,4,4,3
8382,1051-52,2_4_11,3,False,4,3,2,3,4,4,4,3
8419,1051-52,2_2_3,3,True,4,5,4,4,4,4,4,4
8446,1051-52,2_2_2,3,True,5,3,4,3,4,4,3,4
8550,1051-52,2_4_12,3,True,4,4,3,3,4,4,4,3
8603,1051-52,1_1_3,3,True,4,5,4,4,3,4,4,4
8702,1051-52,4_2_12,3,False,4,3,4,4,3,4,3,4
8727,1051-52,3_1_1,3,True,4,3,3,3,2,4,4,3
8744,1051-52,2_2_3,3,True,3,3,2,3,2,3,2,2
8850,1051-52,2_2_3,3,False,4,4,3,3,3,4,4,3
8876,1051-52,1_1_3,3,True,4,4,3,3,3,3,3,3
8925,1051-52,2_2_5,3,True,4,4,3,3,3,4,4,3
8972,1051-52,2_2_5,3,True,3,4,3,4,3,4,3,3
8980,1051-52,2_3_8,3,True,4,4,3,4,4,3,4,3
8991,1051-52,2_4_11,3,False,4,3,3,3,4,3,4,3
8999,1051-52,2_3_8,3,False,4,4,3,3,4,5,5,4
9025,1051-52,2_3_7,3,True,4,3,2,3,2,3,4,2
9105,1051-52,2_3_8,3,True,5,5,4,4,4,4,4,4
9109,1051-52,1_1_5,3,True,4,4,3,4,4,4,4,3
9113,1051-52,1_2_1,3,False,5,3,3,4,4,4,4,4
9128,1051-52,1_1_4,3,True,4,4,4,3,3,4,3,3
9144,1051-52,1_1_4,3,True,4,4,3,4,4,4,4,3
9189,1051-52,2_2_6,3,True,4,4,3,4,4,5,4,4
9203,1051-52,1_1_5,3,True,4,4,4,4,3,4,3,4
9239,1051-52,2_2_3,3,False,4,3,4,4,4,4,4,3
9331,1051-52,2_2_3,3,True,4,4,3,3,3,3,3,3
9348,1051-52,2_2_3,3,False,4,4,3,4,4,4,4,4
9349,1051-52,1_2_1,3,True,4,3,4,4,4,5,4,3
9429,1051-52,1_1_3,3,False,4,4,3,4,3,3,3,3
9537,1051-52,2_4_12,3,True,3,4,3,3,3,3,4,4
959,1051-52,1_2_1,3,True,4,3,3,3,3,3,4,3
9628,1051-52,2_3_7,3,False,4,3,3,3,3,4,3,3
970,1051-52,2_2_2,3,True,4,3,3,4,3,4,3,3
9703,1051-52,1_1_4,3,True,4,3,3,3,3,3,4,3
9775,1051-52,2_3_8,3,True,3,4,3,3,4,4,3,3
9803,1051-52,2_1_1,3,False,3,4,3,4,4,3,4,4
9815,1051-52,2_4_11,3,True,4,4,3,3,3,3,3,3
9946,1051-52,2_3_8,3,True,4,4,3,4,3,4,4,4
10047,1052-53,3_2_2,3,True,3,3,2,2,3,3,3,3
10126,1052-53,2_3_8,3,True,4,4,4,3,3,4,4,3
10144,1052-53,2_3_7,3,True,4,3,3,3,3,3,3,2
10152,1052-53,1_2_1,3,True,5,4,3,4,4,5,4,5
10198,1052-53,2_2_4,3,True,4,4,3,2,3,3,3,2
10228,1052-53,2_1_1,3,False,4,4,3,3,3,4,4,4
10296,1052-53,2_3_8,3,True,4,4,3,3,3,3,4,4
10364,1052-53,2_2_5,3,True,3,3,3,3,3,3,3,2
10434,1052-53,2_3_9,3,True,4,3,3,4,3,3,4,3
10474,1052-53,2_3_7,3,True,4,4,3,4,4,4,4,3
10527,1052-53,4_2_11,3,False,5,5,4,5,5,4,4,4
10551,1052-53,4_2_10,3,False,4,4,3,3,3,3,3,3
10569,1052-53,4_2_11,3,False,3,3,3,4,4,4,4,3
10617,1052-53,2_1_1,3,False,4,4,3,3,4,4,4,4
10651,1052-53,1_1_3,3,False,5,4,4,4,4,4,4,4
10753,1052-53,2_4_10,3,False,4,3,3,3,3,4,3,3
10773,1052-53,2_3_9,3,False,4,4,3,4,3,3,3,4
10775,1052-53,2_4_12,3,True,3,3,2,4,3,3,3,2
10799,1052-53,2_1_1,3,False,4,2,3,3,3,3,3,3
10826,1052-53,1_1_4,3,False,4,4,4,4,4,4,4,5
10896,1052-53,1_1_4,3,True,4,4,3,3,4,4,3,3
10925,1052-53,1_1_1,3,False,4,4,4,4,3,4,5,5
10943,1052-53,4_2_9,3,False,3,4,4,4,4,4,4,4
10948,1052-53,1_1_1,3,True,4,4,4,4,4,4,4,4
10968,1052-53,3_2_2,3,True,5,5,4,4,4,4,4,4
11011,1052-53,1_1_3,3,True,4,4,3,3,4,4,4,3
11033,1052-53,1_1_2,3,True,4,4,4,4,3,5,4,4
11035,1052-53,2_2_4,3,True,5,4,4,4,4,4,4,4
11056,1052-53,2_4_10,3,True,4,4,3,3,3,3,4,3
11059,1052-53,2_1_1,3,True,4,3,4,4,3,4,4,4
11076,1052-53,4_2_11,3,False,4,4,3,3,4,4,4,4
11186,1052-53,3_1_1,3,True,4,3,3,3,3,3,4,3
11188,1052-53,2_2_5,3,True,5,5,4,5,4,5,5,4
11229,1052-53,3_2_2,3,True,4,3,3,3,3,4,4,3
11248,1052-53,1_1_4,3,True,4,3,3,3,3,3,4,3
11331,1052-53,1_1_5,3,True,4,4,3,2,3,3,4,3
11403,1052-53,2_2_5,3,True,3,3,3,3,2,3,3,2
11442,1052-53,1_1_4,3,True,4,4,3,4,4,4,5,4
11505,1052-53,2_3_9,3,False,4,4,3,4,3,3,4,4
11529,1052-53,1_1_4,3,True,5,4,3,4,4,4,4,3
11581,1052-53,2_1_1,3,False,4,5,4,4,4,3,4,4
11671,1052-53,1_1_3,3,True,5,5,4,5,4,4,4,5
11703,1052-53,1_1_1,3,True,4,4,4,4,3,4,3,3
11731,1052-53,2_3_8,3,True,3,3,2,2,2,3,3,2
11739,1052-53,2_2_6,3,False,5,4,3,4,4,3,4,4
11787,1052-53,3_2_2,3,True,4,5,3,4,4,4,4,4
11879,1052-53,3_2_2,3,False,4,3,2,4,4,3,4,3
11937,1052-53,1_1_2,3,False,4,4,4,4,3,4,4,3
11946,1052-53,2_3_8,3,True,4,4,2,2,3,3,3,3
12019,1052-53,2_3_7,3,True,4,3,4,3,3,4,3,3
12188,1052-53,3_2_2,3,True,3,4,2,3,2,3,4,2
12232,1052-53,3_2_2,3,False,5,5,4,5,4,5,4,4
12244,1052-53,2_2_4,3,False,3,4,3,4,3,4,3,4
12265,1052-53,2_3_7,3,True,4,3,3,4,3,3,4,3
12284,1052-53,2_2_2,3,False,3,3,3,4,4,4,4,3
12342,1052-53,2_3_8,3,True,4,3,3,2,3,3,3,3
12351,1052-53,2_4_12,3,True,4,4,3,4,3,4,4,4
12366,1052-53,1_1_1,3,False,4,5,4,4,4,5,5,4
12380,1052-53,3_2_2,3,False,5,4,3,3,4,4,4,5
12426,1052-53,2_2_5,3,True,4,4,4,3,4,4,4,4
12438,1052-53,2_2_3,3,True,4,4,4,3,4,4,4,3
12528,1052-53,3_1_1,3,True,4,3,3,4,4,4,3,3
12623,1052-53,2_3_7,3,True,4,3,3,3,3,4,3,3
12628,1052-53,1_1_2,3,True,3,3,2,3,4,4,4,3
12649,1052-53,1_1_3,3,True,4,4,3,4,3,4,3,4
12686,1052-53,2_3_7,3,False,5,4,3,4,4,4,4,4
12761,1052-53,2_4_12,3,True,4,4,4,4,3,4,3,4
12812,1052-53,1_1_2,3,True,4,3,3,3,3,4,4,3
12830,1052-53,2_4_10,3,False,4,4,3,4,3,3,4,3
12831,1052-53,1_1_3,3,True,4,4,4,5,4,4,4,3
12851,1052-53,2_2_5,3,True,4,3,3,3,3,4,3,2
12886,1052-53,1_1_1,3,True,3,3,2,3,3,3,3,3
12908,1052-53,1_1_4,3,False,4,4,3,3,3,3,3,3
12946,1052-53,1_1_2,3,True,3,3,3,4,3,4,3,2
12970,1052-53,1_1_1,3,True,4,4,4,4,4,4,4,4
12972,1052-53,2_1_1,3,True,4,3,3,4,2,3,4,3
13009,1052-53,2_3_7,3,True,3,4,3,4,3,4,3,3
13010,1052-53,2_2_3,3,False,4,4,4,4,4,4,3,4
13119,1052-53,2_2_5,3,False,3,4,3,4,4,4,4,4
13155,1052-53,3_2_2,3,True,4,4,3,3,4,3,3,3
13188,1052-53,2_3_9,3,True,4,3,4,4,3,4,4,3
13228,1052-53,1_1_1,3,True,4,4,3,3,3,4,3,4
13239,1052-53,3_1_1,3,False,3,3,2,3,3,3,4,2
13265,1052-53,3_1_1,3,False,3,3,3,4,3,4,3,3
13271,1052-53,2_2_6,3,True,4,3,4,4,3,4,3,3
13313,1052-53,1_1_3,3,True,4,4,2,3,3,4,4,3
13323,1052-53,4_2_10,3,False,4,3,4,4,3,4,4,4
13331,1052-53,1_1_1,3,True,4,3,3,4,4,4,3,3
13347,1052-53,3_2_2,3,True,3,3,3,2,2,3,3,2
1343,1052-53,2_3_7,3,True,3,4,4,3,3,4,3,3
13488,1052-53,2_4_11,3,False,3,4,3,3,4,3,3,4
13518,1052-53,2_2_4,3,True,5,5,4,5,4,5,4,4
13580,1052-53,2_1_1,3,True,3,4,3,3,4,4,4,3
13621,1052-53,2_2_4,3,True,5,4,4,4,4,4,4,5
13723,1052-53,4_2_11,3,False,3,4,3,4,3,3,3,3
1373,1052-53,2_4_10,3,True,3,4,3,4,2,4,3,3
13735,1052-53,4_2_11,3,False,4,3,3,4,3,4,4,4
13754,1052-53,2_3_7,3,True,3,3,3,2,2,3,4,2
13792,1052-53,1_2_1,3,False,3,4,3,3,3,3,3,3
13797,1052-53,4_2_12,3,False,3,4,2,2,2,3,3,2
13800,1052-53,3_2_2,3,True,4,5,2,3,3,3,4,3
13823,1052-53,1_1_2,3,True,5,4,4,4,4,4,4,4
13832,1052-53,1_2_1,3,True,4,4,3,4,4,4,4,4
13880,1052-53,3_2_2,3,False,5,5,4,4,4,5,5,4
13892,1052-53,2_4_12,3,True,4,4,3,3,3,3,3,4
13933,1052-53,3_2_2,3,True,3,3,3,3,3,3,3,3
13944,1052-53,1_2_1,3,True,4,3,4,2,3,3,3,3
14022,1052-53,2_3_9,3,True,5,4,4,4,4,4,3,5
14050,1052-53,2_1_1,3,True,3,4,3,3,4,4,4,4
14155,1052-53,2_3_7,3,True,4,5,3,4,3,4,5,4
14158,1052-53,1_1_2,3,True,3,3,3,4,4,4,3,3
14193,1052-53,2_4_12,3,True,3,3,2,3,3,4,3,2
14224,1052-53,5_3_11,3,False,3,3,4,5,3,3,4,3
14303,1052-53,2_4_12,3,True,4,4,4,3,3,4,4,4
14352,1052-53,2_3_9,3,True,4,4,3,4,3,3,4,3
14368,1052-53,2_3_8,3,True,4,3,3,3,3,4,4,2
14389,1052-53,1_1_4,3,True,5,4,4,5,4,5,3,4
144,1052-53,1_1_5,3,True,3,4,3,3,3,3,4,2
14411,1052-53,2_2_2,3,False,4,4,4,4,3,4,4,4
14645,1052-53,2_2_3,3,True,4,4,3,3,5,4,4,4
14664,1052-53,2_1_1,3,False,4,4,4,4,5,4,5,5
14665,1052-53,2_3_8,3,True,4,4,3,3,4,4,4,4
14809,1052-53,1_2_1,3,True,5,4,4,4,5,4,4,4
14817,1052-53,2_4_12,3,True,4,3,3,3,4,4,3,3
14863,1052-53,3_2_2,3,False,4,4,3,3,4,4,3,4
14953,1052-53,1_2_1,3,True,4,3,3,4,4,5,4,4
14963,1052-53,2_4_10,3,True,4,4,3,4,3,4,4,4
15002,1052-53,3_2_2,3,True,5,4,4,4,5,4,3,4
15133,1052-53,2_2_5,3,True,4,3,2,3,3,4,3,3
15141,1052-53,2_3_7,3,True,3,3,2,2,2,2,3,1
15174,1052-53,2_2_4,3,False,4,4,3,3,3,4,3,4
15195,1052-53,4_2_10,3,False,3,4,3,3,4,4,3,4
15206,1052-53,1_1_4,3,True,4,3,3,3,3,3,4,3
15216,1052-53,1_1_3,3,True,4,5,4,4,3,4,5,4
15248,1052-53,2_2_5,3,True,4,4,4,4,4,4,4,4
15256,1052-53,2_4_12,3,True,5,5,3,4,3,4,4,3
15257,1052-53,2_3_7,3,True,4,4,3,3,4,4,3,4
15281,1052-53,2_1_1,3,False,4,4,3,3,3,4,4,3
15297,1052-53,1_1_4,3,True,4,4,4,5,4,3,4,4
15318,1052-53,3_2_2,3,False,5,4,4,5,4,4,4,5
15321,1052-53,1_2_1,3,True,4,3,3,4,3,3,4,3
15327,1052-53,2_4_12,3,False,4,3,3,4,3,4,3,3
15351,1052-53,2_2_6,3,True,4,4,4,4,4,4,4,4
15388,1052-53,2_1_1,3,True,4,4,4,4,4,4,4,4
15430,1052-53,4_2_11,3,False,3,3,3,4,4,4,3,3
15452,1052-53,4_2_12,3,True,4,4,3,3,3,5,4,3
15455,1052-53,4_2_12,3,False,5,4,3,5,4,4,3,4
15457,1052-53,2_4_10,3,False,4,4,3,3,3,4,4,3
15459,1052-53,4_2_9,3,False,3,3,3,4,5,4,5,3
15482,1052-53,2_3_8,3,False,4,5,4,4,4,4,4,3
15487,1052-53,2_2_2,3,True,3,3,3,3,3,3,4,2
15492,1052-53,2_2_3,3,False,5,4,4,4,4,4,4,4
15516,1052-53,2_1_1,3,True,3,3,3,3,3,3,4,3
15560,1052-53,2_2_5,3,False,4,4,3,3,4,4,4,4
15561,1052-53,2_2_5,3,False,4,5,4,4,4,4,4,4
15562,1052-53,1_1_1,3,True,4,4,3,4,3,3,4,3
15567,1052-53,3_2_2,3,False,3,4,4,4,4,3,3,3
15570,1052-53,1_1_3,3,False,4,4,4,4,3,4,4,4
15573,1052-53,1_1_4,3,True,4,3,4,3,3,4,3,4
15602,1052-53,2_3_7,3,True,4,4,4,4,3,4,4,4
15613,1052-53,1_1_2,3,False,4,3,3,3,3,4,4,4
15666,1052-53,2_1_1,3,False,5,5,4,4,5,4,4,5
15696,1052-53,2_3_7,3,True,3,4,3,3,3,3,4,3
15700,1052-53,2_1_1,3,False,3,3,3,3,3,3,3,3
15709,1052-53,2_1_1,3,True,4,3,3,4,4,4,3,4
15714,1052-53,1_1_3,3,True,4,5,2,3,3,4,4,3
15717,1052-53,2_3_8,3,True,4,4,3,4,2,4,2,3
15764,1052-53,2_2_5,3,True,4,4,3,4,3,5,4,4
15768,1052-53,2_4_12,3,False,4,3,4,3,4,4,3,4
15791,1052-53,4_2_11,3,False,4,4,3,4,4,4,3,4
15798,1052-53,4_2_12,3,False,5,5,3,4,4,4,5,5
158,1052-53,1_1_3,3,False,4,4,4,3,3,3,4,4
15817,1052-53,2_2_6,3,False,3,3,3,4,3,3,3,3
15820,1052-53,3_2_2,3,False,5,5,4,5,5,5,4,5
15830,1052-53,2_2_5,3,False,4,3,4,4,3,3,3,4
15852,1052-53,1_2_1,3,False,3,4,4,4,4,4,3,3
15855,1052-53,2_2_2,3,False,4,4,4,4,4,4,4,4
15889,1052-53,4_2_12,3,False,4,4,4,4,4,4,3,3
15895,1052-53,2_3_8,3,True,3,4,4,3,3,4,3,3
15905,1052-53,2_2_4,3,True,4,4,3,4,3,4,3,3
15917,1052-53,2_1_1,3,False,4,4,3,3,3,3,4,3
15930,1052-53,2_2_2,3,False,5,4,4,4,4,4,4,4
15952,1052-53,1_1_2,3,True,4,3,4,4,4,4,4,5
15956,1052-53,2_3_7,3,True,4,4,4,4,4,4,5,5
15970,1052-53,2_4_11,3,False,5,4,4,4,4,4,3,4
15996,1052-53,2_4_10,3,False,5,4,4,5,4,5,4,5
16026,1052-53,1_1_3,3,True,3,3,2,4,3,3,3,2
16035,1052-53,2_1_1,3,True,4,4,3,4,4,4,4,4
16044,1052-53,2_2_2,3,True,5,4,4,3,4,5,4,4
16046,1052-53,2_3_8,3,False,4,4,4,5,4,4,4,5
16074,1052-53,1_1_4,3,False,4,3,3,4,3,3,4,3
16089,1052-53,2_1_1,3,False,4,4,3,3,3,3,3,4
16100,1052-53,4_2_11,3,False,4,4,4,4,4,4,4,4
16124,1052-53,3_5_13,3,False,4,4,2,3,2,3,3,3
16134,1052-53,1_1_3,3,False,5,4,4,4,3,4,3,4
16136,1052-53,3_2_2,3,True,5,4,5,4,3,3,5,4
16143,1052-53,2_3_8,3,True,5,4,4,4,4,4,5,4
16164,1052-53,2_4_10,3,True,5,5,4,4,4,4,5,5
16165,1052-53,1_1_3,3,True,5,4,3,4,4,4,4,4
16167,1052-53,1_1_4,3,True,4,3,3,3,3,4,2,3
16173,1052-53,2_2_4,3,True,5,3,3,3,4,3,4,3
16196,1052-53,2_4_10,3,True,3,3,2,4,2,4,3,3
16236,1052-53,2_4_10,3,True,4,4,2,3,2,4,4,3
16240,1052-53,5_3_12,3,False,3,4,3,3,4,4,4,3
16270,1052-53,2_3_7,3,True,4,4,4,3,3,3,4,4
16276,1052-53,2_3_7,3,False,4,4,4,4,3,5,4,4
16277,1052-53,2_3_7,3,False,5,5,4,5,3,4,4,5
16289,1052-53,2_2_5,3,False,5,4,4,4,4,4,4,4
16294,1052-53,2_2_2,3,False,4,5,4,4,4,4,5,4
16303,1052-53,5_3_11,3,False,3,3,2,4,3,4,3,4
16307,1052-53,2_3_8,3,False,5,4,4,4,4,4,4,4
16341,1052-53,1_1_5,3,False,4,4,3,4,3,4,4,3
16343,1052-53,2_2_2,3,True,4,4,3,3,3,4,3,3
16378,1052-53,1_1_2,3,False,4,4,3,4,3,4,4,3
16402,1052-53,2_3_7,3,True,4,5,3,4,4,4,5,4
16412,1052-53,2_4_10,3,False,5,5,4,4,4,4,3,4
16419,1052-53,4_2_10,3,False,3,3,3,3,3,3,3,3
16461,1052-53,4_2_8,3,False,4,3,4,5,4,4,4,4
16467,1052-53,2_4_12,3,True,5,4,4,5,5,5,5,5
16468,1052-53,3_5_13,3,False,3,3,3,4,4,4,4,4
16485,1052-53,1_1_1,3,True,5,3,3,4,3,3,3,3
16487,1052-53,2_2_2,3,False,4,4,4,4,4,4,5,4
16490,1052-53,3_2_2,3,True,4,4,4,4,4,4,4,4
16491,1052-53,2_3_9,3,False,3,4,3,3,3,4,4,3
16492,1052-53,1_1_3,3,True,5,5,5,5,5,5,5,5
16527,1052-53,2_4_12,3,True,4,4,4,3,3,4,4,3
16533,1052-53,2_2_4,3,True,5,4,4,4,4,4,5,5
16560,1052-53,4_2_12,3,False,5,4,4,4,4,3,4,4
16561,1052-53,2_4_10,3,False,5,4,5,4,4,5,4,5
16569,1052-53,2_2_3,3,True,3,3,3,3,3,3,3,2
16603,1052-53,2_2_6,3,False,4,3,2,3,3,3,3,3
16612,1052-53,2_2_4,3,False,5,5,5,4,4,4,3,4
16620,1052-53,2_3_7,3,True,4,4,4,4,4,4,5,4
16622,1052-53,2_3_8,3,True,4,4,3,3,3,3,3,2
16623,1052-53,2_2_5,3,True,4,4,4,4,4,5,4,5
16643,1052-53,2_2_2,3,True,4,4,3,3,3,3,4,3
16645,1052-53,1_2_1,3,True,4,4,5,4,4,3,3,3
16650,1052-53,2_3_7,3,True,3,3,3,2,2,4,3,3
16671,1052-53,2_4_11,3,True,3,3,2,3,3,3,4,3
16696,1052-53,1_1_2,3,False,4,3,4,4,3,3,3,3
16711,1052-53,2_4_12,3,False,4,4,3,3,3,3,4,3
16735,1052-53,2_2_2,3,True,3,3,2,3,3,3,3,2
16747,1052-53,1_1_4,3,True,4,4,3,4,3,4,4,3
16753,1052-53,2_2_5,3,False,4,4,4,3,4,4,4,4
16757,1052-53,1_2_1,3,True,5,4,3,4,3,4,3,5
16760,1052-53,2_3_7,3,True,4,4,4,3,3,4,4,3
16774,1052-53,1_1_2,3,True,4,4,3,4,3,4,3,4
16791,1052-53,2_3_7,3,False,3,3,2,2,3,3,3,3
16818,1052-53,3_5_13,3,False,3,4,4,4,4,4,3,4
16859,1052-53,1_2_1,3,True,4,4,4,4,4,4,4,4
16866,1052-53,1_2_1,3,True,4,4,4,2,3,3,3,2
16867,1052-53,4_2_12,3,False,4,4,3,3,3,4,3,3
16868,1052-53,2_2_4,3,True,4,3,5,4,3,4,4,3
16891,1052-53,2_3_7,3,True,5,5,4,4,4,4,5,5
16916,1052-53,4_2_11,3,False,3,4,3,4,3,4,3,4
16962,1052-53,4_2_9,3,False,4,4,3,3,4,4,3,3
17002,1052-53,1_2_1,3,False,5,4,4,4,4,5,3,4
17014,1052-53,2_4_10,3,True,4,4,4,5,5,4,4,5
17015,1052-53,2_2_2,3,True,4,4,3,3,3,4,4,3
17061,1052-53,2_3_7,3,True,3,3,3,3,3,4,4,4
17084,1052-53,2_2_6,3,True,3,4,2,3,3,3,2,2
17086,1052-53,1_1_4,3,False,4,4,4,4,4,4,4,5
17093,1052-53,2_3_7,3,False,4,4,5,5,4,4,3,4
17149,1052-53,2_4_12,3,False,5,4,4,3,4,4,3,4
17151,1052-53,2_2_5,3,True,4,4,3,4,3,4,4,3
17164,1052-53,2_4_10,3,True,4,4,4,4,3,4,3,3
17172,1052-53,2_2_3,3,True,3,4,3,3,3,3,3,3
17176,1052-53,2_3_8,3,False,4,4,3,4,3,3,3,3
17178,1052-53,2_2_4,3,True,4,4,3,4,4,4,4,3
17186,1052-53,2_4_10,3,False,4,3,4,4,4,3,4,4
17188,1052-53,2_2_4,3,True,4,4,4,5,4,4,5,4
17189,1052-53,2_1_1,3,False,4,4,3,3,3,4,3,4
17192,1052-53,2_4_12,3,False,4,4,4,5,4,4,4,5
17238,1052-53,3_2_2,3,True,4,4,4,3,3,4,4,3
17244,1052-53,2_2_3,3,True,5,5,4,5,5,4,5,4
17246,1052-53,1_1_5,3,True,4,4,3,3,3,3,4,3
17250,1052-53,1_1_4,3,False,4,4,3,4,3,4,4,4
17252,1052-53,2_2_5,3,True,5,4,3,3,4,3,3,3
17269,1052-53,4_2_10,3,False,4,4,3,4,4,4,4,4
17280,1052-53,2_4_10,3,False,5,5,4,4,4,4,4,5
17282,1052-53,1_1_1,3,False,4,4,4,4,3,4,4,4
17325,1052-53,3_2_2,3,False,4,4,3,3,4,3,4,2
17334,1052-53,2_2_4,3,False,4,3,2,3,2,3,3,2
17336,1052-53,2_3_7,3,False,4,3,3,3,4,3,4,3
17342,1052-53,1_1_3,3,True,4,4,2,3,3,3,3,3
17349,1052-53,2_2_3,3,True,3,4,2,4,3,3,4,3
17350,1052-53,2_4_10,3,False,5,4,4,4,4,4,4,3
17371,1052-53,2_3_8,3,True,3,3,3,2,2,4,3,2
17375,1052-53,3_1_1,3,True,4,5,4,4,4,4,4,4
17393,1052-53,2_2_5,3,True,5,4,4,3,3,4,4,3
17400,1052-53,2_3_8,3,True,3,4,4,4,4,3,2,3
17439,1052-53,1_1_3,3,False,5,4,4,5,4,4,4,5
17462,1052-53,2_2_2,3,True,4,4,3,4,3,4,4,3
17467,1052-53,2_2_3,3,True,5,4,3,5,5,5,4,4
17469,1052-53,1_1_4,3,False,5,4,4,4,3,4,3,4
17476,1052-53,2_4_12,3,True,5,2,3,3,4,4,4,2
17480,1052-53,2_3_7,3,True,4,5,4,4,5,4,4,4
17532,1052-53,2_2_4,3,True,4,3,3,3,4,3,3,3
17539,1052-53,2_4_12,3,True,4,4,3,4,3,4,4,3
17553,1052-53,2_2_2,3,True,5,4,3,4,3,4,4,4
17599,1052-53,2_2_4,3,False,4,4,4,3,3,3,3,4
17606,1052-53,2_3_9,3,False,5,4,4,2,2,4,3,3
17615,1052-53,2_2_5,3,True,4,4,4,4,3,4,4,4
17620,1052-53,1_2_1,3,True,4,3,4,3,4,4,3,3
17628,1052-53,4_2_10,3,False,3,4,4,4,4,4,4,5
17632,1052-53,1_2_1,3,True,4,4,4,3,4,4,3,3
17660,1052-53,2_2_5,3,True,4,4,4,3,3,4,4,3
17696,1052-53,2_4_11,3,True,4,3,3,3,4,3,3,4
17719,1052-53,1_1_3,3,True,4,4,3,3,3,4,3,3
17753,1052-53,1_1_4,3,True,4,4,3,4,3,3,4,3
17766,1052-53,1_1_3,3,False,4,4,4,4,4,3,4,4
17790,1052-53,2_4_10,3,True,4,3,4,4,3,4,4,3
17791,1052-53,3_1_1,3,False,4,4,2,3,3,4,4,2
17826,1052-53,1_1_1,3,True,4,4,4,4,3,4,4,4
17836,1052-53,2_4_12,3,True,4,4,3,4,5,5,4,4
17845,1052-53,2_4_11,3,False,5,5,5,4,5,5,5,5
17846,1052-53,4_2_12,3,True,4,4,3,4,3,3,4,4
17889,1052-53,2_4_12,3,True,4,5,3,4,3,4,3,4
17894,1052-53,2_1_1,3,True,4,4,3,4,3,4,4,3
17896,1052-53,2_2_4,3,False,4,4,3,4,4,4,4,4
17911,1052-53,1_1_5,3,True,4,4,4,4,4,4,4,4
17920,1052-53,2_2_5,3,True,4,4,4,3,3,3,3,3
17928,1052-53,2_2_2,3,True,4,3,3,2,2,3,2,2
17975,1052-53,2_2_3,3,True,5,4,4,4,4,4,4,4
17979,1052-53,2_2_2,3,True,4,4,4,4,4,3,4,4
17989,1052-53,4_2_10,3,False,4,4,4,3,3,4,4,4
17994,1052-53,2_4_10,3,True,4,4,4,4,3,3,3,3
17995,1052-53,2_3_8,3,False,4,4,3,3,4,4,3,4
17998,1052-53,1_1_4,3,True,4,4,5,4,3,4,4,3
18010,1052-53,1_1_2,3,False,4,4,3,4,4,4,3,4
18013,1052-53,1_2_1,3,False,4,4,4,4,4,4,4,3
18018,1052-53,2_2_3,3,False,5,3,4,5,5,3,4,5
18023,1052-53,2_2_2,3,False,4,3,3,3,3,4,4,3
18039,1052-53,2_4_10,3,False,4,4,4,4,4,4,4,5
18047,1052-53,4_2_8,3,False,3,4,4,4,4,3,5,4
18087,1052-53,1_2_1,3,True,4,4,3,3,3,4,4,3
18098,1052-53,3_2_2,3,False,4,4,3,4,3,4,4,4
18100,1052-53,2_4_10,3,True,4,3,4,3,4,3,4,3
18129,1052-53,1_1_1,3,True,4,4,4,3,3,4,3,3
18148,1052-53,1_1_1,3,False,4,4,4,4,5,4,4,4
18151,1052-53,2_4_12,3,True,4,4,3,4,4,5,5,3
18206,1052-53,2_4_11,3,False,4,4,3,4,4,4,4,3
18228,1052-53,5_3_12,3,False,4,4,3,3,3,4,3,3
18233,1052-53,3_2_2,3,True,4,4,3,4,4,4,4,3
18239,1052-53,2_2_6,3,False,4,3,3,4,3,4,4,4
18242,1052-53,2_2_5,3,True,4,5,3,4,4,4,4,4
18263,1052-53,2_1_1,3,False,4,4,3,4,4,4,4,4
18268,1052-53,2_3_8,3,False,5,3,3,4,3,3,3,3
18278,1052-53,2_3_8,3,True,3,3,4,3,3,4,4,4
18281,1052-53,1_1_3,3,False,5,4,3,3,3,3,4,4
18292,1052-53,2_4_12,3,False,4,4,4,4,4,5,4,4
18294,1052-53,1_1_4,3,False,3,4,3,4,3,4,2,3
18300,1052-53,2_3_8,3,True,4,4,4,4,2,4,4,3
18301,1052-53,2_4_12,3,False,4,4,4,4,4,4,4,5
18324,1052-53,4_2_12,3,False,5,4,4,4,4,4,4,3
18342,1052-53,2_2_3,3,False,5,4,4,4,4,4,3,3
18343,1052-53,4_2_10,3,False,4,3,4,4,4,4,4,5
18361,1052-53,2_3_8,3,False,4,4,4,4,4,4,4,4
18381,1052-53,1_1_3,3,True,4,4,3,3,3,4,3,3
18421,1052-53,2_2_2,3,True,4,5,4,3,4,4,4,4
18426,1052-53,1_1_3,3,False,4,4,3,4,3,4,5,3
18471,1052-53,1_1_1,3,False,4,4,4,3,3,3,4,3
18522,1052-53,2_3_7,3,False,4,4,3,4,4,4,5,4
18545,1052-53,1_1_5,3,True,4,4,4,4,4,4,3,3
1855,1052-53,1_1_4,3,True,4,3,3,3,4,4,4,3
18559,1052-53,2_1_1,3,True,4,4,3,3,3,5,4,4
18566,1052-53,1_1_3,3,True,5,4,4,5,4,3,4,4
18580,1052-53,3_2_2,3,True,3,4,4,4,4,4,3,3
18597,1052-53,2_1_1,3,True,5,4,4,3,4,5,3,4
18603,1052-53,2_4_12,3,True,4,4,4,3,4,5,5,5
18616,1052-53,1_1_2,3,True,4,4,4,4,4,4,4,5
18625,1052-53,2_2_3,3,True,4,4,2,3,2,3,3,3
18629,1052-53,1_1_1,3,False,4,4,3,4,4,4,4,4
18638,1052-53,2_2_6,3,True,3,3,3,5,3,4,3,2
18667,1052-53,2_1_1,3,False,4,3,3,3,3,3,3,3
18671,1052-53,1_1_1,3,True,5,4,3,3,3,4,3,3
18700,1052-53,2_1_1,3,False,4,4,4,3,4,4,4,4
18739,1052-53,3_5_13,3,False,4,4,2,4,3,3,4,3
18749,1052-53,3_2_2,3,True,4,4,3,3,4,5,2,3
18752,1052-53,1_1_4,3,True,4,4,3,4,4,4,3,3
18762,1052-53,2_3_8,3,False,5,4,4,3,3,4,4,4
18816,1052-53,2_2_4,3,False,3,3,2,4,3,2,3,2
18819,1052-53,2_4_10,3,True,3,3,3,4,4,4,4,3
18835,1052-53,2_2_6,3,False,4,5,4,4,4,4,4,5
18851,1052-53,1_1_2,3,True,3,4,3,3,4,4,3,3
18852,1052-53,2_1_1,3,True,4,4,3,4,5,4,3,3
18904,1052-53,2_1_1,3,False,4,3,4,3,4,4,4,4
18906,1052-53,2_4_12,3,False,4,4,4,4,4,4,4,4
18912,1052-53,3_5_13,3,False,3,3,3,3,3,4,4,3
18914,1052-53,4_2_12,3,False,5,4,4,3,4,4,4,3
18944,1052-53,2_2_3,3,False,3,3,3,2,2,4,3,2
18947,1052-53,3_1_1,3,True,5,5,4,4,4,4,5,4
18989,1052-53,1_1_2,3,True,4,4,4,4,4,4,4,4
19021,1052-53,4_2_12,3,False,4,4,3,4,4,4,4,4
19029,1052-53,2_2_6,3,True,3,3,3,4,3,4,3,3
19030,1052-53,2_4_10,3,True,4,4,3,4,3,3,3,3
19031,1052-53,2_3_7,3,True,4,4,4,4,3,4,3,4
19034,1052-53,2_2_6,3,True,5,5,4,4,4,4,4,3
19063,1052-53,2_3_9,3,False,4,4,3,4,3,4,4,3
19105,1052-53,1_1_4,3,True,4,4,4,4,4,4,3,3
19128,1052-53,2_1_1,3,False,4,4,5,5,4,4,4,5
19131,1052-53,2_2_2,3,False,5,4,4,5,5,5,5,5
19167,1052-53,1_1_3,3,True,5,4,3,4,4,4,3,4
19191,1052-53,2_2_5,3,False,4,4,4,4,4,4,4,4
19208,1052-53,2_3_9,3,True,4,3,4,4,4,4,4,4
19224,1052-53,2_1_1,3,True,3,3,3,3,3,3,4,3
19230,1052-53,1_1_1,3,True,4,4,3,4,3,4,4,4
19265,1052-53,4_2_11,3,False,3,3,4,4,4,4,4,4
19284,1052-53,4_2_12,3,False,5,5,4,5,4,4,4,4
19293,1052-53,4_2_11,3,False,4,4,4,4,3,3,3,4
19294,1052-53,1_1_4,3,False,4,4,5,4,4,4,4,4
19301,1052-53,2_1_1,3,False,3,3,3,3,3,3,3,3
19305,1052-53,3_1_1,3,True,4,3,3,3,4,4,3,3
19306,1052-53,2_3_7,3,False,4,4,3,4,3,3,5,4
19311,1052-53,2_2_4,3,False,4,4,3,4,3,3,3,3
19322,1052-53,2_2_3,3,True,5,4,4,5,4,4,3,4
19334,1052-53,2_4_12,3,True,5,4,5,4,4,5,5,5
19335,1052-53,2_4_12,3,True,4,4,4,3,4,3,5,4
19340,1052-53,4_2_12,3,False,4,4,4,4,4,4,4,3
19385,1052-53,2_3_8,3,False,5,4,3,4,4,4,3,4
19389,1052-53,2_4_11,3,True,4,3,3,4,3,4,4,3
19399,1052-53,2_2_5,3,True,4,3,4,3,2,3,3,3
19419,1052-53,1_2_1,3,False,5,4,4,5,4,4,4,5
1943,1052-53,2_2_5,3,False,4,5,4,4,3,4,4,4
19430,1052-53,3_5_13,3,False,4,3,3,3,3,4,4,3
19434,1052-53,1_1_3,3,True,4,3,2,3,2,3,4,2
19453,1052-53,2_2_6,3,True,4,4,3,4,4,4,4,3
19455,1052-53,1_1_4,3,True,4,4,3,4,4,5,4,4
19458,1052-53,1_1_4,3,True,3,4,4,5,3,4,3,4
19508,1052-53,2_3_8,3,True,5,3,3,4,4,4,4,4
19514,1052-53,5_3_12,3,False,4,4,3,3,3,3,3,3
19526,1052-53,2_2_6,3,False,4,4,4,4,4,4,4,4
19535,1052-53,2_3_8,3,False,4,4,3,3,3,4,4,3
19580,1052-53,2_4_10,3,False,5,5,4,4,4,4,4,5
19602,1052-53,2_2_6,3,True,4,3,3,3,3,4,4,3
19620,1052-53,2_4_10,3,True,5,5,4,5,4,4,4,4
19632,1052-53,4_2_10,3,False,4,4,5,5,4,4,4,5
19633,1052-53,4_2_12,3,False,4,5,4,4,4,4,5,5
19648,1052-53,1_1_3,3,False,4,3,2,3,3,3,3,3
19674,1052-53,2_3_8,3,False,4,3,3,4,4,4,4,4
19679,1052-53,1_1_1,3,True,4,4,4,3,4,3,3,3
19680,1052-53,3_5_13,3,False,4,4,4,4,4,4,4,4
19684,1052-53,2_2_4,3,True,4,4,3,4,3,4,4,3
19690,1052-53,2_2_5,3,True,4,4,4,4,4,3,3,4
19744,1052-53,4_2_12,3,False,5,4,4,4,3,4,4,5
19753,1052-53,2_2_6,3,True,4,4,3,4,3,4,3,2
19783,1052-53,2_2_4,3,False,5,4,4,5,4,3,4,5
19800,1052-53,1_2_1,3,False,4,4,4,4,4,4,4,4
19818,1052-53,1_1_4,3,True,4,4,3,3,4,4,3,3
19823,1052-53,2_3_8,3,True,3,4,4,3,4,4,3,3
19842,1052-53,2_2_4,3,True,4,3,4,4,4,3,4,4
19858,1052-53,1_2_1,3,False,4,4,4,4,4,4,4,4
19867,1052-53,1_1_3,3,True,5,3,3,3,3,4,3,3
19882,1052-53,2_3_8,3,False,3,3,3,4,4,4,3,3
19899,1052-53,2_2_6,3,True,3,3,2,3,2,3,3,2
19901,1052-53,4_2_8,3,False,4,3,3,4,3,4,4,4
19903,1052-53,3_1_1,3,True,4,4,3,3,4,4,4,4
19909,1052-53,1_1_2,3,False,5,4,4,5,4,4,4,4
19948,1052-53,2_4_11,3,False,5,3,3,3,3,4,4,3
19956,1052-53,2_3_8,3,False,5,4,3,4,4,4,4,4
19965,1052-53,2_1_1,3,True,4,3,2,3,3,3,3,3
19967,1052-53,4_2_12,3,False,5,4,4,4,4,5,4,4
19974,1052-53,3_2_2,3,False,4,4,4,4,4,4,5,5
19986,1052-53,2_1_1,3,True,5,4,3,4,4,4,4,4
19988,1052-53,3_5_13,3,False,4,4,3,3,3,3,4,4
20001,1052-53,3_5_13,3,False,4,2,5,4,4,4,5,3
20004,1052-53,2_2_2,3,False,4,4,4,5,4,5,4,5
20009,1052-53,1_2_1,3,False,4,4,3,3,3,4,5,3
20016,1052-53,5_3_11,3,False,4,3,4,4,3,3,4,3
20017,1052-53,2_2_6,3,False,3,3,3,4,3,3,4,3
20018,1052-53,4_2_11,3,False,4,3,3,5,3,3,4,4
20021,1052-53,4_2_10,3,False,3,4,4,4,4,4,4,4
20022,1052-53,4_2_12,3,False,4,3,4,3,3,3,3,3
20023,1052-53,4_2_9,3,False,3,3,3,3,4,2,3,3
20025,1052-53,4_2_11,3,False,4,4,4,4,3,3,3,4
20027,1052-53,2_1_1,3,False,4,4,4,4,4,4,4,4
20031,1052-53,4_2_10,3,False,3,4,3,5,3,4,4,4
20032,1052-53,2_3_9,3,False,5,5,4,5,4,4,4,4
20034,1052-53,5_3_12,3,False,5,4,4,4,4,4,4,5
20046,1052-53,4_2_8,3,False,3,4,4,4,3,3,4,3
20047,1052-53,2_2_2,3,False,4,4,4,4,3,4,3,5
20051,1052-53,2_2_5,3,False,5,5,4,5,4,4,5,5
20062,1052-53,3_2_2,3,False,4,4,5,4,4,4,4,4
20063,1052-53,2_3_7,3,False,4,4,3,4,3,4,4,3
20065,1052-53,2_3_7,3,False,4,5,4,3,4,4,3,4
20071,1052-53,2_2_6,3,False,4,4,5,4,4,5,4,5
20074,1052-53,4_2_11,3,False,3,4,4,4,4,4,4,4
20076,1052-53,2_2_5,3,False,4,3,3,3,3,4,3,3
20080,1052-53,3_1_1,3,False,4,3,3,3,4,4,3,4
20082,1052-53,4_2_9,3,False,4,4,4,4,4,4,4,4
20085,1052-53,4_2_12,3,False,4,3,3,3,3,4,5,4
20099,1052-53,1_2_1,3,False,4,4,3,5,4,4,4,4
20100,1052-53,2_3_8,3,False,4,4,5,5,4,5,3,4
20105,1052-53,4_2_12,3,False,4,3,4,4,3,3,4,3
20115,1052-53,3_2_2,3,False,5,5,4,4,4,5,4,4
20121,1052-53,2_4_12,3,False,3,3,2,3,3,3,4,2
20126,1052-53,4_2_8,3,False,3,3,3,3,2,3,2,3
20127,1052-53,1_1_3,3,False,5,4,3,5,4,4,5,4
20131,1052-53,2_2_2,3,False,4,4,4,4,3,3,4,4
20133,1052-53,2_2_3,3,False,5,4,5,5,4,4,5,4
20141,1052-53,2_2_6,3,False,5,4,3,4,4,4,4,4
20142,1052-53,2_3_7,3,False,4,5,5,5,4,4,4,4
20148,1052-53,3_1_1,3,False,3,4,4,4,3,4,4,4
20150,1052-53,1_1_3,3,False,4,4,4,4,4,4,4,3
20152,1052-53,4_2_10,3,False,4,4,5,5,4,4,4,4
20156,1052-53,4_2_10,3,False,4,4,4,3,3,3,4,4
20163,1052-53,2_4_10,3,False,4,4,3,3,4,4,4,4
20164,1052-53,4_2_10,3,False,4,4,3,4,4,4,4,3
20166,1052-53,2_3_9,3,False,5,4,4,3,4,4,4,4
20168,1052-53,2_2_4,3,False,5,5,4,4,4,4,4,4
20171,1052-53,2_2_4,3,False,3,3,2,2,3,3,3,3
20179,1052-53,4_2_8,3,False,5,4,5,5,4,5,4,5
20183,1052-53,1_1_5,3,False,4,4,3,3,3,3,4,3
20185,1052-53,1_1_4,3,False,4,4,4,4,3,4,3,4
20188,1052-53,2_3_7,3,False,5,4,4,4,4,4,4,4
20189,1052-53,2_4_12,3,False,3,4,3,4,4,3,4,4
20192,1052-53,2_4_12,3,False,5,4,4,4,3,4,3,3
20195,1052-53,2_4_11,3,False,4,4,4,4,4,4,5,4
20200,1052-53,2_3_9,3,False,3,3,3,3,3,3,4,3
20204,1052-53,5_3_11,3,False,3,3,4,3,3,4,2,3
20205,1052-53,1_1_2,3,False,5,5,4,4,5,4,4,5
20210,1052-53,1_1_5,3,False,4,3,4,4,3,3,3,3
20212,1052-53,3_5_13,3,False,4,5,4,5,4,4,3,5
20213,1052-53,5_3_11,3,False,3,3,3,4,4,4,4,4
20214,1052-53,2_4_12,3,False,4,3,3,4,3,3,3,3
20215,1052-53,4_2_12,3,False,5,5,4,4,4,3,4,4
20216,1052-53,1_1_4,3,False,4,5,4,3,3,4,5,4
20217,1052-53,1_1_4,3,False,4,4,4,3,4,4,4,4
20218,1052-53,2_2_4,3,False,5,4,4,4,4,4,4,4
20219,1052-53,2_2_2,3,False,4,4,4,3,3,4,3,3
20220,1052-53,2_2_5,3,False,5,3,4,4,4,4,3,4
20225,1052-53,4_2_12,3,False,5,5,5,5,5,4,4,5
20239,1052-53,1_1_1,3,False,4,4,4,4,4,4,4,4
20248,1052-53,2_2_5,3,False,4,5,4,4,4,5,4,3
20249,1052-53,4_2_8,3,False,3,3,4,3,3,3,3,4
20250,1052-53,2_4_10,3,False,5,4,4,3,4,4,4,4
20251,1052-53,2_3_9,3,False,4,5,5,4,3,4,5,4
20255,1052-53,1_1_2,3,False,3,5,4,4,4,5,4,4
20257,1052-53,2_4_12,3,False,4,4,4,3,3,3,4,4
20267,1052-53,3_5_13,3,False,3,3,4,4,4,3,3,4
20268,1052-53,5_3_11,3,False,4,4,4,3,4,4,4,4
20273,1052-53,3_5_13,3,False,4,4,3,4,4,4,4,4
20276,1052-53,2_4_12,3,False,4,5,4,3,4,4,5,3
20278,1052-53,2_1_1,3,False,5,5,5,5,4,5,4,4
20280,1052-53,5_3_11,3,False,3,3,3,3,3,4,3,3
20282,1052-53,2_2_4,3,False,4,4,4,4,4,4,3,4
20285,1052-53,3_1_1,3,False,5,5,4,5,5,4,4,4
20292,1052-53,3_2_2,3,False,5,5,5,5,5,4,4,5
20301,1052-53,2_3_9,3,False,4,4,5,3,4,4,3,4
20302,1052-53,4_2_9,3,False,3,3,3,4,3,4,3,3
20303,1052-53,3_2_2,3,False,4,4,4,4,4,5,4,4
20306,1052-53,2_3_8,3,False,4,4,4,4,3,3,4,4
20307,1052-53,2_4_12,3,False,5,5,4,5,4,4,5,4
20309,1052-53,2_4_12,3,False,4,4,4,4,4,4,4,4
20310,1052-53,2_3_9,3,False,4,4,4,3,3,4,4,4
20312,1052-53,4_2_12,3,False,4,4,4,4,3,4,4,4
20314,1052-53,4_2_8,3,False,3,3,2,3,2,3,3,3
20318,1052-53,2_3_8,3,False,4,3,3,4,4,4,4,4
20322,1052-53,2_2_4,3,False,4,4,3,4,4,4,4,5
20323,1052-53,2_3_7,3,False,4,3,3,4,4,4,3,4
20326,1052-53,1_1_4,3,False,4,4,4,4,4,4,3,4
20339,1052-53,3_5_13,3,False,4,4,4,5,4,5,4,4
20341,1052-53,2_3_8,3,False,5,5,4,5,4,4,5,4
20343,1052-53,3_2_2,3,False,5,4,3,4,5,5,5,5
20345,1052-53,1_1_4,3,False,5,4,5,4,4,4,4,4
20347,1052-53,2_4_10,3,False,5,5,4,5,4,5,4,5
20350,1052-53,2_2_4,3,False,5,4,5,5,5,4,4,5
20358,1052-53,3_1_1,3,False,4,4,4,4,4,4,4,4
20361,1052-53,2_4_12,3,False,5,4,4,4,4,4,5,5
20363,1052-53,4_2_11,3,False,3,3,4,3,3,3,3,3
20369,1052-53,4_2_9,3,False,4,4,3,4,4,3,4,4
20370,1052-53,2_2_2,3,False,4,4,3,4,3,4,4,3
20371,1052-53,4_2_12,3,False,4,3,4,4,4,3,3,3
20372,1052-53,4_2_9,3,False,3,4,3,4,3,4,4,3
20375,1052-53,2_2_4,3,False,4,3,4,3,2,4,4,4
20378,1052-53,1_1_5,3,False,4,3,4,4,4,3,4,3
20380,1052-53,3_5_13,3,False,3,3,4,4,4,4,4,4
20381,1052-53,1_2_1,3,False,5,4,3,4,3,4,3,3
20382,1052-53,2_3_9,3,False,4,5,4,5,5,5,4,4
20383,1052-53,4_2_9,3,False,4,4,5,4,3,4,3,4
20384,1052-53,2_3_8,3,False,4,4,4,4,4,5,4,4
20386,1052-53,5_3_11,3,False,3,4,3,3,3,3,3,3
20388,1052-53,3_2_2,3,False,3,4,3,3,3,4,3,3
20391,1052-53,5_3_11,3,False,5,4,5,4,4,4,4,4
20392,1052-53,4_2_11,3,False,4,4,4,4,4,4,4,4
20394,1052-53,2_3_8,3,False,5,4,5,4,4,4,4,5
20395,1052-53,2_3_7,3,False,4,4,3,3,3,3,3,5
20397,1052-53,1_2_1,3,False,3,4,3,3,3,4,4,4
20404,1052-53,4_2_10,3,False,3,4,4,4,4,3,4,3
20405,1052-53,2_4_12,3,False,4,4,4,4,3,5,4,4
20407,1052-53,2_2_6,3,False,4,3,4,4,3,3,4,3
20409,1052-53,2_2_4,3,False,4,4,3,4,3,4,4,3
20413,1052-53,3_5_13,3,False,3,4,4,4,3,4,4,4
20416,1052-53,2_2_5,3,False,4,4,3,4,4,4,3,3
20417,1052-53,2_3_7,3,False,5,4,3,3,3,4,4,4
20420,1052-53,3_2_2,3,False,4,4,4,4,4,4,4,4
20422,1052-53,2_2_3,3,False,4,5,3,4,4,5,4,4
20431,1052-53,2_2_5,3,False,4,4,4,5,4,4,4,3
20436,1052-53,2_3_9,3,False,4,4,4,4,4,4,4,5
20439,1052-53,4_2_11,3,False,3,4,3,3,3,3,3,3
20446,1052-53,2_2_2,3,False,5,5,4,5,4,4,4,5
20447,1052-53,2_3_7,3,False,4,4,3,4,4,5,3,4
20448,1052-53,2_4_12,3,False,4,4,4,4,4,4,4,4
20449,1052-53,1_2_1,3,False,5,5,4,5,5,4,4,5
20456,1052-53,5_3_11,3,False,4,3,3,4,3,4,3,3
20457,1052-53,2_2_4,3,False,4,4,3,4,4,4,4,4
20460,1052-53,2_3_8,3,False,4,4,4,3,4,4,4,3
20465,1052-53,2_4_12,3,False,4,4,4,5,4,4,5,4
20466,1052-53,1_1_3,3,False,5,5,4,4,4,3,5,4
20468,1052-53,2_2_5,3,False,5,4,4,4,4,4,5,4
20469,1052-53,2_3_7,3,False,5,4,4,4,4,4,4,4
20471,1052-53,3_2_2,3,False,5,5,5,5,5,5,4,5
20476,1052-53,2_2_3,3,False,4,4,4,5,4,4,4,4
20477,1052-53,2_3_8,3,False,4,4,3,4,4,5,5,3
20478,1052-53,1_1_4,3,False,4,3,4,5,5,4,4,4
20482,1052-53,1_2_1,3,False,5,4,4,4,4,4,4,4
20485,1052-53,2_3_9,3,False,3,4,4,4,3,4,4,4
20488,1052-53,2_3_8,3,False,4,4,4,4,4,4,4,4
20492,1052-53,4_2_10,3,False,4,4,4,5,4,4,4,5
20495,1052-53,1_1_2,3,False,4,4,4,3,3,4,4,4
20496,1052-53,3_5_13,3,False,4,4,5,4,4,4,4,4
20500,1052-53,1_2_1,3,False,4,4,4,5,4,3,3,4
20501,1052-53,1_1_3,3,False,4,5,3,4,4,3,4,4
20502,1052-53,2_2_4,3,False,4,4,4,3,4,3,3,4
20504,1052-53,4_2_10,3,False,4,5,4,5,4,4,4,5
20505,1052-53,2_3_8,3,False,4,4,4,4,4,4,4,4
20510,1052-53,2_3_7,3,False,5,4,4,4,4,3,4,5
20512,1052-53,4_2_10,3,False,3,4,4,5,4,4,4,4
20515,1052-53,2_3_9,3,False,4,4,4,4,4,4,5,5
20517,1052-53,1_1_1,3,False,5,4,5,5,5,5,4,5
20519,1052-53,3_5_13,3,False,3,4,3,4,3,4,3,3
20522,1052-53,2_4_12,3,False,5,5,4,4,5,4,4,5
20523,1052-53,1_1_3,3,False,4,4,3,4,4,4,5,3
20524,1052-53,1_1_3,3,False,4,4,5,5,4,5,4,4
20527,1052-53,4_2_12,3,False,5,4,4,4,5,4,5,5
20534,1052-53,1_1_5,3,False,4,4,5,5,4,4,4,4
20535,1052-53,2_3_7,3,False,4,4,4,4,4,5,4,4
20536,1052-53,3_5_13,3,False,3,3,3,3,3,3,3,3
20538,1052-53,2_2_4,3,False,5,5,4,4,5,4,5,5
20539,1052-53,2_3_7,3,False,4,4,4,4,4,5,4,5
20545,1052-53,1_2_1,3,False,4,4,4,3,5,4,3,4
20547,1052-53,1_1_5,3,False,5,4,5,4,4,3,4,4
20549,1052-53,2_2_4,3,False,4,5,4,3,4,4,3,4
20552,1052-53,1_1_4,3,False,5,4,3,5,4,4,5,3
20555,1052-53,3_5_13,3,False,4,4,4,3,4,4,4,4
20559,1052-53,3_2_2,3,False,5,4,4,4,4,4,4,4
20564,1052-53,4_2_12,3,False,5,5,5,4,4,4,5,4
20566,1052-53,2_2_2,3,False,4,4,4,4,3,4,5,4
20567,1052-53,5_3_11,3,False,4,3,4,5,3,3,3,4
20569,1052-53,2_3_7,3,False,4,4,4,3,3,4,3,3
20570,1052-53,2_3_8,3,False,4,4,3,3,4,4,3,3
20573,1052-53,1_1_2,3,False,4,4,5,5,5,4,4,4
20574,1052-53,4_2_8,3,False,4,4,3,4,3,4,3,4
20575,1052-53,2_4_12,3,False,4,3,4,4,4,4,4,4
20578,1052-53,1_1_3,3,False,5,5,4,4,5,4,5,5
20580,1052-53,2_3_8,3,False,4,5,4,5,4,4,4,4
20583,1052-53,2_3_8,3,False,4,5,4,3,4,4,4,5
20587,1052-53,5_3_12,3,False,4,3,3,3,3,3,4,4
20590,1052-53,2_3_8,3,False,4,4,4,4,4,4,3,3
20591,1052-53,2_2_3,3,False,4,4,4,4,3,4,4,4
20592,1052-53,1_2_1,3,False,5,5,4,5,4,5,4,5
20593,1052-53,2_1_1,3,False,4,3,3,4,3,3,4,4
20594,1052-53,2_2_4,3,False,4,4,5,4,4,4,4,4
20599,1052-53,2_3_7,3,False,5,4,5,5,5,4,4,5
20600,1052-53,4_2_12,3,False,5,4,4,4,5,5,5,5
20606,1052-53,3_5_13,3,False,3,4,4,3,4,4,3,3
20609,1052-53,2_2_4,3,False,4,4,5,4,4,4,3,5
20610,1052-53,4_2_10,3,False,4,4,3,4,4,4,4,4
20611,1052-53,1_1_5,3,False,5,3,4,4,4,4,4,4
20612,1052-53,2_1_1,3,False,5,5,5,4,4,4,4,5
20620,1052-53,2_3_8,3,False,4,4,4,3,4,4,3,3
20623,1052-53,4_2_9,3,False,4,4,3,3,3,3,3,4
20626,1052-53,3_2_2,3,False,4,5,4,4,4,4,3,4
20628,1052-53,2_2_3,3,False,4,4,4,4,4,4,3,4
20629,1052-53,1_1_4,3,False,4,5,4,4,3,5,4,4
20631,1052-53,2_1_1,3,False,4,4,3,3,2,3,3,4
20637,1052-53,2_4_10,3,False,4,5,4,5,4,4,5,5
20646,1052-53,2_2_4,3,False,4,4,4,4,3,4,4,3
20652,1052-53,3_1_1,3,False,5,4,4,4,4,4,4,4
20659,1052-53,4_2_12,3,False,4,4,5,4,4,4,4,4
20664,1052-53,2_2_2,3,False,4,4,3,4,4,4,5,4
20665,1052-53,2_4_10,3,False,4,3,3,3,3,3,3,3
20670,1052-53,1_1_3,3,False,4,5,4,5,5,4,4,4
20674,1052-53,2_2_3,3,False,4,4,4,4,4,4,4,4
20675,1052-53,4_2_11,3,False,3,4,4,4,4,4,4,4
20677,1052-53,2_2_2,3,False,4,4,3,5,4,3,4,4
20678,1052-53,3_5_13,3,False,3,3,3,4,4,4,3,3
20682,1052-53,3_5_13,3,False,4,4,4,4,3,3,4,3
20684,1052-53,1_1_1,3,False,5,5,4,4,4,3,4,4
20685,1052-53,4_2_11,3,False,3,3,4,4,4,3,3,3
20686,1052-53,4_2_12,3,False,4,4,4,4,4,4,3,4
20687,1052-53,3_5_13,3,False,4,5,5,5,4,4,4,5
20692,1052-53,2_2_5,3,False,5,4,4,4,4,4,4,4
20695,1052-53,4_2_12,3,False,4,3,4,5,4,4,4,4
20696,1052-53,1_1_3,3,False,5,4,4,5,4,4,4,5
20697,1052-53,2_3_9,3,False,4,4,3,4,3,3,4,4
20698,1052-53,1_2_1,3,False,4,4,4,5,4,3,4,4
20699,1052-53,2_2_4,3,False,5,3,4,4,3,3,4,5
20703,1052-53,1_2_1,3,False,5,4,4,5,4,4,3,4
20708,1052-53,4_2_12,3,False,5,4,4,4,4,4,5,5
20709,1052-53,4_2_9,3,False,3,4,4,4,4,4,3,4
20711,1052-53,2_2_3,3,False,5,4,5,4,4,4,4,5
20712,1052-53,4_2_12,3,False,4,3,3,3,3,3,3,3
20714,1052-53,2_2_5,3,False,4,4,4,3,4,4,4,4
20716,1052-53,4_2_11,3,False,4,4,5,4,4,4,4,5
20720,1052-53,2_4_12,3,False,5,4,4,4,4,4,4,4
20721,1052-53,2_4_10,3,False,4,5,4,4,3,4,4,4
20725,1052-53,2_2_4,3,False,4,4,4,4,5,4,4,4
20726,1052-53,4_2_12,3,False,4,3,3,3,3,4,3,3
20728,1052-53,2_2_2,3,False,4,3,5,5,4,4,4,4
20729,1052-53,4_2_8,3,False,3,3,5,4,3,3,4,4
20733,1052-53,4_2_12,3,False,4,4,4,3,2,3,4,4
20736,1052-53,2_3_8,3,False,4,4,3,3,4,3,4,3
20738,1052-53,1_1_4,3,False,5,3,3,5,4,4,4,4
20740,1052-53,1_1_2,3,False,5,4,4,4,4,4,4,4
20743,1052-53,2_3_8,3,False,4,4,4,4,3,5,4,5
20747,1052-53,1_2_1,3,False,5,4,3,4,4,4,4,3
20750,1052-53,2_2_3,3,False,5,4,4,4,4,4,4,3
20753,1052-53,2_3_8,3,False,4,3,4,4,3,3,3,4
20755,1052-53,4_2_8,3,False,3,4,3,3,4,3,3,3
20758,1052-53,4_2_12,3,False,4,4,4,4,4,3,4,4
20761,1052-53,3_2_2,3,False,4,5,4,5,4,4,5,5
20766,1052-53,4_2_10,3,False,4,3,4,4,3,4,3,3
20767,1052-53,4_2_12,3,False,5,4,3,4,4,4,5,4
20768,1052-53,2_4_12,3,False,5,4,4,4,3,4,4,4
20770,1052-53,2_3_8,3,False,5,4,4,4,4,4,4,4
20773,1052-53,4_2_8,3,False,3,3,4,4,4,4,3,3
20774,1052-53,2_2_2,3,False,4,4,4,3,4,3,4,4
20775,1052-53,2_4_10,3,False,5,5,4,4,4,5,5,5
20778,1052-53,2_3_8,3,False,5,5,5,5,5,4,4,5
20780,1052-53,5_3_11,3,False,4,4,5,5,4,5,4,5
20786,1052-53,2_2_3,3,False,4,4,3,4,3,3,4,3
20788,1052-53,2_3_7,3,False,5,4,5,5,5,5,4,5
20789,1052-53,2_2_5,3,False,4,5,4,4,4,4,4,5
20790,1052-53,1_1_2,3,False,4,4,2,3,4,5,4,3
20791,1052-53,4_2_12,3,False,3,4,4,3,3,3,3,3
20793,1052-53,2_4_12,3,False,4,4,3,5,4,4,4,4
20796,1052-53,3_1_1,3,False,4,4,3,3,3,3,4,4
20798,1052-53,2_2_2,3,False,5,5,4,4,3,4,4,5
20799,1052-53,4_2_12,3,False,5,4,4,4,4,4,4,5
20800,1052-53,4_2_9,3,False,3,4,3,4,3,4,4,4
20801,1052-53,2_3_7,3,False,4,4,3,4,4,3,3,4
20810,1052-53,2_2_2,3,False,4,3,3,2,3,3,4,2
20814,1052-53,2_3_7,3,False,3,4,4,4,3,4,4,3
20815,1052-53,5_3_11,3,False,4,4,4,4,4,4,4,4
20819,1052-53,2_1_1,3,False,5,4,4,4,4,3,3,5
20822,1052-53,1_1_5,3,False,4,4,4,3,2,4,4,3
20825,1052-53,1_1_3,3,False,4,4,3,4,4,4,3,4
20826,1052-53,2_3_7,3,False,4,4,4,3,3,4,4,4
20827,1052-53,2_2_5,3,False,4,4,5,5,4,4,4,5
20828,1052-53,2_2_3,3,False,4,2,3,3,3,4,3,3
20830,1052-53,4_2_8,3,False,5,4,4,4,4,4,4,3
20831,1052-53,1_2_1,3,False,4,4,4,4,3,4,4,3
20832,1052-53,2_4_12,3,False,4,3,3,4,3,4,4,3
20835,1052-53,2_3_9,3,False,4,4,3,3,3,3,4,3
20837,1052-53,2_2_4,3,False,5,4,4,4,4,4,4,4
20838,1052-53,3_2_2,3,False,5,4,5,4,4,4,3,4
20844,1052-53,4_2_10,3,False,3,4,5,5,4,4,4,5
20846,1052-53,4_2_12,3,False,4,3,3,3,4,4,4,3
20849,1052-53,1_1_4,3,False,4,4,5,4,4,4,4,4
20861,1052-53,3_5_13,3,False,3,3,3,4,3,4,3,3
20863,1052-53,1_2_1,3,False,4,4,3,4,4,4,3,4
20867,1052-53,3_1_1,3,False,5,5,5,5,5,4,4,5
20868,1052-53,2_4_10,3,False,5,5,4,4,4,5,5,5
20870,1052-53,2_3_7,3,False,5,4,4,4,4,3,4,3
20871,1052-53,3_2_2,3,False,3,4,4,3,3,4,4,3
20872,1052-53,2_2_3,3,False,5,4,3,4,4,3,4,3
20874,1052-53,2_2_4,3,False,3,4,3,4,4,4,4,3
20875,1052-53,4_2_11,3,False,4,5,4,5,4,4,3,4
20882,1052-53,4_2_10,3,False,3,4,3,3,3,3,4,4
20886,1052-53,4_2_8,3,False,4,4,4,4,4,4,3,5
20891,1052-53,4_2_11,3,False,4,4,4,4,4,5,4,4
20892,1052-53,3_1_1,3,False,5,4,3,4,4,4,3,4
20894,1052-53,1_1_4,3,False,5,4,4,4,4,4,4,5
20895,1052-53,2_4_12,3,False,5,5,3,5,4,4,4,4
20901,1052-53,2_3_8,3,False,5,5,4,5,5,5,5,5
20904,1052-53,1_2_1,3,False,3,4,4,3,3,4,4,4
20906,1052-53,1_1_2,3,False,4,4,4,5,4,5,5,5
20907,1052-53,3_5_13,3,False,4,4,4,4,3,5,3,5
20909,1052-53,2_3_9,3,False,4,4,4,5,4,3,4,5
20912,1052-53,1_1_4,3,False,4,4,4,4,3,4,3,4
20918,1052-53,2_3_7,3,False,4,4,3,4,3,3,3,4
20919,1052-53,2_3_7,3,False,5,4,5,4,4,5,4,4
20921,1052-53,1_1_4,3,False,4,4,4,4,3,4,4,5
20927,1052-53,3_2_2,3,False,4,5,4,4,4,4,4,4
20932,1052-53,2_2_3,3,False,4,3,4,4,4,4,3,4
20935,1052-53,4_2_8,3,False,4,3,4,3,4,4,3,4
20938,1052-53,3_5_13,3,False,3,3,3,3,4,4,3,3
20942,1052-53,2_3_8,3,False,5,5,4,4,4,4,5,5
20943,1052-53,4_2_12,3,False,5,4,5,5,5,4,4,4
20946,1052-53,1_1_3,3,False,4,4,4,5,4,4,5,4
20949,1052-53,1_1_2,3,False,3,3,4,3,3,3,4,4
20950,1052-53,1_1_4,3,False,5,4,5,4,4,4,5,5
20953,1052-53,5_3_12,3,False,3,4,3,3,3,3,4,3
20958,1052-53,1_1_2,3,False,5,4,4,5,5,5,4,4
20961,1052-53,2_2_6,3,False,4,4,4,4,4,4,4,4
20970,1052-53,2_2_2,3,False,4,4,4,4,4,4,3,4
20972,1052-53,2_4_12,3,False,4,4,4,4,4,3,4,3
20976,1052-53,3_1_1,3,False,4,4,3,4,4,4,4,4
20980,1052-53,1_1_3,3,False,4,4,4,4,4,3,4,4
20981,1052-53,2_2_6,3,False,4,3,4,5,4,5,4,4
20991,1052-53,4_2_10,3,False,4,4,5,4,4,4,4,4
20993,1052-53,1_1_2,3,False,4,4,4,4,4,4,4,3
20995,1052-53,2_2_4,3,False,5,4,4,4,3,5,5,4
20997,1052-53,4_2_12,3,False,4,4,3,4,3,4,3,5
20998,1052-53,1_1_4,3,False,5,3,4,5,5,3,3,4
21004,1052-53,3_5_13,3,False,3,4,4,4,4,3,4,4
21012,1052-53,2_2_6,3,False,4,4,4,4,4,4,4,4
21013,1052-53,3_1_1,3,False,4,4,4,4,4,4,4,4
21016,1052-53,1_1_5,3,False,4,4,3,5,4,4,3,4
21017,1052-53,1_1_1,3,False,5,4,4,4,4,4,3,4
21022,1052-53,2_3_7,3,False,4,4,4,4,4,3,3,4
21028,1052-53,2_2_5,3,False,4,4,2,3,3,3,4,3
21030,1052-53,2_3_8,3,False,5,5,4,4,4,4,4,5
21034,1052-53,2_4_11,3,False,4,4,4,4,3,4,4,4
21036,1052-53,2_3_7,3,False,4,4,4,4,3,4,4,4
21046,1052-53,1_1_2,3,False,5,4,5,4,4,5,4,5
21048,1052-53,2_3_8,3,False,3,4,3,4,3,3,3,3
21050,1052-53,4_2_12,3,False,3,3,4,4,3,4,4,3
21052,1052-53,1_1_4,3,False,4,4,3,4,4,4,3,3
21054,1052-53,2_2_3,3,False,3,4,3,4,4,4,3,4
21061,1052-53,2_4_11,3,False,4,4,4,5,4,4,4,4
21063,1052-53,4_2_12,3,False,4,3,4,4,4,4,3,4
21064,1052-53,2_3_7,3,False,4,4,4,4,4,4,5,4
21067,1052-53,4_2_12,3,False,4,4,4,4,3,4,4,4
21068,1052-53,4_2_12,3,False,4,4,4,4,4,4,4,4
21074,1052-53,2_2_6,3,False,4,4,3,4,3,4,4,4
21076,1052-53,4_2_9,3,False,4,4,4,4,4,4,4,4
21077,1052-53,2_4_11,3,False,4,4,5,4,4,4,4,5
21079,1052-53,4_2_8,3,False,5,5,4,5,5,4,4,5
21080,1052-53,2_2_3,3,False,4,4,4,4,4,4,4,4
21083,1052-53,2_1_1,3,False,5,5,5,5,4,4,3,5
21085,1052-53,4_2_10,3,False,5,4,4,4,4,4,5,4
21091,1052-53,1_1_5,3,False,4,4,4,4,3,4,5,4
21093,1052-53,2_2_3,3,False,4,5,4,4,3,3,5,4
21094,1052-53,2_2_4,3,False,4,3,3,3,3,4,4,3
21099,1052-53,2_3_9,3,False,5,5,5,4,4,4,4,5
21102,1052-53,4_2_11,3,False,4,4,4,5,5,4,4,4
21116,1052-53,1_2_1,3,False,4,4,4,4,4,5,4,4
21118,1052-53,1_1_3,3,False,4,4,4,4,4,4,3,4
21120,1052-53,1_1_1,3,False,4,5,4,4,4,3,4,4
2113,1052-53,2_3_8,3,True,4,4,4,4,4,3,3,4
21132,1052-53,4_2_11,3,False,3,3,4,4,4,3,3,3
21134,1052-53,2_1_1,3,False,4,4,4,3,3,3,3,3
21142,1052-53,3_2_2,3,False,5,5,4,5,4,5,5,5
21143,1052-53,2_2_6,3,False,5,5,4,4,5,5,5,4
21144,1052-53,2_4_12,3,False,4,4,4,4,3,4,3,4
21145,1052-53,4_2_11,3,False,3,4,3,3,3,4,3,3
21147,1052-53,5_3_12,3,False,4,4,4,4,4,4,5,4
21148,1052-53,2_1_1,3,False,5,4,3,4,4,4,4,5
21151,1052-53,1_2_1,3,False,4,4,4,4,4,4,3,4
21154,1052-53,2_3_7,3,False,4,5,4,5,4,4,4,5
21155,1052-53,4_2_12,3,False,4,4,4,4,4,4,3,4
21160,1052-53,4_2_11,3,False,4,4,3,3,4,4,3,4
21163,1052-53,2_2_6,3,False,4,4,3,5,4,3,4,4
21169,1052-53,3_2_2,3,False,4,5,5,5,4,4,4,4
21176,1052-53,2_1_1,3,False,4,4,4,4,3,5,4,4
21178,1052-53,4_2_9,3,False,4,5,5,4,3,5,4,4
21179,1052-53,2_2_2,3,False,3,4,3,4,4,4,3,4
21180,1052-53,4_2_12,3,False,4,4,4,4,4,4,4,4
21186,1052-53,2_4_10,3,False,5,4,4,4,4,4,4,4
21187,1052-53,3_5_13,3,False,4,4,4,4,4,3,3,4
21188,1052-53,2_3_7,3,False,4,4,4,3,4,5,3,4
21189,1052-53,2_3_8,3,False,4,3,4,3,4,3,4,4
21190,1052-53,1_1_4,3,False,4,4,4,3,3,3,3,3
21191,1052-53,2_3_9,3,False,4,4,4,4,4,4,4,4
21194,1052-53,4_2_12,3,False,4,3,3,3,3,4,3,4
21195,1052-53,2_4_12,3,False,4,4,3,3,2,3,2,3
21196,1052-53,4_2_11,3,False,4,4,4,4,4,4,3,5
21197,1052-53,2_3_7,3,False,4,5,4,5,4,4,4,5
21201,1052-53,2_1_1,3,False,4,4,3,3,3,4,4,4
21203,1052-53,2_3_8,3,False,5,5,4,4,5,4,5,3
21205,1052-53,4_2_9,3,False,4,4,4,4,4,4,3,4
21206,1052-53,1_2_1,3,False,4,5,4,5,4,4,4,5
21207,1052-53,2_2_5,3,False,5,5,4,4,4,4,4,4
21210,1052-53,4_2_12,3,False,5,5,4,5,5,5,4,4
21213,1052-53,4_2_10,3,False,4,3,4,3,4,4,3,4
21216,1052-53,2_3_8,3,False,4,4,3,4,3,4,4,4
21219,1052-53,4_2_12,3,False,3,3,2,4,4,3,3,3
21220,1052-53,1_1_5,3,False,5,5,4,4,4,4,4,4
21222,1052-53,1_1_3,3,False,5,5,4,4,4,4,4,4
21227,1052-53,1_1_3,3,False,3,3,3,3,3,3,4,3
21229,1052-53,1_1_3,3,False,5,5,4,5,5,5,4,5
21235,1052-53,2_2_6,3,False,4,4,4,4,4,4,5,4
21240,1052-53,2_3_8,3,False,5,5,4,5,5,4,4,4
21248,1052-53,2_2_4,3,False,4,4,4,5,3,4,4,4
21256,1052-53,2_3_7,3,False,4,5,4,4,4,4,5,5
21257,1052-53,2_4_10,3,False,4,3,4,4,4,3,4,3
21259,1052-53,4_2_8,3,False,4,4,5,5,4,5,5,5
21268,1052-53,3_2_2,3,False,5,4,4,3,4,4,4,4
21273,1052-53,2_2_2,3,False,4,4,4,3,3,4,4,4
21275,1052-53,2_2_5,3,False,4,3,4,3,4,4,4,3
21277,1052-53,2_3_7,3,False,4,4,4,3,3,3,3,3
21283,1052-53,2_4_10,3,False,5,4,4,4,4,5,4,4
21287,1052-53,2_2_5,3,False,3,4,4,4,3,4,4,3
21289,1052-53,2_4_12,3,False,5,4,3,4,4,5,4,4
21290,1052-53,2_2_4,3,False,4,4,4,4,4,4,4,4
21294,1052-53,1_1_4,3,False,4,5,4,5,5,4,5,5
21295,1052-53,2_2_5,3,False,4,4,4,4,4,4,4,3
21301,1052-53,5_3_11,3,False,4,4,5,5,4,5,4,5
21303,1052-53,1_2_1,3,False,4,4,4,4,4,4,3,4
21304,1052-53,5_3_11,3,False,2,3,3,3,3,3,3,3
21305,1052-53,2_1_1,3,False,4,4,3,4,4,4,3,4
21306,1052-53,1_1_5,3,False,5,4,3,3,4,4,4,4
21313,1052-53,2_2_4,3,False,4,4,3,4,4,4,4,4
21315,1052-53,4_2_12,3,False,4,4,3,3,4,3,4,3
21317,1052-53,2_2_2,3,False,4,4,3,4,4,4,4,4
21319,1052-53,4_2_11,3,False,3,3,3,4,4,3,3,3
21320,1052-53,1_1_3,3,False,4,3,4,4,4,3,4,4
21321,1052-53,4_2_10,3,False,4,4,3,3,3,4,3,3
21327,1052-53,2_4_10,3,False,4,5,3,4,4,4,3,3
21330,1052-53,2_3_7,3,False,4,5,3,4,4,5,5,5
21331,1052-53,1_1_3,3,False,4,4,4,4,4,4,4,4
21334,1052-53,4_2_11,3,False,4,5,4,5,4,5,5,5
21337,1052-53,1_1_1,3,False,5,4,4,4,4,4,4,5
21353,1052-53,2_4_10,3,False,4,4,4,5,4,4,4,4
21355,1052-53,4_2_12,3,False,4,4,4,4,4,4,5,4
21358,1052-53,2_2_4,3,False,5,4,4,4,4,5,4,5
21360,1052-53,3_2_2,3,False,4,4,4,4,4,4,3,4
21364,1052-53,4_2_12,3,False,2,2,2,3,3,3,3,2
21379,1052-53,2_3_8,3,False,5,5,5,5,4,5,5,4
21398,1052-53,2_2_6,3,False,4,4,4,4,4,4,4,3
21399,1052-53,4_2_12,3,False,4,4,3,2,3,3,3,3
21400,1052-53,2_2_2,3,False,4,4,3,4,3,4,3,3
21402,1052-53,4_2_10,3,False,3,3,3,3,3,3,3,3
21403,1052-53,2_2_4,3,False,4,3,3,3,3,3,4,3
21404,1052-53,4_2_8,3,False,3,4,5,5,4,4,4,4
21418,1052-53,2_1_1,3,False,4,4,4,4,4,4,3,4
21419,1052-53,2_2_3,3,False,4,5,4,4,4,5,4,4
21420,1052-53,1_2_1,3,False,4,5,4,4,4,4,5,4
21421,1052-53,1_1_2,3,False,3,4,2,4,3,3,3,3
21422,1052-53,2_3_9,3,False,4,5,5,4,4,5,4,4
21424,1052-53,2_1_1,3,False,4,4,3,4,4,3,3,4
21426,1052-53,2_1_1,3,False,5,4,4,4,5,4,4,4
21432,1052-53,3_5_13,3,False,5,4,3,4,3,4,4,4
21433,1052-53,1_1_1,3,False,4,4,4,4,4,4,4,5
21436,1052-53,2_3_9,3,False,5,5,4,4,4,5,4,5
21437,1052-53,1_1_2,3,False,4,3,3,4,4,4,3,3
21438,1052-53,1_1_1,3,False,3,4,4,4,4,4,5,3
21439,1052-53,2_2_4,3,False,5,4,5,5,4,5,4,5
21442,1052-53,4_2_8,3,False,4,4,4,4,3,4,4,4
21445,1052-53,2_3_7,3,False,4,4,4,4,4,3,4,5
21452,1052-53,4_2_12,3,False,4,4,5,4,4,4,3,4
21453,1052-53,2_3_7,3,False,3,3,3,4,4,4,3,3
21457,1052-53,5_3_12,3,False,3,3,3,3,3,3,4,3
21458,1052-53,2_4_12,3,False,4,4,3,4,4,5,4,3
21459,1052-53,4_2_10,3,False,3,3,5,3,4,4,3,4
21465,1052-53,2_3_8,3,False,5,5,5,5,5,5,5,5
21469,1052-53,2_2_5,3,False,3,4,4,3,3,3,2,3
21472,1052-53,5_3_11,3,False,4,4,4,4,4,3,4,3
21474,1052-53,2_2_5,3,False,4,5,5,4,4,4,3,5
21478,1052-53,3_2_2,3,False,4,4,3,3,3,3,4,4
21483,1052-53,1_2_1,3,False,5,4,4,4,4,4,4,4
21489,1052-53,2_4_12,3,False,4,4,3,4,4,3,3,3
21490,1052-53,2_4_12,3,False,4,4,3,4,3,4,3,3
21493,1052-53,1_1_2,3,False,5,4,4,5,4,4,4,4
21496,1052-53,5_3_12,3,False,3,3,3,4,4,4,4,4
21499,1052-53,5_3_12,3,False,4,4,4,5,5,4,4,5
21501,1052-53,2_4_12,3,False,4,4,3,3,3,4,4,3
21502,1052-53,4_2_10,3,False,4,3,4,4,3,3,4,4
21503,1052-53,4_2_11,3,False,3,4,4,4,4,4,5,4
21506,1052-53,3_1_1,3,False,4,4,4,4,4,5,4,4
21513,1052-53,1_1_5,3,False,4,3,4,4,4,4,4,4
21515,1052-53,2_2_4,3,False,4,4,4,4,4,3,4,4
21517,1052-53,2_3_9,3,False,5,4,4,5,4,4,5,4
21520,1052-53,2_2_4,3,False,4,4,4,4,4,4,4,4
21523,1052-53,3_2_2,3,False,4,4,4,4,3,3,3,3
21525,1052-53,5_3_11,3,False,4,3,3,3,4,4,4,3
21529,1052-53,2_2_6,3,False,4,2,4,3,3,4,3,4
21531,1052-53,4_2_12,3,False,4,4,3,4,4,4,5,5
21533,1052-53,5_3_12,3,False,3,3,4,3,4,4,4,4
21535,1052-53,3_5_13,3,False,3,4,3,4,3,4,3,4
21541,1052-53,3_2_2,3,False,4,4,3,5,5,4,4,5
21547,1052-53,1_2_1,3,False,4,5,3,4,3,4,5,4
21548,1052-53,1_1_4,3,False,4,4,5,4,4,4,4,5
21549,1052-53,4_2_8,3,False,4,4,4,4,4,4,4,5
21550,1052-53,2_3_7,3,False,3,4,3,3,3,3,3,2
21551,1052-53,1_2_1,3,False,5,4,5,5,5,4,5,5
21555,1052-53,2_3_8,3,False,4,4,3,3,3,3,3,3
21557,1052-53,1_1_1,3,False,5,4,5,5,3,4,4,5
21559,1052-53,5_3_12,3,False,4,3,4,4,3,4,3,4
21565,1052-53,2_3_8,3,False,4,4,4,4,3,4,5,5
21570,1052-53,2_3_8,3,False,5,4,4,4,4,4,3,4
21578,1052-53,3_1_1,3,False,4,4,4,4,4,4,4,4
21580,1052-53,2_2_4,3,False,5,4,4,4,4,4,4,4
21582,1052-53,2_4_12,3,False,4,4,4,5,4,4,5,5
21588,1052-53,2_2_5,3,False,4,4,4,4,5,5,4,4
21590,1052-53,1_1_5,3,False,4,5,4,4,4,4,5,4
21591,1052-53,1_1_5,3,False,5,4,3,3,3,3,4,4
21592,1052-53,2_2_4,3,False,5,5,5,4,4,4,4,4
21594,1052-53,2_2_2,3,False,4,4,4,4,4,4,3,4
21596,1052-53,2_3_8,3,False,5,4,4,4,4,3,5,4
21602,1052-53,2_3_8,3,False,4,5,4,4,4,5,4,4
21605,1052-53,2_4_12,3,False,5,5,5,4,4,5,5,4
21613,1052-53,1_1_3,3,False,4,3,3,3,2,3,3,3
21614,1052-53,2_3_7,3,False,4,3,3,4,3,3,4,4
21617,1052-53,4_2_10,3,False,4,4,4,4,3,4,4,4
21619,1052-53,2_4_12,3,False,4,4,3,4,4,4,4,3
21623,1052-53,1_1_4,3,False,4,5,4,5,4,4,4,4
21629,1052-53,1_1_2,3,False,5,4,3,4,4,4,5,4
21635,1052-53,3_2_2,3,False,4,3,4,4,4,4,3,3
21638,1052-53,2_2_2,3,False,4,4,4,5,4,4,4,5
21639,1052-53,2_4_11,3,False,4,4,3,4,3,4,3,3
21642,1052-53,2_2_2,3,False,3,4,4,4,4,3,4,3
21645,1052-53,2_2_2,3,False,5,5,5,5,4,5,4,5
21646,1052-53,1_2_1,3,False,4,5,4,4,4,4,4,4
21648,1052-53,2_3_9,3,False,5,4,4,5,5,5,4,4
21650,1052-53,2_2_5,3,False,4,3,4,3,4,3,3,4
21651,1052-53,2_4_12,3,False,4,4,4,4,4,4,4,3
21655,1052-53,2_3_8,3,False,4,4,3,3,3,4,3,4
21660,1052-53,2_2_6,3,False,5,4,4,4,4,5,4,4
21664,1052-53,2_2_3,3,False,5,5,5,5,5,5,4,5
21665,1052-53,2_4_12,3,False,5,4,3,3,3,3,4,4
21669,1052-53,4_2_8,3,False,2,4,4,3,4,4,3,3
21672,1052-53,2_2_4,3,False,4,4,4,4,3,4,4,4
21675,1052-53,4_2_10,3,False,3,4,3,4,3,3,3,3
21676,1052-53,2_2_3,3,False,5,5,5,5,5,4,5,5
21677,1052-53,2_4_12,3,False,5,4,5,5,4,4,4,5
21680,1052-53,4_2_9,3,False,4,4,3,4,3,3,4,3
21683,1052-53,2_2_3,3,False,4,4,4,3,4,4,4,4
21684,1052-53,4_2_11,3,False,4,3,4,4,3,4,2,4
21687,1052-53,4_2_12,3,False,5,5,4,5,4,4,4,4
21692,1052-53,4_2_9,3,False,3,4,4,4,4,4,4,4
21696,1052-53,4_2_12,3,False,5,4,3,4,4,4,3,4
21697,1052-53,2_2_6,3,False,5,4,4,4,4,4,4,5
21703,1052-53,3_5_13,3,False,4,4,4,4,4,4,4,4
21705,1052-53,4_2_8,3,False,2,3,2,4,4,4,4,3
21706,1052-53,2_2_2,3,False,5,4,4,5,4,4,4,5
21708,1052-53,2_2_3,3,False,4,4,3,4,4,4,3,3
21712,1052-53,1_1_5,3,False,3,3,3,2,3,2,3,2
21713,1052-53,4_2_11,3,False,3,3,4,4,4,3,3,3
21714,1052-53,4_2_11,3,False,4,4,3,4,4,4,3,4
21720,1052-53,2_4_11,3,False,5,3,3,4,3,4,3,3
21721,1052-53,1_1_3,3,False,5,4,5,5,4,4,5,5
21729,1052-53,4_2_10,3,False,4,3,4,3,4,3,4,3
21735,1052-53,2_3_9,3,False,4,5,4,4,5,4,4,5
21737,1052-53,2_3_7,3,False,5,4,4,4,4,4,3,4
21741,1052-53,2_2_5,3,False,5,4,4,5,4,5,4,5
21746,1052-53,2_2_4,3,False,4,4,3,4,4,3,4,3
21752,1052-53,2_1_1,3,False,4,4,4,4,4,3,4,4
21754,1052-53,3_5_13,3,False,3,3,4,5,4,4,3,4
21755,1052-53,2_2_4,3,False,4,4,4,4,3,4,4,4
21758,1052-53,2_4_12,3,False,5,4,4,4,4,4,4,5
21761,1052-53,4_2_8,3,False,3,3,4,4,3,3,3,4
21763,1052-53,2_3_7,3,False,5,5,4,5,4,4,4,5
21764,1052-53,2_4_12,3,False,4,3,3,3,3,3,3,3
21767,1052-53,2_4_12,3,False,4,4,4,3,4,4,3,4
21769,1052-53,3_1_1,3,False,4,4,3,4,4,4,3,4
21772,1052-53,1_1_4,3,False,5,4,4,4,4,4,4,5
21775,1052-53,2_3_8,3,False,5,4,4,4,4,4,3,4
21776,1052-53,2_2_4,3,False,4,4,5,5,4,4,4,4
21779,1052-53,2_2_2,3,False,3,4,3,3,4,2,4,4
21783,1052-53,2_3_7,3,False,5,4,5,5,4,4,5,5
21792,1052-53,2_2_3,3,False,4,4,3,4,3,3,3,4
21794,1052-53,2_2_3,3,False,3,3,3,4,3,4,3,4
21796,1052-53,2_4_10,3,False,4,4,5,5,4,4,4,5
21807,1052-53,4_2_10,3,False,3,4,4,4,4,4,4,4
21810,1052-53,2_2_2,3,False,5,4,4,4,3,4,4,5
21827,1052-53,4_2_10,3,False,3,4,3,4,4,4,3,3
21828,1052-53,3_1_1,3,False,4,4,5,4,4,4,4,5
21830,1052-53,2_2_2,3,False,4,4,3,3,3,4,4,3
21837,1052-53,1_1_4,3,False,4,4,5,5,4,4,5,5
21840,1052-53,2_2_5,3,False,4,4,4,4,4,4,4,3
21845,1052-53,5_3_11,3,False,3,4,5,4,4,4,3,4
21849,1052-53,4_2_12,3,False,4,3,4,4,3,3,4,5
21850,1052-53,3_2_2,3,False,4,4,3,4,3,3,4,4
21853,1052-53,3_5_13,3,False,5,5,4,4,4,4,4,4
21859,1052-53,3_2_2,3,False,5,5,4,4,4,4,4,5
21860,1052-53,3_1_1,3,False,5,4,4,4,4,4,4,4
21861,1052-53,5_3_12,3,False,4,4,4,4,3,4,4,3
21863,1052-53,2_2_3,3,False,4,4,4,4,4,4,5,5
21867,1052-53,3_2_2,3,False,4,4,4,4,3,4,3,4
21870,1052-53,2_4_12,3,False,4,4,4,4,3,3,3,4
21876,1052-53,1_1_2,3,False,4,3,3,3,3,4,3,4
21882,1052-53,1_1_1,3,False,4,4,4,4,4,4,4,5
21883,1052-53,4_2_12,3,False,5,4,3,4,4,5,4,4
21884,1052-53,2_2_4,3,False,4,4,3,3,4,3,3,3
21885,1052-53,4_2_8,3,False,4,4,3,4,4,4,4,4
21887,1052-53,2_4_10,3,False,3,3,3,3,3,4,3,2
21892,1052-53,2_2_5,3,False,5,5,5,4,5,4,4,5
21894,1052-53,2_2_4,3,False,4,4,4,4,3,4,3,3
21895,1052-53,4_2_10,3,False,3,4,4,4,3,4,4,4
21900,1052-53,4_2_10,3,False,4,4,4,4,3,4,4,4
21903,1052-53,2_4_10,3,False,3,4,4,3,4,4,4,4
21909,1052-53,2_2_3,3,False,4,5,3,4,4,4,4,3
21912,1052-53,2_2_2,3,False,4,4,3,4,3,4,3,3
21916,1052-53,4_2_11,3,False,3,4,4,3,3,4,4,4
21917,1052-53,2_4_11,3,False,5,4,4,4,4,4,4,5
21921,1052-53,3_5_13,3,False,4,4,4,4,3,4,3,4
21922,1052-53,4_2_8,3,False,4,4,4,3,4,3,4,3
21923,1052-53,1_1_4,3,False,4,5,5,4,4,4,4,4
21924,1052-53,4_2_12,3,False,4,4,5,4,3,4,4,4
21927,1052-53,1_1_3,3,False,4,4,4,3,3,3,3,3
21930,1052-53,1_1_5,3,False,4,4,4,4,3,4,3,4
21932,1052-53,2_2_4,3,False,4,4,4,4,4,4,3,3
21933,1052-53,2_2_4,3,False,4,4,4,4,4,4,4,3
21937,1052-53,3_5_13,3,False,4,5,5,4,4,5,4,4
21938,1052-53,4_2_10,3,False,3,4,4,4,5,4,3,4
21939,1052-53,1_1_2,3,False,5,5,4,5,4,4,4,5
21941,1052-53,1_1_4,3,False,3,4,4,3,3,4,4,4
21946,1052-53,2_2_3,3,False,4,3,3,3,2,3,4,4
21951,1052-53,2_1_1,3,False,4,5,4,4,4,5,4,4
21952,1052-53,2_1_1,3,False,3,4,3,4,3,3,2,3
21956,1052-53,1_2_1,3,False,4,5,5,4,4,4,4,5
21959,1052-53,2_2_2,3,False,5,4,5,5,5,4,4,5
21964,1052-53,4_2_9,3,False,3,4,4,4,3,4,3,4
21968,1052-53,1_1_4,3,False,5,4,5,4,4,4,5,4
21970,1052-53,1_1_5,3,False,4,5,4,3,4,3,4,4
21977,1052-53,2_3_8,3,False,4,5,4,4,4,4,4,4
21978,1052-53,2_3_8,3,False,4,3,4,4,4,4,3,4
21980,1052-53,1_1_3,3,False,4,3,3,4,3,4,4,3
21981,1052-53,2_2_6,3,False,4,4,3,4,3,4,4,3
21983,1052-53,1_1_2,3,False,4,4,4,4,4,4,5,4
21994,1052-53,2_4_11,3,False,4,4,3,3,3,3,3,3
21995,1052-53,2_2_4,3,False,3,4,4,3,4,3,4,3
21996,1052-53,2_2_4,3,False,5,4,4,5,5,5,5,5
22003,1052-53,2_2_4,3,False,5,3,3,4,4,4,4,4
22007,1052-53,1_1_4,3,False,4,4,3,3,3,4,4,4
22011,1052-53,4_2_12,3,False,5,5,5,4,4,4,4,5
22016,1052-53,2_2_5,3,False,4,3,3,4,4,4,3,3
22022,1052-53,2_2_6,3,False,3,4,3,4,3,3,3,3
22026,1052-53,2_2_6,3,False,4,4,3,4,3,4,4,3
22029,1052-53,1_1_2,3,False,5,5,5,4,4,4,4,5
22030,1052-53,2_3_9,3,False,5,5,5,5,5,4,5,5
22038,1052-53,2_3_8,3,False,4,5,5,4,4,4,4,4
22042,1052-53,2_2_4,3,False,3,3,4,4,4,4,4,4
22044,1052-53,4_2_10,3,False,4,5,4,4,4,4,3,3
22045,1052-53,4_2_9,3,False,4,4,4,5,5,4,4,5
22046,1052-53,2_2_5,3,False,4,4,4,3,4,4,3,4
22049,1052-53,2_2_2,3,False,5,4,5,4,4,5,4,5
22054,1052-53,1_1_5,3,False,5,4,5,4,4,5,5,4
22058,1052-53,1_1_3,3,False,5,4,4,4,4,4,4,4
22061,1052-53,2_3_7,3,False,4,3,5,5,4,4,4,5
22063,1052-53,2_2_6,3,False,4,4,4,4,4,4,5,4
22069,1052-53,2_3_7,3,False,4,5,4,4,4,4,4,4
22070,1052-53,2_2_4,3,False,5,4,4,4,4,4,4,5
22071,1052-53,5_3_11,3,False,4,4,4,4,3,4,4,3
22074,1052-53,4_2_9,3,False,4,4,4,4,4,4,4,5
22080,1052-53,4_2_9,3,False,4,4,4,3,4,3,4,3
22083,1052-53,2_3_8,3,False,4,4,3,4,3,5,4,3
22085,1052-53,2_3_7,3,False,4,3,3,3,3,4,3,3
22088,1052-53,2_2_2,3,False,4,4,4,4,4,4,4,4
22089,1052-53,2_3_8,3,False,5,4,5,4,3,4,5,4
22092,1052-53,2_2_3,3,False,4,4,5,4,3,4,5,4
22093,1052-53,4_2_12,3,False,4,3,2,3,3,2,4,3
22095,1052-53,1_1_3,3,False,5,4,4,4,5,4,4,4
22099,1052-53,1_1_3,3,False,4,4,4,4,4,5,4,3
22101,1052-53,3_2_2,3,False,4,4,3,3,4,4,3,4
22102,1052-53,3_5_13,3,False,3,3,3,3,3,3,3,3
22103,1052-53,5_3_11,3,False,3,3,4,4,4,3,4,4
22104,1052-53,4_2_12,3,False,4,4,4,4,4,4,4,3
22106,1052-53,5_3_11,3,False,4,4,3,4,4,5,4,4
22107,1052-53,2_4_12,3,False,5,4,4,5,4,4,5,4
22110,1052-53,2_3_8,3,False,5,4,5,4,4,5,4,4
22112,1052-53,2_4_12,3,False,4,5,4,4,4,5,4,4
22114,1052-53,2_4_10,3,False,5,4,3,5,4,4,5,4
22117,1052-53,4_2_10,3,False,4,5,4,5,5,4,5,4
22118,1052-53,2_4_12,3,False,3,4,4,4,3,4,3,4
22124,1052-53,3_5_13,3,False,4,3,4,5,4,4,4,4
22129,1052-53,4_2_9,3,False,4,3,4,4,3,4,4,3
22130,1052-53,1_2_1,3,False,5,4,5,5,4,4,4,5
22135,1052-53,4_2_10,3,False,3,3,4,4,4,3,3,4
22142,1052-53,3_2_2,3,False,4,3,3,3,2,3,3,2
22144,1052-53,1_1_4,3,False,4,4,3,4,4,3,3,3
22147,1052-53,3_2_2,3,False,4,4,3,4,4,4,3,4
22149,1052-53,2_4_12,3,False,4,5,4,4,4,3,3,3
22153,1052-53,2_4_12,3,False,4,4,3,4,3,4,5,4
22158,1052-53,2_2_5,3,False,4,4,4,4,5,4,5,4
22164,1052-53,1_1_3,3,False,3,3,3,3,4,2,3,3
22170,1052-53,1_2_1,3,False,4,5,4,3,3,4,4,4
22176,1052-53,2_2_6,3,False,4,4,3,4,2,3,4,3
22177,1052-53,4_2_10,3,False,5,5,4,4,4,4,4,4
22178,1052-53,2_2_2,3,False,5,5,4,5,4,5,5,5
22179,1052-53,4_2_10,3,False,3,4,3,4,3,3,3,3
22180,1052-53,2_2_4,3,False,4,4,4,4,3,4,3,4
22181,1052-53,4_2_12,3,False,5,3,4,4,4,4,4,4
22182,1052-53,2_3_7,3,False,4,5,4,4,4,4,4,4
22186,1052-53,2_3_8,3,False,5,5,4,4,5,4,3,5
22190,1052-53,3_2_2,3,False,5,5,4,5,4,5,4,5
22191,1052-53,3_1_1,3,False,4,3,4,4,4,5,4,4
22192,1052-53,2_3_7,3,False,5,5,4,5,4,4,3,5
22195,1052-53,1_2_1,3,False,4,4,4,5,4,4,3,4
22197,1052-53,2_2_6,3,False,4,5,4,4,4,4,4,4
22200,1052-53,4_2_11,3,False,4,4,5,4,4,4,4,4
22204,1052-53,2_2_2,3,False,4,4,4,4,4,5,4,4
22205,1052-53,2_4_12,3,False,4,4,4,4,4,3,4,4
22206,1052-53,2_2_5,3,False,5,4,4,4,4,4,4,4
22208,1052-53,4_2_10,3,False,4,4,4,4,4,3,4,4
22210,1052-53,2_4_10,3,False,4,3,4,4,4,3,3,4
22211,1052-53,2_2_4,3,False,4,3,3,4,3,3,3,3
22213,1052-53,1_1_1,3,False,4,4,4,3,4,3,4,4
22216,1052-53,1_1_2,3,False,5,4,3,3,4,4,3,4
22218,1052-53,3_5_13,3,False,4,4,4,4,3,4,4,3
22226,1052-53,3_2_2,3,False,4,4,4,5,4,4,4,4
22228,1052-53,4_2_11,3,False,4,5,3,4,4,3,3,4
22229,1052-53,1_2_1,3,False,4,5,4,5,4,5,5,5
22230,1052-53,4_2_12,3,False,4,4,3,4,4,4,4,5
22233,1052-53,2_2_2,3,False,4,4,5,5,4,3,5,5
22235,1052-53,2_2_2,3,False,4,3,3,3,3,4,4,4
22240,1052-53,4_2_8,3,False,4,4,4,4,3,4,3,4
22242,1052-53,2_3_9,3,False,5,4,3,4,4,4,3,4
22246,1052-53,2_3_8,3,False,4,3,4,5,4,4,3,4
22248,1052-53,2_2_4,3,False,4,4,3,5,4,3,4,4
22251,1052-53,1_1_5,3,False,5,5,4,5,5,4,4,5
22252,1052-53,2_2_5,3,False,4,4,4,5,3,4,4,5
22253,1052-53,3_5_13,3,False,4,4,5,5,4,5,4,5
22255,1052-53,2_3_8,3,False,4,3,4,3,4,3,3,3
22256,1052-53,2_4_12,3,False,4,4,5,4,4,3,4,3
22257,1052-53,2_3_8,3,False,5,5,4,4,4,4,4,5
22260,1052-53,3_2_2,3,False,5,4,4,4,4,4,3,3
22262,1052-53,2_2_3,3,False,5,4,4,4,4,4,4,5
22264,1052-53,4_2_8,3,False,3,4,3,4,4,4,3,3
22282,1052-53,1_1_3,3,False,4,3,4,4,3,4,3,4
22285,1052-53,2_3_8,3,False,5,4,5,5,5,5,4,5
22288,1052-53,4_2_12,3,False,4,4,4,4,4,3,4,4
22296,1052-53,2_3_9,3,False,4,4,3,4,4,3,4,3
22305,1052-53,2_3_8,3,False,4,4,4,4,4,4,4,4
22306,1052-53,2_4_11,3,False,5,4,5,5,4,4,4,5
22309,1052-53,4_2_8,3,False,5,4,4,4,4,4,4,4
22311,1052-53,3_2_2,3,False,4,5,4,4,3,4,4,3
22316,1052-53,4_2_12,3,False,5,4,4,4,4,4,4,5
22318,1052-53,2_2_3,3,False,4,4,4,4,4,4,4,5
22320,1052-53,2_4_10,3,False,4,5,4,4,4,4,4,4
22321,1052-53,4_2_12,3,False,4,4,3,4,4,4,4,4
22326,1052-53,2_2_6,3,False,4,5,4,4,4,4,4,4
22327,1052-53,3_5_13,3,False,3,4,3,4,4,3,3,5
22329,1052-53,3_5_13,3,False,4,3,3,4,4,4,4,4
22334,1052-53,4_2_9,3,False,4,3,3,3,3,4,4,3
22337,1052-53,2_2_3,3,False,4,4,3,4,4,3,4,3
22342,1052-53,2_2_4,3,False,4,4,4,4,4,4,4,3
22347,1052-53,5_3_12,3,False,3,3,3,3,3,3,3,2
22349,1052-53,3_5_13,3,False,5,4,4,5,4,4,4,4
22351,1052-53,1_2_1,3,False,4,4,4,4,3,4,4,4
22353,1052-53,1_1_2,3,False,4,3,3,4,4,4,4,4
22355,1052-53,5_3_11,3,False,3,5,4,3,3,4,4,4
22364,1052-53,3_2_2,3,False,4,3,3,4,3,3,3,3
22365,1052-53,4_2_8,3,False,3,4,5,4,4,3,3,3
22368,1052-53,2_4_10,3,False,4,4,4,4,4,3,4,4
22372,1052-53,4_2_9,3,False,3,4,4,3,3,4,3,4
22374,1052-53,1_1_1,3,False,4,4,3,4,4,4,4,4
22375,1052-53,3_5_13,3,False,3,4,4,4,3,3,3,4
22382,1052-53,2_3_8,3,False,4,3,3,3,4,3,3,4
22385,1052-53,2_2_5,3,False,4,5,4,4,4,4,3,4
22393,1052-53,4_2_8,3,False,4,4,5,4,4,4,5,4
22402,1052-53,2_2_2,3,False,4,4,4,4,4,4,3,4
22411,1052-53,2_3_7,3,False,4,3,3,4,3,3,3,4
22412,1052-53,4_2_11,3,False,3,4,4,4,4,3,3,3
22414,1052-53,2_2_4,3,False,5,5,4,4,4,4,5,4
22415,1052-53,5_3_11,3,False,3,4,4,4,4,3,5,3
22416,1052-53,2_4_12,3,False,4,5,4,4,4,4,5,4
22417,1052-53,1_1_4,3,False,5,4,4,5,4,4,4,5
22418,1052-53,2_3_7,3,False,5,4,5,5,4,4,4,5
22419,1052-53,5_3_11,3,False,4,5,4,4,4,4,4,5
22420,1052-53,1_1_2,3,False,5,4,5,5,5,4,4,4
22422,1052-53,4_2_12,3,False,5,4,4,4,4,4,3,3
22425,1052-53,2_2_4,3,False,4,4,4,4,3,4,4,3
22426,1052-53,2_4_12,3,False,4,4,4,3,4,4,4,5
22430,1052-53,4_2_12,3,False,5,5,5,5,5,5,4,5
22433,1052-53,2_4_12,3,False,5,4,5,5,4,4,5,5
22435,1052-53,3_2_2,3,False,4,5,4,5,4,4,4,4
22436,1052-53,4_2_9,3,False,3,3,3,4,3,3,4,4
22438,1052-53,2_2_2,3,False,4,4,3,4,4,4,4,4
22441,1052-53,3_5_13,3,False,4,5,3,5,3,4,4,4
22443,1052-53,3_2_2,3,False,5,4,4,5,4,4,4,5
22446,1052-53,2_2_4,3,False,4,4,4,4,4,4,5,5
22453,1052-53,4_2_10,3,False,4,4,4,3,3,5,3,4
22465,1052-53,2_4_12,3,False,4,4,4,4,4,4,4,4
22471,1052-53,2_2_5,3,False,4,4,5,4,4,5,4,4
22473,1052-53,2_4_11,3,False,3,4,3,3,4,4,4,3
22476,1052-53,2_2_3,3,False,4,4,4,5,3,4,3,4
22477,1052-53,2_4_10,3,False,3,5,3,3,4,4,4,3
22480,1052-53,2_4_12,3,False,5,4,5,5,4,4,4,5
22482,1052-53,2_2_4,3,False,4,3,4,4,3,4,4,4
22483,1052-53,3_5_13,3,False,4,3,5,4,3,5,3,5
22484,1052-53,3_5_13,3,False,3,3,4,4,3,4,4,4
22486,1052-53,1_2_1,3,False,3,3,3,4,3,4,5,4
22487,1052-53,2_3_9,3,False,3,4,3,4,4,4,3,2
22489,1052-53,1_1_4,3,False,4,3,4,4,5,4,3,3
22490,1052-53,4_2_9,3,False,4,4,4,4,4,4,4,5
22494,1052-53,2_2_2,3,False,4,4,4,5,4,4,3,5
22500,1052-53,2_4_10,3,False,5,5,5,5,4,4,5,5
22502,1052-53,2_4_12,3,False,5,4,3,3,4,4,4,5
22504,1052-53,4_2_10,3,False,3,4,3,4,3,3,4,3
22507,1052-53,4_2_8,3,False,4,3,4,5,3,4,3,4
22522,1052-53,2_3_8,3,False,5,3,4,4,3,4,3,4
22528,1052-53,4_2_8,3,False,3,4,4,4,3,5,4,4
22532,1052-53,2_2_4,3,False,4,4,5,5,4,4,4,5
22545,1052-53,2_4_10,3,False,4,4,4,3,3,3,3,3
22546,1052-53,2_2_2,3,False,5,4,4,4,4,4,4,4
22547,1052-53,4_2_11,3,False,4,4,4,5,4,4,4,4
22549,1052-53,2_2_4,3,False,5,4,5,4,4,4,4,5
22550,1052-53,5_3_11,3,False,3,3,3,3,3,3,3,3
22551,1052-53,3_1_1,3,False,4,4,3,4,4,4,3,4
22552,1052-53,3_1_1,3,False,4,4,5,4,4,4,4,5
22555,1052-53,4_2_8,3,False,4,3,4,4,4,3,3,4
22557,1052-53,1_1_1,3,False,5,4,4,4,4,5,5,5
22558,1052-53,4_2_8,3,False,5,4,4,4,4,4,4,4
22560,1052-53,3_2_2,3,False,5,5,5,5,4,5,4,5
22562,1052-53,4_2_12,3,False,4,4,3,3,3,3,4,3
22563,1052-53,4_2_10,3,False,4,4,4,5,4,4,4,5
22567,1052-53,2_2_2,3,False,4,4,5,4,4,4,5,4
22568,1052-53,1_1_4,3,False,4,3,3,3,3,3,4,3
22570,1052-53,1_1_2,3,False,5,4,3,4,4,4,5,4
22573,1052-53,2_2_4,3,False,4,4,4,4,4,4,4,4
22574,1052-53,2_2_3,3,False,4,4,3,4,4,4,4,4
22576,1052-53,5_3_11,3,False,4,4,4,4,3,4,4,4
22579,1052-53,1_1_5,3,False,4,4,4,3,4,4,4,4
22581,1052-53,2_2_4,3,False,3,4,3,3,3,3,3,2
22582,1052-53,1_2_1,3,False,5,5,4,3,3,4,4,4
22593,1052-53,5_3_11,3,False,5,5,4,4,4,4,5,4
22599,1052-53,2_3_9,3,False,4,4,4,4,4,4,5,5
22600,1052-53,1_1_5,3,False,5,4,5,5,4,5,4,4
22602,1052-53,4_2_11,3,False,4,3,4,4,4,4,4,3
22611,1052-53,2_3_7,3,False,5,4,4,4,5,3,4,5
22612,1052-53,2_1_1,3,False,4,4,4,3,4,4,4,4
22614,1052-53,4_2_8,3,False,4,4,4,4,4,5,3,3
22615,1052-53,2_1_1,3,False,4,4,3,4,4,4,4,4
22616,1052-53,1_1_2,3,False,5,4,5,5,4,5,4,5
22617,1052-53,2_4_12,3,False,4,5,4,4,4,4,4,3
22620,1052-53,1_2_1,3,False,4,5,4,4,4,4,3,4
22621,1052-53,2_1_1,3,False,5,4,4,4,4,4,3,4
22622,1052-53,4_2_12,3,False,4,4,4,4,3,4,4,4
22625,1052-53,2_1_1,3,False,4,4,4,4,3,4,4,3
22629,1052-53,2_2_4,3,False,4,3,3,4,4,3,4,4
22637,1052-53,1_1_4,3,False,3,4,3,4,3,3,4,3
22639,1052-53,2_2_6,3,False,4,3,3,4,3,4,3,3
22641,1052-53,1_1_4,3,False,4,4,3,4,4,4,3,4
22642,1052-53,1_1_2,3,False,5,5,5,4,5,5,4,5
22646,1052-53,4_2_12,3,False,4,4,3,3,3,4,4,3
22652,1052-53,2_3_9,3,False,5,4,4,4,3,5,4,4
22653,1052-53,1_1_3,3,False,3,3,3,3,3,4,3,3
22654,1052-53,2_4_11,3,False,4,4,4,3,3,5,4,4
22658,1052-53,4_2_9,3,False,3,3,5,4,3,4,4,4
22660,1052-53,1_2_1,3,False,4,4,4,4,4,4,4,4
22662,1052-53,2_4_10,3,False,4,3,3,3,4,4,4,4
22665,1052-53,4_2_10,3,False,3,4,4,3,4,4,4,4
22669,1052-53,4_2_12,3,False,4,4,4,4,4,2,3,4
22671,1052-53,1_1_5,3,False,4,5,5,5,4,4,3,5
22675,1052-53,4_2_8,3,False,4,4,4,4,4,5,3,4
22677,1052-53,2_4_11,3,False,4,4,4,4,3,4,4,4
22678,1052-53,4_2_12,3,False,4,4,5,4,4,5,4,4
22686,1052-53,2_2_6,3,False,5,4,4,4,5,4,4,5
22687,1052-53,2_2_3,3,False,3,4,3,3,2,2,3,4
22688,1052-53,2_2_2,3,False,3,2,3,3,3,3,4,3
22690,1052-53,2_3_8,3,False,4,4,5,4,4,4,3,4
22697,1052-53,1_2_1,3,False,4,4,3,3,4,4,4,4
22699,1052-53,2_4_11,3,False,5,4,4,4,4,5,4,5
22705,1052-53,2_2_5,3,False,5,4,4,4,4,5,4,4
22706,1052-53,5_3_11,3,False,4,3,4,4,3,4,4,3
22711,1052-53,2_4_10,3,False,4,4,4,4,4,4,4,3
22712,1052-53,1_1_2,3,False,4,3,4,4,4,4,4,3
22713,1052-53,2_4_12,3,False,3,2,2,2,3,3,3,3
22714,1052-53,3_2_2,3,False,4,4,3,4,3,4,3,4
22717,1052-53,3_5_13,3,False,4,4,3,4,4,4,3,4
22718,1052-53,2_1_1,3,False,4,4,4,4,4,3,4,4
22721,1052-53,2_2_2,3,False,4,3,3,4,3,4,4,3
22725,1052-53,2_2_6,3,False,4,4,4,5,4,5,5,5
22727,1052-53,1_1_3,3,False,4,4,4,5,4,4,4,4
22728,1052-53,4_2_8,3,False,4,3,3,4,4,4,4,3
22730,1052-53,4_2_8,3,False,4,4,5,4,4,4,4,4
22731,1052-53,1_1_3,3,False,3,3,3,4,4,3,3,4
22733,1052-53,5_3_12,3,False,4,5,4,4,4,5,4,5
22735,1052-53,2_2_6,3,False,4,4,5,4,4,4,4,4
22737,1052-53,3_1_1,3,False,4,3,3,3,3,3,3,3
22739,1052-53,2_2_4,3,False,4,3,4,5,4,4,4,4
22747,1052-53,1_1_2,3,False,5,5,5,4,4,4,4,5
22751,1052-53,3_2_2,3,False,4,4,4,4,3,4,4,4
22755,1052-53,1_1_3,3,False,5,4,4,4,5,4,4,5
22757,1052-53,3_1_1,3,False,5,4,5,4,4,4,4,5
22761,1052-53,2_4_12,3,False,4,3,4,4,3,4,4,4
22770,1052-53,2_2_6,3,False,4,3,4,4,4,3,4,4
22773,1052-53,2_2_2,3,False,5,4,5,4,5,5,5,5
22774,1052-53,1_1_1,3,False,4,4,3,4,4,4,4,5
22778,1052-53,4_2_12,3,False,4,4,3,4,3,4,4,4
22785,1052-53,3_2_2,3,False,4,4,4,5,4,5,3,4
22789,1052-53,2_2_5,3,False,4,4,3,4,3,4,3,3
22792,1052-53,4_2_11,3,False,3,4,3,3,4,3,4,3
22793,1052-53,3_5_13,3,False,3,3,3,4,3,3,4,3
22796,1052-53,3_5_13,3,False,4,4,4,4,3,3,4,4
22797,1052-53,2_4_10,3,False,4,4,4,5,4,4,4,4
22805,1052-53,2_4_12,3,False,4,4,4,5,3,3,3,5
22806,1052-53,4_2_11,3,False,4,4,4,4,4,3,3,4
22807,1052-53,4_2_12,3,False,4,4,3,2,3,3,4,3
22813,1052-53,2_2_3,3,False,5,4,4,4,4,4,4,4
22818,1052-53,2_1_1,3,False,4,4,4,5,4,4,4,4
22826,1052-53,1_2_1,3,False,3,3,4,3,4,3,3,3
22830,1052-53,1_2_1,3,False,5,4,4,4,4,3,4,4
22831,1052-53,4_2_8,3,False,3,4,3,4,4,4,4,3
22836,1052-53,1_1_2,3,False,4,4,4,5,4,4,4,5
22838,1052-53,4_2_12,3,False,4,4,3,4,3,3,4,3
22839,1052-53,2_3_7,3,False,4,4,3,4,4,4,5,4
22842,1052-53,3_5_13,3,False,3,3,3,4,3,3,3,3
22851,1052-53,4_2_9,3,False,4,4,4,3,2,3,2,2
22855,1052-53,4_2_8,3,False,3,4,3,4,4,4,4,4
22863,1052-53,4_2_9,3,False,3,3,2,3,3,3,3,2
22871,1052-53,4_2_12,3,False,4,4,4,4,4,4,4,4
22874,1052-53,2_2_4,3,False,5,4,5,5,5,4,4,5
22879,1052-53,3_2_2,3,False,4,4,3,3,3,3,3,3
22880,1052-53,1_1_3,3,False,5,5,5,4,4,3,4,4
22883,1052-53,2_2_2,3,False,4,5,4,4,4,5,5,4
22886,1052-53,2_4_12,3,False,4,4,4,4,4,4,4,4
22889,1052-53,2_2_3,3,False,5,4,5,4,5,4,4,4
22890,1052-53,4_2_12,3,False,4,4,4,4,3,4,4,4
22897,1052-53,2_2_3,3,False,4,5,5,5,4,4,4,5
22902,1052-53,2_1_1,3,False,5,5,4,5,4,5,5,5
22908,1052-53,1_1_1,3,False,4,4,4,5,4,4,4,5
22909,1052-53,2_1_1,3,False,4,5,4,4,4,4,3,4
22922,1052-53,2_2_6,3,False,5,4,5,4,4,4,4,4
22927,1052-53,1_2_1,3,False,4,5,4,4,4,4,4,4
22928,1052-53,1_1_4,3,False,5,4,5,4,4,5,3,5
22931,1052-53,1_2_1,3,False,5,4,5,5,4,4,4,5
22940,1052-53,2_2_4,3,False,4,4,4,4,4,3,3,4
22941,1052-53,2_4_12,3,False,3,4,3,4,3,3,3,3
22950,1052-53,1_1_2,3,False,4,4,4,4,3,4,3,4
22951,1052-53,1_1_2,3,False,4,4,4,4,4,5,4,4
22953,1052-53,3_5_13,3,False,3,4,4,4,4,4,3,4
22956,1052-53,1_1_2,3,False,4,4,4,4,3,4,3,4
22957,1052-53,3_2_2,3,False,4,4,4,5,4,3,4,4
22959,1052-53,2_2_5,3,False,4,4,4,4,4,3,4,4
22963,1052-53,2_2_6,3,False,5,4,4,4,4,5,3,5
22966,1052-53,1_1_3,3,False,5,4,4,4,4,4,4,5
22967,1052-53,2_3_7,3,False,4,3,4,4,4,4,3,3
22968,1052-53,4_2_12,3,False,5,5,4,4,4,4,4,4
22975,1052-53,2_2_3,3,False,5,4,4,5,4,4,4,5
22976,1052-53,2_3_8,3,False,4,3,3,3,3,3,4,4
22977,1052-53,1_2_1,3,False,4,4,4,4,3,4,3,4
22984,1052-53,1_1_4,3,False,4,4,4,4,4,3,4,4
22987,1052-53,2_2_5,3,False,4,4,3,3,4,4,2,3
22989,1052-53,2_2_4,3,False,4,4,3,4,3,4,4,3
22990,1052-53,1_1_3,3,False,5,4,4,5,4,5,4,4
22991,1052-53,3_5_13,3,False,5,4,4,5,4,4,3,5
22996,1052-53,4_2_11,3,False,4,3,4,4,3,4,4,4
22998,1052-53,2_2_4,3,False,4,4,4,4,4,5,4,5
22999,1052-53,2_2_2,3,False,4,4,4,3,4,4,4,3
23008,1052-53,4_2_8,3,False,4,4,2,3,4,3,4,3
23010,1052-53,2_4_12,3,False,4,4,3,3,4,4,4,4
23016,1052-53,3_2_2,3,False,4,5,4,4,4,5,3,5
23020,1052-53,4_2_11,3,False,3,3,3,4,4,4,4,4
23022,1052-53,2_2_2,3,False,5,3,4,4,3,3,3,4
23024,1052-53,2_2_3,3,False,4,4,4,4,4,4,4,4
23028,1052-53,1_1_4,3,False,5,5,5,5,4,4,4,4
23035,1052-53,5_3_12,3,False,3,4,4,4,4,4,4,4
23038,1052-53,4_2_12,3,False,4,5,5,4,5,4,4,5
23042,1052-53,4_2_12,3,False,5,4,5,5,4,3,4,4
23048,1052-53,4_2_8,3,False,3,4,4,4,4,4,3,4
23051,1052-53,3_2_2,3,False,4,4,4,4,4,4,4,4
23061,1052-53,2_2_2,3,False,4,5,5,5,4,4,4,5
23063,1052-53,2_2_6,3,False,4,3,3,4,3,3,3,4
23070,1052-53,2_2_5,3,False,3,4,4,4,3,3,3,3
23071,1052-53,4_2_10,3,False,4,4,4,4,4,4,4,4
23072,1052-53,2_1_1,3,False,3,3,3,3,3,3,3,3
23074,1052-53,1_1_4,3,False,4,4,4,3,3,4,4,4
23082,1052-53,2_3_8,3,False,5,4,5,5,4,5,4,5
23083,1052-53,1_1_2,3,False,4,4,4,5,5,4,4,4
23094,1052-53,2_4_11,3,False,4,5,3,5,4,4,4,5
23096,1052-53,2_3_9,3,False,4,5,4,4,4,4,4,4
23097,1052-53,2_3_8,3,False,4,4,4,4,4,4,4,4
23102,1052-53,5_3_11,3,False,3,3,3,3,3,3,2,3
23104,1052-53,2_2_3,3,False,3,3,3,3,4,4,3,3
23110,1052-53,5_3_11,3,False,4,4,4,5,3,4,2,3
23112,1052-53,2_2_5,3,False,4,4,5,4,4,4,4,4
23113,1052-53,2_3_7,3,False,4,4,3,3,3,4,4,4
23115,1052-53,2_4_10,3,False,4,3,4,4,3,4,5,4
23118,1052-53,2_3_8,3,False,4,4,4,4,4,4,3,4
23121,1052-53,2_2_6,3,False,4,4,3,3,3,4,4,3
23124,1052-53,1_1_5,3,False,4,4,4,4,4,4,4,4
23128,1052-53,2_3_7,3,False,4,4,4,4,4,4,4,5
23129,1052-53,2_4_11,3,False,5,5,3,5,4,4,4,4
23131,1052-53,2_2_5,3,False,4,3,4,4,3,3,3,4
23135,1052-53,5_3_12,3,False,4,3,3,4,3,4,4,4
23136,1052-53,2_2_4,3,False,5,4,4,3,4,4,4,4
23139,1052-53,4_2_12,3,False,5,4,3,5,4,4,5,4
23140,1052-53,2_2_4,3,False,3,5,4,3,3,4,4,4
23146,1052-53,2_2_4,3,False,3,3,3,5,3,3,4,4
23155,1052-53,1_1_3,3,False,5,5,4,5,5,4,4,4
23164,1052-53,3_5_13,3,False,3,4,4,5,4,4,3,4
23165,1052-53,2_4_12,3,False,4,5,4,3,3,4,4,4
23167,1052-53,2_2_2,3,False,3,4,3,2,3,3,3,2
23173,1052-53,4_2_11,3,False,4,4,4,4,4,4,3,4
23175,1052-53,4_2_12,3,False,4,4,4,4,4,3,4,5
23176,1052-53,4_2_11,3,False,4,4,4,5,4,4,4,4
23179,1052-53,3_2_2,3,False,4,4,5,5,4,3,4,4
23186,1052-53,4_2_11,3,False,3,3,3,4,4,3,3,3
23188,1052-53,1_1_1,3,False,4,3,4,5,3,3,4,4
23201,1052-53,2_2_4,3,False,4,4,3,4,3,4,4,4
23202,1052-53,1_1_4,3,False,5,4,3,4,3,4,4,4
23210,1052-53,2_2_5,3,False,4,3,2,2,2,2,3,3
23213,1052-53,4_2_11,3,False,4,3,4,3,3,4,4,4
23216,1052-53,2_3_8,3,False,4,4,3,4,3,4,4,4
23219,1052-53,4_2_11,3,False,3,3,5,4,4,3,4,4
23222,1052-53,5_3_12,3,False,4,4,4,4,4,4,4,4
23225,1052-53,4_2_12,3,False,4,4,4,4,4,5,4,4
23228,1052-53,2_4_11,3,False,4,4,3,4,4,4,4,4
23233,1052-53,2_2_2,3,False,4,4,3,3,3,4,3,3
23239,1052-53,2_2_4,3,False,5,5,4,5,4,3,4,4
23241,1052-53,2_2_3,3,False,4,4,3,3,3,4,3,4
23244,1052-53,2_3_7,3,False,3,4,4,4,3,3,3,4
23245,1052-53,2_4_12,3,False,4,4,3,3,4,3,4,4
23246,1052-53,5_3_11,3,False,3,3,3,3,3,3,2,2
23250,1052-53,2_2_5,3,False,4,4,4,5,4,4,4,5
23254,1052-53,2_2_5,3,False,4,4,4,3,3,4,3,4
23255,1052-53,2_2_2,3,False,4,4,4,4,4,4,4,4
23260,1052-53,4_2_10,3,False,4,3,4,4,3,4,3,3
23264,1052-53,2_2_4,3,False,4,3,4,4,4,4,4,4
23268,1052-53,4_2_12,3,False,3,3,3,3,4,4,4,4
23270,1052-53,2_2_4,3,False,4,4,4,4,4,4,5,4
23271,1052-53,1_1_3,3,False,4,4,3,4,4,3,3,3
23273,1052-53,1_1_5,3,False,4,3,3,4,4,3,3,3
23275,1052-53,4_2_8,3,False,4,4,4,4,5,4,4,4
23276,1052-53,3_2_2,3,False,5,4,4,4,4,4,4,4
23277,1052-53,2_2_4,3,False,5,4,4,5,4,4,3,4
23279,1052-53,2_3_7,3,False,5,4,4,4,4,3,4,4
23281,1052-53,3_2_2,3,False,4,3,3,3,3,3,4,3
23284,1052-53,2_1_1,3,False,4,5,4,4,3,4,5,4
23290,1052-53,2_4_12,3,False,4,4,4,4,3,4,3,3
23292,1052-53,2_2_3,3,False,4,4,4,3,3,4,4,3
23297,1052-53,1_1_2,3,False,4,4,4,4,4,4,3,4
23304,1052-53,2_2_6,3,False,5,5,4,4,4,4,4,5
23305,1052-53,4_2_9,3,False,4,4,5,5,4,4,4,4
23308,1052-53,2_3_8,3,False,4,3,4,3,3,3,3,4
23309,1052-53,1_1_3,3,False,4,4,4,4,3,4,3,4
23318,1052-53,2_4_12,3,False,3,3,3,3,4,3,3,4
23327,1052-53,2_2_3,3,False,4,4,4,4,4,4,3,4
23333,1052-53,3_5_13,3,False,4,4,3,3,4,4,4,4
23338,1052-53,2_2_5,3,False,4,4,3,4,4,4,5,5
23339,1052-53,3_2_2,3,False,3,4,4,5,3,3,4,3
23340,1052-53,4_2_8,3,False,4,4,4,5,4,4,4,4
23342,1052-53,4_2_12,3,False,3,3,3,3,3,4,4,3
23347,1052-53,2_3_8,3,False,5,4,5,4,4,4,4,5
23348,1052-53,4_2_11,3,False,4,4,4,4,5,4,4,4
23350,1052-53,1_1_5,3,False,4,4,3,4,3,4,4,3
23352,1052-53,1_1_2,3,False,4,4,3,4,3,3,4,4
23354,1052-53,1_1_2,3,False,4,3,2,3,3,3,4,4
23357,1052-53,1_1_1,3,False,4,5,4,4,4,4,4,5
23360,1052-53,4_2_8,3,False,3,4,4,4,3,3,4,3
23361,1052-53,2_2_4,3,False,5,4,3,3,3,4,3,4
23363,1052-53,4_2_11,3,False,4,4,4,3,4,3,3,4
23370,1052-53,2_2_4,3,False,4,3,4,4,3,4,4,4
23372,1052-53,2_3_8,3,False,4,4,3,4,4,4,4,4
23375,1052-53,2_2_5,3,False,5,5,4,4,5,4,5,3
23376,1052-53,1_1_2,3,False,5,5,3,3,3,4,5,3
23381,1052-53,2_1_1,3,False,3,4,4,4,3,4,4,4
23384,1052-53,1_1_3,3,False,3,3,3,4,3,3,3,4
23385,1052-53,3_1_1,3,False,4,4,3,4,4,4,4,3
23389,1052-53,2_2_6,3,False,3,4,4,3,4,3,4,3
23392,1052-53,4_2_12,3,False,4,4,4,4,4,4,4,4
23403,1052-53,2_2_5,3,False,3,3,3,3,3,4,3,3
23406,1052-53,1_2_1,3,False,4,5,4,4,3,4,5,3
23409,1052-53,1_1_5,3,False,4,3,3,3,3,3,3,2
23410,1052-53,1_1_5,3,False,4,4,5,5,4,4,4,4
23415,1052-53,2_3_8,3,False,5,4,4,5,4,4,4,4
23417,1052-53,2_4_10,3,False,5,4,4,3,4,4,4,3
23427,1052-53,2_2_5,3,False,5,4,5,5,4,4,3,5
23431,1052-53,2_3_8,3,False,4,4,4,4,3,4,3,5
23433,1052-53,1_1_3,3,False,5,4,3,4,3,3,3,3
23436,1052-53,3_5_13,3,False,3,4,3,4,4,4,4,5
23439,1052-53,3_1_1,3,False,4,3,4,4,4,4,4,4
23442,1052-53,2_2_2,3,False,5,5,4,4,3,4,4,4
23443,1052-53,2_3_8,3,False,3,4,3,3,3,4,4,3
23452,1052-53,5_3_11,3,False,4,4,3,4,4,4,4,4
23454,1052-53,2_1_1,3,False,4,4,4,4,4,3,5,4
23459,1052-53,4_2_9,3,False,3,3,4,4,3,3,4,4
23465,1052-53,1_1_3,3,False,4,4,4,3,3,4,4,4
23470,1052-53,1_1_3,3,False,4,5,5,5,4,5,4,5
23475,1052-53,3_5_13,3,False,4,4,5,5,4,5,4,4
23477,1052-53,2_2_5,3,False,4,3,4,4,3,5,3,4
23478,1052-53,2_3_8,3,False,4,4,3,4,3,4,3,4
23487,1052-53,2_2_2,3,False,4,4,4,4,3,4,3,3
23491,1052-53,2_4_11,3,False,5,4,5,4,4,4,4,4
23492,1052-53,2_3_9,3,False,3,3,4,4,4,4,4,4
23494,1052-53,2_2_2,3,False,4,4,5,4,4,4,3,4
23496,1052-53,5_3_11,3,False,4,4,3,3,4,3,4,3
23497,1052-53,2_2_4,3,False,5,5,5,4,4,5,4,5
23500,1052-53,4_2_12,3,False,4,4,4,4,4,3,4,3
23503,1052-53,1_1_4,3,False,3,4,3,4,4,4,3,4
23504,1052-53,2_3_7,3,False,4,4,4,4,3,4,3,4
23507,1052-53,2_2_5,3,False,5,4,4,4,4,3,4,4
23513,1052-53,2_3_8,3,False,3,4,3,3,4,3,4,3
23516,1052-53,2_4_12,3,False,5,4,4,5,5,4,4,4
23521,1052-53,2_3_9,3,False,5,4,4,4,4,4,3,4
23523,1052-53,2_3_9,3,False,4,4,5,5,5,4,4,5
23527,1052-53,5_3_12,3,False,4,4,4,4,4,4,4,4
23528,1052-53,2_3_7,3,False,4,4,5,5,4,3,4,4
23530,1052-53,2_4_11,3,False,4,3,4,4,4,4,3,3
23533,1052-53,2_2_6,3,False,4,4,4,4,4,4,5,4
23536,1052-53,1_1_4,3,False,4,4,3,4,2,4,4,4
23537,1052-53,2_2_6,3,False,4,3,3,3,3,3,2,3
23541,1052-53,4_2_12,3,False,4,4,3,2,2,4,3,3
23548,1052-53,2_2_3,3,False,4,4,5,4,4,4,4,4
23549,1052-53,1_1_5,3,False,4,5,4,4,4,5,4,5
23553,1052-53,4_2_12,3,False,4,3,4,4,3,4,4,3
23554,1052-53,1_1_2,3,False,5,5,4,4,3,4,3,4
23556,1052-53,4_2_12,3,False,5,5,5,4,4,4,5,4
23558,1052-53,2_2_5,3,False,5,4,4,5,3,3,3,4
23562,1052-53,3_2_2,3,False,4,4,4,4,3,4,4,4
23563,1052-53,2_3_7,3,False,4,4,3,4,4,4,4,4
23565,1052-53,2_2_3,3,False,5,4,4,4,4,4,3,4
23567,1052-53,1_1_4,3,False,4,4,4,5,5,4,4,4
23569,1052-53,1_1_1,3,False,4,3,4,5,4,4,4,4
23570,1052-53,3_5_13,3,False,4,4,3,3,3,4,4,3
23571,1052-53,1_1_4,3,False,4,3,3,3,3,3,3,3
23574,1052-53,1_1_2,3,False,5,5,5,4,3,4,5,5
23579,1052-53,2_1_1,3,False,5,4,4,4,5,5,4,5
23583,1052-53,2_2_3,3,False,4,3,3,4,3,3,3,4
23584,1052-53,4_2_11,3,False,4,4,4,4,4,3,4,4
23587,1052-53,2_3_7,3,False,5,4,4,4,4,4,4,4
23589,1052-53,1_1_1,3,False,4,4,3,3,4,4,4,4
23591,1052-53,4_2_8,3,False,3,4,3,4,4,4,4,4
23593,1052-53,2_3_7,3,False,4,4,4,4,4,4,4,4
23602,1052-53,2_2_3,3,False,3,3,3,3,3,4,3,3
23605,1052-53,4_2_8,3,False,3,4,5,4,4,4,4,4
23611,1052-53,4_2_11,3,False,4,4,4,4,4,4,3,4
23612,1052-53,1_1_5,3,False,4,4,3,4,4,4,4,4
23613,1052-53,2_2_6,3,False,4,4,3,4,3,4,4,4
23615,1052-53,4_2_8,3,False,4,4,4,4,3,4,3,4
23616,1052-53,2_3_9,3,False,4,3,4,3,4,3,3,3
23633,1052-53,4_2_11,3,False,5,4,4,4,4,4,4,5
23634,1052-53,2_2_6,3,False,5,5,5,4,5,5,4,5
23638,1052-53,2_4_10,3,False,5,4,4,4,4,4,4,4
23639,1052-53,4_2_10,3,False,4,4,4,4,4,5,4,4
23642,1052-53,2_2_2,3,False,4,4,4,3,3,3,3,3
23644,1052-53,1_1_1,3,False,5,4,5,5,4,4,5,4
23645,1052-53,2_2_3,3,False,5,5,5,5,5,4,5,5
23646,1052-53,2_2_5,3,False,4,4,5,4,4,4,5,4
23648,1052-53,1_1_1,3,False,5,5,5,5,4,4,4,4
23650,1052-53,2_3_8,3,False,5,3,5,3,4,4,4,4
23651,1052-53,4_2_12,3,False,4,4,4,5,3,4,3,4
23655,1052-53,4_2_10,3,False,3,4,3,3,3,3,4,3
23656,1052-53,1_1_5,3,False,5,4,5,5,4,4,4,5
23662,1052-53,4_2_9,3,False,4,4,3,4,4,4,5,4
23664,1052-53,1_1_3,3,False,4,3,3,3,3,3,4,3
23668,1052-53,1_1_3,3,False,4,3,4,4,3,4,4,4
23670,1052-53,1_1_1,3,False,4,4,4,3,4,4,4,4
23678,1052-53,1_1_2,3,False,3,3,4,3,3,3,4,4
23680,1052-53,1_1_1,3,False,4,4,4,4,3,3,3,4
23683,1052-53,1_1_5,3,False,5,4,4,4,3,4,4,4
23684,1052-53,1_1_1,3,False,5,4,4,5,5,5,5,4
23686,1052-53,4_2_12,3,False,4,4,5,4,4,4,4,4
23688,1052-53,4_2_8,3,False,3,3,4,3,3,3,4,3
23691,1052-53,5_3_12,3,False,3,4,4,4,4,4,3,4
23696,1052-53,5_3_11,3,False,4,4,4,4,4,4,4,4
23697,1052-53,1_2_1,3,False,3,3,3,2,3,4,4,2
23703,1052-53,1_2_1,3,False,4,4,3,5,4,4,4,4
23704,1052-53,2_4_12,3,False,4,4,3,4,3,3,4,4
23709,1052-53,1_1_5,3,False,4,3,3,5,4,3,4,4
23711,1052-53,2_3_8,3,False,4,4,5,4,4,4,4,4
23712,1052-53,2_3_8,3,False,4,4,4,4,4,4,3,4
23714,1052-53,1_1_5,3,False,5,5,5,3,4,4,4,5
23725,1052-53,2_2_4,3,False,4,4,4,4,3,3,4,4
23727,1052-53,2_4_10,3,False,3,4,3,3,4,4,3,3
23728,1052-53,2_3_9,3,False,4,4,4,4,4,3,4,4
23729,1052-53,2_3_8,3,False,4,5,4,4,4,4,3,5
23730,1052-53,2_2_6,3,False,4,4,4,5,4,4,5,4
23733,1052-53,2_2_2,3,False,5,5,4,4,4,4,3,4
23749,1052-53,3_5_13,3,False,4,4,5,4,5,4,4,5
23750,1052-53,2_3_7,3,False,5,5,4,4,4,4,4,4
23752,1052-53,4_2_8,3,False,3,3,4,4,4,3,3,4
23753,1052-53,2_4_11,3,False,3,4,4,3,3,3,4,3
23755,1052-53,2_2_5,3,False,5,5,4,5,4,5,5,5
23760,1052-53,2_4_11,3,False,4,5,5,4,4,4,3,4
23761,1052-53,3_1_1,3,False,4,4,3,3,3,4,3,4
23762,1052-53,2_2_5,3,False,5,4,4,5,4,4,4,5
23766,1052-53,2_3_9,3,False,4,4,4,4,5,4,3,5
23769,1052-53,2_3_8,3,False,5,5,4,5,4,4,4,5
23771,1052-53,4_2_11,3,False,3,2,3,3,4,3,4,3
23772,1052-53,2_3_8,3,False,4,4,5,4,4,5,4,4
23775,1052-53,1_1_4,3,False,4,4,4,3,3,3,2,2
23776,1052-53,4_2_12,3,False,4,4,5,4,3,4,3,4
23785,1052-53,4_2_8,3,False,3,4,3,3,3,4,4,3
23790,1052-53,4_2_12,3,False,4,3,4,4,3,4,4,3
23796,1052-53,1_1_3,3,False,4,4,4,4,4,4,4,4
23800,1052-53,1_1_4,3,False,5,5,5,5,5,5,5,5
23802,1052-53,1_1_3,3,False,4,4,3,4,4,4,4,4
23807,1052-53,3_2_2,3,False,3,3,3,3,3,3,4,2
23808,1052-53,1_2_1,3,False,4,4,5,5,5,5,3,5
23817,1052-53,4_2_8,3,False,4,4,5,5,4,3,4,4
23820,1052-53,3_2_2,3,False,4,4,4,4,4,3,3,3
23822,1052-53,2_2_3,3,False,5,4,4,4,4,4,3,4
23827,1052-53,1_1_1,3,False,5,4,5,5,4,4,4,5
23829,1052-53,2_4_12,3,False,4,3,3,2,3,3,3,3
23831,1052-53,2_3_8,3,False,5,5,4,5,5,5,4,5
23834,1052-53,3_5_13,3,False,4,4,4,4,4,4,3,4
23837,1052-53,2_2_2,3,False,4,4,4,4,4,3,4,3
23838,1052-53,1_1_5,3,False,5,4,4,4,4,4,4,4
23839,1052-53,2_4_11,3,False,4,3,4,3,4,3,4,3
23844,1052-53,2_4_12,3,False,5,4,4,4,4,4,4,4
23848,1052-53,3_5_13,3,False,4,4,5,4,5,4,4,4
23849,1052-53,5_3_11,3,False,4,4,4,4,3,3,3,4
23851,1052-53,4_2_10,3,False,4,4,4,5,4,4,3,4
23852,1052-53,2_2_6,3,False,5,4,3,4,4,4,3,4
23853,1052-53,3_5_13,3,False,3,3,3,3,3,3,3,4
23854,1052-53,4_2_12,3,False,5,4,4,3,3,3,3,3
23856,1052-53,5_3_11,3,False,5,3,4,4,4,3,4,4
23857,1052-53,2_4_10,3,False,5,4,4,5,4,4,5,4
23861,1052-53,2_2_5,3,False,5,4,5,4,4,4,3,4
23867,1052-53,2_2_3,3,False,4,4,3,3,4,4,5,4
23872,1052-53,5_3_11,3,False,4,3,4,5,4,4,4,5
23878,1052-53,1_1_3,3,False,3,3,3,3,2,3,3,3
23882,1052-53,4_2_12,3,False,4,3,3,3,4,4,3,5
23884,1052-53,2_2_2,3,False,5,4,3,5,4,4,4,5
23887,1052-53,2_3_8,3,False,4,3,3,3,3,3,3,3
23892,1052-53,2_3_8,3,False,4,2,3,3,3,4,3,3
23894,1052-53,1_2_1,3,False,4,4,5,4,4,5,4,4
23897,1052-53,2_3_8,3,False,4,4,3,4,4,4,4,4
23899,1052-53,5_3_11,3,False,4,4,4,4,4,4,4,4
23900,1052-53,4_2_10,3,False,2,3,3,3,4,4,3,3
23901,1052-53,1_1_2,3,False,4,3,4,5,3,4,3,4
23902,1052-53,4_2_12,3,False,5,4,4,4,5,4,4,5
23909,1052-53,1_1_4,3,False,4,3,4,4,4,4,3,4
23913,1052-53,2_4_10,3,False,5,4,3,4,4,4,5,4
23923,1052-53,2_3_7,3,False,4,4,4,4,5,4,3,4
23927,1052-53,2_3_9,3,False,4,3,3,3,3,3,3,2
23931,1052-53,2_2_2,3,False,4,4,3,4,3,4,4,3
23937,1052-53,4_2_12,3,False,4,4,4,4,4,4,4,5
23941,1052-53,4_2_11,3,False,3,4,3,4,3,3,3,4
23942,1052-53,2_3_8,3,False,4,4,4,5,5,4,4,4
23944,1052-53,1_1_1,3,False,4,4,4,4,4,4,4,4
23946,1052-53,3_1_1,3,False,4,4,3,4,4,4,4,4
23948,1052-53,3_2_2,3,False,4,5,4,5,4,4,4,5
23953,1052-53,4_2_8,3,False,3,4,4,4,4,4,3,3
23957,1052-53,4_2_12,3,False,4,3,3,4,3,4,4,3
23959,1052-53,2_2_6,3,False,4,4,3,4,4,4,4,4
23962,1052-53,2_2_5,3,False,4,4,4,4,4,4,4,4
23963,1052-53,4_2_12,3,False,4,4,3,3,3,3,2,3
23965,1052-53,1_2_1,3,False,3,4,3,3,3,4,4,3
23966,1052-53,1_2_1,3,False,5,4,4,5,4,4,4,5
23969,1052-53,3_5_13,3,False,3,3,4,4,4,4,4,4
23970,1052-53,2_3_8,3,False,5,4,4,5,4,4,4,4
23972,1052-53,2_2_4,3,False,4,4,4,5,4,4,5,4
23974,1052-53,2_1_1,3,False,4,4,3,4,3,4,4,4
23980,1052-53,2_1_1,3,False,5,4,4,4,4,3,4,4
23981,1052-53,2_2_5,3,False,4,4,3,4,4,4,4,3
23985,1052-53,4_2_8,3,False,4,4,3,4,4,4,3,4
23989,1052-53,2_3_8,3,False,4,5,3,4,4,4,4,3
23993,1052-53,5_3_11,3,False,4,4,4,4,3,3,3,4
23994,1052-53,1_1_3,3,False,5,4,4,4,4,4,5,5
23995,1052-53,1_1_3,3,False,4,4,4,4,4,3,3,4
23998,1052-53,3_1_1,3,False,4,4,4,3,4,5,4,4
24000,1052-53,4_2_12,3,False,4,4,4,3,3,4,4,4
24008,1052-53,2_4_12,3,False,4,4,4,3,4,4,3,4
24012,1052-53,5_3_11,3,False,4,4,4,5,4,4,4,4
24016,1052-53,2_2_4,3,False,4,3,3,4,3,4,3,3
24018,1052-53,1_2_1,3,False,4,4,4,4,4,4,4,4
24020,1052-53,2_4_10,3,False,4,4,4,3,3,4,3,3
24024,1052-53,2_4_12,3,False,4,4,5,4,4,4,5,5
24029,1052-53,2_3_9,3,False,4,4,3,4,3,4,3,4
24033,1052-53,2_2_2,3,False,4,4,4,4,4,4,4,3
24035,1052-53,1_1_3,3,False,5,4,4,4,3,4,3,4
24036,1052-53,2_3_8,3,False,5,4,3,4,4,4,5,5
24038,1052-53,4_2_12,3,False,4,3,5,5,4,4,4,5
24050,1052-53,2_4_12,3,False,5,4,5,5,4,5,4,4
24052,1052-53,2_4_12,3,False,4,4,5,5,4,4,4,4
24058,1052-53,5_3_12,3,False,3,3,4,4,4,4,3,4
24062,1052-53,4_2_11,3,False,4,4,5,4,5,5,4,4
24063,1052-53,2_3_7,3,False,4,4,5,4,4,3,4,5
24069,1052-53,2_2_4,3,False,4,3,3,4,4,3,4,4
24073,1052-53,4_2_8,3,False,4,3,4,4,4,4,4,3
24074,1052-53,2_3_9,3,False,4,4,4,4,4,3,4,4
24077,1052-53,1_1_2,3,False,4,4,4,4,4,4,4,4
24079,1052-53,1_2_1,3,False,5,4,5,4,5,4,4,3
24080,1052-53,2_1_1,3,False,4,4,3,3,4,4,3,3
24082,1052-53,2_4_12,3,False,3,3,4,4,4,4,4,3
24090,1052-53,2_1_1,3,False,5,5,5,5,5,5,4,5
24096,1052-53,1_1_4,3,False,4,3,4,4,4,5,4,4
24098,1052-53,2_4_12,3,False,4,3,3,3,4,4,4,4
24104,1052-53,2_2_2,3,False,5,4,4,5,3,4,4,4
24105,1052-53,2_2_4,3,False,3,3,2,2,3,2,4,2
24107,1052-53,2_3_8,3,False,4,4,4,3,4,3,3,4
24108,1052-53,2_4_12,3,False,3,4,3,4,3,4,4,3
24110,1052-53,2_1_1,3,False,4,4,4,4,4,4,4,4
24113,1052-53,5_3_11,3,False,4,4,5,4,4,4,4,5
24114,1052-53,2_2_5,3,False,4,4,4,4,4,4,5,4
24117,1052-53,2_4_10,3,False,4,4,3,4,4,3,4,4
24120,1052-53,2_3_8,3,False,4,3,4,4,3,4,4,3
24124,1052-53,2_1_1,3,False,5,5,4,4,4,4,4,4
24125,1052-53,2_1_1,3,False,4,4,4,4,4,4,4,3
24128,1052-53,1_2_1,3,False,4,4,3,4,3,4,3,3
24129,1052-53,2_1_1,3,False,4,3,3,4,3,4,3,4
24130,1052-53,3_1_1,3,False,4,5,4,4,4,4,4,4
24131,1052-53,1_1_1,3,False,5,5,4,5,4,3,4,5
24139,1052-53,2_3_8,3,False,5,4,4,5,4,3,4,5
24143,1052-53,1_1_5,3,False,5,5,4,5,5,5,5,5
24145,1052-53,2_1_1,3,False,4,4,3,2,3,4,3,3
24148,1052-53,2_4_12,3,False,5,5,4,4,4,3,4,5
24149,1052-53,5_3_11,3,False,4,4,4,4,3,3,3,5
24151,1052-53,4_2_12,3,False,5,4,5,4,4,4,4,5
24152,1052-53,1_1_1,3,False,5,4,4,4,4,5,3,5
24155,1052-53,4_2_8,3,False,4,4,5,5,5,4,4,5
24167,1052-53,2_2_4,3,False,4,5,4,5,4,4,5,4
24169,1052-53,2_2_2,3,False,4,4,4,4,4,4,4,4
24171,1052-53,2_4_12,3,False,4,4,3,3,3,4,4,3
24176,1052-53,4_2_12,3,False,4,4,4,5,4,4,4,4
24185,1052-53,3_1_1,3,False,3,3,2,3,3,2,3,3
24187,1052-53,4_2_11,3,False,3,3,3,3,4,4,3,3
24190,1052-53,4_2_10,3,False,3,4,4,4,3,3,4,3
24195,1052-53,2_2_5,3,False,5,4,4,4,4,4,4,4
24198,1052-53,4_2_10,3,False,4,4,4,4,4,4,4,5
24199,1052-53,1_1_3,3,False,4,4,4,3,4,3,5,4
24201,1052-53,3_2_2,3,False,5,5,4,4,4,4,4,5
24204,1052-53,2_3_8,3,False,4,4,4,4,4,4,4,5
24205,1052-53,5_3_12,3,False,3,4,3,4,3,4,4,2
24206,1052-53,2_3_8,3,False,4,5,5,4,4,4,4,4
24213,1052-53,2_3_8,3,False,4,3,4,4,4,4,4,4
24215,1052-53,4_2_8,3,False,4,4,4,5,3,4,4,4
24216,1052-53,2_2_2,3,False,5,5,5,5,4,5,4,4
24218,1052-53,2_2_3,3,False,4,4,4,4,4,4,3,4
24227,1052-53,2_4_12,3,False,5,5,4,5,5,5,4,4
24231,1052-53,3_1_1,3,False,4,2,2,3,4,4,4,4
24241,1052-53,2_4_12,3,False,4,4,4,3,4,4,4,4
24246,1052-53,2_2_4,3,False,4,5,4,5,4,5,4,4
24250,1052-53,1_2_1,3,False,4,4,4,5,4,4,4,4
24252,1052-53,2_3_8,3,False,4,4,4,4,4,4,3,4
24256,1052-53,2_3_7,3,False,5,4,4,4,4,4,5,4
24257,1052-53,1_1_3,3,False,5,4,4,4,4,4,5,4
24259,1052-53,4_2_12,3,False,4,4,4,5,4,3,5,5
24262,1052-53,1_1_2,3,False,4,3,4,5,4,4,4,4
24272,1052-53,3_1_1,3,False,4,4,3,4,3,4,4,3
24274,1052-53,4_2_9,3,False,3,3,3,4,3,3,3,3
24276,1052-53,2_2_3,3,False,4,5,4,5,4,5,4,5
24277,1052-53,2_1_1,3,False,5,5,5,5,4,5,4,5
24284,1052-53,4_2_12,3,False,3,3,3,3,3,3,3,3
24285,1052-53,1_1_4,3,False,3,3,3,3,3,3,3,3
24287,1052-53,2_3_8,3,False,5,3,4,4,4,4,5,4
24291,1052-53,3_2_2,3,False,4,3,4,3,3,4,4,4
24292,1052-53,2_4_12,3,False,5,5,4,3,4,4,4,4
24294,1052-53,1_1_3,3,False,4,3,3,3,4,4,3,3
24295,1052-53,2_3_8,3,False,4,4,4,4,4,4,4,4
24297,1052-53,1_1_5,3,False,5,4,4,3,3,4,4,4
24298,1052-53,2_1_1,3,False,4,4,3,4,4,4,4,4
24301,1052-53,4_2_9,3,False,3,4,3,4,4,4,3,3
24309,1052-53,4_2_10,3,False,4,4,4,5,3,4,4,4
24312,1052-53,2_2_2,3,False,4,4,4,5,5,4,4,4
24315,1052-53,1_1_4,3,False,4,4,4,3,3,3,3,3
24318,1052-53,4_2_12,3,False,5,5,4,5,4,4,4,5
24320,1052-53,2_3_7,3,False,4,5,4,4,4,4,3,3
24325,1052-53,4_2_9,3,False,3,3,4,4,4,3,3,2
24327,1052-53,1_2_1,3,False,4,4,4,3,3,4,4,3
24328,1052-53,4_2_10,3,False,3,4,4,4,3,4,4,4
24329,1052-53,1_1_2,3,False,4,4,4,4,5,4,4,4
24333,1052-53,1_1_4,3,False,4,4,4,3,3,3,3,4
24334,1052-53,1_2_1,3,False,5,4,4,5,4,4,5,4
24341,1052-53,4_2_8,3,False,4,4,3,3,4,5,4,3
24342,1052-53,2_2_4,3,False,3,4,3,4,3,4,4,3
24345,1052-53,2_3_9,3,False,4,4,3,4,4,4,3,4
24346,1052-53,1_2_1,3,False,4,4,5,4,4,5,4,4
24348,1052-53,4_2_10,3,False,4,3,4,3,4,4,3,4
24350,1052-53,2_2_4,3,False,4,4,4,4,3,5,4,4
24351,1052-53,1_1_1,3,False,4,3,3,4,3,3,4,2
24352,1052-53,1_1_3,3,False,4,5,4,4,4,4,5,4
24353,1052-53,4_2_10,3,False,4,3,4,3,2,3,3,3
24363,1052-53,2_1_1,3,False,5,5,4,5,4,4,5,5
24366,1052-53,3_5_13,3,False,3,4,3,3,4,4,4,4
24368,1052-53,4_2_11,3,False,3,2,3,3,3,3,3,3
24371,1052-53,2_2_2,3,False,4,4,3,4,4,4,5,4
24372,1052-53,1_1_3,3,False,5,5,4,4,4,4,4,5
24378,1052-53,1_1_3,3,False,4,4,3,3,4,4,4,4
24387,1052-53,2_3_9,3,False,4,4,3,3,3,3,4,3
24390,1052-53,2_2_6,3,False,4,4,4,5,4,4,4,5
24392,1052-53,1_1_3,3,False,4,4,4,5,4,4,4,4
24398,1052-53,2_2_4,3,False,4,4,4,3,3,4,4,4
24400,1052-53,2_4_11,3,False,4,4,3,4,4,4,4,4
24406,1052-53,2_3_7,3,False,4,4,5,5,4,3,4,4
24407,1052-53,5_3_11,3,False,3,4,3,4,4,3,3,4
24409,1052-53,2_1_1,3,False,4,4,5,4,4,4,3,4
24411,1052-53,1_1_5,3,False,4,4,4,4,4,3,4,3
24414,1052-53,3_2_2,3,False,4,3,3,3,3,4,4,3
24415,1052-53,2_4_10,3,False,4,4,4,3,3,4,4,3
24417,1052-53,2_4_12,3,False,5,5,5,5,5,4,5,5
24418,1052-53,2_1_1,3,False,3,4,4,4,4,4,3,4
24422,1052-53,2_4_10,3,False,4,4,4,4,4,4,4,4
24425,1052-53,2_2_4,3,False,5,4,3,4,4,4,4,5
24429,1052-53,2_3_9,3,False,5,4,3,3,4,3,2,4
24433,1052-53,2_2_5,3,False,5,3,4,4,4,3,3,4
24439,1052-53,2_2_2,3,False,4,4,4,4,4,4,4,4
24450,1052-53,4_2_12,3,False,3,3,4,3,3,4,4,3
24456,1052-53,4_2_9,3,False,3,4,4,4,3,4,4,4
24459,1052-53,1_1_1,3,False,4,4,4,5,4,4,4,4
24460,1052-53,4_2_11,3,False,4,4,4,4,4,4,4,4
24462,1052-53,1_2_1,3,False,4,4,4,4,4,4,4,4
24467,1052-53,2_2_4,3,False,4,4,4,3,3,3,3,2
24468,1052-53,2_2_5,3,False,4,3,3,2,3,4,3,2
24470,1052-53,2_3_8,3,False,5,5,4,5,4,4,4,5
24471,1052-53,1_1_2,3,False,3,3,3,3,3,3,4,3
24478,1052-53,2_2_3,3,False,4,4,3,4,4,3,3,3
24480,1052-53,2_4_10,3,False,3,3,3,3,3,4,3,3
24483,1052-53,4_2_12,3,False,5,5,4,5,4,4,4,5
24489,1052-53,2_3_7,3,False,4,3,5,3,4,4,4,4
24494,1052-53,1_1_3,3,False,4,4,4,4,3,3,3,4
24496,1052-53,3_5_13,3,False,4,4,3,4,3,3,3,3
24502,1052-53,2_3_9,3,False,4,4,4,4,4,4,3,4
24504,1052-53,1_1_4,3,False,5,4,4,5,4,4,4,4
24507,1052-53,4_2_12,3,False,5,4,5,5,5,4,5,5
24512,1052-53,2_4_12,3,False,4,4,4,3,3,3,3,4
24514,1052-53,4_2_12,3,False,5,5,4,4,4,4,4,3
24517,1052-53,2_2_4,3,False,5,4,4,5,5,4,4,5
24521,1052-53,4_2_11,3,False,4,4,3,4,4,4,5,4
24522,1052-53,2_3_7,3,False,4,3,3,2,2,3,4,3
24530,1052-53,4_2_9,3,False,3,3,3,3,3,4,4,4
24531,1052-53,3_2_2,3,False,5,4,4,4,5,4,3,4
24533,1052-53,2_4_12,3,False,3,3,2,4,3,3,3,3
24535,1052-53,3_5_13,3,False,4,3,4,4,4,4,4,4
24536,1052-53,2_2_3,3,False,4,4,4,4,4,4,4,4
24537,1052-53,1_1_1,3,False,4,4,4,5,4,5,4,5
24539,1052-53,2_3_7,3,False,4,4,4,4,3,4,3,4
24541,1052-53,4_2_10,3,False,3,4,4,4,3,4,3,3
24544,1052-53,3_5_13,3,False,4,3,3,3,3,4,4,3
24547,1052-53,2_3_9,3,False,4,3,3,4,3,4,2,4
24548,1052-53,2_2_4,3,False,4,4,4,3,4,5,4,4
24554,1052-53,2_1_1,3,False,5,4,4,4,3,3,4,4
24556,1052-53,4_2_9,3,False,3,3,3,4,3,3,3,3
24557,1052-53,2_3_8,3,False,4,4,2,2,3,4,3,3
24561,1052-53,2_2_2,3,False,4,4,4,4,4,3,3,3
24563,1052-53,2_2_4,3,False,4,4,4,4,5,4,4,4
24565,1052-53,1_1_2,3,False,4,3,5,4,4,4,4,4
24567,1052-53,4_2_12,3,False,5,4,5,4,5,4,4,5
24573,1052-53,5_3_11,3,False,4,5,5,5,4,4,5,5
24574,1052-53,2_2_6,3,False,4,4,4,4,3,4,3,4
24579,1052-53,2_2_6,3,False,4,4,4,5,4,4,3,4
24581,1052-53,3_5_13,3,False,3,3,3,4,4,4,4,3
24583,1052-53,1_1_5,3,False,5,5,5,5,4,4,4,4
24585,1052-53,2_2_5,3,False,5,5,4,4,4,5,4,4
24586,1052-53,3_2_2,3,False,3,3,2,5,4,4,3,4
24590,1052-53,2_3_8,3,False,4,4,4,4,4,3,3,4
24599,1052-53,1_1_2,3,False,4,4,3,4,4,4,3,5
24605,1052-53,2_3_8,3,False,3,3,4,3,3,4,4,3
24612,1052-53,1_1_4,3,False,5,4,4,5,4,5,4,4
24614,1052-53,2_4_12,3,False,4,4,3,5,3,4,4,4
24615,1052-53,4_2_8,3,False,4,3,4,4,4,3,4,4
24619,1052-53,4_2_8,3,False,3,2,2,3,4,2,3,3
24620,1052-53,4_2_11,3,False,3,3,4,4,3,4,4,4
24621,1052-53,2_2_3,3,False,5,5,4,4,4,4,5,5
24623,1052-53,2_3_8,3,False,3,3,4,4,3,3,3,3
24624,1052-53,4_2_12,3,False,4,4,3,3,4,4,3,3
24631,1052-53,4_2_8,3,False,3,4,4,4,3,4,3,4
24636,1052-53,3_1_1,3,False,3,3,3,4,4,4,2,3
24643,1052-53,2_3_9,3,False,4,3,4,4,3,3,3,4
24645,1052-53,1_1_1,3,False,5,4,4,4,4,4,4,4
24647,1052-53,1_1_3,3,False,4,3,4,4,4,4,3,3
24651,1052-53,5_3_11,3,False,5,4,4,4,3,4,4,4
24652,1052-53,1_1_4,3,False,5,4,4,3,3,4,4,4
24664,1052-53,2_2_2,3,False,4,4,4,3,4,4,4,4
24665,1052-53,3_1_1,3,False,4,4,4,3,4,3,4,4
24673,1052-53,2_3_7,3,False,3,3,3,3,3,4,3,4
24677,1052-53,2_3_9,3,False,4,4,3,3,4,4,4,4
24678,1052-53,1_1_2,3,False,4,4,4,4,5,5,5,5
24682,1052-53,4_2_8,3,False,4,4,5,4,4,4,4,4
24686,1052-53,5_3_12,3,False,4,4,4,5,4,4,4,3
24687,1052-53,1_1_5,3,False,4,4,4,4,3,4,4,3
24689,1052-53,2_2_5,3,False,4,4,4,5,4,4,4,5
24690,1052-53,2_2_6,3,False,4,4,3,4,3,4,4,4
24698,1052-53,3_5_13,3,False,4,4,3,4,4,4,3,3
24699,1052-53,2_1_1,3,False,5,5,5,4,5,5,5,5
24700,1052-53,2_2_4,3,False,5,4,4,5,5,4,4,4
24703,1052-53,2_4_12,3,False,2,4,4,3,3,3,3,3
24704,1052-53,4_2_8,3,False,4,4,5,5,4,4,4,4
24707,1052-53,4_2_10,3,False,4,4,4,3,4,4,4,4
24709,1052-53,1_1_5,3,False,4,3,4,3,4,4,3,3
24714,1052-53,2_2_4,3,False,4,4,4,4,4,4,4,4
24715,1052-53,1_2_1,3,False,4,4,4,4,3,4,3,4
24717,1052-53,4_2_10,3,False,4,5,4,4,4,4,4,5
24718,1052-53,4_2_10,3,False,3,3,4,3,3,3,3,3
24722,1052-53,4_2_12,3,False,4,3,3,3,4,3,4,4
24724,1052-53,5_3_11,3,False,4,4,4,4,4,4,3,4
24727,1052-53,1_1_4,3,False,5,5,4,4,4,4,4,4
24730,1052-53,2_4_10,3,False,3,4,4,4,4,4,4,4
24733,1052-53,1_1_4,3,False,5,4,3,4,4,3,4,4
24735,1052-53,1_1_3,3,False,4,5,5,4,4,3,4,4
24740,1052-53,1_2_1,3,False,3,4,3,3,4,4,4,3
24741,1052-53,4_2_12,3,False,4,4,4,4,3,4,4,4
24742,1052-53,4_2_8,3,False,4,4,3,4,3,4,4,4
24744,1052-53,2_3_8,3,False,4,4,3,4,4,4,4,3
24746,1052-53,3_5_13,3,False,3,3,4,5,4,4,4,5
24747,1052-53,1_1_3,3,False,4,4,3,4,4,3,4,3
24750,1052-53,2_2_4,3,False,5,5,4,5,4,5,5,5
24754,1052-53,2_3_8,3,False,4,4,4,4,4,4,4,3
24755,1052-53,2_2_4,3,False,5,4,5,5,5,5,5,5
24756,1052-53,2_3_9,3,False,4,4,4,4,3,3,4,4
24759,1052-53,2_2_3,3,False,5,3,5,5,4,5,4,5
24760,1052-53,2_3_9,3,False,4,4,3,4,4,4,3,4
24762,1052-53,3_5_13,3,False,2,4,3,3,3,4,4,3
24764,1052-53,2_4_10,3,False,5,5,5,4,4,5,4,5
24766,1052-53,3_2_2,3,False,3,3,4,3,3,3,3,3
24774,1052-53,2_3_8,3,False,4,4,5,5,4,4,4,4
24779,1052-53,4_2_8,3,False,3,3,4,4,4,3,4,3
24785,1052-53,1_1_1,3,False,5,5,4,4,4,4,4,4
24788,1052-53,4_2_8,3,False,4,4,3,4,3,4,4,4
24791,1052-53,2_3_8,3,False,5,4,5,4,4,4,3,4
24800,1052-53,2_2_2,3,False,5,4,4,5,3,4,4,5
24803,1052-53,2_3_8,3,False,4,3,4,4,4,4,4,4
24804,1052-53,2_4_10,3,False,4,3,4,4,3,4,4,4
24807,1052-53,2_4_12,3,False,4,4,4,5,5,4,4,5
24813,1052-53,2_4_11,3,False,4,4,3,4,4,4,3,4
24815,1052-53,2_1_1,3,False,5,4,3,4,3,5,3,4
24818,1052-53,1_1_4,3,False,3,4,3,4,3,3,3,3
24823,1052-53,4_2_12,3,False,5,4,5,4,4,4,5,5
24828,1052-53,2_3_7,3,False,3,3,2,3,2,3,3,3
24831,1052-53,4_2_11,3,False,4,3,4,4,3,3,3,4
24834,1052-53,1_1_3,3,False,4,4,3,4,3,4,3,3
24835,1052-53,2_3_7,3,False,5,5,4,4,4,5,5,5
24836,1052-53,2_3_9,3,False,4,4,4,4,4,4,4,4
24840,1052-53,4_2_8,3,False,4,4,5,5,4,4,4,5
24842,1052-53,2_3_7,3,False,4,4,4,4,3,4,4,4
24844,1052-53,1_1_4,3,False,4,4,5,4,4,4,4,4
24854,1052-53,4_2_8,3,False,4,4,4,3,4,4,3,4
24858,1052-53,3_2_2,3,False,5,5,4,4,4,4,4,4
24863,1052-53,4_2_11,3,False,4,4,4,4,4,4,4,4
24868,1052-53,5_3_11,3,False,4,4,4,4,4,3,4,4
24869,1052-53,2_3_7,3,False,4,4,3,3,3,4,2,3
24871,1052-53,4_2_8,3,False,3,3,4,4,3,3,4,4
24874,1052-53,4_2_12,3,False,3,3,3,2,3,3,4,2
24875,1052-53,2_1_1,3,False,5,4,5,4,4,4,4,5
24876,1052-53,4_2_8,3,False,4,4,4,4,4,4,3,4
24882,1052-53,4_2_9,3,False,5,4,5,4,4,5,4,5
24889,1052-53,2_4_11,3,False,5,4,3,4,4,5,4,4
24892,1052-53,2_1_1,3,False,5,5,5,5,5,5,5,5
24894,1052-53,1_1_1,3,False,3,4,3,4,3,3,3,4
24895,1052-53,4_2_12,3,False,5,5,5,5,5,4,5,5
24897,1052-53,4_2_12,3,False,4,4,3,4,3,4,3,4
24899,1052-53,2_1_1,3,False,4,3,4,5,4,4,4,4
24901,1052-53,1_1_5,3,False,4,4,3,4,3,3,4,3
24902,1052-53,2_3_8,3,False,3,3,4,3,3,4,2,3
24906,1052-53,4_2_9,3,False,3,4,4,3,4,3,3,3
24908,1052-53,2_3_8,3,False,5,4,3,4,4,3,4,4
24910,1052-53,4_2_8,3,False,4,4,4,4,3,3,4,3
24913,1052-53,4_2_12,3,False,4,4,4,4,3,3,3,3
24916,1052-53,4_2_8,3,False,3,4,4,4,3,4,4,4
24930,1052-53,1_1_5,3,False,5,5,4,4,4,4,4,4
24938,1052-53,2_2_2,3,False,4,4,4,5,4,4,4,4
24939,1052-53,4_2_12,3,False,4,4,4,4,4,3,3,4
24942,1052-53,4_2_11,3,False,4,4,4,5,5,5,4,5
24944,1052-53,2_2_4,3,False,4,3,3,3,3,3,2,3
24953,1052-53,4_2_9,3,False,5,4,5,4,5,5,4,5
24955,1052-53,4_2_10,3,False,3,3,3,4,3,3,3,3
24956,1052-53,2_3_8,3,False,5,4,4,5,5,4,4,5
24957,1052-53,2_2_6,3,False,4,4,3,3,4,4,4,4
24959,1052-53,2_3_7,3,False,4,4,3,3,3,4,3,4
24962,1052-53,2_1_1,3,False,5,4,4,4,4,3,4,4
24963,1052-53,1_1_5,3,False,4,4,5,4,4,4,5,4
24965,1052-53,4_2_10,3,False,4,4,4,4,4,4,4,4
24967,1052-53,3_2_2,3,False,4,4,4,4,4,4,4,4
24978,1052-53,3_5_13,3,False,4,4,4,4,3,4,4,5
24981,1052-53,4_2_10,3,False,4,4,4,4,4,4,4,4
24983,1052-53,4_2_8,3,False,4,3,2,4,3,4,4,3
24985,1052-53,4_2_10,3,False,4,4,3,3,4,4,4,3
24988,1052-53,3_5_13,3,False,4,5,4,4,4,4,3,3
24991,1052-53,1_1_2,3,False,3,4,4,3,4,4,4,3
24992,1052-53,1_1_2,3,False,4,5,4,4,4,4,4,5
24994,1052-53,1_1_2,3,False,3,5,4,4,4,3,3,3
24995,1052-53,4_2_10,3,False,4,4,4,3,3,4,4,3
24999,1052-53,2_3_9,3,False,4,3,3,4,4,3,3,4
2686,1052-53,2_2_3,3,True,3,3,4,4,4,4,4,4
2927,1052-53,2_2_4,3,True,5,4,3,4,4,3,3,3
3275,1052-53,4_2_12,3,False,3,3,2,2,2,3,3,3
3289,1052-53,2_1_1,3,True,4,3,3,3,3,3,4,3
3307,1052-53,2_2_2,3,True,5,4,3,3,3,4,4,4
3741,1052-53,2_4_12,3,True,4,3,3,3,2,3,4,3
3799,1052-53,2_3_8,3,True,4,4,4,4,4,4,4,4
4102,1052-53,2_4_11,3,True,4,3,2,2,2,3,3,3
4470,1052-53,2_3_7,3,False,4,3,3,2,3,3,3,2
4665,1052-53,2_1_1,3,True,4,3,4,4,4,4,4,3
4860,1052-53,1_2_1,3,True,4,4,4,3,3,4,4,4
4881,1052-53,2_4_12,3,True,3,4,2,3,3,4,3,3
4963,1052-53,1_1_3,3,True,4,3,3,3,3,4,4,4
5117,1052-53,2_2_4,3,True,4,3,3,3,3,3,3,3
5370,1052-53,2_3_8,3,True,4,4,4,3,4,4,3,3
5390,1052-53,2_2_2,3,False,4,4,3,4,3,4,5,4
5403,1052-53,2_3_7,3,True,4,4,4,3,4,4,3,4
5404,1052-53,1_1_1,3,True,4,4,4,4,3,4,4,3
560,1052-53,1_1_4,3,True,4,3,4,4,3,4,3,3
5733,1052-53,1_1_5,3,True,4,4,3,4,4,4,5,4
5740,1052-53,2_2_6,3,True,5,4,3,5,4,4,3,4
5817,1052-53,2_3_8,3,True,4,3,3,4,3,4,3,3
5926,1052-53,2_3_7,3,True,4,4,3,4,3,4,5,3
6046,1052-53,1_1_4,3,True,4,4,3,4,4,4,3,4
6281,1052-53,2_1_1,3,True,4,4,3,3,4,3,4,4
6531,1052-53,2_3_8,3,True,3,4,3,4,4,4,4,4
6689,1052-53,2_2_3,3,True,3,3,3,3,2,4,3,3
6870,1052-53,3_1_1,3,False,3,4,3,3,4,4,4,4
6889,1052-53,2_3_8,3,True,4,4,4,4,4,3,4,4
6890,1052-53,2_3_8,3,True,4,4,3,3,2,3,3,3
6911,1052-53,2_4_11,3,True,3,3,3,3,3,4,4,2
7244,1052-53,2_4_11,3,True,4,5,3,4,4,3,3,4
7478,1052-53,4_2_12,3,False,3,4,3,3,4,4,3,3
7583,1052-53,3_2_2,3,True,5,4,3,4,3,5,3,4
7673,1052-53,2_3_7,3,False,5,4,3,4,4,4,3,4
7795,1052-53,2_3_8,3,False,5,4,3,5,3,4,4,3
781,1052-53,2_2_4,3,True,4,4,3,4,3,3,4,3
8014,1052-53,2_3_7,3,True,4,4,4,4,4,5,4,4
8026,1052-53,2_2_2,3,True,4,3,3,3,3,3,3,3
8125,1052-53,1_1_2,3,False,4,4,3,4,4,4,3,3
8179,1052-53,2_4_12,3,True,5,4,3,5,4,4,3,3
8313,1052-53,2_4_12,3,True,4,4,3,4,3,3,3,3
8319,1052-53,2_2_3,3,True,4,4,3,4,3,3,4,3
8382,1052-53,2_4_11,3,True,4,4,3,3,3,3,3,3
8550,1052-53,2_4_12,3,True,4,4,3,4,4,3,4,4
8744,1052-53,2_2_3,3,True,3,3,2,4,3,3,4,2
8876,1052-53,1_1_3,3,True,4,3,3,3,3,4,3,3
8972,1052-53,2_2_5,3,True,3,3,3,3,3,3,3,2
8991,1052-53,2_4_11,3,True,4,3,3,2,2,4,3,2
8999,1052-53,2_3_8,3,True,4,4,3,4,3,4,4,3
9025,1052-53,2_3_7,3,True,4,4,3,3,4,4,4,2
9189,1052-53,2_2_6,3,True,4,4,4,4,3,4,4,3
9203,1052-53,1_1_5,3,True,4,5,3,4,4,3,3,3
9331,1052-53,2_2_3,3,True,5,4,3,4,3,3,4,3
9348,1052-53,2_2_3,3,True,4,3,3,4,3,4,4,3
9349,1052-53,1_2_1,3,True,4,4,4,4,3,5,4,4
9388,1052-53,1_1_4,3,False,3,3,2,3,3,4,3,3
9537,1052-53,2_4_12,3,True,3,5,3,2,3,4,3,3
959,1052-53,1_2_1,3,True,4,4,3,3,3,3,4,3
9775,1052-53,2_3_8,3,True,3,3,3,4,3,3,3,3
9815,1052-53,2_4_11,3,True,4,4,3,3,3,3,3,3
9904,1052-53,3_2_2,3,False,4,3,3,4,4,5,4,4
9946,1052-53,2_3_8,3,True,5,4,4,5,4,5,5,5
