student_id,academic_year_graduated,programme_code,degree_classification,degree_weighted_avg
1006,1048-49,4_2_12,2:1,62.6
1011,1048-49,4_2_12,First,70.5
1012,1048-49,2_1_1,2:2,52.2
1013,1048-49,2_4_12,2:2,58.8
1016,1048-49,2_2_4,2:1,68.2
1024,1048-49,1_1_3,2:2,59.3
1028,1048-49,1_1_5,2:1,64.5
103,1048-49,2_2_6,2:1,67.3
1034,1048-49,1_1_5,2:2,55.9
1040,1048-49,2_2_2,2:1,67.6
1044,1048-49,2_3_8,2:2,52.2
1045,1048-49,2_2_6,2:1,63.4
105,1048-49,2_2_3,First,70.2
1050,1048-49,1_1_1,2:1,62.9
1054,1048-49,2_2_4,2:2,52.6
1057,1048-49,2_3_7,2:2,53.7
1059,1048-49,2_3_7,2:2,52.5
106,1048-49,1_1_3,2:1,63.1
1062,1048-49,2_1_1,First,70.1
1070,1048-49,2_2_6,2:1,68.9
1071,1048-49,1_1_2,2:2,50.7
1075,1048-49,2_2_4,First,71.0
1076,1048-49,2_2_2,2:1,67.8
1078,1048-49,3_1_1,2:2,57.5
1079,1048-49,4_2_12,2:1,64.5
1082,1048-49,2_2_5,First,70.9
1084,1048-49,3_1_1,2:1,66.4
1088,1048-49,2_2_3,2:1,60.0
1089,1048-49,2_4_10,2:1,61.0
1091,1048-49,2_1_1,2:2,53.7
1094,1048-49,2_4_10,2:2,54.2
1096,1048-49,2_4_10,2:2,55.6
1101,1048-49,2_2_3,2:2,58.0
1105,1048-49,2_2_3,2:1,62.4
1108,1048-49,1_2_1,2:2,59.8
1111,1048-49,2_2_6,2:1,66.9
1113,1048-49,3_2_2,Third,49.9
1114,1048-49,2_2_4,2:1,67.4
1117,1048-49,2_2_2,2:1,64.4
1126,1048-49,2_1_1,2:1,62.5
1131,1048-49,2_2_6,2:1,65.2
1143,1048-49,1_1_1,2:1,61.2
1148,1048-49,2_2_6,2:2,51.5
115,1048-49,1_2_1,2:1,60.6
1151,1048-49,2_4_10,2:1,64.7
1165,1048-49,2_2_6,2:2,53.2
1166,1048-49,2_3_9,2:1,64.0
1168,1048-49,3_1_1,First,72.6
1171,1048-49,2_1_1,2:1,67.5
1187,1048-49,1_2_1,2:2,55.5
1189,1048-49,2_4_10,2:1,60.8
1194,1048-49,2_2_5,2:1,62.3
1200,1048-49,2_2_4,2:2,50.1
1208,1048-49,2_3_8,2:2,58.9
1210,1048-49,1_1_3,2:1,64.9
1217,1048-49,4_2_12,First,74.5
1221,1048-49,2_3_9,2:1,61.1
1223,1048-49,4_2_12,Third,44.5
1224,1048-49,2_4_10,2:1,64.6
1225,1048-49,2_4_12,2:2,53.0
1229,1048-49,1_1_4,2:2,56.6
123,1048-49,2_4_11,2:1,63.0
1244,1048-49,1_1_5,2:1,66.9
1251,1048-49,1_2_1,2:1,61.6
1255,1048-49,3_2_2,2:1,68.0
1257,1048-49,1_1_2,2:2,53.5
1268,1048-49,2_2_4,2:2,58.5
1269,1048-49,2_4_12,2:2,50.3
1273,1048-49,2_2_3,First,70.9
1274,1048-49,2_4_10,First,71.7
1278,1048-49,2_3_7,2:2,57.8
1283,1048-49,2_1_1,First,71.5
1287,1048-49,2_2_2,2:2,59.3
1289,1048-49,2_4_11,2:2,57.4
129,1048-49,3_1_1,2:1,64.0
1290,1048-49,2_2_5,2:1,68.7
1302,1048-49,1_2_1,2:2,50.3
1307,1048-49,2_3_8,First,72.2
1309,1048-49,3_1_1,2:2,56.7
1320,1048-49,2_3_8,First,70.6
1331,1048-49,1_1_4,2:2,59.0
1333,1048-49,2_4_12,2:2,54.3
1335,1048-49,2_3_8,2:2,53.4
1341,1048-49,1_2_1,2:2,54.9
1348,1048-49,2_2_5,Third,48.3
1350,1048-49,4_2_12,2:1,62.0
1352,1048-49,2_3_8,2:1,68.3
136,1048-49,1_1_2,2:1,62.9
1364,1048-49,2_4_10,2:2,55.8
1365,1048-49,2_3_8,2:1,66.6
1373,1048-49,4_2_12,2:1,68.8
1374,1048-49,2_2_3,2:2,53.9
1392,1048-49,2_3_9,2:2,53.4
1394,1048-49,2_2_5,2:2,59.2
140,1048-49,2_2_4,2:2,58.1
1404,1048-49,2_1_1,2:2,59.1
1405,1048-49,2_1_1,2:1,66.8
1409,1048-49,1_1_1,2:2,59.6
1410,1048-49,2_4_10,2:1,66.1
1411,1048-49,2_3_9,2:2,51.0
1412,1048-49,1_1_5,2:2,54.2
1417,1048-49,1_1_3,2:2,57.7
1420,1048-49,4_2_12,2:1,65.9
1425,1048-49,2_2_5,2:2,50.3
1428,1048-49,2_1_1,2:2,52.6
1438,1048-49,2_3_8,2:2,59.4
1448,1048-49,2_1_1,2:2,54.4
145,1048-49,2_3_9,First,70.2
1451,1048-49,4_2_12,First,74.7
1452,1048-49,1_1_5,2:2,51.7
1458,1048-49,3_2_2,First,72.2
1477,1048-49,3_2_2,2:1,63.5
1490,1048-49,2_4_10,2:1,61.2
1498,1048-49,2_3_8,2:2,58.6
15,1048-49,2_2_4,2:1,66.7
1502,1048-49,1_1_5,2:1,67.1
1507,1048-49,1_1_2,2:1,61.6
1512,1048-49,2_2_4,2:2,52.2
1529,1048-49,3_1_1,First,74.0
1533,1048-49,1_1_4,2:1,66.1
1535,1048-49,2_2_4,First,70.1
1547,1048-49,4_2_12,Third,47.0
1552,1048-49,1_1_1,2:1,69.7
1555,1048-49,2_1_1,2:1,66.2
1560,1048-49,2_4_12,2:2,55.2
1562,1048-49,1_2_1,2:2,52.1
1563,1048-49,2_2_5,2:2,53.7
1567,1048-49,2_1_1,2:1,61.2
1577,1048-49,2_4_10,2:1,65.9
1588,1048-49,2_3_8,2:2,56.9
1592,1048-49,2_1_1,2:2,53.8
1598,1048-49,2_2_2,First,70.3
1600,1048-49,2_2_4,2:1,65.4
1601,1048-49,1_1_2,2:1,69.9
1603,1048-49,2_4_11,2:1,69.5
1604,1048-49,2_1_1,2:1,65.3
1609,1048-49,1_1_2,2:2,58.8
161,1048-49,2_3_9,2:2,51.6
1612,1048-49,3_2_2,2:1,63.5
1614,1048-49,1_1_2,2:2,53.6
1620,1048-49,1_1_2,2:1,62.4
1625,1048-49,1_1_3,First,71.3
1640,1048-49,2_2_2,2:1,67.4
1647,1048-49,2_2_2,2:2,52.3
166,1048-49,3_2_2,2:1,62.7
1661,1048-49,2_2_3,2:2,50.4
1664,1048-49,2_4_10,2:2,54.3
1665,1048-49,1_1_4,2:2,50.5
167,1048-49,1_1_1,2:1,61.5
1674,1048-49,1_1_3,2:2,55.9
1676,1048-49,2_2_6,2:2,55.6
1679,1048-49,2_4_12,First,71.0
1686,1048-49,4_2_12,2:2,55.6
1690,1048-49,1_1_1,2:1,62.7
17,1048-49,4_2_12,2:1,60.7
1704,1048-49,2_4_12,2:1,60.3
1707,1048-49,2_3_7,2:1,63.3
1708,1048-49,2_4_12,2:2,57.8
1709,1048-49,2_2_2,2:2,55.1
171,1048-49,2_2_2,2:1,66.5
1711,1048-49,2_3_7,2:2,55.7
1734,1048-49,2_2_3,2:1,61.6
1735,1048-49,2_3_8,First,70.9
1738,1048-49,1_1_4,2:2,56.5
1739,1048-49,2_2_2,2:1,63.6
1740,1048-49,3_2_2,2:1,69.2
1746,1048-49,3_2_2,2:2,53.3
1770,1048-49,1_1_3,2:2,54.4
1771,1048-49,2_2_2,2:1,68.1
1772,1048-49,2_2_3,2:1,63.2
1775,1048-49,3_2_2,2:2,59.4
1779,1048-49,2_3_8,2:1,61.1
1780,1048-49,3_2_2,2:1,60.8
1784,1048-49,1_1_3,2:1,66.4
1787,1048-49,2_2_3,First,70.5
1793,1048-49,1_1_4,2:2,56.4
18,1048-49,1_1_2,First,70.9
1800,1048-49,2_2_2,2:1,69.4
1802,1048-49,4_2_12,Third,49.8
1803,1048-49,3_2_2,2:1,62.4
1805,1048-49,2_3_7,2:1,66.0
1808,1048-49,2_4_12,2:1,67.6
1812,1048-49,2_2_5,2:2,53.6
1813,1048-49,2_2_5,2:1,69.5
1814,1048-49,2_1_1,2:1,67.6
1815,1048-49,1_1_5,2:1,67.0
1819,1048-49,1_1_5,First,71.1
1827,1048-49,1_1_1,2:1,60.9
183,1048-49,2_4_10,First,74.9
1831,1048-49,2_2_5,2:1,65.1
1832,1048-49,2_2_2,2:1,62.0
1837,1048-49,2_3_8,2:1,64.7
1838,1048-49,3_2_2,2:1,62.2
1856,1048-49,1_1_4,2:1,64.5
1863,1048-49,2_4_10,Third,48.6
1866,1048-49,2_3_8,2:1,64.0
1867,1048-49,1_1_4,2:1,69.6
1869,1048-49,2_2_2,2:1,67.1
1883,1048-49,2_3_7,2:2,57.6
1886,1048-49,2_3_7,2:1,63.5
1889,1048-49,1_1_5,2:2,57.8
1896,1048-49,2_2_5,2:1,68.5
190,1048-49,2_1_1,2:2,51.5
1900,1048-49,2_2_4,2:2,57.8
1901,1048-49,1_1_3,2:2,59.3
1902,1048-49,4_2_12,First,71.3
1908,1048-49,1_2_1,2:2,55.8
191,1048-49,2_4_12,2:1,62.3
1932,1048-49,2_1_1,2:2,59.8
1934,1048-49,2_1_1,2:1,68.6
1935,1048-49,2_4_10,2:1,69.1
1936,1048-49,1_2_1,2:1,61.5
1937,1048-49,4_2_12,2:1,65.9
194,1048-49,1_2_1,2:1,60.3
1941,1048-49,2_2_2,First,70.8
1942,1048-49,2_4_12,2:2,56.8
1944,1048-49,1_1_4,2:1,66.7
1945,1048-49,3_2_2,2:1,65.5
1946,1048-49,2_3_9,First,78.1
1953,1048-49,2_3_8,2:2,57.6
1961,1048-49,2_3_7,2:1,61.0
1978,1048-49,2_4_10,2:1,61.1
1979,1048-49,2_2_4,2:2,55.2
198,1048-49,1_1_2,First,72.0
1980,1048-49,1_1_1,2:2,52.8
1982,1048-49,2_4_12,2:1,63.9
1990,1048-49,4_2_12,First,78.4
1992,1048-49,2_2_4,First,73.9
20,1048-49,3_2_2,2:1,62.4
2003,1048-49,1_1_5,2:2,58.7
2010,1048-49,2_2_5,First,74.9
2015,1048-49,2_2_4,2:2,56.7
2016,1048-49,3_1_1,2:2,52.0
2024,1048-49,2_2_6,First,72.4
2026,1048-49,1_1_4,2:1,67.8
2029,1048-49,2_2_4,2:1,65.1
2032,1048-49,2_2_3,2:2,58.0
2042,1048-49,2_4_10,2:2,56.8
2043,1048-49,2_1_1,2:1,63.2
2067,1048-49,2_1_1,2:2,59.0
2074,1048-49,2_4_12,2:1,67.0
2076,1048-49,2_1_1,2:1,66.8
2082,1048-49,2_3_8,2:2,56.3
2084,1048-49,1_2_1,2:1,63.3
2086,1048-49,4_2_12,Third,48.8
2092,1048-49,2_2_2,First,71.7
2094,1048-49,3_1_1,2:1,60.0
2095,1048-49,2_4_12,2:2,53.5
2096,1048-49,2_1_1,2:2,55.9
2097,1048-49,2_4_12,2:2,51.0
2107,1048-49,3_2_2,2:1,62.1
2116,1048-49,2_4_12,2:2,55.7
2124,1048-49,2_3_7,2:2,51.7
2129,1048-49,2_4_12,2:2,59.0
2139,1048-49,2_2_4,2:1,61.0
214,1048-49,2_1_1,2:2,57.9
2140,1048-49,2_3_8,2:1,67.9
2141,1048-49,1_1_1,2:1,60.5
2145,1048-49,2_4_12,2:2,58.8
2149,1048-49,2_2_6,2:1,69.3
2174,1048-49,2_2_4,2:1,64.4
2175,1048-49,1_1_2,2:1,65.6
218,1048-49,2_3_7,2:2,57.5
2181,1048-49,1_1_5,First,73.4
2187,1048-49,3_1_1,First,71.0
219,1048-49,1_1_4,First,71.8
2191,1048-49,2_4_12,2:2,56.8
2196,1048-49,1_1_3,Third,49.8
2202,1048-49,4_2_12,2:1,65.4
2214,1048-49,2_3_7,First,71.8
2215,1048-49,1_2_1,2:2,52.9
2222,1048-49,2_4_12,2:1,68.5
2227,1048-49,2_1_1,First,71.6
2231,1048-49,1_1_4,2:1,63.6
2233,1048-49,3_2_2,2:2,54.4
2235,1048-49,2_2_6,First,74.7
2244,1048-49,1_1_3,2:1,64.8
2245,1048-49,2_4_10,2:1,62.6
2248,1048-49,1_1_3,2:1,68.1
2253,1048-49,2_2_6,2:1,63.1
2257,1048-49,1_1_4,2:1,64.6
2260,1048-49,1_1_5,2:1,69.6
2261,1048-49,1_1_3,2:1,66.3
2262,1048-49,2_4_12,2:2,56.6
2266,1048-49,1_2_1,2:2,57.8
2273,1048-49,2_2_2,2:1,66.0
2276,1048-49,2_2_3,2:1,64.0
2283,1048-49,2_4_10,2:1,61.7
2287,1048-49,2_2_4,2:1,63.5
2295,1048-49,2_2_3,First,71.2
2298,1048-49,2_2_4,2:2,55.0
2300,1048-49,2_4_12,2:2,57.4
2302,1048-49,4_2_12,2:1,68.9
2303,1048-49,2_2_5,2:2,54.8
2306,1048-49,3_2_2,2:1,62.2
2308,1048-49,2_2_3,2:2,53.9
2312,1048-49,2_2_6,2:2,55.8
2318,1048-49,2_3_7,First,70.5
2322,1048-49,1_1_3,2:1,60.3
2325,1048-49,1_1_5,First,70.6
2328,1048-49,2_2_2,2:1,64.2
2331,1048-49,1_1_2,2:2,59.7
2334,1048-49,2_3_7,2:1,64.0
234,1048-49,2_3_9,2:2,50.9
2341,1048-49,2_3_7,2:1,62.1
2343,1048-49,2_4_11,2:2,54.1
2347,1048-49,2_2_3,2:2,58.8
2359,1048-49,2_2_6,2:2,58.7
2364,1048-49,2_2_5,2:1,60.3
2381,1048-49,2_2_4,2:1,68.9
2382,1048-49,2_1_1,2:2,58.2
2387,1048-49,2_3_8,2:1,67.7
2389,1048-49,1_1_5,2:1,66.9
2396,1048-49,2_2_5,2:1,60.8
2399,1048-49,2_3_7,2:1,61.8
2400,1048-49,1_1_1,2:1,68.1
2403,1048-49,2_2_4,2:2,59.9
2407,1048-49,2_2_4,2:1,60.5
241,1048-49,1_1_3,2:1,67.5
2414,1048-49,1_1_4,2:2,54.4
2422,1048-49,2_2_5,2:1,61.8
2426,1048-49,2_2_5,2:2,58.5
2428,1048-49,3_2_2,First,73.5
2434,1048-49,1_2_1,2:1,69.3
2435,1048-49,2_4_11,2:2,56.2
244,1048-49,2_2_4,2:2,59.0
2440,1048-49,4_2_12,2:1,68.4
2447,1048-49,2_4_12,2:2,50.2
2451,1048-49,2_2_4,2:1,67.6
2457,1048-49,2_1_1,2:1,60.0
2462,1048-49,2_3_8,2:1,60.1
2467,1048-49,4_2_12,2:1,64.0
2468,1048-49,2_3_8,Third,47.7
2473,1048-49,2_2_4,Third,47.4
2476,1048-49,1_2_1,2:2,51.9
248,1048-49,2_1_1,2:1,65.7
2485,1048-49,2_4_10,2:2,56.1
2486,1048-49,2_1_1,Third,48.5
2488,1048-49,4_2_12,2:1,62.3
2491,1048-49,2_1_1,2:2,58.2
250,1048-49,2_3_8,2:1,64.0
2506,1048-49,2_2_5,2:2,56.6
251,1048-49,2_4_12,2:1,66.9
2513,1048-49,2_3_8,2:1,62.2
2515,1048-49,2_4_12,2:1,67.5
2516,1048-49,1_1_5,2:1,67.6
2524,1048-49,3_2_2,2:1,62.6
2526,1048-49,1_1_5,2:1,61.4
2538,1048-49,2_2_6,2:1,67.9
2543,1048-49,2_3_9,2:1,67.1
2545,1048-49,2_2_3,2:1,65.6
2557,1048-49,2_3_7,First,71.7
2560,1048-49,2_2_4,2:1,60.1
2561,1048-49,2_2_2,2:2,58.4
2565,1048-49,2_3_7,2:1,61.3
2575,1048-49,2_2_6,2:2,55.5
2578,1048-49,2_2_5,2:2,58.2
2581,1048-49,2_2_4,2:1,67.9
2583,1048-49,2_2_2,2:2,50.2
2587,1048-49,2_4_12,2:1,68.8
2592,1048-49,4_2_12,2:1,64.4
2597,1048-49,2_4_10,2:1,62.2
2605,1048-49,1_1_5,2:2,56.5
2621,1048-49,4_2_12,First,73.4
2627,1048-49,2_3_8,2:1,65.8
263,1048-49,2_4_10,2:1,61.8
2631,1048-49,2_3_8,First,70.8
2633,1048-49,2_1_1,2:2,57.4
2636,1048-49,2_4_10,2:1,67.9
2637,1048-49,2_4_10,First,70.8
2638,1048-49,1_1_1,2:1,61.8
2639,1048-49,4_2_12,2:1,63.5
2642,1048-49,2_1_1,2:1,62.5
2644,1048-49,2_2_6,2:1,62.3
2647,1048-49,2_3_8,2:2,57.7
2656,1048-49,4_2_12,First,74.9
2657,1048-49,1_1_4,Third,49.7
2660,1048-49,2_4_11,2:1,65.7
2676,1048-49,2_3_8,2:1,62.9
2678,1048-49,4_2_12,2:2,52.8
2680,1048-49,2_4_12,2:1,64.8
2685,1048-49,2_2_3,2:2,58.0
2690,1048-49,2_4_10,2:2,59.9
2692,1048-49,1_1_3,2:2,57.9
2696,1048-49,2_2_4,2:1,61.1
2702,1048-49,2_4_12,2:1,60.8
2704,1048-49,2_2_2,2:2,60.0
2709,1048-49,2_3_9,First,70.3
271,1048-49,2_3_8,2:2,58.4
2712,1048-49,2_3_9,2:1,69.4
2715,1048-49,2_2_2,2:1,60.5
2717,1048-49,2_2_6,2:2,58.3
2719,1048-49,2_4_10,2:1,65.3
2724,1048-49,1_1_4,2:1,62.4
2726,1048-49,1_1_2,Third,46.9
2729,1048-49,2_4_12,First,72.6
2731,1048-49,3_1_1,2:2,57.6
2742,1048-49,2_2_5,2:2,57.4
2748,1048-49,2_1_1,2:1,61.7
2758,1048-49,1_1_2,First,71.0
2763,1048-49,1_1_3,2:1,63.6
2769,1048-49,2_1_1,First,70.8
2772,1048-49,2_4_10,2:1,67.5
2773,1048-49,4_2_12,2:2,59.1
2797,1048-49,2_2_5,2:2,50.1
2800,1048-49,2_2_6,2:1,64.0
2802,1048-49,1_1_1,First,72.6
2818,1048-49,2_2_3,2:2,57.5
2824,1048-49,2_1_1,2:2,52.8
2829,1048-49,2_3_8,2:1,62.7
2831,1048-49,3_2_2,2:1,69.4
2839,1048-49,1_2_1,2:2,56.7
284,1048-49,2_2_3,2:1,69.9
2846,1048-49,1_1_1,2:1,65.4
2852,1048-49,2_4_10,2:1,68.3
2855,1048-49,2_3_8,2:1,64.8
2860,1048-49,1_1_5,Third,46.7
287,1048-49,1_2_1,2:2,51.7
2878,1048-49,1_1_3,2:1,63.2
2882,1048-49,1_1_2,2:1,67.1
2888,1048-49,1_1_5,2:1,68.9
2891,1048-49,2_2_5,2:2,52.6
2900,1048-49,2_2_6,2:2,56.6
2904,1048-49,4_2_12,2:2,51.1
2906,1048-49,1_1_4,2:1,62.7
2907,1048-49,2_1_1,2:2,59.3
2911,1048-49,2_2_3,2:2,57.9
2913,1048-49,2_2_3,2:1,61.9
2920,1048-49,1_1_2,2:2,53.8
2931,1048-49,2_4_12,2:2,59.2
2934,1048-49,2_3_8,2:2,52.0
2938,1048-49,2_4_11,2:1,60.3
2940,1048-49,1_1_5,First,70.6
2950,1048-49,1_1_5,First,73.9
2955,1048-49,1_2_1,2:2,55.8
2957,1048-49,3_2_2,2:2,54.8
2963,1048-49,2_4_12,First,72.5
2971,1048-49,2_2_2,2:2,56.4
2973,1048-49,1_1_3,2:1,61.7
2978,1048-49,1_1_1,2:1,63.0
2980,1048-49,3_1_1,2:1,64.5
2991,1048-49,1_2_1,2:2,57.4
2993,1048-49,2_2_6,2:2,55.2
3002,1048-49,1_1_3,2:1,61.6
301,1048-49,3_2_2,2:2,58.8
3015,1048-49,1_1_3,First,71.5
3019,1048-49,4_2_12,2:2,56.2
3021,1048-49,2_2_5,2:1,66.6
3029,1048-49,2_1_1,2:1,68.4
303,1048-49,1_1_5,2:1,61.2
3036,1048-49,4_2_12,2:2,57.2
3038,1048-49,2_2_2,2:2,58.3
3040,1048-49,3_1_1,2:1,66.4
3047,1048-49,2_4_12,2:1,65.4
3048,1048-49,2_4_11,2:2,51.5
3054,1048-49,2_2_5,2:1,62.1
3055,1048-49,4_2_12,2:2,58.6
3065,1048-49,4_2_12,2:2,51.2
3067,1048-49,2_2_3,First,71.9
3069,1048-49,1_1_5,2:2,56.4
3070,1048-49,2_2_3,2:1,69.7
3071,1048-49,2_2_5,2:2,59.1
3075,1048-49,2_4_11,2:1,62.2
3084,1048-49,2_2_5,First,73.3
3085,1048-49,2_4_10,First,71.9
3089,1048-49,2_4_12,2:2,52.1
3110,1048-49,2_2_5,2:2,51.8
3111,1048-49,2_2_2,First,74.2
3116,1048-49,2_2_5,First,71.2
3124,1048-49,2_3_8,2:1,65.7
3128,1048-49,2_2_3,2:2,55.0
3132,1048-49,4_2_12,First,84.8
3134,1048-49,2_4_10,First,72.0
3137,1048-49,1_1_1,2:1,67.3
3144,1048-49,2_1_1,2:1,65.4
3149,1048-49,1_2_1,2:2,53.0
3152,1048-49,3_2_2,2:2,53.0
3156,1048-49,2_2_4,2:1,68.0
3160,1048-49,2_2_4,2:2,56.1
3162,1048-49,2_4_12,First,71.7
3164,1048-49,2_3_9,2:1,66.9
3169,1048-49,4_2_12,2:2,51.3
317,1048-49,2_3_8,2:1,60.7
3173,1048-49,1_1_3,2:1,60.0
3177,1048-49,2_2_3,2:1,67.7
3185,1048-49,2_2_5,First,73.1
3195,1048-49,2_1_1,2:1,60.6
3200,1048-49,4_2_12,First,77.2
3203,1048-49,4_2_12,First,78.0
3204,1048-49,2_2_6,2:2,57.8
3205,1048-49,2_2_4,2:1,61.2
3207,1048-49,2_2_2,2:2,59.8
3217,1048-49,2_2_4,2:1,64.7
3220,1048-49,2_2_6,2:2,52.7
3226,1048-49,2_3_7,2:1,66.4
3233,1048-49,1_1_3,2:2,56.0
3237,1048-49,2_4_10,2:2,56.1
3238,1048-49,2_1_1,2:2,59.5
3241,1048-49,3_2_2,2:1,60.9
3248,1048-49,2_3_7,2:1,60.7
3255,1048-49,2_2_3,2:2,56.6
3267,1048-49,2_2_5,2:2,55.3
3274,1048-49,2_2_6,2:1,68.9
3292,1048-49,1_1_1,2:1,64.0
3293,1048-49,2_2_5,2:1,63.6
3299,1048-49,1_1_4,2:1,63.2
33,1048-49,2_2_6,2:2,50.5
330,1048-49,4_2_12,Third,46.4
3313,1048-49,3_2_2,2:1,67.2
3318,1048-49,4_2_12,First,72.6
3327,1048-49,1_2_1,2:1,64.3
333,1048-49,4_2_12,2:2,50.7
3331,1048-49,2_3_7,2:1,61.7
3336,1048-49,1_1_3,2:2,57.4
3351,1048-49,2_3_9,First,74.0
336,1048-49,1_1_1,2:1,64.7
3362,1048-49,1_1_5,2:2,58.7
3374,1048-49,2_4_12,2:2,53.7
338,1048-49,2_3_7,2:2,58.1
3393,1048-49,1_1_2,2:2,51.0
3395,1048-49,2_2_5,2:1,67.1
3401,1048-49,4_2_12,First,82.0
3404,1048-49,2_3_7,2:2,55.9
3406,1048-49,2_1_1,2:2,51.6
3407,1048-49,2_2_2,2:1,68.4
3408,1048-49,2_4_12,2:2,52.9
3409,1048-49,2_4_10,2:1,65.5
3410,1048-49,2_4_12,2:2,50.3
3422,1048-49,1_1_1,2:1,61.1
3425,1048-49,1_1_1,2:1,66.0
3431,1048-49,3_2_2,2:1,60.7
3432,1048-49,1_1_5,2:1,64.4
3433,1048-49,2_3_9,2:1,63.0
3434,1048-49,2_3_8,2:2,55.2
3436,1048-49,2_2_6,2:1,63.7
3442,1048-49,2_2_3,2:1,62.1
3445,1048-49,1_1_3,2:1,64.6
3448,1048-49,3_2_2,2:2,56.3
3452,1048-49,2_2_3,First,73.0
3457,1048-49,4_2_12,Third,47.9
347,1048-49,2_2_2,2:2,59.4
3470,1048-49,3_2_2,2:2,50.5
3474,1048-49,1_1_2,Third,47.1
3476,1048-49,2_2_5,2:2,59.5
3477,1048-49,3_1_1,2:2,55.1
3481,1048-49,2_4_10,2:1,67.3
3483,1048-49,3_2_2,2:2,59.1
3486,1048-49,1_1_4,2:2,58.2
3494,1048-49,2_3_8,First,72.1
3498,1048-49,2_2_4,2:2,54.4
3509,1048-49,2_1_1,First,71.1
3515,1048-49,1_1_3,2:2,59.0
3534,1048-49,2_2_3,First,72.9
3538,1048-49,1_2_1,2:1,68.7
3540,1048-49,1_1_4,2:1,61.1
3544,1048-49,2_4_11,2:1,60.0
355,1048-49,2_1_1,2:1,60.6
3557,1048-49,2_4_12,2:1,64.9
3560,1048-49,3_2_2,2:2,59.3
3564,1048-49,2_3_7,2:1,68.2
358,1048-49,3_2_2,2:2,56.4
3593,1048-49,2_3_7,2:2,55.5
3594,1048-49,2_4_10,2:1,64.6
3598,1048-49,2_1_1,2:2,56.6
36,1048-49,2_4_12,2:2,59.7
3601,1048-49,1_1_1,2:1,66.5
3621,1048-49,2_2_5,2:2,54.3
3627,1048-49,1_1_5,2:1,68.1
364,1048-49,1_1_3,Third,49.4
3645,1048-49,2_2_4,2:1,69.2
365,1048-49,4_2_12,2:1,65.0
3653,1048-49,3_2_2,2:2,57.9
3658,1048-49,1_1_3,2:2,59.8
3660,1048-49,2_2_2,2:1,60.3
3661,1048-49,2_2_3,First,73.1
3681,1048-49,3_1_1,First,71.9
3685,1048-49,4_2_12,First,79.5
369,1048-49,1_1_4,2:2,57.4
3703,1048-49,1_1_1,2:1,65.3
3704,1048-49,4_2_12,2:1,65.8
3709,1048-49,2_2_4,2:1,68.8
3714,1048-49,1_2_1,2:2,59.0
3715,1048-49,2_4_12,2:2,54.3
3731,1048-49,1_1_4,2:1,61.5
3734,1048-49,2_1_1,First,74.4
374,1048-49,2_2_2,First,70.9
3740,1048-49,2_2_2,2:2,52.1
3746,1048-49,1_1_4,2:1,66.9
3756,1048-49,2_1_1,2:2,54.5
3757,1048-49,2_2_2,2:2,56.8
3764,1048-49,3_2_2,2:2,55.3
3777,1048-49,3_1_1,2:2,55.4
3778,1048-49,2_2_2,2:1,66.7
378,1048-49,2_2_6,2:2,54.4
3780,1048-49,1_1_3,2:2,53.3
3781,1048-49,2_3_7,2:1,60.1
3782,1048-49,3_2_2,2:1,65.3
3783,1048-49,2_2_2,2:1,66.8
3784,1048-49,2_2_4,2:2,50.3
3785,1048-49,1_1_4,2:1,62.6
3798,1048-49,2_2_6,2:1,65.8
38,1048-49,1_2_1,2:1,65.0
3806,1048-49,4_2_12,2:2,59.0
3807,1048-49,1_1_5,2:2,58.3
3810,1048-49,2_3_8,2:1,68.0
3811,1048-49,2_2_5,2:2,57.5
3813,1048-49,1_1_3,2:1,68.8
3817,1048-49,2_1_1,2:1,60.3
3819,1048-49,2_2_2,2:2,54.4
382,1048-49,2_2_3,2:2,58.7
3823,1048-49,2_2_2,2:1,60.5
3830,1048-49,1_1_4,2:1,65.4
3835,1048-49,1_1_4,First,71.9
3837,1048-49,4_2_12,2:1,63.2
3839,1048-49,2_1_1,2:1,66.1
3844,1048-49,2_2_2,2:2,59.3
3845,1048-49,1_1_2,2:1,66.9
3850,1048-49,2_2_6,2:2,58.4
3865,1048-49,3_1_1,2:2,58.2
3868,1048-49,2_3_9,2:2,54.7
3873,1048-49,2_2_3,2:1,64.2
3890,1048-49,2_2_4,2:2,52.0
3893,1048-49,2_2_5,2:1,60.5
3899,1048-49,2_2_4,2:1,63.1
390,1048-49,1_2_1,2:2,52.4
3902,1048-49,1_1_3,2:2,50.9
3905,1048-49,2_2_3,2:1,64.4
391,1048-49,1_1_3,2:2,56.6
3912,1048-49,2_2_6,2:2,57.1
392,1048-49,2_2_2,2:2,52.5
3924,1048-49,4_2_12,First,77.7
3925,1048-49,4_2_12,First,72.9
3929,1048-49,1_1_5,2:1,67.6
3932,1048-49,1_1_5,2:1,67.4
3933,1048-49,1_1_4,2:1,63.1
3936,1048-49,3_2_2,2:1,61.3
3937,1048-49,4_2_12,2:2,56.4
394,1048-49,2_4_11,2:1,68.6
3949,1048-49,1_1_2,Third,49.3
3954,1048-49,1_1_2,2:2,54.2
3960,1048-49,1_1_4,2:2,58.2
3961,1048-49,3_1_1,2:2,56.4
3962,1048-49,2_2_5,2:2,55.9
3963,1048-49,2_4_10,2:1,62.1
3964,1048-49,2_4_12,First,74.8
3966,1048-49,3_2_2,2:2,53.9
3969,1048-49,2_3_9,First,71.9
397,1048-49,2_3_8,2:2,55.4
3973,1048-49,2_3_8,2:1,68.8
3974,1048-49,2_2_6,2:1,60.4
3977,1048-49,4_2_12,2:1,69.8
3979,1048-49,2_3_8,2:1,66.5
3981,1048-49,1_2_1,2:1,61.5
3982,1048-49,1_1_3,First,73.9
3986,1048-49,4_2_12,Third,48.7
3987,1048-49,2_4_10,2:1,65.4
3990,1048-49,1_1_2,First,71.8
3994,1048-49,1_1_3,2:1,61.8
3997,1048-49,2_2_3,2:1,66.5
3998,1048-49,1_2_1,2:1,66.8
4007,1048-49,4_2_12,2:1,66.3
4008,1048-49,4_2_12,2:1,61.1
4009,1048-49,2_2_6,First,73.8
4015,1048-49,2_2_5,Third,48.7
4019,1048-49,2_2_4,2:2,53.8
4021,1048-49,2_3_8,2:1,64.8
4023,1048-49,2_4_12,2:1,69.5
4025,1048-49,2_2_3,2:2,58.6
4034,1048-49,1_1_4,2:1,65.5
4035,1048-49,4_2_12,2:1,60.3
4045,1048-49,2_4_10,First,71.7
4052,1048-49,2_4_11,2:1,62.3
4061,1048-49,1_1_2,2:2,59.7
4067,1048-49,2_4_11,2:2,54.1
4071,1048-49,4_2_12,2:1,64.9
4077,1048-49,2_2_6,2:1,64.6
4083,1048-49,1_1_1,2:1,69.6
4084,1048-49,2_2_6,First,71.9
4088,1048-49,1_1_1,2:2,51.8
4089,1048-49,2_4_12,2:1,66.1
4099,1048-49,1_1_2,2:2,58.6
410,1048-49,1_2_1,2:1,60.6
4108,1048-49,2_2_2,2:1,69.0
411,1048-49,1_1_2,First,71.0
4110,1048-49,2_4_10,2:2,57.1
4112,1048-49,4_2_12,2:1,62.6
4113,1048-49,1_1_1,2:1,67.4
4115,1048-49,2_2_3,2:1,64.3
4119,1048-49,3_1_1,First,70.0
4120,1048-49,2_2_4,2:1,68.4
4126,1048-49,1_1_4,Third,46.5
4128,1048-49,2_2_2,2:2,54.7
4130,1048-49,1_1_2,2:1,69.3
4136,1048-49,3_2_2,2:1,65.8
4138,1048-49,2_2_3,2:2,53.8
4142,1048-49,2_1_1,2:1,64.9
4161,1048-49,2_3_8,First,71.0
4163,1048-49,2_2_3,2:2,53.8
4164,1048-49,1_1_5,2:1,65.9
4173,1048-49,4_2_12,First,80.6
4175,1048-49,3_2_2,2:1,69.1
4177,1048-49,2_3_8,2:2,58.1
4182,1048-49,2_2_3,2:1,67.3
4186,1048-49,4_2_12,2:2,52.8
419,1048-49,2_4_11,First,75.3
4199,1048-49,1_1_4,2:2,53.6
4200,1048-49,3_2_2,2:1,63.4
421,1048-49,1_1_1,Third,47.9
4211,1048-49,2_1_1,2:2,52.5
4217,1048-49,1_1_3,2:1,69.9
422,1048-49,1_1_2,2:1,67.9
4226,1048-49,2_1_1,2:1,64.9
4229,1048-49,2_1_1,2:1,69.9
4230,1048-49,2_2_5,2:2,52.1
4236,1048-49,1_1_1,First,70.5
4240,1048-49,1_1_1,First,73.3
4241,1048-49,2_4_12,2:1,69.7
4247,1048-49,2_3_7,2:1,67.9
425,1048-49,1_1_5,2:2,53.9
4251,1048-49,3_2_2,2:2,56.8
4254,1048-49,3_2_2,2:1,65.9
426,1048-49,4_2_12,2:2,57.7
4260,1048-49,1_1_4,2:1,61.6
4269,1048-49,2_4_10,2:1,67.6
4284,1048-49,1_2_1,2:1,67.6
4289,1048-49,2_2_5,2:1,62.8
4304,1048-49,2_3_7,2:2,55.1
4307,1048-49,1_1_2,2:2,56.2
4321,1048-49,1_1_1,First,75.9
4328,1048-49,1_2_1,2:1,65.9
433,1048-49,2_2_5,2:1,60.2
4332,1048-49,2_2_5,2:2,57.4
4344,1048-49,2_4_12,2:1,63.7
4347,1048-49,1_1_5,First,71.6
4349,1048-49,1_1_1,2:1,62.9
4353,1048-49,4_2_12,2:1,65.9
4355,1048-49,1_2_1,2:1,60.7
4357,1048-49,2_2_6,2:1,66.4
4361,1048-49,2_3_8,2:2,52.1
4363,1048-49,2_1_1,Third,49.6
4366,1048-49,2_3_9,2:1,64.6
4372,1048-49,1_1_4,2:1,64.1
4390,1048-49,2_3_8,2:1,63.5
4393,1048-49,2_4_12,2:1,61.1
4400,1048-49,1_1_4,2:1,64.7
4406,1048-49,1_1_2,2:2,58.4
4413,1048-49,1_2_1,2:1,61.9
4416,1048-49,4_2_12,2:2,59.6
4420,1048-49,2_4_10,2:1,64.0
4427,1048-49,1_1_2,2:1,60.8
4428,1048-49,2_2_5,2:1,69.8
4433,1048-49,2_2_4,2:1,69.6
4436,1048-49,4_2_12,First,73.0
4437,1048-49,2_3_9,2:2,53.1
4439,1048-49,2_3_8,2:1,65.5
4446,1048-49,2_2_3,First,72.2
4449,1048-49,2_4_10,2:2,56.7
4461,1048-49,1_1_3,2:1,68.2
4465,1048-49,2_4_10,Third,48.1
447,1048-49,2_4_10,2:1,66.3
4471,1048-49,2_2_6,2:2,58.3
4479,1048-49,2_2_5,First,70.1
4481,1048-49,2_2_4,First,74.8
4488,1048-49,2_2_2,2:2,55.1
4494,1048-49,2_2_6,2:2,52.6
4498,1048-49,2_2_6,2:1,62.4
45,1048-49,2_1_1,2:1,69.3
4500,1048-49,2_2_5,2:1,66.5
4503,1048-49,1_1_2,2:1,67.0
4511,1048-49,1_1_5,2:1,61.4
4513,1048-49,2_3_7,2:2,54.1
4516,1048-49,2_3_9,First,71.4
4517,1048-49,1_1_5,First,71.7
4518,1048-49,2_4_10,2:2,56.2
452,1048-49,2_4_11,2:2,55.2
4525,1048-49,1_1_2,2:2,55.7
453,1048-49,2_3_7,2:1,61.9
4535,1048-49,4_2_12,First,73.7
4540,1048-49,2_3_7,2:1,65.0
4541,1048-49,2_4_10,2:1,64.6
4546,1048-49,2_4_10,2:2,59.0
4562,1048-49,1_1_2,2:2,57.2
457,1048-49,2_2_2,First,74.6
4570,1048-49,2_3_8,First,70.3
4582,1048-49,1_1_4,2:1,63.2
4585,1048-49,2_3_7,2:2,54.2
4591,1048-49,2_3_7,First,75.0
4596,1048-49,2_3_8,2:2,53.6
46,1048-49,2_3_7,2:2,57.3
4602,1048-49,2_4_12,2:2,56.7
4605,1048-49,2_2_3,2:1,63.4
4607,1048-49,1_1_2,2:2,59.3
462,1048-49,2_4_12,2:1,65.4
4620,1048-49,2_1_1,First,71.3
4621,1048-49,1_1_1,2:2,50.5
4623,1048-49,2_3_9,2:1,65.4
4628,1048-49,1_1_5,2:1,65.2
463,1048-49,3_2_2,2:2,52.3
4635,1048-49,2_2_2,2:1,63.6
4637,1048-49,1_1_4,2:1,68.1
464,1048-49,1_1_5,2:2,54.8
4643,1048-49,1_1_3,2:1,68.0
4645,1048-49,2_3_8,2:1,62.7
4647,1048-49,2_3_7,2:2,56.7
4650,1048-49,2_4_12,2:2,57.4
4651,1048-49,2_2_5,2:1,64.6
4655,1048-49,1_1_2,2:2,59.4
4657,1048-49,2_4_10,2:2,53.7
466,1048-49,2_4_12,2:2,52.0
4660,1048-49,1_1_4,2:1,61.9
4661,1048-49,2_2_3,2:2,50.0
4662,1048-49,2_4_10,2:1,69.2
4663,1048-49,2_3_9,2:2,58.9
4667,1048-49,1_1_2,2:1,67.1
4668,1048-49,2_3_7,2:2,50.9
4676,1048-49,2_1_1,First,74.5
4677,1048-49,4_2_12,2:1,61.8
4679,1048-49,2_1_1,2:1,67.5
4690,1048-49,4_2_12,First,73.7
4694,1048-49,2_2_4,2:1,63.5
470,1048-49,2_3_8,2:1,61.8
4701,1048-49,1_2_1,2:1,64.1
4703,1048-49,1_1_4,2:1,69.6
4704,1048-49,2_3_7,2:1,62.0
4710,1048-49,2_4_11,First,71.1
4722,1048-49,2_4_12,2:1,69.3
4723,1048-49,2_1_1,2:2,50.2
4728,1048-49,2_4_12,2:1,65.3
4736,1048-49,1_1_3,2:2,52.1
474,1048-49,4_2_12,2:1,67.2
4740,1048-49,2_4_12,2:1,63.2
4747,1048-49,2_2_6,2:1,69.6
4749,1048-49,1_1_4,2:1,61.2
475,1048-49,2_2_5,2:2,55.7
4752,1048-49,2_2_6,2:2,51.7
4761,1048-49,1_1_4,2:1,60.6
4768,1048-49,1_1_1,2:1,64.1
4770,1048-49,2_2_2,First,71.9
4771,1048-49,2_4_12,2:1,64.0
4773,1048-49,4_2_12,Third,47.1
4779,1048-49,2_3_8,2:2,51.0
478,1048-49,2_2_5,2:2,56.0
4785,1048-49,2_2_2,2:1,60.5
4789,1048-49,2_3_8,2:1,60.2
4792,1048-49,2_2_5,2:1,62.2
4797,1048-49,1_1_5,2:1,69.1
4800,1048-49,2_2_2,2:2,59.2
4804,1048-49,4_2_12,2:2,58.3
4805,1048-49,2_1_1,First,70.3
4810,1048-49,2_4_12,Third,49.9
4811,1048-49,2_4_12,2:1,68.5
4818,1048-49,3_2_2,2:2,50.7
4831,1048-49,2_3_8,2:1,67.4
4846,1048-49,2_3_8,2:2,57.2
4852,1048-49,1_1_4,2:1,69.4
4857,1048-49,2_3_7,2:2,53.2
4861,1048-49,1_2_1,2:1,65.5
4863,1048-49,2_2_5,2:2,57.1
4865,1048-49,2_3_7,2:1,70.0
4868,1048-49,2_2_6,2:1,61.5
4869,1048-49,2_2_4,2:2,55.5
487,1048-49,2_2_3,2:1,66.9
4872,1048-49,2_2_3,2:1,68.2
4877,1048-49,2_2_4,2:2,57.4
4880,1048-49,2_3_9,First,75.9
4891,1048-49,2_2_6,2:1,68.8
4893,1048-49,2_2_5,2:2,53.4
49,1048-49,2_2_5,2:2,59.5
491,1048-49,2_2_2,First,71.6
4910,1048-49,2_3_7,2:2,58.6
4913,1048-49,1_1_3,2:1,69.7
4914,1048-49,1_2_1,2:1,65.3
4920,1048-49,1_2_1,2:2,59.2
4924,1048-49,4_2_12,2:1,69.3
4927,1048-49,2_2_4,First,71.2
4928,1048-49,3_2_2,First,70.0
4934,1048-49,2_3_7,Third,48.3
4944,1048-49,2_4_12,First,70.8
4951,1048-49,1_1_3,2:1,60.5
4954,1048-49,2_4_12,2:2,57.6
4955,1048-49,3_2_2,2:1,69.8
4965,1048-49,2_4_12,2:1,60.5
4970,1048-49,1_1_3,First,70.3
4971,1048-49,4_2_12,First,70.5
4972,1048-49,4_2_12,2:1,64.2
498,1048-49,1_1_5,2:2,57.8
4988,1048-49,1_2_1,2:2,57.2
499,1048-49,2_2_6,First,70.1
4990,1048-49,1_1_4,First,71.8
4995,1048-49,1_1_1,2:2,56.1
4996,1048-49,2_2_4,2:2,53.6
4998,1048-49,2_4_11,2:1,61.5
503,1048-49,4_2_12,2:2,52.7
506,1048-49,1_1_3,2:2,56.6
510,1048-49,2_2_6,Third,46.4
511,1048-49,3_2_2,2:1,61.7
514,1048-49,2_3_8,2:1,62.7
519,1048-49,2_3_8,2:2,58.0
520,1048-49,2_4_12,2:2,58.0
522,1048-49,1_1_5,2:2,56.4
525,1048-49,3_2_2,2:1,65.9
540,1048-49,2_1_1,2:1,68.3
55,1048-49,2_4_10,2:1,60.7
552,1048-49,1_1_4,First,77.2
553,1048-49,1_1_3,2:1,69.0
554,1048-49,2_3_9,2:2,53.2
555,1048-49,2_3_8,2:2,59.2
56,1048-49,2_3_7,2:2,58.6
560,1048-49,2_1_1,2:1,69.2
562,1048-49,2_4_12,First,74.2
570,1048-49,1_1_1,2:1,64.4
572,1048-49,2_2_3,First,71.4
577,1048-49,3_2_2,First,72.5
584,1048-49,4_2_12,2:1,60.0
589,1048-49,2_2_3,First,70.4
59,1048-49,2_2_5,Third,47.4
594,1048-49,2_3_7,2:2,52.7
6,1048-49,2_2_2,2:1,66.0
603,1048-49,1_1_4,2:2,58.0
606,1048-49,2_3_7,2:2,59.4
611,1048-49,2_2_2,2:1,64.3
613,1048-49,2_2_6,2:2,57.5
638,1048-49,2_3_8,2:1,67.1
64,1048-49,4_2_12,2:1,63.4
656,1048-49,2_2_3,2:2,50.4
66,1048-49,2_2_2,2:1,63.9
660,1048-49,2_3_9,First,76.9
661,1048-49,4_2_12,First,76.2
672,1048-49,2_3_7,2:2,51.8
681,1048-49,1_1_3,2:1,66.4
685,1048-49,2_2_4,2:2,59.8
689,1048-49,2_3_9,Third,47.1
694,1048-49,2_3_8,2:2,55.9
697,1048-49,2_2_3,First,73.9
700,1048-49,2_2_3,2:2,52.3
704,1048-49,1_1_2,2:2,58.1
710,1048-49,2_2_2,2:2,51.6
719,1048-49,2_3_7,2:1,64.3
726,1048-49,2_4_11,First,71.6
733,1048-49,2_4_12,2:1,64.9
742,1048-49,1_1_3,First,75.2
747,1048-49,2_2_4,2:1,61.7
760,1048-49,1_1_2,First,74.4
762,1048-49,1_1_5,2:1,67.0
763,1048-49,2_4_10,2:2,55.7
771,1048-49,2_3_9,2:2,58.5
773,1048-49,2_2_5,2:1,66.0
779,1048-49,2_2_2,2:2,57.7
802,1048-49,3_1_1,2:2,59.7
803,1048-49,2_4_10,First,73.0
805,1048-49,2_4_12,2:1,60.3
813,1048-49,2_4_12,2:2,59.1
820,1048-49,2_2_2,2:2,56.0
821,1048-49,2_3_9,2:2,52.1
832,1048-49,2_2_4,2:1,63.0
85,1048-49,1_1_3,2:1,64.9
852,1048-49,2_2_5,2:1,61.6
855,1048-49,1_1_5,2:2,50.4
861,1048-49,2_1_1,2:1,62.9
862,1048-49,2_2_3,2:2,58.0
863,1048-49,2_4_12,2:1,62.6
865,1048-49,2_3_9,First,70.0
869,1048-49,2_2_2,2:1,66.7
875,1048-49,2_1_1,2:1,60.2
876,1048-49,1_1_3,2:1,61.5
881,1048-49,4_2_12,2:1,66.9
883,1048-49,2_4_10,2:1,63.9
884,1048-49,2_3_9,First,78.9
886,1048-49,4_2_12,First,71.2
894,1048-49,2_2_6,First,73.1
896,1048-49,2_1_1,2:2,59.3
911,1048-49,2_2_4,2:2,55.2
914,1048-49,2_2_2,2:1,67.7
920,1048-49,2_4_12,2:1,66.2
924,1048-49,1_1_4,2:1,63.6
928,1048-49,1_1_5,2:1,68.2
932,1048-49,3_1_1,2:1,67.6
938,1048-49,2_2_6,2:1,64.1
942,1048-49,2_4_10,2:2,58.5
949,1048-49,2_4_10,2:1,64.5
951,1048-49,2_3_9,2:2,55.0
956,1048-49,2_1_1,2:2,57.9
959,1048-49,1_1_4,2:1,69.0
962,1048-49,1_1_4,2:1,61.0
968,1048-49,2_1_1,2:1,62.9
973,1048-49,2_4_12,2:1,61.4
981,1048-49,2_4_10,2:1,61.1
985,1048-49,2_1_1,2:2,56.1
987,1048-49,2_3_7,2:1,66.4
989,1048-49,1_2_1,2:1,67.2
993,1048-49,1_1_1,2:2,57.5
1002,1049-50,1_2_1,2:2,57.5
107,1049-50,2_2_2,Third,46.9
1118,1049-50,1_2_1,2:2,58.8
1125,1049-50,2_1_1,Third,46.4
1134,1049-50,2_4_10,2:1,64.6
1138,1049-50,2_2_2,2:2,51.0
1158,1049-50,2_1_1,Third,44.4
1185,1049-50,4_2_12,2:2,51.9
1230,1049-50,1_2_1,2:1,67.1
1246,1049-50,2_1_1,2:2,57.3
125,1049-50,2_2_6,2:2,53.5
1266,1049-50,2_3_9,2:1,60.1
128,1049-50,1_1_3,2:2,52.4
1328,1049-50,3_2_2,2:2,57.0
1342,1049-50,1_1_5,2:2,54.8
1349,1049-50,2_2_4,Third,49.6
1388,1049-50,1_1_1,2:2,53.6
1402,1049-50,2_3_8,2:2,50.4
1431,1049-50,1_1_1,2:2,54.9
1476,1049-50,2_4_11,2:1,64.4
1480,1049-50,1_1_4,2:2,51.4
1483,1049-50,2_2_3,2:2,52.2
1525,1049-50,4_2_12,2:2,53.6
1539,1049-50,1_1_5,First,74.0
1576,1049-50,2_2_5,2:2,55.3
1590,1049-50,2_2_2,2:2,52.1
1636,1049-50,2_2_2,2:2,58.4
1652,1049-50,2_2_3,Third,49.5
1655,1049-50,3_2_2,Third,43.4
1725,1049-50,4_2_12,2:1,62.4
1749,1049-50,2_3_7,2:2,50.9
1754,1049-50,1_1_4,2:1,64.7
1764,1049-50,1_1_1,2:2,59.3
1795,1049-50,4_2_12,2:2,51.7
1839,1049-50,2_1_1,2:2,58.1
1842,1049-50,2_2_5,2:2,57.3
1843,1049-50,2_2_6,2:2,58.9
1848,1049-50,2_2_3,2:2,57.7
1877,1049-50,2_2_3,2:2,59.0
189,1049-50,2_2_4,2:2,59.9
1911,1049-50,2_3_7,2:1,63.7
1929,1049-50,1_1_1,2:2,53.8
197,1049-50,1_2_1,2:2,59.0
1975,1049-50,1_1_3,2:1,61.0
1988,1049-50,4_2_12,2:2,59.5
2,1049-50,2_2_4,2:2,50.3
2020,1049-50,4_2_12,Third,49.9
2059,1049-50,1_1_5,2:2,50.7
2089,1049-50,1_1_5,2:2,54.3
2122,1049-50,3_2_2,Third,49.4
2127,1049-50,2_3_7,2:2,52.9
2165,1049-50,2_3_9,2:1,62.1
2190,1049-50,2_4_12,Third,49.4
2205,1049-50,1_1_5,Third,47.1
2230,1049-50,2_3_8,2:2,50.0
2237,1049-50,2_2_3,Third,50.0
224,1049-50,3_1_1,2:1,67.7
2254,1049-50,2_1_1,2:2,52.0
2258,1049-50,1_1_3,Third,49.5
2288,1049-50,1_1_4,Third,46.4
2292,1049-50,2_4_10,2:2,50.9
2336,1049-50,3_1_1,2:2,51.5
237,1049-50,2_3_7,2:2,51.0
2398,1049-50,1_1_5,2:2,59.1
2449,1049-50,2_1_1,2:2,51.2
2455,1049-50,2_3_8,2:2,52.2
2463,1049-50,3_2_2,2:1,62.5
2484,1049-50,2_3_8,Third,49.3
2502,1049-50,2_2_5,2:2,53.7
2503,1049-50,4_2_12,Third,48.8
2527,1049-50,2_1_1,2:2,57.3
255,1049-50,2_2_5,2:2,51.0
2630,1049-50,1_2_1,2:2,51.5
2635,1049-50,1_1_2,2:2,54.1
2641,1049-50,1_1_1,2:1,69.3
2671,1049-50,2_2_5,2:2,50.2
2688,1049-50,2_4_11,2:2,50.6
2745,1049-50,1_1_2,2:2,53.7
2751,1049-50,1_2_1,2:2,58.1
2801,1049-50,1_1_4,Third,45.4
2820,1049-50,1_1_3,Third,46.9
2827,1049-50,2_3_7,2:1,65.6
2850,1049-50,2_1_1,Third,47.5
2872,1049-50,2_3_8,2:2,59.8
2885,1049-50,2_2_4,2:2,50.2
2908,1049-50,4_2_12,Third,49.0
292,1049-50,2_2_6,2:2,59.5
295,1049-50,2_2_5,2:2,57.3
2997,1049-50,2_2_3,2:2,52.1
3017,1049-50,2_1_1,Third,48.9
3053,1049-50,2_3_8,2:2,59.2
3058,1049-50,2_2_2,2:2,56.0
3121,1049-50,2_2_4,Third,45.6
313,1049-50,2_2_6,Third,49.5
3139,1049-50,2_2_2,2:1,68.3
3141,1049-50,1_1_4,2:2,50.8
3171,1049-50,2_2_4,2:2,57.8
3186,1049-50,2_4_12,2:1,61.6
3244,1049-50,1_1_3,2:1,66.3
3307,1049-50,1_1_2,Third,49.8
3317,1049-50,2_2_4,2:2,53.3
3333,1049-50,2_2_6,2:2,59.7
3373,1049-50,2_3_9,2:1,63.9
3492,1049-50,2_2_2,2:2,56.0
3526,1049-50,1_1_1,Third,45.7
3528,1049-50,1_1_4,2:2,53.6
3551,1049-50,2_2_3,2:2,57.2
3554,1049-50,3_1_1,2:2,53.3
3595,1049-50,2_4_10,2:2,58.3
3603,1049-50,2_1_1,2:2,53.0
3743,1049-50,1_1_2,2:1,62.3
3748,1049-50,2_3_7,2:2,53.9
3767,1049-50,3_2_2,2:2,53.8
3801,1049-50,2_4_12,Third,49.9
383,1049-50,1_1_5,Third,45.4
3846,1049-50,2_3_8,2:1,63.1
3859,1049-50,2_1_1,Third,48.0
3881,1049-50,1_1_4,2:1,62.4
3895,1049-50,2_3_8,2:2,58.7
3917,1049-50,3_1_1,2:2,50.7
3926,1049-50,1_1_3,2:2,51.3
3980,1049-50,2_3_8,2:2,53.9
3996,1049-50,2_2_2,2:1,66.9
400,1049-50,2_2_5,2:1,64.4
4014,1049-50,2_2_4,2:2,52.9
4026,1049-50,2_1_1,2:1,60.3
4064,1049-50,2_3_9,2:2,50.2
4121,1049-50,3_1_1,2:2,56.2
4127,1049-50,2_3_8,2:2,59.0
413,1049-50,1_1_3,2:2,54.3
4147,1049-50,4_2_12,2:1,60.2
415,1049-50,1_1_2,Third,49.4
4194,1049-50,2_2_4,First,70.2
4204,1049-50,2_2_2,2:2,56.2
4212,1049-50,2_2_5,Third,49.0
4242,1049-50,1_1_3,2:1,61.8
4248,1049-50,4_2_12,2:1,65.4
4256,1049-50,2_4_12,2:2,54.3
4270,1049-50,2_2_5,2:1,60.6
4271,1049-50,4_2_12,Third,49.4
4297,1049-50,2_4_10,2:2,54.0
430,1049-50,1_1_3,2:1,61.5
4300,1049-50,2_2_2,2:1,60.9
4309,1049-50,2_2_5,Third,45.6
4324,1049-50,1_1_3,2:1,66.9
4425,1049-50,2_4_10,2:2,57.8
4534,1049-50,2_4_10,2:1,66.4
4536,1049-50,1_1_3,2:2,50.9
4552,1049-50,1_1_2,2:1,64.8
4553,1049-50,1_1_2,2:2,57.6
4556,1049-50,2_2_3,Third,47.0
4561,1049-50,2_3_7,2:2,53.9
4581,1049-50,1_1_3,Third,45.3
4599,1049-50,1_1_5,Third,49.2
4646,1049-50,2_1_1,2:1,61.5
4669,1049-50,4_2_12,2:2,53.2
4711,1049-50,2_2_4,2:2,54.2
4757,1049-50,4_2_12,2:1,62.8
4759,1049-50,2_2_4,Third,47.9
4767,1049-50,2_3_9,2:2,55.5
4769,1049-50,2_2_2,2:1,61.3
4788,1049-50,2_2_4,2:1,60.8
48,1049-50,2_4_10,2:1,66.6
4835,1049-50,2_1_1,Third,49.7
4949,1049-50,2_3_8,Third,49.8
497,1049-50,1_1_5,2:2,53.5
5000,1049-50,1_1_2,First,74.4
5001,1049-50,1_2_1,Third,47.0
5005,1049-50,2_4_12,2:1,63.7
5007,1049-50,2_4_12,2:1,62.7
5008,1049-50,2_2_4,2:2,52.5
5012,1049-50,1_1_1,2:2,55.2
5015,1049-50,3_1_1,2:2,58.3
5019,1049-50,4_2_12,2:2,52.1
5022,1049-50,2_4_12,2:2,59.6
5026,1049-50,1_1_3,Third,49.7
5031,1049-50,3_2_2,2:1,64.9
5039,1049-50,2_2_3,2:2,53.5
5044,1049-50,2_3_9,2:1,64.2
5046,1049-50,1_1_4,2:2,59.6
5050,1049-50,4_2_12,2:2,53.3
5051,1049-50,2_3_9,2:2,53.3
5062,1049-50,2_2_3,2:1,70.0
5069,1049-50,2_3_7,2:1,64.2
5074,1049-50,2_2_2,2:1,68.9
5079,1049-50,1_2_1,2:2,52.2
5080,1049-50,2_3_8,First,70.2
5089,1049-50,1_1_4,2:1,68.3
5100,1049-50,2_2_5,2:1,60.5
5103,1049-50,1_1_4,2:2,54.1
5104,1049-50,2_2_2,2:1,64.7
5116,1049-50,2_2_3,2:2,54.1
5117,1049-50,2_2_3,First,75.3
5119,1049-50,1_1_2,2:1,62.2
5122,1049-50,2_3_7,2:2,54.3
5129,1049-50,2_2_4,2:1,60.1
5131,1049-50,3_1_1,2:1,67.9
5135,1049-50,4_2_12,2:1,68.0
5143,1049-50,2_3_7,2:2,54.7
5150,1049-50,2_4_10,2:2,59.9
5152,1049-50,1_1_2,2:2,52.7
5153,1049-50,1_1_5,First,73.3
5159,1049-50,1_1_5,2:1,67.3
5169,1049-50,2_3_9,2:2,57.8
5171,1049-50,1_1_2,2:2,58.4
5181,1049-50,2_3_8,2:2,50.8
5182,1049-50,2_2_5,2:2,59.7
5183,1049-50,3_1_1,2:2,55.2
5199,1049-50,2_3_7,2:2,58.2
5204,1049-50,1_1_3,2:2,55.3
5207,1049-50,1_1_1,2:1,64.5
5220,1049-50,1_1_2,2:1,61.7
5221,1049-50,3_2_2,2:1,62.2
5222,1049-50,2_1_1,2:2,59.6
5224,1049-50,2_3_7,First,71.2
5229,1049-50,3_1_1,Third,48.3
5232,1049-50,2_2_5,First,73.7
5237,1049-50,1_1_3,2:1,64.5
5245,1049-50,2_2_4,2:2,58.2
5246,1049-50,3_2_2,2:1,64.4
5262,1049-50,2_3_9,2:1,64.9
5264,1049-50,1_1_4,2:1,60.8
5268,1049-50,2_4_12,First,71.2
5271,1049-50,1_1_2,2:1,69.8
5272,1049-50,4_2_12,2:2,50.4
5280,1049-50,1_1_4,2:1,62.9
5287,1049-50,2_4_10,2:2,59.1
5289,1049-50,1_1_3,2:1,68.4
5295,1049-50,1_1_2,2:1,61.9
5298,1049-50,2_2_4,2:1,63.3
5299,1049-50,1_1_5,2:2,54.1
5302,1049-50,2_3_8,2:2,56.1
5305,1049-50,2_2_6,2:2,57.4
5315,1049-50,1_1_3,2:1,67.8
5319,1049-50,2_4_11,2:2,55.9
5336,1049-50,4_2_12,2:2,53.1
5339,1049-50,2_2_5,2:1,62.4
5340,1049-50,2_2_4,2:2,56.5
5344,1049-50,2_1_1,2:1,69.0
5351,1049-50,2_2_3,2:1,61.1
5355,1049-50,2_1_1,2:2,53.5
5365,1049-50,1_1_4,2:2,51.0
5370,1049-50,2_4_12,2:2,56.1
5371,1049-50,2_2_3,2:1,64.8
5372,1049-50,2_4_11,2:2,59.4
5385,1049-50,2_2_5,2:2,55.9
5387,1049-50,2_2_4,First,75.2
5394,1049-50,2_4_11,2:2,57.5
5399,1049-50,1_1_2,First,72.9
5400,1049-50,2_3_7,2:1,61.5
5408,1049-50,2_3_7,2:2,50.2
5421,1049-50,1_2_1,2:1,62.0
5423,1049-50,2_4_12,2:1,61.0
5425,1049-50,2_4_11,2:2,51.6
5432,1049-50,2_4_12,2:2,57.4
5434,1049-50,2_2_4,2:2,53.6
5448,1049-50,2_1_1,2:1,65.8
5457,1049-50,1_2_1,2:1,63.7
5458,1049-50,4_2_12,Third,46.0
5485,1049-50,2_3_8,2:2,55.5
5491,1049-50,1_1_5,2:1,60.4
5494,1049-50,2_4_11,2:1,62.0
5502,1049-50,4_2_12,First,72.4
5504,1049-50,1_1_2,2:1,69.2
5506,1049-50,4_2_12,First,71.8
5509,1049-50,1_1_5,2:1,64.3
5513,1049-50,2_3_7,2:1,67.4
5519,1049-50,1_1_4,First,70.1
5523,1049-50,4_2_12,2:2,59.5
5524,1049-50,1_1_2,2:1,63.9
5526,1049-50,2_4_12,2:2,59.4
5531,1049-50,1_1_4,2:1,63.2
5539,1049-50,2_2_5,2:2,54.1
5548,1049-50,2_4_10,2:1,60.3
5551,1049-50,3_2_2,2:1,67.0
5563,1049-50,1_1_3,2:1,69.0
5568,1049-50,2_4_10,2:1,66.7
5571,1049-50,2_4_10,First,72.1
5572,1049-50,2_3_7,2:1,62.0
5573,1049-50,1_1_4,2:1,62.0
5577,1049-50,2_3_8,2:1,64.2
5578,1049-50,2_4_10,First,72.5
5587,1049-50,1_1_1,First,75.9
5599,1049-50,2_3_8,2:2,54.3
5610,1049-50,2_2_5,First,70.8
5616,1049-50,1_2_1,First,71.3
5617,1049-50,2_1_1,2:2,50.4
5621,1049-50,1_2_1,2:1,60.2
5622,1049-50,2_4_10,2:1,68.1
5623,1049-50,3_2_2,First,71.9
5628,1049-50,2_3_7,2:1,62.9
5629,1049-50,2_2_3,2:1,64.7
5630,1049-50,2_2_2,First,70.8
5631,1049-50,2_4_11,2:1,66.9
5650,1049-50,4_2_12,2:2,56.6
5655,1049-50,1_2_1,2:1,61.3
5662,1049-50,2_1_1,2:2,50.1
5665,1049-50,1_1_3,First,72.1
5667,1049-50,2_4_11,2:1,66.0
5670,1049-50,2_2_3,2:2,59.1
5673,1049-50,2_2_2,2:2,57.5
5682,1049-50,2_2_4,2:1,67.9
5691,1049-50,2_4_12,First,77.1
5703,1049-50,2_2_5,2:1,60.2
5707,1049-50,2_3_7,2:2,58.6
5709,1049-50,3_2_2,2:1,64.6
5723,1049-50,2_4_10,2:1,64.6
5728,1049-50,2_3_8,2:1,66.0
5731,1049-50,4_2_12,2:2,54.4
5737,1049-50,2_4_10,2:2,54.5
5745,1049-50,2_4_12,2:1,63.6
5746,1049-50,1_1_4,2:1,64.3
5748,1049-50,2_3_8,2:1,64.4
5762,1049-50,4_2_12,Third,45.8
5763,1049-50,2_3_9,2:1,64.2
5767,1049-50,2_4_10,2:1,61.2
5781,1049-50,2_2_2,2:2,55.5
5782,1049-50,1_1_5,2:2,56.4
5784,1049-50,2_1_1,2:1,68.3
5787,1049-50,2_4_10,2:2,56.0
5793,1049-50,1_2_1,2:2,57.2
5799,1049-50,1_1_2,2:2,52.0
5801,1049-50,2_1_1,2:2,53.9
582,1049-50,2_2_4,2:2,54.5
5820,1049-50,2_2_2,2:2,53.7
5837,1049-50,2_2_3,2:1,61.0
5855,1049-50,3_2_2,2:2,54.0
5866,1049-50,1_1_3,2:1,61.9
5868,1049-50,2_4_10,2:1,65.3
5873,1049-50,2_2_5,2:2,55.6
5886,1049-50,1_1_4,2:1,67.7
5892,1049-50,2_2_5,First,71.5
5894,1049-50,2_3_8,2:2,54.0
5898,1049-50,2_4_12,2:1,62.1
5899,1049-50,2_4_12,2:1,62.4
5900,1049-50,2_1_1,2:2,50.7
5905,1049-50,2_3_7,2:1,61.2
5906,1049-50,4_2_12,First,76.5
5915,1049-50,3_2_2,First,71.0
5925,1049-50,2_2_3,2:2,50.7
5927,1049-50,1_1_3,First,71.0
5932,1049-50,4_2_12,First,70.6
5936,1049-50,2_3_8,2:1,66.7
5940,1049-50,4_2_12,Third,44.3
5943,1049-50,2_4_12,2:1,63.2
5944,1049-50,4_2_12,2:1,69.1
5947,1049-50,2_4_12,2:1,61.8
5953,1049-50,4_2_12,2:2,59.0
5955,1049-50,2_1_1,2:1,69.0
5963,1049-50,3_2_2,2:2,54.1
5966,1049-50,4_2_12,2:2,53.6
5968,1049-50,2_3_7,2:1,68.9
5996,1049-50,2_3_9,2:1,69.5
5997,1049-50,3_1_1,2:1,60.8
6000,1049-50,4_2_12,2:1,65.2
6004,1049-50,2_2_3,2:2,55.6
6010,1049-50,2_2_3,2:2,50.7
6011,1049-50,4_2_12,First,77.7
6016,1049-50,2_4_12,2:2,57.1
6024,1049-50,2_4_12,2:1,62.5
6028,1049-50,2_2_2,2:1,63.2
6032,1049-50,2_4_12,2:1,65.7
6049,1049-50,1_1_3,2:1,64.3
6069,1049-50,2_1_1,2:2,58.6
6081,1049-50,2_4_10,2:2,54.0
6083,1049-50,2_2_6,2:2,59.4
6086,1049-50,2_2_3,2:1,63.6
6097,1049-50,1_1_4,2:2,51.9
6100,1049-50,2_4_11,2:2,56.7
6104,1049-50,3_2_2,2:2,52.6
6106,1049-50,2_3_8,2:1,65.5
6110,1049-50,1_1_5,First,70.3
612,1049-50,1_1_4,2:2,56.1
6120,1049-50,2_4_12,2:1,65.2
6121,1049-50,1_1_5,2:2,52.1
6123,1049-50,1_1_2,2:1,65.6
6124,1049-50,1_1_1,2:2,59.7
6130,1049-50,2_4_12,2:1,68.3
6138,1049-50,2_4_10,2:2,52.6
6142,1049-50,2_4_11,2:2,58.5
6143,1049-50,2_2_4,2:2,54.0
6144,1049-50,2_2_2,First,74.0
6150,1049-50,2_2_2,Third,49.5
6155,1049-50,2_4_10,First,70.7
6157,1049-50,2_4_12,2:1,60.9
6165,1049-50,3_2_2,2:2,54.2
6169,1049-50,4_2_12,2:2,54.0
6174,1049-50,2_4_12,2:2,55.1
6175,1049-50,4_2_12,2:1,65.4
6176,1049-50,2_4_10,2:1,65.6
6177,1049-50,2_2_5,2:2,60.0
6179,1049-50,1_2_1,2:1,63.4
6180,1049-50,2_2_6,2:1,61.5
6186,1049-50,2_1_1,2:2,51.7
6188,1049-50,2_1_1,2:1,64.5
6189,1049-50,2_3_9,2:2,57.7
6193,1049-50,1_1_1,2:2,55.0
6196,1049-50,2_2_6,2:1,60.4
62,1049-50,2_2_3,2:2,50.3
6203,1049-50,1_1_4,2:2,55.0
6205,1049-50,2_3_7,2:2,56.9
6210,1049-50,2_2_5,2:1,62.7
6211,1049-50,2_2_3,2:2,58.1
6215,1049-50,2_2_4,2:2,59.6
6220,1049-50,2_2_4,2:2,55.6
6228,1049-50,2_3_7,2:1,63.3
6231,1049-50,2_3_8,First,70.8
6240,1049-50,2_3_7,2:2,57.9
6244,1049-50,2_2_2,2:2,57.1
6245,1049-50,2_2_6,2:1,65.4
6248,1049-50,3_1_1,2:2,59.9
6250,1049-50,1_1_1,2:1,64.2
6251,1049-50,2_4_11,2:2,57.4
6254,1049-50,3_2_2,2:2,56.0
6261,1049-50,2_2_3,2:1,67.1
6262,1049-50,2_4_12,2:2,58.5
6267,1049-50,2_3_7,2:1,61.7
6268,1049-50,2_2_5,2:2,57.6
6272,1049-50,2_3_7,2:2,59.5
6274,1049-50,2_4_12,First,74.2
6275,1049-50,2_3_8,2:2,54.6
6276,1049-50,1_1_4,2:1,64.6
6277,1049-50,2_2_4,2:1,69.0
6287,1049-50,2_2_6,Third,49.6
6289,1049-50,4_2_12,First,72.1
6292,1049-50,2_2_5,2:1,62.8
6293,1049-50,2_4_11,2:2,50.5
6297,1049-50,4_2_12,2:2,56.1
6301,1049-50,2_3_9,First,73.8
6303,1049-50,2_4_12,First,70.9
6310,1049-50,2_3_8,Third,48.5
6315,1049-50,2_1_1,2:1,66.0
6319,1049-50,2_2_6,2:2,56.8
6320,1049-50,2_4_10,First,77.4
6322,1049-50,2_1_1,2:1,67.8
6325,1049-50,2_3_7,2:2,58.7
6326,1049-50,2_2_2,2:1,61.0
6327,1049-50,3_1_1,2:1,66.5
6333,1049-50,3_2_2,Third,47.9
6338,1049-50,2_4_10,2:2,54.4
6345,1049-50,1_1_5,First,72.1
635,1049-50,2_2_2,2:2,58.5
6367,1049-50,1_1_5,First,72.3
6380,1049-50,2_1_1,2:1,65.6
6384,1049-50,2_3_7,2:2,53.6
6387,1049-50,1_1_3,2:1,62.9
6389,1049-50,2_2_5,2:2,52.6
6399,1049-50,1_1_5,2:1,62.4
6401,1049-50,2_4_11,2:2,56.3
6404,1049-50,1_1_4,First,74.5
6407,1049-50,4_2_12,2:2,53.8
6408,1049-50,2_3_9,Third,48.8
6412,1049-50,2_3_7,2:1,68.1
6413,1049-50,1_2_1,2:1,69.3
6414,1049-50,2_3_8,2:1,63.4
6419,1049-50,2_3_9,2:2,51.7
6421,1049-50,2_4_12,First,71.9
6435,1049-50,1_1_2,First,70.5
6439,1049-50,2_4_12,2:1,61.3
6440,1049-50,2_3_7,2:1,66.9
6442,1049-50,2_4_10,2:2,57.8
6448,1049-50,2_2_3,2:2,59.0
645,1049-50,1_1_3,2:2,57.3
6451,1049-50,4_2_12,2:1,68.6
646,1049-50,2_3_7,Third,49.1
6471,1049-50,1_1_3,2:1,66.0
6477,1049-50,4_2_12,2:1,61.3
6492,1049-50,3_2_2,2:1,63.1
6494,1049-50,1_1_2,First,71.6
6497,1049-50,1_1_2,2:2,57.1
6498,1049-50,2_1_1,2:1,62.8
6501,1049-50,2_2_6,2:2,58.1
6504,1049-50,2_2_5,2:1,63.4
6507,1049-50,2_4_10,2:2,57.3
6508,1049-50,2_2_4,2:1,67.5
6509,1049-50,2_4_12,2:2,53.6
6510,1049-50,1_1_4,2:1,62.1
6514,1049-50,2_1_1,2:1,64.0
6520,1049-50,1_1_5,2:2,55.2
653,1049-50,1_1_2,2:1,62.6
6530,1049-50,3_2_2,First,75.2
6534,1049-50,2_4_12,Third,48.8
6535,1049-50,1_2_1,2:1,64.9
6537,1049-50,2_2_3,2:2,58.4
6539,1049-50,2_2_2,2:2,58.3
6541,1049-50,1_2_1,2:2,57.1
6542,1049-50,4_2_12,2:1,63.6
6549,1049-50,2_2_4,2:2,50.1
6554,1049-50,2_2_2,2:2,56.3
6560,1049-50,3_1_1,Third,49.4
6563,1049-50,2_2_5,First,72.3
6575,1049-50,1_1_3,2:1,61.8
6579,1049-50,4_2_12,2:2,50.8
6583,1049-50,2_2_2,2:2,52.3
6586,1049-50,2_4_11,2:1,68.4
6587,1049-50,2_2_6,2:1,62.6
6589,1049-50,2_2_3,First,74.5
6611,1049-50,2_3_7,2:2,57.1
6615,1049-50,1_1_5,2:1,63.4
6624,1049-50,2_2_4,2:1,60.9
6641,1049-50,1_2_1,2:1,68.3
6643,1049-50,3_1_1,2:1,61.9
6650,1049-50,4_2_12,First,83.1
6670,1049-50,2_2_4,2:2,50.9
6672,1049-50,2_1_1,First,81.8
6676,1049-50,2_2_5,Third,48.5
6679,1049-50,1_2_1,2:1,64.4
6683,1049-50,2_3_8,First,70.3
6686,1049-50,2_2_5,2:1,60.3
6693,1049-50,2_2_4,2:2,59.1
6694,1049-50,2_3_7,2:1,64.2
6698,1049-50,2_4_11,2:1,60.2
6699,1049-50,2_2_2,2:2,52.6
6704,1049-50,2_2_5,2:1,66.6
6706,1049-50,2_3_8,2:2,57.7
6707,1049-50,3_1_1,2:1,69.5
6712,1049-50,2_3_8,2:1,61.3
6720,1049-50,2_2_4,2:1,60.2
6721,1049-50,3_1_1,2:2,53.8
6729,1049-50,2_3_8,2:2,56.7
6731,1049-50,4_2_12,2:2,58.6
674,1049-50,1_2_1,Third,49.8
6740,1049-50,2_1_1,2:1,66.6
6742,1049-50,2_2_2,2:2,59.9
6743,1049-50,2_2_6,2:1,67.4
6744,1049-50,2_3_8,2:1,61.0
6749,1049-50,1_1_3,2:1,61.1
6750,1049-50,2_4_12,First,78.7
6758,1049-50,2_3_9,2:1,61.4
6762,1049-50,2_1_1,First,72.8
6766,1049-50,1_1_1,First,71.2
6777,1049-50,2_4_10,2:1,68.4
6781,1049-50,4_2_12,2:1,62.1
6782,1049-50,2_2_3,2:1,66.0
6795,1049-50,1_1_5,2:1,61.1
6796,1049-50,2_3_9,First,73.8
6806,1049-50,2_3_8,2:2,50.1
6807,1049-50,2_2_4,2:2,53.1
6809,1049-50,1_1_5,2:2,55.6
6811,1049-50,1_1_5,2:1,61.1
6812,1049-50,2_2_4,2:1,60.7
6819,1049-50,2_3_8,2:2,52.9
682,1049-50,2_3_7,2:2,54.6
6823,1049-50,2_2_4,2:2,51.9
6838,1049-50,2_2_4,2:1,64.9
6842,1049-50,2_2_6,2:2,59.4
6843,1049-50,2_4_11,2:1,61.4
6844,1049-50,2_2_3,2:2,51.9
6848,1049-50,4_2_12,2:2,55.8
6849,1049-50,2_2_4,2:1,62.2
6862,1049-50,1_1_4,2:2,52.3
6865,1049-50,2_2_2,2:2,56.6
6866,1049-50,1_1_3,2:2,51.4
6870,1049-50,1_1_3,First,70.3
6872,1049-50,1_1_4,2:1,66.6
6875,1049-50,2_2_3,Third,47.1
6880,1049-50,4_2_12,2:2,52.6
6887,1049-50,2_1_1,Third,49.3
6902,1049-50,2_3_8,2:2,52.2
6912,1049-50,2_4_12,2:1,60.0
6914,1049-50,1_1_3,2:2,53.6
6915,1049-50,3_2_2,First,72.1
6920,1049-50,1_1_1,2:1,67.1
6928,1049-50,1_1_2,2:1,64.0
6930,1049-50,2_3_7,2:2,56.6
6935,1049-50,2_3_8,2:2,58.2
6936,1049-50,2_3_8,2:1,64.8
6938,1049-50,2_3_7,2:2,50.2
6945,1049-50,3_1_1,2:1,66.6
6950,1049-50,1_2_1,2:1,66.2
6953,1049-50,4_2_12,2:2,53.2
6957,1049-50,2_4_12,2:2,56.9
6966,1049-50,1_1_4,2:1,61.1
6968,1049-50,2_2_3,2:1,66.9
6971,1049-50,4_2_12,2:2,59.4
6973,1049-50,2_4_11,2:2,58.4
6974,1049-50,2_3_7,2:2,57.6
6975,1049-50,1_2_1,2:1,65.0
6976,1049-50,2_2_2,2:1,66.6
6978,1049-50,4_2_12,Third,48.5
6983,1049-50,1_1_5,2:1,60.2
6984,1049-50,1_1_4,2:2,55.4
6996,1049-50,2_2_6,2:1,60.6
7002,1049-50,1_1_3,2:1,62.8
7004,1049-50,2_2_4,2:1,69.2
7005,1049-50,2_2_4,2:1,68.2
701,1049-50,2_3_8,2:1,64.5
7010,1049-50,2_2_4,2:2,59.2
7014,1049-50,1_1_1,2:2,54.7
7019,1049-50,4_2_12,2:1,60.8
7023,1049-50,1_1_1,2:2,54.8
7026,1049-50,2_1_1,2:2,59.4
7034,1049-50,2_4_10,2:1,61.9
7041,1049-50,2_3_8,2:2,56.8
7046,1049-50,4_2_12,2:1,61.6
7053,1049-50,2_2_3,2:1,69.8
7058,1049-50,2_2_4,2:1,60.7
7060,1049-50,2_3_8,2:2,59.4
7066,1049-50,2_1_1,2:2,51.7
7081,1049-50,1_1_2,2:2,50.3
7084,1049-50,3_1_1,2:1,69.0
7085,1049-50,2_4_11,2:1,62.1
7092,1049-50,2_3_8,2:1,67.2
7096,1049-50,1_1_3,2:2,55.4
7097,1049-50,2_4_12,2:1,61.4
7099,1049-50,2_1_1,2:1,60.2
7107,1049-50,1_1_3,2:2,58.2
7114,1049-50,4_2_12,First,72.6
7115,1049-50,2_4_12,2:1,64.7
7119,1049-50,2_2_6,First,70.6
712,1049-50,2_2_2,2:2,58.5
7134,1049-50,1_2_1,2:1,64.8
7141,1049-50,1_2_1,2:2,57.9
7143,1049-50,2_2_2,2:2,52.4
7144,1049-50,4_2_12,First,83.0
7145,1049-50,1_2_1,2:1,67.8
7146,1049-50,2_3_9,2:2,56.6
7153,1049-50,1_1_3,First,70.3
7158,1049-50,2_2_4,2:1,65.8
7161,1049-50,1_1_3,2:2,57.9
7170,1049-50,1_1_5,2:2,57.7
7181,1049-50,1_1_5,2:1,60.4
7193,1049-50,4_2_12,2:2,55.6
7194,1049-50,2_4_12,2:1,65.4
720,1049-50,1_2_1,2:2,54.6
7203,1049-50,2_2_2,2:1,69.4
7209,1049-50,4_2_12,First,77.6
7213,1049-50,4_2_12,2:2,58.5
7215,1049-50,2_2_3,First,72.4
7222,1049-50,1_1_4,2:2,58.6
7224,1049-50,1_2_1,2:2,59.6
7236,1049-50,2_4_10,2:2,57.2
7239,1049-50,2_4_10,2:1,65.3
7240,1049-50,4_2_12,First,73.5
7244,1049-50,4_2_12,2:2,52.1
7246,1049-50,4_2_12,2:2,58.8
7248,1049-50,2_3_9,2:1,68.2
7256,1049-50,2_3_9,2:2,54.2
7257,1049-50,2_4_12,2:2,56.2
7261,1049-50,2_1_1,2:1,60.1
7263,1049-50,2_3_7,2:1,62.6
7267,1049-50,2_2_3,2:1,66.9
7271,1049-50,2_1_1,2:2,52.4
7273,1049-50,2_4_11,2:1,61.4
7275,1049-50,2_2_2,2:2,58.1
7277,1049-50,2_4_12,2:2,58.7
7278,1049-50,3_1_1,2:1,61.5
7279,1049-50,2_2_3,2:1,62.0
7281,1049-50,3_2_2,2:1,62.7
7290,1049-50,2_1_1,2:1,65.1
7298,1049-50,2_2_2,2:1,64.4
7300,1049-50,2_1_1,First,71.1
7302,1049-50,2_2_5,2:2,50.6
7305,1049-50,4_2_12,2:1,68.2
7315,1049-50,2_3_8,2:1,61.5
7316,1049-50,1_1_3,2:1,61.5
7318,1049-50,2_3_7,2:2,50.5
7325,1049-50,2_2_3,2:1,64.9
7327,1049-50,2_2_5,Third,47.5
7333,1049-50,2_2_4,2:2,57.5
7334,1049-50,1_1_4,2:2,58.7
7335,1049-50,1_1_4,2:1,64.2
7340,1049-50,2_3_7,2:2,55.0
7343,1049-50,2_3_7,2:1,60.9
7348,1049-50,2_3_7,2:1,62.1
7349,1049-50,2_2_6,Third,48.1
7350,1049-50,2_3_7,2:2,53.4
7360,1049-50,2_3_8,2:1,61.3
7361,1049-50,2_2_3,2:2,53.8
7362,1049-50,2_2_3,2:1,61.8
7363,1049-50,1_2_1,2:1,64.7
7364,1049-50,2_2_2,2:1,62.0
7367,1049-50,2_3_9,First,73.2
7376,1049-50,1_2_1,2:2,59.8
7385,1049-50,1_1_2,2:1,66.5
7386,1049-50,4_2_12,First,70.6
7393,1049-50,2_3_7,2:2,53.2
7399,1049-50,2_4_10,2:1,60.5
7403,1049-50,2_2_2,2:1,60.8
7405,1049-50,1_1_3,2:1,67.6
7408,1049-50,4_2_12,2:2,55.6
7409,1049-50,2_2_2,2:1,65.5
7411,1049-50,3_2_2,2:1,61.9
7414,1049-50,2_2_5,2:1,64.6
7415,1049-50,3_1_1,2:2,53.5
7419,1049-50,2_2_6,2:2,59.9
7432,1049-50,2_4_10,2:2,56.7
7440,1049-50,2_4_10,2:2,56.0
7448,1049-50,2_2_6,2:1,65.1
7449,1049-50,2_4_12,2:2,58.9
7450,1049-50,1_1_2,2:1,66.8
7458,1049-50,2_2_4,2:2,53.2
7468,1049-50,3_1_1,2:1,60.9
7469,1049-50,2_2_2,2:1,68.1
7474,1049-50,2_2_4,2:2,55.7
7478,1049-50,1_1_3,2:1,63.1
7486,1049-50,2_4_10,2:1,68.7
7490,1049-50,1_1_4,2:1,61.3
7493,1049-50,2_1_1,2:2,58.2
7495,1049-50,2_4_12,2:2,55.3
7497,1049-50,2_2_6,2:1,69.0
7499,1049-50,2_2_5,2:1,63.1
7505,1049-50,3_2_2,2:1,68.6
7516,1049-50,2_3_9,2:2,56.6
7525,1049-50,2_3_9,First,72.2
7527,1049-50,2_2_3,2:2,55.9
7528,1049-50,1_2_1,2:1,70.0
7531,1049-50,2_3_9,First,74.9
7532,1049-50,2_4_10,Third,46.8
7535,1049-50,2_2_5,Third,47.6
7560,1049-50,2_2_4,2:1,68.6
7566,1049-50,4_2_12,2:2,57.2
7574,1049-50,2_2_5,2:2,59.5
7575,1049-50,2_3_7,2:2,55.4
7588,1049-50,2_2_2,2:2,59.5
759,1049-50,2_4_10,2:1,61.9
7594,1049-50,2_2_2,2:1,69.9
7596,1049-50,2_2_5,2:1,62.4
7624,1049-50,2_3_7,2:2,59.9
7626,1049-50,1_1_2,2:1,69.8
7627,1049-50,2_1_1,2:1,64.3
7636,1049-50,1_1_2,2:1,64.2
7637,1049-50,2_2_4,2:1,67.7
7638,1049-50,2_2_4,2:1,63.2
7640,1049-50,4_2_12,2:2,56.2
7645,1049-50,2_3_7,2:1,69.1
7646,1049-50,2_3_7,2:1,63.4
7651,1049-50,1_2_1,2:2,59.5
7656,1049-50,2_4_11,2:2,59.7
7662,1049-50,1_1_1,2:1,66.1
7676,1049-50,2_4_10,2:1,61.7
7686,1049-50,1_1_2,2:1,63.6
7691,1049-50,2_2_2,2:2,57.2
7693,1049-50,1_1_4,2:1,68.4
7697,1049-50,1_2_1,2:2,55.2
7698,1049-50,3_2_2,2:1,62.8
7699,1049-50,2_4_11,2:1,62.5
7711,1049-50,1_1_2,2:1,61.2
7719,1049-50,2_2_2,2:2,57.3
772,1049-50,2_2_2,2:2,51.9
7722,1049-50,2_2_3,2:1,65.5
7729,1049-50,1_1_3,First,73.3
7739,1049-50,2_4_11,2:2,50.6
7740,1049-50,1_1_2,2:1,63.0
7742,1049-50,4_2_12,First,73.3
7744,1049-50,2_2_2,2:2,50.9
7746,1049-50,1_1_3,2:2,57.6
7748,1049-50,2_2_5,2:2,58.4
7749,1049-50,2_3_8,2:1,65.5
7754,1049-50,4_2_12,2:1,62.2
7759,1049-50,2_2_5,2:1,63.1
7761,1049-50,2_2_5,2:2,55.7
7769,1049-50,2_3_8,2:1,63.8
7774,1049-50,2_2_3,2:2,51.5
7775,1049-50,4_2_12,2:2,56.6
7779,1049-50,1_1_2,2:2,53.9
7785,1049-50,2_2_6,2:1,69.5
7788,1049-50,2_4_12,2:2,55.5
7792,1049-50,2_2_5,2:2,56.8
7796,1049-50,2_3_8,First,74.4
7807,1049-50,2_1_1,2:2,51.3
7811,1049-50,2_2_6,2:2,57.1
7813,1049-50,1_1_2,2:1,63.6
7814,1049-50,2_1_1,Third,47.9
7818,1049-50,4_2_12,First,72.3
7828,1049-50,2_2_4,First,71.0
7830,1049-50,1_2_1,2:1,63.4
7831,1049-50,2_2_5,2:1,63.2
7836,1049-50,1_1_1,2:1,63.1
7839,1049-50,2_3_7,2:2,50.2
7842,1049-50,2_2_3,2:1,60.9
7846,1049-50,2_3_9,2:2,58.8
7848,1049-50,1_1_2,2:2,51.9
7853,1049-50,2_2_4,First,73.0
7856,1049-50,2_4_12,2:1,64.3
7859,1049-50,2_3_8,2:2,52.0
7872,1049-50,2_2_5,2:1,66.8
7880,1049-50,4_2_12,2:1,68.9
7885,1049-50,3_2_2,Third,49.2
7892,1049-50,1_1_4,First,71.6
7894,1049-50,2_2_6,2:2,57.6
7896,1049-50,3_2_2,2:2,59.5
7900,1049-50,1_1_1,2:1,61.0
7903,1049-50,4_2_12,Third,49.0
7909,1049-50,2_2_2,2:1,65.0
7920,1049-50,1_1_1,2:1,60.5
7923,1049-50,2_2_3,2:2,53.9
7924,1049-50,2_2_5,2:2,59.4
7925,1049-50,2_2_5,2:1,61.3
7926,1049-50,2_4_11,2:2,54.2
7934,1049-50,2_3_8,2:1,67.4
7937,1049-50,1_1_5,2:2,55.4
7940,1049-50,2_2_4,2:1,65.5
7949,1049-50,2_2_3,2:2,52.6
7950,1049-50,1_1_3,2:1,65.1
7952,1049-50,1_1_4,2:1,62.8
7956,1049-50,2_2_6,Third,49.4
7960,1049-50,3_2_2,2:2,58.9
7961,1049-50,3_2_2,2:1,66.8
7967,1049-50,4_2_12,2:1,65.3
7970,1049-50,1_1_4,2:1,67.8
7973,1049-50,2_2_5,2:1,63.6
7975,1049-50,1_1_4,2:1,60.5
798,1049-50,2_3_7,2:1,60.1
7982,1049-50,2_1_1,2:1,67.6
7985,1049-50,2_4_11,2:2,59.7
7989,1049-50,2_1_1,2:2,52.9
7992,1049-50,2_2_2,2:2,57.1
7993,1049-50,1_1_1,2:1,65.9
7994,1049-50,1_1_4,2:2,53.1
7997,1049-50,4_2_12,2:1,65.0
80,1049-50,1_1_2,2:2,51.8
8005,1049-50,2_4_10,2:1,60.8
8007,1049-50,2_3_8,First,70.8
8013,1049-50,4_2_12,2:1,60.2
8032,1049-50,1_1_1,2:1,65.5
8034,1049-50,2_2_4,2:2,59.9
8036,1049-50,1_1_2,2:2,56.0
8038,1049-50,2_4_11,2:2,53.8
8042,1049-50,2_2_5,2:1,61.3
8043,1049-50,2_2_2,2:2,57.6
8045,1049-50,2_2_5,2:2,57.0
8053,1049-50,2_4_10,2:1,62.2
8056,1049-50,2_2_5,2:1,63.8
8061,1049-50,2_1_1,2:1,67.5
8062,1049-50,2_1_1,2:2,59.5
8063,1049-50,2_4_11,2:2,57.7
8066,1049-50,2_3_7,2:2,55.3
8071,1049-50,2_2_2,2:2,59.8
8077,1049-50,2_4_10,2:1,61.1
8081,1049-50,2_3_8,2:1,64.0
8086,1049-50,1_1_3,2:1,68.0
8093,1049-50,2_2_6,2:1,65.0
8097,1049-50,1_1_1,2:2,52.9
8103,1049-50,2_1_1,Third,47.5
8112,1049-50,1_1_4,2:1,66.2
8121,1049-50,2_2_5,2:2,59.6
8127,1049-50,2_3_8,2:2,58.8
8129,1049-50,2_3_9,2:1,64.6
8136,1049-50,2_4_12,2:2,59.5
8138,1049-50,2_1_1,2:2,54.3
8139,1049-50,2_2_6,2:1,68.9
8144,1049-50,1_1_5,First,70.8
8148,1049-50,2_2_4,First,71.2
8157,1049-50,2_2_3,2:2,53.7
8163,1049-50,2_1_1,2:2,55.6
8166,1049-50,4_2_12,2:1,64.3
8171,1049-50,1_1_3,2:1,63.3
8172,1049-50,3_2_2,2:2,51.8
8183,1049-50,2_2_6,First,70.3
8197,1049-50,1_1_5,First,76.9
8201,1049-50,3_2_2,2:2,52.2
8219,1049-50,2_4_12,2:1,65.1
8229,1049-50,2_2_3,2:1,63.0
8230,1049-50,3_2_2,2:1,66.2
8231,1049-50,2_2_2,2:1,66.8
8234,1049-50,1_1_1,2:1,62.8
8239,1049-50,2_4_11,2:1,64.8
8244,1049-50,4_2_12,2:2,53.7
8249,1049-50,2_4_10,First,72.8
8251,1049-50,2_4_12,2:2,59.9
8253,1049-50,2_4_12,2:2,52.0
8257,1049-50,1_1_4,2:1,61.6
8258,1049-50,2_2_6,2:2,59.4
8260,1049-50,2_3_9,2:1,65.8
8266,1049-50,1_1_1,First,70.6
8271,1049-50,2_2_5,2:1,62.1
8276,1049-50,1_1_1,2:1,67.7
8278,1049-50,1_1_1,2:2,57.4
8280,1049-50,2_4_12,2:1,62.0
8290,1049-50,2_4_10,First,73.8
8292,1049-50,2_2_4,2:2,56.6
8293,1049-50,2_2_4,2:2,52.8
8304,1049-50,2_2_4,2:1,63.8
8306,1049-50,1_1_3,2:1,66.2
8308,1049-50,1_1_2,2:1,60.9
8311,1049-50,4_2_12,2:2,58.0
8318,1049-50,2_1_1,2:2,57.7
8322,1049-50,2_2_3,2:1,68.0
8326,1049-50,2_2_6,2:1,68.6
8330,1049-50,2_4_12,2:2,57.9
8334,1049-50,2_2_4,First,71.7
8336,1049-50,3_2_2,Third,48.0
8341,1049-50,4_2_12,First,73.0
8343,1049-50,2_4_10,2:2,58.1
8344,1049-50,1_1_3,2:2,57.6
8353,1049-50,1_1_2,2:1,69.2
8356,1049-50,2_4_11,First,70.6
8357,1049-50,3_1_1,2:1,61.1
8362,1049-50,2_2_6,2:2,59.8
8368,1049-50,2_4_12,2:2,59.0
8370,1049-50,1_1_1,2:2,59.0
8373,1049-50,4_2_12,2:1,69.3
8379,1049-50,2_3_9,2:1,67.7
8388,1049-50,2_4_12,2:1,62.4
8390,1049-50,2_4_11,2:2,51.0
8392,1049-50,2_3_8,2:1,63.1
8396,1049-50,2_2_4,2:2,52.9
8402,1049-50,1_1_3,2:2,55.0
8404,1049-50,2_2_6,2:2,59.9
8407,1049-50,1_2_1,2:1,60.4
8410,1049-50,1_1_3,2:1,60.3
8415,1049-50,4_2_12,2:1,64.2
8416,1049-50,2_2_3,2:1,63.5
8417,1049-50,2_4_10,2:2,56.2
8418,1049-50,4_2_12,Third,46.8
8419,1049-50,2_3_7,2:1,64.3
8429,1049-50,2_3_8,2:1,69.6
8434,1049-50,2_4_10,Third,48.9
8436,1049-50,1_2_1,2:2,51.2
8439,1049-50,2_2_3,2:2,59.2
8443,1049-50,2_2_3,First,74.0
8444,1049-50,2_3_9,2:1,64.4
8448,1049-50,4_2_12,First,70.7
8451,1049-50,3_2_2,First,74.8
8463,1049-50,2_3_7,Third,49.7
8469,1049-50,2_3_8,2:2,55.5
8473,1049-50,1_1_5,2:2,56.4
8477,1049-50,4_2_12,2:2,51.8
8478,1049-50,3_1_1,2:1,67.1
8479,1049-50,2_2_3,Third,49.3
8483,1049-50,2_2_6,2:1,66.2
8484,1049-50,1_1_5,2:2,55.6
8489,1049-50,1_2_1,2:2,51.8
850,1049-50,2_4_10,Third,48.4
8504,1049-50,1_1_4,2:2,56.9
8509,1049-50,2_3_9,2:1,66.8
8511,1049-50,1_1_4,2:1,68.6
8515,1049-50,2_2_3,2:1,63.4
8521,1049-50,2_2_6,2:1,66.7
8524,1049-50,2_3_8,2:2,52.9
8539,1049-50,3_2_2,2:1,64.9
8540,1049-50,2_4_10,2:1,67.9
8542,1049-50,4_2_12,Third,49.7
8544,1049-50,2_2_6,2:1,61.5
8550,1049-50,2_1_1,First,70.5
8551,1049-50,3_2_2,2:1,66.7
8557,1049-50,2_4_12,2:1,67.5
8559,1049-50,4_2_12,2:2,56.9
856,1049-50,2_2_2,2:2,53.6
8562,1049-50,2_2_3,2:2,50.1
8568,1049-50,2_2_2,2:1,63.3
8571,1049-50,2_2_5,2:2,56.7
8585,1049-50,1_2_1,2:2,58.8
8597,1049-50,2_3_8,2:1,61.5
8602,1049-50,2_4_10,2:1,69.3
8603,1049-50,2_4_12,2:2,52.3
8606,1049-50,2_3_7,2:1,68.6
8610,1049-50,2_2_3,2:2,54.7
8612,1049-50,2_2_6,2:2,52.7
8613,1049-50,1_1_3,2:2,58.6
8617,1049-50,1_1_1,2:1,63.3
8626,1049-50,2_2_6,2:1,66.6
8631,1049-50,1_1_1,2:1,64.7
8637,1049-50,2_2_4,2:2,52.6
8640,1049-50,3_2_2,2:1,69.4
8650,1049-50,1_1_3,2:2,54.5
8653,1049-50,4_2_12,2:2,58.4
8657,1049-50,1_1_5,2:2,58.7
8658,1049-50,2_2_2,2:1,63.8
8663,1049-50,2_1_1,2:2,59.0
8664,1049-50,2_4_10,2:2,57.6
8665,1049-50,1_2_1,2:1,61.8
8671,1049-50,1_1_1,2:2,56.7
8672,1049-50,4_2_12,Third,45.4
8673,1049-50,2_2_2,2:1,60.9
8681,1049-50,2_2_6,2:1,67.0
8694,1049-50,2_2_5,First,74.5
8695,1049-50,2_2_2,2:1,63.6
8696,1049-50,2_1_1,2:1,63.2
8707,1049-50,1_1_2,2:2,55.3
8709,1049-50,1_1_4,First,70.7
8711,1049-50,4_2_12,Third,45.3
8719,1049-50,4_2_12,2:2,59.4
8721,1049-50,1_1_5,2:2,59.6
8722,1049-50,3_1_1,2:1,69.3
8729,1049-50,4_2_12,2:1,68.4
8731,1049-50,2_1_1,2:1,67.0
8745,1049-50,1_1_3,2:1,63.6
8748,1049-50,2_3_8,2:1,60.7
8759,1049-50,2_3_7,First,70.6
8760,1049-50,2_4_11,Third,49.1
8761,1049-50,2_1_1,2:1,63.1
8763,1049-50,4_2_12,2:2,56.0
8764,1049-50,3_1_1,2:2,56.3
8766,1049-50,2_2_4,2:2,57.9
877,1049-50,2_4_10,2:1,62.9
8776,1049-50,2_3_9,2:1,60.4
8779,1049-50,1_1_5,2:1,63.2
8781,1049-50,1_2_1,2:2,54.5
8782,1049-50,2_2_4,2:2,59.3
8783,1049-50,3_1_1,2:1,69.6
8788,1049-50,1_1_2,First,71.0
8796,1049-50,2_2_4,2:1,64.0
8808,1049-50,4_2_12,2:1,68.9
8822,1049-50,1_1_5,First,75.0
8823,1049-50,3_2_2,First,71.7
8828,1049-50,4_2_12,First,77.6
8829,1049-50,2_3_8,2:1,62.5
8830,1049-50,1_1_2,2:2,58.0
8831,1049-50,2_2_3,2:1,69.3
8838,1049-50,2_2_5,First,71.4
8839,1049-50,2_3_9,2:1,68.9
8840,1049-50,4_2_12,First,81.1
8841,1049-50,1_1_4,2:2,50.5
8843,1049-50,2_3_7,2:2,55.3
8845,1049-50,2_3_9,2:2,58.9
8855,1049-50,1_2_1,2:2,50.2
8863,1049-50,2_2_2,First,75.5
8869,1049-50,1_1_1,First,76.4
8872,1049-50,1_1_4,2:2,57.9
8873,1049-50,2_2_5,2:1,68.5
8875,1049-50,3_2_2,2:1,60.9
8876,1049-50,1_2_1,2:1,60.0
8890,1049-50,4_2_12,2:1,67.9
8891,1049-50,2_4_12,2:1,69.5
8892,1049-50,1_1_1,2:2,56.7
8893,1049-50,3_2_2,2:1,63.6
8895,1049-50,3_2_2,2:1,69.6
8904,1049-50,2_3_7,2:1,66.1
8913,1049-50,2_4_12,2:1,64.4
8917,1049-50,2_1_1,2:1,67.8
8918,1049-50,2_4_12,2:1,60.2
8922,1049-50,4_2_12,2:2,56.0
8927,1049-50,2_1_1,2:2,58.4
8929,1049-50,2_4_11,2:1,63.5
8932,1049-50,2_3_8,First,72.1
8935,1049-50,2_3_7,2:2,51.9
8939,1049-50,1_1_1,2:1,69.6
8942,1049-50,1_1_1,2:2,54.0
8944,1049-50,1_1_5,2:2,53.8
8946,1049-50,1_2_1,2:2,55.0
8948,1049-50,4_2_12,2:1,61.0
8951,1049-50,1_1_3,2:2,55.1
8966,1049-50,2_1_1,2:2,56.1
8968,1049-50,2_3_8,2:2,56.7
8973,1049-50,2_3_8,First,71.5
8977,1049-50,3_2_2,2:1,60.7
898,1049-50,2_2_3,2:2,50.8
8990,1049-50,2_3_8,2:1,65.7
9000,1049-50,2_1_1,2:2,58.6
9002,1049-50,2_2_2,2:1,66.1
9005,1049-50,2_2_5,First,71.9
9007,1049-50,2_3_7,2:1,69.4
9009,1049-50,1_1_2,2:1,68.5
9012,1049-50,2_3_7,2:1,69.6
9019,1049-50,2_3_8,First,72.3
9021,1049-50,2_2_3,2:2,59.4
9027,1049-50,2_3_7,2:1,66.6
9034,1049-50,4_2_12,2:1,66.5
9036,1049-50,1_1_5,2:1,62.8
9038,1049-50,1_1_2,First,70.2
9040,1049-50,1_2_1,2:1,65.1
9043,1049-50,3_1_1,2:2,58.6
9045,1049-50,2_3_8,2:1,60.8
9048,1049-50,2_4_11,2:1,65.8
9065,1049-50,4_2_12,Third,46.6
9073,1049-50,2_2_3,2:1,68.9
9076,1049-50,4_2_12,2:1,63.6
9089,1049-50,2_1_1,2:2,55.3
9095,1049-50,2_2_6,2:1,64.8
9096,1049-50,2_2_5,2:1,64.6
9101,1049-50,2_3_8,First,72.2
9106,1049-50,2_2_2,2:2,56.3
9107,1049-50,2_4_12,First,70.7
9117,1049-50,1_1_5,First,71.7
9129,1049-50,1_1_1,2:1,61.1
9130,1049-50,1_1_4,2:2,55.4
9132,1049-50,3_2_2,2:2,56.4
9142,1049-50,1_1_2,2:2,54.9
9145,1049-50,3_2_2,2:1,63.0
9155,1049-50,2_4_12,2:1,61.7
9158,1049-50,1_1_4,2:1,66.2
9162,1049-50,2_1_1,2:2,50.8
9163,1049-50,2_3_8,2:1,67.6
9174,1049-50,2_4_11,2:1,68.9
9185,1049-50,1_1_3,2:1,65.9
9187,1049-50,2_4_12,2:1,65.3
9188,1049-50,2_3_7,2:1,66.1
9198,1049-50,4_2_12,2:1,60.3
9199,1049-50,3_2_2,2:1,61.2
9205,1049-50,2_2_4,First,72.3
9213,1049-50,1_1_4,2:2,57.6
9224,1049-50,2_1_1,First,71.6
9233,1049-50,1_1_3,First,70.2
9234,1049-50,4_2_12,First,76.5
9239,1049-50,1_1_4,2:1,65.7
9241,1049-50,2_2_5,2:1,63.6
9245,1049-50,2_2_5,2:2,58.2
9253,1049-50,2_4_11,2:1,69.8
9255,1049-50,2_2_4,2:2,59.5
9258,1049-50,4_2_12,2:2,54.3
9263,1049-50,4_2_12,First,75.7
9265,1049-50,2_4_10,First,72.1
9282,1049-50,1_2_1,2:1,60.7
9288,1049-50,4_2_12,2:1,66.0
9290,1049-50,2_3_7,2:2,51.4
9295,1049-50,4_2_12,2:1,64.0
9298,1049-50,2_2_4,2:1,65.4
9304,1049-50,1_1_2,2:2,51.4
9305,1049-50,2_3_7,2:2,58.6
9310,1049-50,3_2_2,First,72.4
9328,1049-50,1_1_4,2:1,67.0
9330,1049-50,1_1_1,2:1,63.5
9331,1049-50,2_2_2,Third,49.5
9338,1049-50,2_1_1,2:2,56.0
9342,1049-50,2_4_12,2:2,59.8
9351,1049-50,3_1_1,2:1,60.3
9356,1049-50,1_1_3,2:2,53.3
9358,1049-50,1_1_1,2:1,61.0
9361,1049-50,2_2_2,2:2,55.2
9369,1049-50,2_2_2,2:2,59.8
9388,1049-50,4_2_12,First,72.8
9394,1049-50,2_1_1,2:1,66.2
9399,1049-50,2_2_5,2:1,64.3
9410,1049-50,4_2_12,2:2,58.6
9412,1049-50,1_2_1,2:2,57.3
9414,1049-50,2_2_5,2:2,53.4
9420,1049-50,2_2_3,2:1,63.0
9421,1049-50,3_2_2,Third,48.4
9424,1049-50,2_4_12,2:1,66.1
9429,1049-50,2_2_6,2:2,55.1
9433,1049-50,2_2_5,2:1,66.8
9450,1049-50,1_1_5,2:1,69.0
9452,1049-50,2_4_10,2:2,54.4
9457,1049-50,2_3_8,2:2,51.4
9459,1049-50,4_2_12,2:1,68.9
946,1049-50,1_1_3,2:2,57.2
9461,1049-50,2_3_8,2:2,56.2
9468,1049-50,2_2_3,Third,48.3
9472,1049-50,2_4_12,2:2,51.9
9479,1049-50,4_2_12,2:1,61.6
9483,1049-50,4_2_12,2:1,63.1
9484,1049-50,2_2_2,First,71.8
9486,1049-50,2_4_12,2:1,60.3
9487,1049-50,2_4_12,2:2,56.6
9488,1049-50,2_2_4,2:1,60.4
9492,1049-50,1_1_2,2:2,59.2
9494,1049-50,3_2_2,2:1,66.3
9496,1049-50,2_4_10,2:1,62.6
9502,1049-50,4_2_12,2:1,68.7
9504,1049-50,4_2_12,2:1,61.7
9506,1049-50,2_3_7,2:1,69.0
9526,1049-50,2_2_6,2:1,63.6
9532,1049-50,2_1_1,2:1,62.7
9534,1049-50,4_2_12,First,75.3
9541,1049-50,1_1_5,2:2,58.7
9545,1049-50,1_1_4,Third,49.9
9547,1049-50,3_1_1,2:1,64.6
9562,1049-50,4_2_12,2:2,59.3
9573,1049-50,2_4_11,2:1,66.9
9577,1049-50,2_2_6,2:2,52.5
9581,1049-50,4_2_12,2:1,63.0
9586,1049-50,2_1_1,2:2,53.1
9592,1049-50,2_4_12,2:2,57.8
9597,1049-50,1_1_3,First,78.9
9598,1049-50,3_2_2,2:2,58.8
9606,1049-50,2_2_2,2:1,62.4
9607,1049-50,4_2_12,First,73.4
9611,1049-50,2_4_12,2:2,50.3
9615,1049-50,2_2_5,2:1,64.3
9621,1049-50,1_1_1,2:1,63.9
9623,1049-50,2_2_3,2:1,65.8
9630,1049-50,3_2_2,2:2,56.9
9635,1049-50,2_2_2,2:1,63.4
9640,1049-50,1_1_2,First,70.5
9650,1049-50,2_1_1,2:2,55.2
9652,1049-50,1_1_1,2:2,59.2
9656,1049-50,2_2_5,2:2,53.2
9669,1049-50,2_3_9,2:1,60.5
9674,1049-50,2_4_12,2:2,50.0
9687,1049-50,4_2_12,2:2,57.9
9692,1049-50,2_2_3,2:1,67.7
9693,1049-50,2_3_8,2:2,55.1
9694,1049-50,2_2_6,First,74.7
9698,1049-50,2_3_8,2:2,56.2
9701,1049-50,4_2_12,Third,46.0
9717,1049-50,2_2_3,2:2,52.1
972,1049-50,1_1_2,Third,49.2
9720,1049-50,2_2_2,2:2,56.5
9731,1049-50,1_1_4,2:2,58.8
9734,1049-50,2_1_1,2:2,59.9
9735,1049-50,2_2_3,2:2,58.6
9740,1049-50,4_2_12,First,78.3
9756,1049-50,2_2_5,2:2,55.2
9759,1049-50,2_2_5,2:2,55.3
9760,1049-50,2_4_10,2:1,62.0
9771,1049-50,1_2_1,2:1,68.6
9778,1049-50,2_2_3,2:2,58.3
9782,1049-50,1_2_1,2:1,65.2
9785,1049-50,4_2_12,First,73.5
9792,1049-50,2_4_12,First,70.5
9796,1049-50,2_4_11,2:2,53.4
9798,1049-50,2_1_1,2:2,52.7
9799,1049-50,2_4_12,2:1,60.6
9812,1049-50,1_1_3,2:1,67.7
9815,1049-50,2_1_1,2:2,55.1
9816,1049-50,4_2_12,2:2,57.1
9818,1049-50,2_3_8,2:2,54.6
9828,1049-50,2_4_11,2:1,63.6
9829,1049-50,4_2_12,2:1,63.8
9832,1049-50,3_1_1,2:2,55.9
9834,1049-50,1_1_1,First,70.5
9835,1049-50,2_4_10,Third,49.1
9839,1049-50,2_3_7,2:1,62.4
9849,1049-50,1_1_3,2:1,67.3
9854,1049-50,1_1_4,First,72.6
9855,1049-50,2_3_8,2:1,63.7
9858,1049-50,2_4_12,2:2,52.5
9860,1049-50,1_1_3,2:2,56.2
9863,1049-50,2_1_1,2:2,56.5
9865,1049-50,1_1_4,2:1,67.5
9867,1049-50,4_2_12,2:1,60.8
9868,1049-50,2_2_4,2:2,55.3
9875,1049-50,1_2_1,2:1,62.3
9876,1049-50,2_2_4,2:1,69.2
9880,1049-50,2_3_7,2:1,62.1
9883,1049-50,2_3_7,2:2,58.3
9892,1049-50,2_2_4,2:1,64.7
9896,1049-50,2_3_7,2:1,63.0
9899,1049-50,2_2_6,2:2,51.9
9900,1049-50,2_2_5,2:1,63.2
9906,1049-50,2_2_4,2:2,59.0
9914,1049-50,1_1_3,2:2,58.4
9923,1049-50,2_4_12,First,73.4
9925,1049-50,2_2_4,2:1,64.1
9926,1049-50,2_2_5,2:1,64.6
9929,1049-50,1_1_2,2:1,66.9
9932,1049-50,1_1_5,2:1,64.8
9936,1049-50,1_1_1,2:1,63.8
9942,1049-50,2_2_2,2:2,57.7
9947,1049-50,2_3_8,2:1,63.9
9950,1049-50,1_1_1,2:2,54.2
9957,1049-50,1_1_3,2:1,68.2
9962,1049-50,4_2_12,2:1,66.6
9963,1049-50,2_2_4,2:1,60.4
9964,1049-50,2_2_6,2:1,62.2
9968,1049-50,2_2_5,2:1,68.1
9975,1049-50,2_2_2,2:1,68.2
998,1049-50,3_1_1,2:2,51.2
9980,1049-50,2_1_1,2:1,64.3
9982,1049-50,4_2_12,2:1,64.4
9986,1049-50,4_2_12,First,79.5
9991,1049-50,3_1_1,First,71.2
10001,1050-51,3_1_1,2:1,61.5
10007,1050-51,2_3_7,2:2,58.6
10010,1050-51,4_2_12,2:1,65.8
10011,1050-51,1_1_3,2:2,53.5
10014,1050-51,2_3_8,2:2,58.5
10015,1050-51,4_2_12,First,70.5
10018,1050-51,2_3_9,First,72.0
10024,1050-51,2_3_7,2:1,67.5
10026,1050-51,4_2_12,2:1,67.2
10032,1050-51,1_1_1,2:1,64.6
10039,1050-51,1_1_3,2:1,67.1
10044,1050-51,1_2_1,2:2,52.5
10046,1050-51,4_2_12,2:1,63.6
10051,1050-51,3_2_2,Third,49.4
10059,1050-51,1_1_5,2:1,64.5
10063,1050-51,2_2_2,2:1,67.1
10072,1050-51,2_2_3,2:1,60.3
10077,1050-51,1_2_1,2:1,63.2
10082,1050-51,1_1_2,First,72.4
10087,1050-51,4_2_12,2:1,61.8
10089,1050-51,1_1_2,2:1,65.9
10096,1050-51,4_2_12,2:1,61.8
10100,1050-51,2_2_6,2:1,64.0
10102,1050-51,2_3_8,2:1,67.6
10105,1050-51,4_2_12,2:1,60.1
10121,1050-51,4_2_12,2:2,54.3
10134,1050-51,1_1_1,First,71.6
10141,1050-51,2_2_5,First,70.6
10144,1050-51,2_4_12,2:1,68.7
10146,1050-51,2_3_8,2:1,69.5
10148,1050-51,2_2_4,2:1,63.7
10157,1050-51,2_2_6,2:1,67.2
10161,1050-51,2_3_8,2:1,68.4
10169,1050-51,1_1_3,2:2,59.5
10171,1050-51,2_4_10,2:1,64.2
10172,1050-51,2_2_3,First,70.1
10177,1050-51,1_1_3,Third,47.8
10180,1050-51,1_1_3,2:1,69.7
10182,1050-51,2_2_6,2:2,55.7
10184,1050-51,2_4_10,2:1,66.5
10193,1050-51,2_2_6,2:1,66.2
10197,1050-51,2_4_11,2:1,68.7
10202,1050-51,1_1_3,First,70.8
10206,1050-51,1_2_1,2:1,66.9
10227,1050-51,2_3_8,2:1,65.1
10228,1050-51,3_2_2,First,72.3
10232,1050-51,3_1_1,2:1,67.5
10234,1050-51,2_2_6,2:1,66.6
10239,1050-51,3_1_1,2:2,54.9
10240,1050-51,2_2_4,2:2,59.6
10242,1050-51,2_2_4,2:2,59.2
10246,1050-51,2_4_12,2:1,64.6
10247,1050-51,3_2_2,2:1,67.8
10252,1050-51,1_1_5,2:2,53.6
10256,1050-51,1_1_1,2:1,64.6
10261,1050-51,2_4_10,2:2,52.3
10266,1050-51,2_2_2,2:2,57.5
10268,1050-51,1_2_1,2:1,61.3
10275,1050-51,2_3_9,2:2,58.3
10279,1050-51,1_2_1,2:1,60.6
10294,1050-51,1_1_5,2:1,62.7
10302,1050-51,2_4_12,2:1,64.5
10320,1050-51,1_2_1,2:1,66.5
10324,1050-51,1_2_1,2:2,51.5
10326,1050-51,1_2_1,2:2,52.2
10330,1050-51,2_2_5,First,71.2
10336,1050-51,4_2_12,2:1,67.9
10341,1050-51,2_3_7,First,74.4
10347,1050-51,2_4_12,2:2,58.1
10353,1050-51,4_2_12,2:2,58.4
10354,1050-51,1_1_2,2:2,53.5
10357,1050-51,2_3_8,2:1,67.3
10360,1050-51,2_3_8,2:1,68.0
10366,1050-51,1_2_1,2:1,68.1
10372,1050-51,2_3_8,First,73.8
10376,1050-51,1_1_2,2:2,53.7
10388,1050-51,4_2_12,2:1,62.6
10398,1050-51,1_1_2,2:1,64.2
10413,1050-51,2_1_1,2:1,68.4
10414,1050-51,2_1_1,2:1,66.2
10415,1050-51,1_1_3,Third,48.8
10423,1050-51,2_3_8,2:1,61.4
10424,1050-51,2_3_9,2:2,59.4
10426,1050-51,4_2_12,2:2,55.6
10430,1050-51,2_2_6,2:2,58.2
10432,1050-51,2_2_3,2:1,69.5
10433,1050-51,1_1_2,2:1,67.9
10438,1050-51,2_4_12,2:2,53.2
10439,1050-51,2_2_6,2:2,59.5
10440,1050-51,2_2_3,2:1,60.9
10442,1050-51,2_1_1,2:1,63.5
10444,1050-51,1_1_3,First,72.1
10445,1050-51,2_4_12,2:2,56.2
10454,1050-51,3_2_2,2:1,69.6
10467,1050-51,2_4_11,2:2,59.4
10468,1050-51,2_2_4,First,74.6
10481,1050-51,1_1_2,2:2,51.2
10482,1050-51,2_1_1,2:2,58.8
10503,1050-51,3_2_2,2:1,60.2
10505,1050-51,2_2_6,2:1,61.5
1051,1050-51,3_1_1,2:2,50.8
10524,1050-51,1_1_2,Third,47.9
10533,1050-51,2_2_2,2:1,69.4
10534,1050-51,2_4_12,2:1,65.4
10538,1050-51,2_3_8,2:1,69.1
10542,1050-51,2_3_8,2:1,62.0
10551,1050-51,1_2_1,2:2,57.8
10558,1050-51,4_2_12,2:1,67.7
10559,1050-51,2_4_12,2:2,53.7
10564,1050-51,2_2_4,2:1,63.1
10567,1050-51,1_1_2,2:2,54.0
10568,1050-51,1_2_1,2:2,56.2
10575,1050-51,4_2_12,2:1,63.7
10577,1050-51,3_1_1,2:2,55.4
10580,1050-51,1_2_1,2:2,56.4
10581,1050-51,2_4_12,First,70.6
10592,1050-51,1_1_2,2:2,57.7
10595,1050-51,1_1_4,First,75.4
10597,1050-51,3_1_1,2:2,56.9
10608,1050-51,2_2_2,Third,49.6
10610,1050-51,2_4_10,2:2,58.0
10613,1050-51,2_2_2,2:1,63.9
10615,1050-51,2_4_10,2:1,61.8
10622,1050-51,2_3_8,First,70.7
10635,1050-51,2_3_8,2:1,67.1
10639,1050-51,2_1_1,2:2,55.8
10641,1050-51,4_2_12,2:1,67.6
10651,1050-51,1_2_1,2:2,59.8
10673,1050-51,4_2_12,First,70.9
10676,1050-51,2_3_9,2:2,57.3
10680,1050-51,1_1_3,2:1,62.0
10691,1050-51,1_2_1,2:1,64.3
10692,1050-51,2_2_5,2:1,64.9
10694,1050-51,2_1_1,First,71.2
10696,1050-51,2_3_7,First,70.2
10701,1050-51,2_3_7,First,70.1
10718,1050-51,1_1_5,2:2,57.0
10722,1050-51,1_1_5,First,73.3
10724,1050-51,2_2_5,2:1,66.4
10729,1050-51,2_4_11,2:1,62.4
10730,1050-51,2_2_3,2:2,56.9
10732,1050-51,1_2_1,2:1,70.0
10741,1050-51,2_3_8,2:1,63.7
10742,1050-51,2_3_9,2:2,53.7
10745,1050-51,2_1_1,2:1,60.1
10746,1050-51,2_4_12,Third,46.8
10747,1050-51,2_3_8,2:2,55.5
10758,1050-51,2_4_10,First,78.2
10761,1050-51,1_1_3,2:1,68.1
10773,1050-51,3_2_2,2:1,63.4
10776,1050-51,2_3_8,2:2,58.6
10778,1050-51,3_2_2,2:2,51.7
10780,1050-51,1_1_5,First,70.1
10786,1050-51,2_2_4,2:1,65.8
10787,1050-51,2_3_7,2:1,68.7
10796,1050-51,2_2_2,2:1,65.0
10799,1050-51,2_2_4,2:1,62.0
10810,1050-51,1_1_3,2:1,65.1
10827,1050-51,1_1_3,Third,50.0
10841,1050-51,2_4_11,2:1,69.6
10842,1050-51,2_2_3,2:2,59.5
10851,1050-51,2_1_1,First,72.4
10852,1050-51,2_4_12,2:1,60.9
10855,1050-51,2_3_7,2:2,55.8
10861,1050-51,2_3_7,Third,48.6
10863,1050-51,1_1_2,2:1,65.7
10872,1050-51,2_1_1,2:1,66.3
10882,1050-51,3_2_2,2:1,60.8
10883,1050-51,2_2_5,2:2,50.5
10885,1050-51,3_2_2,2:1,62.9
10887,1050-51,2_4_12,2:2,54.8
10888,1050-51,3_2_2,2:2,53.2
10890,1050-51,2_4_10,First,73.1
10893,1050-51,2_4_10,2:1,69.3
10896,1050-51,1_1_4,2:1,62.7
10901,1050-51,4_2_12,Third,49.7
10912,1050-51,2_2_2,2:1,61.5
10916,1050-51,2_2_3,2:2,51.2
10921,1050-51,3_2_2,2:1,69.8
10933,1050-51,2_4_10,2:2,56.8
10938,1050-51,2_2_2,2:1,65.1
10943,1050-51,1_1_3,2:1,62.2
10944,1050-51,1_1_3,First,73.3
10948,1050-51,3_1_1,2:1,63.8
10952,1050-51,2_2_3,First,77.8
10953,1050-51,2_4_12,2:2,59.4
10965,1050-51,2_2_3,2:1,61.3
10966,1050-51,1_1_3,2:1,63.4
10967,1050-51,2_4_11,2:1,67.2
10969,1050-51,2_4_12,2:1,69.4
10970,1050-51,2_4_12,2:1,61.2
10975,1050-51,2_2_3,2:1,69.0
10978,1050-51,1_1_3,2:1,66.5
10979,1050-51,2_3_7,2:1,68.3
10983,1050-51,2_3_7,2:1,62.8
10987,1050-51,2_3_8,2:1,62.1
10991,1050-51,2_1_1,First,76.4
10993,1050-51,2_4_12,2:1,69.8
10999,1050-51,4_2_12,Third,49.5
11001,1050-51,2_2_2,2:1,63.7
11002,1050-51,1_1_2,2:1,68.6
11013,1050-51,1_1_5,2:2,53.9
11015,1050-51,2_2_2,2:1,65.2
11017,1050-51,2_3_8,2:1,61.9
11022,1050-51,2_2_4,2:2,53.8
11027,1050-51,2_3_8,2:2,58.6
11042,1050-51,4_2_12,2:1,60.4
11045,1050-51,2_3_8,2:2,53.8
11046,1050-51,2_4_12,First,70.5
11048,1050-51,2_2_5,First,70.1
11053,1050-51,2_2_2,2:2,58.4
11055,1050-51,2_2_2,Third,49.0
11058,1050-51,2_4_12,2:1,66.9
11061,1050-51,2_1_1,2:2,56.9
11067,1050-51,1_1_4,2:2,57.8
11070,1050-51,2_3_7,2:1,66.8
11074,1050-51,2_4_11,2:2,54.7
11089,1050-51,2_4_10,2:1,61.2
11099,1050-51,2_3_7,2:2,58.0
11103,1050-51,1_2_1,2:2,55.6
11106,1050-51,2_2_2,2:1,63.9
11107,1050-51,3_2_2,2:1,61.1
11108,1050-51,2_4_12,2:1,61.9
11111,1050-51,2_2_2,2:2,58.1
11112,1050-51,2_2_5,2:1,63.4
11114,1050-51,2_3_8,2:2,57.0
11126,1050-51,2_4_10,2:1,60.6
11128,1050-51,4_2_12,First,75.4
11139,1050-51,2_2_5,2:2,58.3
11144,1050-51,1_2_1,2:1,61.1
11146,1050-51,2_4_12,2:1,63.0
11149,1050-51,3_1_1,2:1,69.9
11151,1050-51,2_3_8,2:1,67.8
11161,1050-51,2_4_11,2:1,69.7
11167,1050-51,2_4_11,2:1,64.2
11177,1050-51,1_1_2,2:1,64.0
11179,1050-51,2_2_3,2:2,57.7
11185,1050-51,1_1_3,2:1,60.9
11186,1050-51,4_2_12,2:2,51.2
11190,1050-51,3_1_1,2:1,64.2
11196,1050-51,2_2_2,2:2,60.0
11197,1050-51,1_1_4,First,74.9
11207,1050-51,2_2_2,2:1,62.6
11209,1050-51,3_1_1,2:2,58.3
11216,1050-51,2_2_5,2:2,54.5
11219,1050-51,2_4_10,2:1,64.8
11225,1050-51,2_2_3,2:2,52.4
11227,1050-51,2_3_7,2:1,63.1
11233,1050-51,1_1_5,2:2,58.5
11243,1050-51,2_2_3,2:1,68.9
11245,1050-51,2_2_3,2:1,65.7
11249,1050-51,2_2_4,2:2,53.4
11253,1050-51,2_2_4,2:1,61.3
11254,1050-51,1_2_1,2:2,56.1
11261,1050-51,2_1_1,2:1,60.7
11275,1050-51,4_2_12,2:2,56.0
11277,1050-51,2_4_11,2:2,54.2
11279,1050-51,2_2_5,First,71.7
11285,1050-51,2_2_4,First,70.8
11290,1050-51,2_2_4,2:2,57.6
11292,1050-51,1_1_5,2:1,60.3
11293,1050-51,2_4_10,2:1,69.5
11294,1050-51,1_1_3,2:1,68.8
11295,1050-51,2_2_5,First,76.4
11296,1050-51,2_4_10,2:1,64.5
11298,1050-51,2_1_1,2:2,51.7
11302,1050-51,4_2_12,First,72.8
11311,1050-51,2_2_3,2:2,57.8
11314,1050-51,1_1_4,2:2,59.2
11317,1050-51,2_4_11,2:1,60.3
11325,1050-51,1_1_1,2:1,67.7
11331,1050-51,2_4_11,2:1,65.9
11336,1050-51,2_4_10,2:1,67.4
11353,1050-51,1_1_2,First,72.5
11362,1050-51,2_3_8,2:1,65.8
11367,1050-51,1_1_5,2:1,61.0
11372,1050-51,2_3_8,2:1,67.8
11376,1050-51,2_2_2,2:1,60.6
11377,1050-51,2_2_3,2:1,60.3
11378,1050-51,2_4_12,2:2,51.7
11394,1050-51,1_2_1,2:1,66.2
11395,1050-51,2_4_12,2:2,59.9
11396,1050-51,2_3_8,2:1,61.5
11400,1050-51,2_3_7,2:2,50.2
11409,1050-51,2_3_8,2:2,54.0
11416,1050-51,2_2_2,2:2,57.6
11419,1050-51,1_1_2,First,73.3
11429,1050-51,2_1_1,Third,46.5
11434,1050-51,2_2_4,2:1,66.6
11435,1050-51,1_1_5,2:1,62.2
11440,1050-51,4_2_12,2:2,54.2
11444,1050-51,3_2_2,2:2,58.1
11447,1050-51,2_4_10,2:2,56.9
11452,1050-51,1_1_1,2:1,65.8
11460,1050-51,2_4_10,2:1,67.7
11464,1050-51,1_1_1,2:1,67.5
11475,1050-51,2_2_2,2:2,57.0
11477,1050-51,1_2_1,First,70.5
11483,1050-51,2_4_12,First,73.9
11484,1050-51,1_1_2,2:1,65.2
11492,1050-51,4_2_12,Third,43.8
11496,1050-51,2_4_12,2:1,66.9
11497,1050-51,2_4_12,2:1,60.5
11514,1050-51,2_1_1,2:2,56.9
11517,1050-51,2_3_8,2:2,55.9
11521,1050-51,2_3_8,2:2,58.1
11541,1050-51,1_1_3,2:2,54.0
11542,1050-51,2_2_5,2:1,66.6
11548,1050-51,1_1_1,First,71.2
11560,1050-51,2_2_4,First,71.9
11562,1050-51,2_1_1,2:1,62.3
11564,1050-51,2_3_9,2:2,59.3
11574,1050-51,4_2_12,Third,49.7
11579,1050-51,2_2_3,First,73.3
11580,1050-51,2_2_4,2:2,59.0
11581,1050-51,2_3_7,First,70.5
11585,1050-51,1_1_2,First,73.6
11586,1050-51,2_2_5,2:2,58.4
11593,1050-51,2_4_10,2:1,63.2
11595,1050-51,1_1_5,2:2,52.3
11599,1050-51,1_1_4,2:1,64.7
11601,1050-51,2_3_9,2:1,61.3
11609,1050-51,2_3_8,2:2,50.1
11610,1050-51,2_2_4,2:1,63.3
11618,1050-51,4_2_12,2:2,51.8
11623,1050-51,1_1_3,2:1,66.4
11633,1050-51,2_2_4,2:1,67.3
11634,1050-51,2_4_10,2:2,56.5
11636,1050-51,3_2_2,2:1,60.6
11648,1050-51,1_1_1,2:1,65.9
11649,1050-51,2_2_3,2:2,58.2
11658,1050-51,2_2_2,2:2,52.9
11662,1050-51,4_2_12,2:2,52.7
11667,1050-51,1_1_1,2:1,61.1
11668,1050-51,4_2_12,First,74.5
11674,1050-51,2_4_12,2:2,57.1
11679,1050-51,2_2_3,2:2,58.7
11682,1050-51,2_3_8,First,70.2
11687,1050-51,1_1_3,Third,47.9
11688,1050-51,2_2_6,2:2,50.8
11691,1050-51,1_2_1,2:1,63.2
11703,1050-51,2_3_8,2:2,56.9
11709,1050-51,3_2_2,2:1,65.0
11711,1050-51,2_3_8,2:1,67.7
11720,1050-51,2_3_7,2:2,53.7
11721,1050-51,1_1_2,2:2,57.7
11727,1050-51,1_1_3,2:1,64.5
11728,1050-51,2_3_8,First,71.9
11733,1050-51,2_3_8,2:2,53.3
11738,1050-51,1_1_3,2:2,57.3
11743,1050-51,2_3_7,2:2,58.9
11744,1050-51,2_4_11,First,71.1
11747,1050-51,2_2_2,2:2,52.4
11748,1050-51,2_4_10,2:1,64.0
11757,1050-51,4_2_12,2:1,60.4
11773,1050-51,2_4_12,2:2,59.2
11777,1050-51,2_3_7,Third,49.6
11780,1050-51,2_4_10,First,70.7
11781,1050-51,2_2_5,2:1,61.7
11790,1050-51,2_2_2,2:2,53.6
11798,1050-51,2_2_6,2:2,51.6
11803,1050-51,1_1_3,2:1,66.2
11810,1050-51,2_3_8,2:1,62.4
11820,1050-51,3_2_2,2:2,55.5
11823,1050-51,2_2_5,2:1,69.3
11827,1050-51,1_1_2,2:2,50.1
11839,1050-51,2_4_10,First,76.1
11848,1050-51,3_2_2,2:2,58.0
11856,1050-51,2_3_7,Third,48.3
11858,1050-51,2_2_4,2:1,61.2
11859,1050-51,2_4_12,2:1,61.3
11860,1050-51,2_1_1,2:2,58.5
11874,1050-51,1_2_1,2:2,54.4
11879,1050-51,2_2_5,2:1,62.0
11887,1050-51,1_1_2,2:1,61.8
11895,1050-51,2_1_1,2:1,66.6
11898,1050-51,1_1_2,2:2,54.5
11904,1050-51,1_1_5,2:1,69.8
11907,1050-51,3_2_2,2:2,59.9
11914,1050-51,3_2_2,2:1,69.2
11925,1050-51,2_2_2,2:2,53.2
11929,1050-51,1_1_2,2:2,53.3
11936,1050-51,3_1_1,2:2,54.7
11937,1050-51,3_2_2,Third,49.4
11939,1050-51,1_1_1,2:2,52.4
11949,1050-51,1_1_3,2:1,67.1
11958,1050-51,1_1_2,First,70.6
11963,1050-51,4_2_12,2:1,60.0
11966,1050-51,1_1_3,2:1,67.6
11975,1050-51,1_1_5,2:2,58.9
11978,1050-51,2_4_12,Third,49.7
11979,1050-51,2_3_7,2:2,52.6
11993,1050-51,2_1_1,2:2,56.0
11995,1050-51,1_1_4,2:1,64.2
11999,1050-51,2_2_2,First,74.9
12009,1050-51,2_4_10,2:1,67.5
12018,1050-51,1_1_3,2:1,61.1
12023,1050-51,2_2_2,2:2,58.0
12026,1050-51,2_2_3,2:2,53.9
12035,1050-51,1_1_4,2:2,59.4
12036,1050-51,4_2_12,First,77.1
12044,1050-51,1_1_3,2:1,67.7
12051,1050-51,1_2_1,2:1,62.1
12053,1050-51,1_1_2,2:1,65.4
12059,1050-51,2_2_3,2:2,59.1
12060,1050-51,2_3_7,2:2,57.7
12069,1050-51,2_2_4,2:2,59.0
12071,1050-51,2_4_12,2:1,61.2
12072,1050-51,2_4_10,2:1,65.7
12074,1050-51,2_4_12,2:1,66.5
12078,1050-51,2_2_2,2:2,57.9
12080,1050-51,2_3_8,2:1,62.6
12086,1050-51,2_2_4,First,71.0
12090,1050-51,2_3_8,2:2,54.1
12108,1050-51,2_2_6,2:1,62.6
12111,1050-51,2_3_8,2:1,69.6
12116,1050-51,2_3_9,First,75.4
12120,1050-51,2_3_7,2:2,54.4
12123,1050-51,4_2_12,2:1,61.9
12124,1050-51,4_2_12,First,70.6
12125,1050-51,2_2_6,2:1,63.7
12127,1050-51,2_3_8,2:2,57.9
12133,1050-51,2_2_3,2:1,67.7
12135,1050-51,2_2_5,2:1,66.7
12144,1050-51,1_2_1,2:2,59.8
12148,1050-51,2_3_9,2:2,59.0
12151,1050-51,1_1_3,Third,47.8
12153,1050-51,4_2_12,2:1,67.0
12154,1050-51,1_1_4,2:1,64.1
12155,1050-51,2_3_8,2:2,50.1
12165,1050-51,2_3_7,2:2,53.9
12166,1050-51,2_3_9,2:2,59.5
12173,1050-51,2_2_4,2:1,65.0
12179,1050-51,2_3_8,First,70.4
12180,1050-51,1_1_1,2:1,61.4
12183,1050-51,2_2_4,2:1,69.9
12185,1050-51,2_3_8,2:1,65.5
12186,1050-51,2_2_4,First,71.3
12189,1050-51,1_2_1,2:2,52.9
12190,1050-51,1_2_1,2:2,55.7
12202,1050-51,2_3_7,2:2,53.2
12207,1050-51,2_2_6,2:1,60.9
12211,1050-51,2_2_4,2:2,51.7
12214,1050-51,2_2_6,2:2,52.9
12219,1050-51,2_3_9,2:1,62.8
12220,1050-51,2_3_9,2:1,62.8
12227,1050-51,2_2_5,2:2,55.6
12230,1050-51,2_4_12,2:1,69.8
12236,1050-51,2_2_6,2:1,68.1
12244,1050-51,1_2_1,First,74.3
12254,1050-51,1_2_1,2:2,54.5
12263,1050-51,2_2_6,2:1,61.9
12272,1050-51,2_1_1,2:1,61.1
12273,1050-51,2_2_3,First,70.1
12275,1050-51,4_2_12,2:2,51.7
12277,1050-51,4_2_12,First,77.3
12278,1050-51,2_2_5,First,74.4
12286,1050-51,1_2_1,2:2,57.8
12287,1050-51,3_1_1,First,79.5
12305,1050-51,2_2_3,2:1,62.4
12314,1050-51,2_3_9,2:2,56.5
12321,1050-51,1_1_1,2:1,65.0
12324,1050-51,2_2_3,2:2,50.3
12334,1050-51,2_3_7,2:2,54.0
12336,1050-51,2_2_2,First,77.8
12337,1050-51,2_3_9,2:1,61.5
12343,1050-51,2_2_3,2:2,53.6
12345,1050-51,2_2_2,Third,49.2
12347,1050-51,1_1_2,2:2,53.4
12350,1050-51,1_1_3,2:2,59.1
12358,1050-51,2_3_8,2:2,59.2
12374,1050-51,2_4_10,2:2,58.9
12375,1050-51,2_2_5,2:1,61.6
12376,1050-51,3_2_2,2:1,65.2
12391,1050-51,1_1_1,2:1,65.5
12394,1050-51,4_2_12,First,75.6
12397,1050-51,1_2_1,2:2,54.3
12398,1050-51,1_2_1,Third,48.0
12403,1050-51,4_2_12,2:1,68.6
12412,1050-51,2_4_10,2:2,50.6
12418,1050-51,2_4_11,2:1,63.4
12422,1050-51,2_3_7,First,74.4
12431,1050-51,2_1_1,2:2,58.2
12436,1050-51,2_2_5,2:2,50.4
12445,1050-51,2_3_8,2:2,58.1
12450,1050-51,2_2_2,2:1,67.3
12452,1050-51,1_1_1,First,70.8
12458,1050-51,2_2_3,2:2,53.8
12460,1050-51,1_2_1,2:2,53.4
12463,1050-51,2_4_12,2:2,59.4
12464,1050-51,4_2_12,First,77.0
12470,1050-51,2_4_11,First,74.3
12473,1050-51,1_1_3,2:1,63.2
12476,1050-51,1_1_1,2:2,52.5
12479,1050-51,2_3_8,2:1,63.2
12481,1050-51,2_2_2,2:2,59.9
12482,1050-51,2_2_3,First,70.8
12489,1050-51,2_2_4,2:2,54.5
12495,1050-51,2_4_12,2:1,69.1
12505,1050-51,2_4_10,2:2,60.0
12511,1050-51,1_1_3,2:1,61.2
12513,1050-51,4_2_12,2:2,59.3
12516,1050-51,2_4_10,2:1,66.1
12525,1050-51,2_2_5,First,70.2
12526,1050-51,2_2_5,2:2,52.4
12527,1050-51,2_2_5,First,72.5
12528,1050-51,3_2_2,2:2,55.8
12529,1050-51,2_2_4,2:1,64.3
12543,1050-51,3_1_1,2:1,60.4
12545,1050-51,2_3_8,2:1,61.5
12547,1050-51,1_1_4,2:1,69.0
12558,1050-51,1_2_1,2:2,57.2
12559,1050-51,1_1_4,2:2,55.0
12561,1050-51,2_4_12,2:1,68.5
12567,1050-51,2_2_2,2:1,69.4
12575,1050-51,1_1_1,2:1,61.4
12577,1050-51,1_1_3,First,72.2
12585,1050-51,1_2_1,2:1,69.0
12589,1050-51,2_4_12,2:2,59.6
12593,1050-51,4_2_12,Third,47.1
12595,1050-51,1_2_1,2:2,59.2
12601,1050-51,1_1_2,2:2,55.8
12603,1050-51,2_2_4,2:1,61.2
12608,1050-51,2_2_5,First,70.2
12610,1050-51,2_4_11,2:1,69.7
12617,1050-51,1_1_2,2:1,64.5
12621,1050-51,2_3_9,First,75.5
12622,1050-51,2_4_12,2:2,58.7
12632,1050-51,1_2_1,First,72.9
12634,1050-51,2_2_3,2:1,68.3
12637,1050-51,2_1_1,2:1,67.2
12639,1050-51,2_3_8,2:1,65.5
12643,1050-51,2_1_1,2:1,66.0
12645,1050-51,2_2_3,2:2,50.5
12652,1050-51,1_2_1,2:1,69.2
12653,1050-51,2_2_2,2:1,61.1
12664,1050-51,2_3_8,2:1,67.7
12672,1050-51,2_2_3,2:2,51.8
12676,1050-51,2_2_4,2:2,54.5
12685,1050-51,2_3_8,2:1,67.7
12694,1050-51,2_4_12,2:2,59.5
12707,1050-51,1_1_5,2:1,66.9
12708,1050-51,2_4_10,2:1,67.2
12713,1050-51,2_2_6,2:2,54.3
12722,1050-51,2_3_7,2:2,58.6
12723,1050-51,3_1_1,2:2,52.2
12724,1050-51,2_4_11,2:1,62.8
12729,1050-51,2_2_2,2:1,67.3
12732,1050-51,3_1_1,2:2,51.0
12740,1050-51,1_1_4,2:2,55.7
12746,1050-51,1_2_1,2:1,67.1
12756,1050-51,2_4_12,2:2,54.3
12757,1050-51,2_4_12,2:2,54.8
12760,1050-51,1_1_1,2:1,64.8
12773,1050-51,1_1_5,2:2,52.5
12777,1050-51,3_2_2,2:1,63.2
12785,1050-51,1_1_4,2:1,64.4
12791,1050-51,1_1_3,2:2,59.8
12792,1050-51,2_2_4,2:1,64.0
12795,1050-51,1_1_3,2:1,61.7
12796,1050-51,4_2_12,First,70.2
12797,1050-51,2_4_12,2:2,52.7
12808,1050-51,2_4_10,2:1,62.7
12828,1050-51,1_1_5,2:1,64.8
12829,1050-51,2_2_3,2:1,64.0
12831,1050-51,2_1_1,2:1,67.8
1284,1050-51,2_3_8,2:2,53.9
12843,1050-51,2_2_6,2:2,57.4
12844,1050-51,1_1_1,First,70.5
12860,1050-51,2_2_2,2:1,64.1
12865,1050-51,2_2_4,2:1,61.6
12866,1050-51,4_2_12,2:1,66.8
12876,1050-51,1_1_5,2:2,50.3
12883,1050-51,2_2_2,2:2,52.1
12884,1050-51,2_3_7,2:1,68.9
12888,1050-51,2_2_6,2:1,60.3
12892,1050-51,2_3_7,First,70.0
12898,1050-51,1_1_2,2:1,64.4
12914,1050-51,1_2_1,2:1,68.1
12915,1050-51,2_1_1,2:2,58.7
12922,1050-51,1_1_5,2:2,59.6
12928,1050-51,2_3_7,2:1,60.2
12929,1050-51,3_1_1,2:2,58.1
12933,1050-51,1_1_3,2:1,68.4
12936,1050-51,2_2_6,First,75.9
12938,1050-51,2_3_7,2:1,65.6
12941,1050-51,2_3_9,2:2,53.9
12950,1050-51,3_2_2,2:1,69.1
12952,1050-51,2_4_11,2:1,65.9
12958,1050-51,2_3_7,2:2,52.9
12961,1050-51,2_2_3,First,71.7
12971,1050-51,2_2_3,First,73.1
12973,1050-51,2_4_12,2:1,68.2
12990,1050-51,2_2_2,2:1,64.3
12991,1050-51,1_1_1,2:2,52.1
12994,1050-51,2_4_12,2:2,51.8
12999,1050-51,1_1_1,2:1,66.2
13000,1050-51,2_4_12,2:1,61.7
13004,1050-51,2_4_11,2:2,59.4
13008,1050-51,2_2_3,2:1,61.8
13016,1050-51,2_2_3,2:1,60.8
13026,1050-51,2_1_1,2:2,51.9
13031,1050-51,2_2_3,2:2,59.0
13034,1050-51,2_3_8,2:2,56.9
13044,1050-51,1_1_3,2:2,56.3
13050,1050-51,1_1_1,2:2,53.0
13055,1050-51,1_1_2,First,71.4
13062,1050-51,1_1_1,2:2,51.8
13064,1050-51,2_2_5,2:1,67.1
13065,1050-51,2_2_2,2:1,60.6
13068,1050-51,2_4_12,2:1,60.5
13071,1050-51,2_3_7,2:2,58.4
13072,1050-51,2_1_1,2:1,69.3
13081,1050-51,2_1_1,2:2,53.2
13087,1050-51,1_1_4,2:1,63.8
13095,1050-51,2_2_5,2:2,55.4
13100,1050-51,1_1_3,2:1,66.4
13102,1050-51,2_2_5,2:2,59.8
13106,1050-51,3_1_1,2:1,63.5
13110,1050-51,2_2_4,2:2,53.5
13112,1050-51,2_2_3,First,71.1
13116,1050-51,4_2_12,First,74.6
13117,1050-51,4_2_12,2:2,59.3
13120,1050-51,4_2_12,2:2,57.1
13122,1050-51,2_1_1,2:2,59.8
13124,1050-51,2_2_5,2:1,64.7
13138,1050-51,2_4_10,2:1,61.7
13139,1050-51,2_3_8,2:1,65.1
13146,1050-51,2_2_6,2:1,68.4
13148,1050-51,2_3_8,2:2,57.5
13151,1050-51,2_3_9,2:1,66.2
13153,1050-51,4_2_12,Third,49.7
13162,1050-51,2_3_7,2:2,51.9
13178,1050-51,1_1_4,2:1,60.0
13179,1050-51,4_2_12,2:2,57.1
13189,1050-51,2_2_4,2:1,67.0
13194,1050-51,4_2_12,2:1,63.5
13195,1050-51,2_4_10,2:2,54.5
13196,1050-51,4_2_12,2:2,59.8
13204,1050-51,2_3_9,2:1,66.5
13208,1050-51,1_2_1,First,73.5
13212,1050-51,2_2_2,2:1,68.7
13214,1050-51,2_2_4,2:2,59.1
13221,1050-51,4_2_12,2:2,51.7
13224,1050-51,1_1_2,First,70.4
13226,1050-51,2_2_5,2:2,51.7
13228,1050-51,2_2_4,2:2,55.7
13230,1050-51,2_2_6,2:1,64.2
13234,1050-51,2_2_6,2:1,61.9
13238,1050-51,1_1_5,2:2,57.8
13249,1050-51,2_3_9,2:1,66.7
13258,1050-51,2_3_8,2:1,63.5
13266,1050-51,2_4_12,2:1,60.5
13276,1050-51,3_2_2,Third,48.0
13282,1050-51,1_1_2,2:2,57.9
13287,1050-51,1_1_4,2:1,65.0
13296,1050-51,2_4_10,2:2,56.2
13298,1050-51,2_3_7,2:2,53.8
13301,1050-51,3_2_2,2:1,60.3
13304,1050-51,1_1_4,2:2,59.1
13308,1050-51,2_2_4,First,72.3
13309,1050-51,1_2_1,2:1,67.6
13311,1050-51,2_3_9,2:1,60.3
13313,1050-51,2_3_9,2:2,59.9
13314,1050-51,2_1_1,2:1,68.6
13315,1050-51,2_1_1,2:2,54.7
13316,1050-51,1_1_2,2:2,58.4
13319,1050-51,3_2_2,2:1,63.4
13328,1050-51,2_4_12,2:1,66.7
13333,1050-51,2_2_6,2:1,69.7
13343,1050-51,2_1_1,First,70.0
13346,1050-51,2_4_12,2:1,62.9
13349,1050-51,1_1_1,First,74.8
13351,1050-51,2_3_8,2:2,59.9
13356,1050-51,2_2_3,2:2,53.2
13360,1050-51,2_2_5,2:2,58.7
13371,1050-51,2_3_9,2:2,55.4
13374,1050-51,2_2_4,2:1,64.4
13375,1050-51,2_1_1,2:1,68.9
13383,1050-51,1_1_3,2:1,61.6
13389,1050-51,1_2_1,Third,48.7
13393,1050-51,2_3_7,2:2,50.4
13394,1050-51,2_4_11,2:1,62.7
13395,1050-51,3_1_1,2:2,52.6
13412,1050-51,1_1_2,2:2,51.4
13415,1050-51,2_1_1,2:2,55.8
13416,1050-51,1_1_1,2:1,67.2
13420,1050-51,2_1_1,2:1,63.8
13430,1050-51,2_2_2,2:2,50.3
13450,1050-51,2_2_4,2:2,59.6
13453,1050-51,2_4_11,2:2,55.6
13454,1050-51,2_4_12,2:1,61.1
13458,1050-51,2_2_6,2:1,69.5
13460,1050-51,2_3_9,2:2,58.3
13464,1050-51,1_1_4,2:2,54.5
13470,1050-51,2_1_1,2:2,55.7
13475,1050-51,4_2_12,2:1,66.1
13478,1050-51,1_1_3,First,72.5
13482,1050-51,2_2_4,2:2,56.4
13483,1050-51,2_4_10,2:1,61.8
13485,1050-51,2_2_5,Third,47.5
13497,1050-51,3_2_2,2:1,60.5
13501,1050-51,3_2_2,2:2,59.9
13512,1050-51,2_3_7,First,73.5
13513,1050-51,2_2_2,Third,49.5
13518,1050-51,3_1_1,2:1,65.2
13521,1050-51,2_1_1,2:1,65.7
13527,1050-51,2_2_4,2:2,59.0
13530,1050-51,2_4_12,2:1,66.1
13553,1050-51,2_1_1,2:1,68.5
13560,1050-51,4_2_12,First,82.4
13567,1050-51,1_1_3,2:1,62.9
13570,1050-51,2_2_4,2:2,57.9
13574,1050-51,2_2_3,2:1,62.9
13581,1050-51,2_2_4,2:1,69.1
13586,1050-51,2_3_8,2:2,53.2
13590,1050-51,3_1_1,2:1,65.4
13605,1050-51,2_2_5,2:1,63.0
13619,1050-51,3_2_2,2:1,64.7
13627,1050-51,3_2_2,2:2,53.5
13628,1050-51,2_2_4,2:1,61.7
13629,1050-51,2_4_12,2:1,70.0
13631,1050-51,2_3_8,First,70.7
13637,1050-51,2_3_8,2:1,60.2
13641,1050-51,1_1_4,2:1,62.0
13643,1050-51,2_2_4,2:2,53.8
13652,1050-51,4_2_12,Third,46.4
13655,1050-51,2_2_3,First,73.2
13656,1050-51,2_3_7,2:2,50.1
13657,1050-51,2_1_1,2:1,69.0
13658,1050-51,2_3_8,2:2,58.5
13659,1050-51,3_2_2,2:1,67.2
13662,1050-51,2_3_9,2:1,61.2
13664,1050-51,2_2_2,2:1,61.1
13675,1050-51,2_2_3,2:1,62.7
13677,1050-51,4_2_12,First,72.4
13679,1050-51,4_2_12,2:1,60.5
13681,1050-51,4_2_12,First,71.7
13683,1050-51,4_2_12,2:1,64.5
13690,1050-51,1_1_5,First,71.1
13698,1050-51,2_3_9,2:2,51.4
13701,1050-51,2_2_2,2:2,53.7
13705,1050-51,2_3_8,First,70.2
13712,1050-51,2_3_8,2:2,51.7
13720,1050-51,1_1_1,2:1,61.3
13721,1050-51,4_2_12,2:2,58.7
13722,1050-51,3_1_1,2:1,62.6
13728,1050-51,2_3_7,2:1,64.6
13731,1050-51,2_3_7,2:2,50.1
13733,1050-51,1_1_4,2:1,60.5
13736,1050-51,1_1_4,2:2,54.2
13738,1050-51,2_2_3,2:1,66.9
13740,1050-51,1_1_1,2:2,59.9
13745,1050-51,2_2_2,2:1,62.2
13746,1050-51,2_2_5,2:1,66.6
13748,1050-51,2_2_6,2:1,67.3
13756,1050-51,4_2_12,2:2,59.7
13759,1050-51,1_1_1,First,72.2
13764,1050-51,1_1_3,2:1,66.2
13776,1050-51,2_3_7,2:1,68.3
13777,1050-51,2_2_2,2:2,53.9
13783,1050-51,2_2_3,2:1,61.7
13790,1050-51,1_1_2,2:1,60.8
13795,1050-51,2_3_8,2:2,56.5
13809,1050-51,2_2_5,2:1,69.8
13818,1050-51,1_1_2,2:2,55.7
13823,1050-51,2_3_9,2:2,59.0
13840,1050-51,2_1_1,2:2,57.5
13844,1050-51,2_3_7,2:2,58.1
13857,1050-51,3_2_2,2:2,52.8
13861,1050-51,2_1_1,2:1,69.0
13864,1050-51,2_4_12,2:2,59.1
13865,1050-51,4_2_12,2:2,58.8
13870,1050-51,3_2_2,2:2,56.2
13874,1050-51,1_1_2,2:2,53.5
13875,1050-51,4_2_12,2:2,50.2
13884,1050-51,2_2_5,2:2,55.4
13896,1050-51,2_2_2,2:2,53.1
13899,1050-51,2_2_3,First,72.1
13903,1050-51,2_4_12,2:1,61.1
13904,1050-51,2_2_3,2:1,64.7
13907,1050-51,2_2_6,2:2,52.9
13911,1050-51,1_1_5,2:1,66.3
13912,1050-51,2_2_4,2:2,59.0
13919,1050-51,2_1_1,2:2,58.3
13921,1050-51,1_1_1,2:1,63.6
13922,1050-51,2_2_6,2:2,52.3
13931,1050-51,1_1_5,2:2,50.8
13940,1050-51,2_4_10,2:2,57.5
13948,1050-51,2_4_12,2:2,59.7
13949,1050-51,1_1_2,2:2,58.9
13953,1050-51,2_2_4,2:1,66.4
13954,1050-51,1_2_1,First,71.3
13963,1050-51,2_4_10,2:1,60.6
13967,1050-51,2_3_8,2:1,61.2
13970,1050-51,2_3_9,2:1,67.4
13979,1050-51,2_4_12,2:1,67.4
13981,1050-51,2_3_8,2:2,59.8
13993,1050-51,3_2_2,First,71.0
13996,1050-51,4_2_12,2:1,63.8
14013,1050-51,1_1_4,2:2,53.0
14014,1050-51,2_3_9,2:2,53.4
14016,1050-51,2_4_11,2:1,63.0
14017,1050-51,1_1_3,2:1,67.8
14022,1050-51,2_2_2,2:1,62.1
14024,1050-51,2_3_8,2:2,58.0
14032,1050-51,2_1_1,2:2,54.0
14041,1050-51,2_3_9,2:1,67.5
14043,1050-51,1_1_2,2:2,57.4
14051,1050-51,4_2_12,2:1,60.5
14056,1050-51,2_2_5,2:2,57.9
14061,1050-51,2_2_3,2:1,67.5
14069,1050-51,2_4_10,2:1,62.1
14071,1050-51,1_1_4,2:1,62.4
14072,1050-51,2_3_9,2:1,63.6
14074,1050-51,2_2_2,2:2,59.9
14079,1050-51,2_2_2,2:1,67.2
14085,1050-51,2_2_4,2:2,54.5
14086,1050-51,2_4_12,2:2,59.8
14087,1050-51,4_2_12,2:2,54.8
14089,1050-51,2_3_7,First,71.1
14095,1050-51,2_4_11,2:1,66.3
14096,1050-51,1_1_4,2:1,67.0
14100,1050-51,2_2_2,2:1,60.1
14105,1050-51,2_2_2,2:1,64.7
14112,1050-51,1_1_5,Third,47.9
14117,1050-51,2_2_3,2:2,57.0
14118,1050-51,4_2_12,2:2,56.1
14127,1050-51,1_1_3,2:1,66.5
14137,1050-51,2_1_1,2:2,52.4
14142,1050-51,1_1_3,2:1,67.6
14153,1050-51,2_1_1,2:2,57.5
14154,1050-51,4_2_12,2:2,54.4
14157,1050-51,2_4_12,First,70.5
14163,1050-51,3_1_1,2:2,57.0
14165,1050-51,4_2_12,2:1,60.2
14170,1050-51,2_2_6,2:2,52.0
14171,1050-51,2_2_4,2:2,59.0
14172,1050-51,4_2_12,2:1,60.3
14175,1050-51,2_4_12,2:2,51.7
14180,1050-51,2_4_10,2:1,69.7
14181,1050-51,3_2_2,2:1,60.7
14188,1050-51,2_2_6,First,71.3
14192,1050-51,4_2_12,2:1,60.0
14197,1050-51,1_1_2,2:2,54.1
14199,1050-51,1_1_2,2:1,67.2
14209,1050-51,2_1_1,2:2,56.1
14214,1050-51,2_2_2,2:2,57.8
14218,1050-51,4_2_12,Third,48.1
14220,1050-51,1_1_2,2:1,61.4
14222,1050-51,2_2_2,2:1,63.1
14223,1050-51,2_2_5,First,74.3
14226,1050-51,2_2_2,Third,46.8
14228,1050-51,2_2_3,2:1,68.6
14244,1050-51,1_1_3,2:2,59.2
14246,1050-51,1_1_2,2:2,50.5
14258,1050-51,3_2_2,2:1,61.1
14262,1050-51,2_2_2,2:1,63.3
14263,1050-51,2_3_8,2:2,55.0
14269,1050-51,1_1_1,Third,46.7
14270,1050-51,3_2_2,2:1,67.7
14275,1050-51,1_2_1,2:2,58.7
14284,1050-51,2_4_10,2:2,52.9
14286,1050-51,2_4_10,2:1,66.0
14297,1050-51,2_3_8,2:1,65.9
14301,1050-51,3_2_2,2:1,69.4
14304,1050-51,1_1_4,2:1,64.1
14310,1050-51,1_2_1,2:2,55.3
14317,1050-51,2_2_5,2:2,58.9
14325,1050-51,3_2_2,2:1,66.8
14327,1050-51,2_3_9,First,72.5
14330,1050-51,4_2_12,First,71.0
14332,1050-51,2_4_12,2:2,57.8
14340,1050-51,2_3_8,2:1,64.3
14341,1050-51,2_1_1,2:2,57.2
14351,1050-51,2_4_10,Third,49.3
14352,1050-51,2_2_3,2:1,62.4
14362,1050-51,2_2_2,2:2,56.8
14373,1050-51,1_1_1,2:1,68.0
14374,1050-51,3_1_1,2:1,69.5
14380,1050-51,1_1_4,First,71.4
14381,1050-51,2_2_4,2:1,64.2
14391,1050-51,2_1_1,2:1,68.1
14392,1050-51,2_4_12,2:1,67.9
14406,1050-51,2_3_9,2:1,62.5
14408,1050-51,1_2_1,2:1,69.1
14410,1050-51,2_4_11,2:2,58.5
14413,1050-51,2_1_1,2:2,59.8
14415,1050-51,2_3_8,2:1,65.8
14416,1050-51,4_2_12,2:2,54.9
14418,1050-51,2_4_12,2:2,59.4
14422,1050-51,2_4_11,2:2,59.2
14423,1050-51,2_2_5,2:1,66.4
14424,1050-51,2_3_8,2:1,62.4
14429,1050-51,1_1_2,2:1,64.5
14430,1050-51,2_2_4,2:2,58.5
14431,1050-51,2_4_12,2:2,58.6
14435,1050-51,2_2_2,Third,49.1
14447,1050-51,2_3_8,2:1,64.5
14452,1050-51,2_3_8,First,72.7
14453,1050-51,3_2_2,2:2,57.0
14463,1050-51,2_2_6,2:1,61.7
14465,1050-51,1_1_4,2:2,56.4
14469,1050-51,2_2_2,Third,48.1
14470,1050-51,2_2_4,First,71.9
14472,1050-51,1_1_5,2:1,63.7
14478,1050-51,2_2_5,2:2,50.5
14483,1050-51,2_2_4,2:1,67.0
14486,1050-51,1_1_4,2:2,54.6
14489,1050-51,2_2_3,2:1,63.0
14492,1050-51,3_1_1,2:1,67.9
14494,1050-51,1_1_3,2:1,69.0
14498,1050-51,2_1_1,2:1,63.5
14509,1050-51,1_1_2,First,76.5
14511,1050-51,2_2_3,2:1,62.4
14513,1050-51,2_2_3,2:2,59.2
14520,1050-51,1_1_3,2:1,69.7
14524,1050-51,2_1_1,2:2,59.5
14525,1050-51,1_1_5,2:1,64.1
14537,1050-51,2_2_5,2:1,62.2
14539,1050-51,1_1_3,2:1,65.7
14540,1050-51,2_2_5,2:1,62.5
14546,1050-51,4_2_12,2:2,58.4
14552,1050-51,2_1_1,2:2,57.8
14553,1050-51,3_1_1,2:2,53.6
14560,1050-51,2_1_1,2:2,59.8
14568,1050-51,3_1_1,Third,49.6
14576,1050-51,2_4_10,2:1,63.0
14577,1050-51,1_1_4,2:1,67.0
14582,1050-51,2_4_12,2:1,62.0
14601,1050-51,4_2_12,Third,49.1
14615,1050-51,1_1_3,2:2,59.0
14631,1050-51,1_2_1,2:1,67.0
14634,1050-51,1_1_5,2:1,66.7
14638,1050-51,2_2_6,2:1,62.2
14643,1050-51,2_1_1,2:1,60.4
14649,1050-51,2_4_10,2:1,63.3
14658,1050-51,2_4_12,2:1,65.3
14667,1050-51,2_2_3,2:1,67.6
14670,1050-51,2_1_1,2:1,69.8
14671,1050-51,2_1_1,2:2,55.5
14675,1050-51,2_2_2,2:2,55.7
14682,1050-51,2_1_1,2:2,59.1
14683,1050-51,4_2_12,2:1,60.7
14691,1050-51,1_1_4,2:2,50.3
14708,1050-51,2_4_12,First,73.8
14710,1050-51,1_1_5,2:1,66.4
14716,1050-51,2_3_9,2:1,66.9
14718,1050-51,1_1_3,2:1,60.9
14722,1050-51,2_2_2,2:2,56.4
14725,1050-51,2_3_9,2:2,58.7
14730,1050-51,1_2_1,2:2,55.3
14735,1050-51,1_2_1,2:2,55.0
14736,1050-51,4_2_12,2:1,66.7
14737,1050-51,2_2_4,2:2,57.0
14741,1050-51,2_1_1,First,70.9
14744,1050-51,1_1_2,2:2,57.1
14753,1050-51,2_3_8,2:1,64.6
14757,1050-51,2_2_3,2:1,69.6
14764,1050-51,2_4_10,2:2,56.0
14769,1050-51,2_4_12,2:1,68.8
14773,1050-51,1_1_5,2:1,64.0
14777,1050-51,2_2_3,First,71.3
14778,1050-51,4_2_12,First,75.3
14779,1050-51,2_1_1,2:2,53.9
14780,1050-51,4_2_12,First,74.6
14786,1050-51,1_1_4,2:2,59.7
14788,1050-51,4_2_12,2:2,59.6
14801,1050-51,2_3_7,2:1,61.6
14805,1050-51,1_2_1,2:2,50.4
14806,1050-51,2_3_7,2:1,64.1
14810,1050-51,1_1_4,2:2,53.6
14816,1050-51,3_2_2,2:2,54.7
14824,1050-51,3_2_2,2:2,59.1
14836,1050-51,1_1_3,2:1,64.2
14842,1050-51,1_1_4,2:1,61.6
14851,1050-51,2_2_3,2:2,56.7
14857,1050-51,2_2_6,First,70.4
14861,1050-51,2_3_7,2:1,68.6
14870,1050-51,4_2_12,2:1,61.5
14877,1050-51,2_4_10,2:2,51.0
14882,1050-51,1_1_2,First,70.5
14891,1050-51,4_2_12,First,70.2
14894,1050-51,2_3_8,2:1,66.5
14897,1050-51,2_3_8,2:2,55.6
14908,1050-51,2_2_4,2:2,54.2
14923,1050-51,1_1_3,2:2,58.5
14925,1050-51,2_4_10,2:1,61.4
14929,1050-51,2_3_9,2:2,55.8
14934,1050-51,1_1_2,2:1,65.4
14937,1050-51,1_1_5,2:2,52.5
14944,1050-51,1_1_5,2:2,56.6
14945,1050-51,4_2_12,First,80.5
14946,1050-51,4_2_12,2:1,60.7
14952,1050-51,2_2_5,2:1,60.7
14956,1050-51,2_2_2,2:2,57.9
14957,1050-51,2_2_4,First,75.8
14958,1050-51,2_2_3,2:1,68.0
14959,1050-51,1_1_1,2:2,59.5
14962,1050-51,2_1_1,2:1,61.9
14968,1050-51,1_1_4,First,74.2
14971,1050-51,2_4_11,Third,47.9
14976,1050-51,2_2_5,2:1,62.8
14981,1050-51,2_2_2,2:2,52.9
14982,1050-51,2_2_4,2:1,61.1
14985,1050-51,2_3_7,2:1,69.6
14987,1050-51,3_2_2,2:2,57.7
14990,1050-51,2_4_12,2:1,63.4
14992,1050-51,1_1_2,2:1,67.1
14994,1050-51,1_1_3,2:2,57.5
14997,1050-51,2_3_7,2:2,55.1
150,1050-51,2_4_12,Third,45.1
1500,1050-51,3_2_2,2:2,53.5
1581,1050-51,1_1_3,2:2,54.9
1695,1050-51,1_1_3,2:2,57.9
1697,1050-51,1_1_4,2:2,50.1
1698,1050-51,1_1_1,Third,49.1
1958,1050-51,2_3_9,2:2,51.8
2034,1050-51,2_2_2,Third,47.7
2101,1050-51,1_1_3,2:2,50.5
2346,1050-51,1_1_3,2:2,50.7
2386,1050-51,1_1_1,Third,48.1
2446,1050-51,3_2_2,Third,45.3
249,1050-51,2_1_1,Third,49.8
2551,1050-51,1_1_1,Third,49.7
2795,1050-51,2_3_8,2:1,65.1
2804,1050-51,2_3_8,Third,47.1
2909,1050-51,2_3_7,2:2,51.7
2962,1050-51,2_2_5,2:2,57.5
3074,1050-51,1_2_1,2:2,50.1
3120,1050-51,1_1_4,2:2,52.1
3325,1050-51,2_2_3,Third,47.0
3366,1050-51,2_4_10,2:2,54.6
3587,1050-51,4_2_12,Third,43.2
3588,1050-51,4_2_12,2:2,52.4
3931,1050-51,2_3_8,2:2,52.8
4049,1050-51,1_1_2,2:2,51.9
4101,1050-51,2_2_2,2:2,56.8
4191,1050-51,1_1_2,2:2,50.4
4276,1050-51,2_2_4,2:2,53.4
4303,1050-51,1_1_2,2:2,50.7
4358,1050-51,1_1_3,Third,47.4
4359,1050-51,2_4_12,2:2,53.8
4468,1050-51,4_2_12,Third,46.8
4480,1050-51,1_1_4,2:2,51.9
4550,1050-51,2_2_5,Third,46.3
4579,1050-51,2_2_2,2:2,52.2
4658,1050-51,4_2_12,2:2,50.1
4755,1050-51,1_2_1,2:2,55.6
483,1050-51,1_1_3,Third,48.3
5052,1050-51,1_2_1,2:1,61.5
5095,1050-51,3_2_2,2:2,51.1
5097,1050-51,2_3_8,Third,47.9
5157,1050-51,2_3_7,2:2,56.5
5242,1050-51,2_2_4,2:2,51.3
5278,1050-51,2_2_3,2:2,52.4
5300,1050-51,2_4_10,2:2,50.9
5312,1050-51,1_1_2,2:1,60.6
5318,1050-51,2_4_11,Third,43.8
532,1050-51,1_2_1,2:2,51.5
5332,1050-51,4_2_12,Third,49.5
5334,1050-51,2_2_2,Third,49.4
5418,1050-51,2_4_10,2:2,57.2
5447,1050-51,1_1_2,2:1,60.7
5510,1050-51,2_2_6,Third,49.5
5522,1050-51,2_2_4,2:2,54.1
5555,1050-51,1_1_4,2:1,60.5
5607,1050-51,1_1_4,2:1,61.5
5680,1050-51,2_3_7,2:2,55.1
5732,1050-51,1_1_5,2:2,52.0
5733,1050-51,2_2_4,2:2,50.6
5756,1050-51,2_2_5,2:2,59.4
5775,1050-51,2_1_1,2:2,59.7
5780,1050-51,2_4_10,2:1,62.9
5789,1050-51,2_3_7,2:2,50.5
5828,1050-51,2_2_5,2:2,53.2
5832,1050-51,2_4_12,Third,45.8
5838,1050-51,2_4_12,2:2,55.8
5844,1050-51,2_2_6,2:1,66.1
5907,1050-51,3_2_2,Third,48.3
5924,1050-51,2_2_5,Third,45.1
5931,1050-51,2_2_4,2:2,52.2
5976,1050-51,2_4_10,2:2,57.0
5980,1050-51,2_3_8,Third,49.4
6037,1050-51,1_1_3,Third,49.0
6051,1050-51,1_1_2,2:2,52.8
6067,1050-51,2_2_2,2:1,62.5
6166,1050-51,2_3_7,2:2,50.1
6239,1050-51,1_1_4,2:2,59.1
6281,1050-51,4_2_12,2:2,57.7
6284,1050-51,3_1_1,2:2,56.4
6298,1050-51,1_1_1,Third,45.2
6316,1050-51,1_1_1,2:2,51.2
6355,1050-51,2_4_12,2:1,62.8
6372,1050-51,4_2_12,Third,48.0
6416,1050-51,2_4_12,2:2,59.6
6443,1050-51,2_4_10,2:1,60.4
6479,1050-51,2_2_3,2:1,64.1
651,1050-51,2_4_12,Third,44.1
6567,1050-51,1_1_2,2:2,59.0
6602,1050-51,2_1_1,2:1,65.9
6619,1050-51,2_3_8,Third,46.3
6630,1050-51,2_3_8,2:2,54.0
6658,1050-51,1_1_3,2:2,57.2
6663,1050-51,2_2_4,2:2,58.5
6691,1050-51,2_2_4,2:1,68.6
6696,1050-51,2_4_12,Third,46.9
6723,1050-51,2_4_10,2:2,52.6
6734,1050-51,2_2_2,2:2,59.4
679,1050-51,4_2_12,2:1,60.2
6845,1050-51,4_2_12,Third,44.9
6877,1050-51,2_4_12,Third,47.4
6918,1050-51,2_3_9,2:2,55.2
6921,1050-51,2_2_3,2:2,57.2
6932,1050-51,2_4_12,2:2,52.3
6944,1050-51,1_1_4,2:1,68.7
6970,1050-51,1_1_5,2:1,64.5
7052,1050-51,2_4_12,2:2,58.3
7063,1050-51,1_2_1,2:2,51.4
7067,1050-51,1_1_4,2:2,58.1
7076,1050-51,2_4_10,Third,48.3
7082,1050-51,3_1_1,2:1,63.1
7094,1050-51,2_2_5,Third,48.2
7121,1050-51,4_2_12,Third,44.1
7177,1050-51,2_2_4,2:2,51.6
7254,1050-51,2_2_2,2:2,54.1
7307,1050-51,1_1_2,Third,46.2
7313,1050-51,2_4_12,2:2,50.1
7323,1050-51,2_3_7,Third,49.4
7380,1050-51,1_1_1,2:2,50.6
7406,1050-51,1_1_1,First,73.6
7454,1050-51,2_2_5,2:1,64.3
7464,1050-51,1_1_1,2:2,57.9
7558,1050-51,2_2_4,2:2,57.4
7568,1050-51,1_1_2,2:2,56.2
7604,1050-51,2_1_1,2:2,52.7
7635,1050-51,2_2_5,2:2,56.3
7670,1050-51,2_2_3,Third,48.1
7726,1050-51,2_3_7,2:2,57.4
7733,1050-51,1_1_5,2:2,51.9
7786,1050-51,2_1_1,2:2,56.3
7793,1050-51,2_2_5,2:2,52.2
7794,1050-51,1_2_1,Third,48.9
7812,1050-51,2_3_7,Third,48.4
7820,1050-51,3_2_2,2:2,56.8
7827,1050-51,2_3_7,2:2,52.8
7833,1050-51,3_2_2,Third,47.8
7883,1050-51,2_4_11,2:1,64.7
7889,1050-51,2_2_6,2:1,66.9
7917,1050-51,2_2_3,2:2,55.2
7927,1050-51,2_2_6,2:2,58.0
7930,1050-51,2_2_5,2:1,61.0
7933,1050-51,2_4_10,2:1,62.9
7978,1050-51,2_2_4,2:2,55.7
7996,1050-51,2_2_4,Third,48.9
8003,1050-51,2_2_2,2:1,62.8
8014,1050-51,1_1_5,2:1,60.8
8054,1050-51,2_4_12,2:2,56.2
8151,1050-51,1_1_4,2:2,57.8
8189,1050-51,1_1_4,Third,49.7
8210,1050-51,2_2_2,2:2,52.1
8215,1050-51,2_3_7,2:2,57.9
8307,1050-51,2_2_4,Third,44.9
8329,1050-51,2_2_6,Third,48.8
8354,1050-51,2_4_12,Third,47.4
836,1050-51,2_2_6,Third,44.4
8361,1050-51,2_2_2,2:2,57.0
8474,1050-51,2_4_12,2:2,56.1
8486,1050-51,2_2_6,Third,45.6
8502,1050-51,3_2_2,Third,49.2
8513,1050-51,2_2_5,2:2,52.2
8537,1050-51,1_1_3,2:2,55.5
8547,1050-51,2_3_7,2:2,53.6
8567,1050-51,2_2_2,Third,49.7
8575,1050-51,1_1_2,2:1,61.2
8652,1050-51,1_1_5,2:2,56.9
8705,1050-51,1_1_1,2:2,55.3
8708,1050-51,1_1_2,2:1,65.5
8713,1050-51,2_2_4,Third,47.9
8733,1050-51,1_1_4,2:2,54.6
8734,1050-51,2_2_4,2:2,51.0
8743,1050-51,1_1_4,Third,48.6
8756,1050-51,1_1_2,2:2,50.9
8785,1050-51,1_1_3,2:2,53.6
8816,1050-51,2_3_7,2:2,51.2
8821,1050-51,3_2_2,2:2,54.8
8874,1050-51,2_4_10,2:2,55.0
8882,1050-51,2_3_7,2:1,61.7
8903,1050-51,1_1_2,2:2,54.4
8907,1050-51,2_2_4,Third,48.3
8936,1050-51,2_2_6,2:2,58.2
8981,1050-51,1_2_1,2:2,53.0
9024,1050-51,1_1_3,Third,46.9
9025,1050-51,2_3_8,2:2,59.7
9033,1050-51,2_3_7,2:2,52.4
9050,1050-51,1_1_4,2:1,60.9
9063,1050-51,4_2_12,Third,46.3
9071,1050-51,2_2_2,Third,48.9
9075,1050-51,2_2_2,2:2,53.7
9079,1050-51,2_2_6,2:1,60.5
9103,1050-51,2_1_1,2:1,61.4
923,1050-51,2_2_3,Third,47.3
9237,1050-51,1_1_2,2:2,51.5
9260,1050-51,2_4_12,2:2,52.1
9267,1050-51,2_4_10,2:1,67.6
9274,1050-51,2_4_10,2:1,63.0
9276,1050-51,2_3_8,2:1,66.9
9277,1050-51,2_4_11,2:2,56.0
9303,1050-51,2_2_5,2:2,52.4
9367,1050-51,2_3_9,2:1,65.6
9372,1050-51,2_2_5,2:1,61.3
9386,1050-51,2_4_11,2:2,51.3
9390,1050-51,2_2_5,2:1,64.9
9434,1050-51,2_2_5,2:2,58.8
9462,1050-51,2_4_12,Third,49.7
9521,1050-51,1_1_3,2:2,51.3
9531,1050-51,2_2_3,2:2,58.4
9540,1050-51,2_3_8,2:2,55.9
9617,1050-51,1_1_1,2:1,63.5
9618,1050-51,2_4_10,Third,47.6
9629,1050-51,3_1_1,2:1,63.6
9689,1050-51,2_2_4,2:2,57.8
9753,1050-51,2_4_11,2:1,62.1
9757,1050-51,2_2_5,2:2,58.1
9758,1050-51,2_4_11,2:2,56.0
9766,1050-51,2_2_2,2:2,51.1
9779,1050-51,2_2_5,2:2,51.5
9901,1050-51,2_1_1,Third,49.7
9915,1050-51,2_1_1,2:2,50.2
9924,1050-51,4_2_12,Third,45.0
10036,1051-52,1_1_3,2:1,62.2
10049,1051-52,2_4_11,Third,42.5
10109,1051-52,2_2_5,2:2,51.6
10119,1051-52,3_2_2,2:1,65.6
10120,1051-52,2_4_10,2:1,61.6
10131,1051-52,2_1_1,2:2,53.7
10142,1051-52,2_3_8,2:2,59.4
10166,1051-52,2_1_1,Third,45.6
10205,1051-52,1_1_2,2:2,52.6
10229,1051-52,4_2_12,Third,46.9
10263,1051-52,1_1_5,2:2,55.8
10284,1051-52,4_2_12,Third,45.1
10299,1051-52,1_2_1,2:2,55.2
10335,1051-52,2_3_8,2:2,57.8
10358,1051-52,1_1_4,2:2,50.2
10359,1051-52,1_1_2,2:1,61.1
10361,1051-52,2_2_2,2:2,52.4
10375,1051-52,2_4_10,2:2,56.7
10408,1051-52,2_1_1,2:2,53.3
10437,1051-52,2_3_8,2:2,54.5
10447,1051-52,2_3_8,2:2,57.7
10499,1051-52,1_1_1,2:2,54.7
10500,1051-52,2_3_8,2:1,60.7
10530,1051-52,1_2_1,2:2,51.3
1056,1051-52,1_1_4,Third,45.8
10562,1051-52,4_2_12,Third,42.8
10589,1051-52,1_1_3,2:2,53.1
10599,1051-52,2_2_5,2:2,53.6
10650,1051-52,2_4_12,2:2,58.7
10684,1051-52,1_1_3,2:2,57.7
10688,1051-52,2_2_6,2:2,53.3
10734,1051-52,3_2_2,2:2,52.4
10770,1051-52,2_4_12,2:2,54.0
10832,1051-52,4_2_12,Third,44.3
10889,1051-52,1_1_4,2:2,51.5
10892,1051-52,4_2_12,Third,45.7
10894,1051-52,2_4_10,2:2,50.4
10939,1051-52,1_1_3,2:2,59.3
10973,1051-52,2_2_2,2:2,56.3
11041,1051-52,2_1_1,2:2,52.8
11105,1051-52,1_1_2,2:1,61.3
11137,1051-52,4_2_12,2:2,50.6
11172,1051-52,3_1_1,2:2,59.0
11204,1051-52,2_1_1,2:2,57.0
11208,1051-52,2_3_9,2:2,53.7
11235,1051-52,4_2_12,Third,46.9
11251,1051-52,1_2_1,2:1,65.6
11267,1051-52,1_2_1,2:1,60.9
11291,1051-52,4_2_12,2:2,51.1
11312,1051-52,2_3_9,2:1,60.2
11326,1051-52,2_4_12,2:2,57.4
11365,1051-52,1_1_5,2:1,62.0
11390,1051-52,1_1_3,2:1,61.5
11431,1051-52,2_1_1,2:2,51.6
11451,1051-52,1_2_1,2:2,58.2
11469,1051-52,2_1_1,2:2,54.1
11481,1051-52,2_2_2,Third,48.7
11509,1051-52,1_1_3,2:2,59.9
11555,1051-52,2_2_2,2:2,53.4
11603,1051-52,2_1_1,2:2,51.2
11611,1051-52,2_2_5,2:1,67.4
11642,1051-52,1_1_3,Third,44.2
11670,1051-52,1_2_1,2:1,61.4
11722,1051-52,3_1_1,2:2,50.6
11724,1051-52,2_4_12,2:1,62.9
11731,1051-52,2_4_12,Third,50.0
11746,1051-52,1_1_1,2:1,62.9
11870,1051-52,4_2_12,Third,48.3
11886,1051-52,1_1_3,2:2,57.5
11933,1051-52,2_2_6,2:2,54.5
11941,1051-52,2_2_6,2:2,56.6
11992,1051-52,2_2_4,2:2,57.6
12005,1051-52,2_4_12,Third,44.2
12064,1051-52,2_2_2,2:1,61.3
12065,1051-52,2_4_10,2:2,52.1
12129,1051-52,3_2_2,2:2,54.9
12162,1051-52,2_1_1,2:2,56.1
12169,1051-52,2_1_1,Third,47.4
12201,1051-52,3_2_2,Third,48.2
12209,1051-52,2_4_11,2:2,50.5
12235,1051-52,2_2_6,Third,47.4
12283,1051-52,2_3_7,2:2,51.8
12371,1051-52,2_2_4,Third,45.6
12379,1051-52,3_2_2,2:1,63.6
12417,1051-52,2_2_3,Third,44.4
12427,1051-52,2_4_12,2:2,51.6
12451,1051-52,2_3_9,2:2,52.1
12496,1051-52,2_3_7,Third,50.0
12507,1051-52,1_1_4,2:1,62.4
12596,1051-52,2_2_2,Third,48.2
12624,1051-52,2_3_8,2:2,54.6
12715,1051-52,1_1_2,2:1,61.7
12735,1051-52,2_2_6,2:2,52.2
12765,1051-52,2_3_8,2:2,50.5
12767,1051-52,2_2_3,Third,49.9
12786,1051-52,2_1_1,2:1,60.4
12798,1051-52,2_3_8,2:2,59.9
12805,1051-52,2_3_7,2:1,63.8
12806,1051-52,3_1_1,Third,49.8
12826,1051-52,2_2_5,2:1,64.3
12885,1051-52,2_3_7,2:1,61.5
12887,1051-52,2_3_8,2:2,59.0
12951,1051-52,2_2_2,Third,49.7
12982,1051-52,4_2_12,2:1,63.4
13009,1051-52,2_2_2,2:2,57.7
13083,1051-52,3_2_2,2:1,65.1
13096,1051-52,1_1_3,2:2,57.3
13145,1051-52,1_1_4,2:2,50.5
13160,1051-52,4_2_12,Third,41.9
13167,1051-52,2_2_4,2:2,53.9
13209,1051-52,2_2_3,Third,48.5
13227,1051-52,2_2_6,Third,49.4
1324,1051-52,2_4_12,Third,48.1
13255,1051-52,2_3_8,Third,47.2
13270,1051-52,2_3_8,2:2,53.8
13302,1051-52,2_2_4,2:1,61.3
13353,1051-52,2_4_12,Third,49.8
13390,1051-52,1_1_3,2:2,52.3
13401,1051-52,2_1_1,2:2,56.9
13402,1051-52,2_3_9,2:1,64.4
13414,1051-52,1_1_4,2:2,59.8
13474,1051-52,2_2_4,2:2,54.7
13493,1051-52,2_3_9,2:1,63.6
13496,1051-52,2_3_9,2:2,58.1
13528,1051-52,4_2_12,Third,42.8
13537,1051-52,2_4_12,Third,48.8
13544,1051-52,2_3_8,2:2,50.4
13593,1051-52,1_1_5,2:1,61.6
13597,1051-52,2_3_7,2:1,64.9
1360,1051-52,2_1_1,2:2,50.3
13606,1051-52,1_1_1,2:2,55.7
13609,1051-52,1_1_4,2:2,53.1
13618,1051-52,1_1_3,2:2,54.7
13635,1051-52,2_2_6,Third,46.3
13647,1051-52,1_1_5,Third,47.2
13700,1051-52,2_2_5,2:2,50.7
13743,1051-52,2_3_7,Third,49.6
13774,1051-52,2_3_7,Third,48.6
13825,1051-52,2_4_10,2:2,58.1
13862,1051-52,2_3_7,Third,49.7
13872,1051-52,2_3_8,Third,47.7
13892,1051-52,2_2_5,2:2,58.6
13928,1051-52,2_2_5,2:1,60.1
14038,1051-52,1_1_3,2:2,50.8
14042,1051-52,2_4_12,2:1,64.1
14044,1051-52,3_1_1,Third,47.0
14059,1051-52,2_1_1,2:1,62.3
14060,1051-52,2_2_5,2:2,57.2
14070,1051-52,1_1_3,Third,43.6
14131,1051-52,2_4_12,2:2,56.6
14139,1051-52,2_2_3,2:1,65.7
14194,1051-52,2_4_10,2:2,58.7
14249,1051-52,4_2_12,2:2,55.7
14273,1051-52,1_1_3,2:2,54.8
14291,1051-52,2_4_12,2:1,66.1
14314,1051-52,1_1_2,Third,49.5
14323,1051-52,1_2_1,Third,49.7
14328,1051-52,1_1_5,2:1,61.1
14395,1051-52,2_3_8,2:1,65.6
14426,1051-52,2_4_10,2:2,54.5
14456,1051-52,2_2_2,2:2,56.4
14468,1051-52,2_2_3,2:2,57.0
14491,1051-52,2_3_7,2:2,53.5
14514,1051-52,1_1_1,2:1,66.8
14554,1051-52,1_2_1,2:1,64.3
14565,1051-52,2_3_8,2:2,52.0
14570,1051-52,2_1_1,2:1,64.8
14587,1051-52,2_3_8,2:1,63.1
14605,1051-52,1_1_2,2:2,51.4
14609,1051-52,1_1_4,2:2,57.5
14614,1051-52,2_2_4,2:2,54.1
14650,1051-52,2_4_12,2:2,52.9
14655,1051-52,2_2_3,Third,49.3
14665,1051-52,2_2_5,2:2,54.7
14686,1051-52,4_2_12,2:2,52.1
14688,1051-52,2_2_3,2:1,62.3
14700,1051-52,2_3_9,2:2,51.6
14726,1051-52,2_4_12,2:2,50.3
14728,1051-52,3_2_2,2:2,51.8
14743,1051-52,1_1_4,Third,45.9
14826,1051-52,2_2_3,2:1,69.6
14864,1051-52,2_4_12,Third,49.9
14867,1051-52,3_1_1,2:2,51.4
14917,1051-52,2_3_7,2:2,51.0
14953,1051-52,1_1_5,2:1,63.9
14973,1051-52,2_2_5,2:2,57.2
14988,1051-52,2_4_12,2:2,54.9
15005,1051-52,1_1_3,2:1,67.0
15015,1051-52,1_1_3,2:1,63.2
15021,1051-52,4_2_12,2:2,52.8
15026,1051-52,2_4_12,Third,49.6
15028,1051-52,3_1_1,2:1,63.5
15029,1051-52,2_2_5,2:1,67.2
15046,1051-52,2_4_12,2:2,55.4
15048,1051-52,2_1_1,2:1,63.2
15052,1051-52,2_2_4,2:1,64.2
15053,1051-52,2_4_10,First,72.6
15054,1051-52,1_1_4,2:2,59.1
15056,1051-52,2_3_7,2:1,68.9
15057,1051-52,2_4_11,2:2,52.1
15059,1051-52,2_2_3,2:2,59.1
15061,1051-52,1_1_5,2:1,66.7
15074,1051-52,2_4_10,First,70.7
15077,1051-52,2_1_1,2:2,55.7
15078,1051-52,1_1_2,First,71.4
15080,1051-52,1_1_3,2:2,57.6
15083,1051-52,2_4_10,2:1,63.9
15086,1051-52,2_2_6,2:2,53.0
15088,1051-52,2_4_12,First,75.8
15089,1051-52,2_1_1,2:2,52.6
15090,1051-52,3_1_1,First,71.8
15091,1051-52,2_3_7,2:1,69.5
15100,1051-52,3_1_1,2:2,59.3
15105,1051-52,2_2_3,2:1,66.6
15107,1051-52,2_2_5,2:2,58.7
15109,1051-52,2_2_6,2:1,66.7
15112,1051-52,2_1_1,2:2,53.6
15114,1051-52,3_2_2,2:1,68.0
15115,1051-52,1_2_1,2:2,50.2
15123,1051-52,2_3_8,2:1,68.7
15124,1051-52,2_3_8,2:1,65.1
15126,1051-52,2_2_2,2:2,59.6
15127,1051-52,3_2_2,2:2,55.5
15131,1051-52,2_2_6,2:2,57.5
15133,1051-52,2_1_1,2:1,68.9
15140,1051-52,1_1_2,2:2,59.3
15141,1051-52,2_2_3,Third,49.8
15144,1051-52,4_2_12,First,80.2
15153,1051-52,2_2_4,First,71.6
15154,1051-52,3_1_1,First,71.3
15158,1051-52,1_1_5,First,72.5
15165,1051-52,3_1_1,2:2,59.7
15167,1051-52,2_4_10,Third,48.7
15172,1051-52,2_2_3,2:1,66.0
15173,1051-52,2_2_3,2:1,62.7
15175,1051-52,4_2_12,2:2,59.0
15178,1051-52,4_2_12,2:1,67.4
15180,1051-52,1_1_5,First,72.1
15182,1051-52,2_2_5,2:2,53.3
15184,1051-52,2_2_4,Third,49.1
15206,1051-52,2_2_2,2:2,53.5
15214,1051-52,1_1_3,2:1,66.6
15215,1051-52,2_1_1,2:2,52.5
15216,1051-52,2_2_6,2:2,58.4
15218,1051-52,4_2_12,Third,47.4
15236,1051-52,1_1_3,2:1,61.1
15241,1051-52,1_1_4,2:1,68.3
15244,1051-52,2_3_9,2:2,59.4
15246,1051-52,2_3_7,2:1,66.9
15248,1051-52,3_2_2,2:2,54.4
15254,1051-52,2_3_9,2:2,54.4
15255,1051-52,1_1_4,2:1,65.6
15256,1051-52,1_1_4,2:1,68.8
15259,1051-52,2_2_4,2:1,63.5
15266,1051-52,2_4_12,2:1,64.9
15269,1051-52,2_1_1,2:2,55.3
15273,1051-52,2_3_8,2:2,58.1
15289,1051-52,2_4_10,First,70.3
15295,1051-52,2_4_10,Third,46.9
15296,1051-52,2_3_8,First,71.6
15297,1051-52,3_1_1,2:1,66.5
15300,1051-52,2_2_3,2:1,68.6
15302,1051-52,2_3_9,2:1,62.6
15306,1051-52,2_2_3,2:2,53.3
15311,1051-52,1_1_1,2:2,57.2
15315,1051-52,4_2_12,2:1,62.8
15334,1051-52,2_2_5,2:1,65.9
15337,1051-52,2_4_12,2:2,51.4
15339,1051-52,2_3_8,2:1,67.1
15347,1051-52,1_1_1,2:2,54.0
15348,1051-52,2_4_12,2:1,62.5
15349,1051-52,1_1_4,2:1,69.1
15350,1051-52,2_4_12,2:1,61.3
15364,1051-52,2_4_12,2:1,65.9
15366,1051-52,2_4_11,2:2,59.1
15367,1051-52,2_2_6,First,71.1
15381,1051-52,2_2_5,2:2,53.2
15382,1051-52,2_2_4,2:2,54.4
15386,1051-52,1_1_1,2:1,60.9
15391,1051-52,4_2_12,2:1,69.2
15392,1051-52,2_2_2,2:1,62.3
15393,1051-52,2_2_4,2:2,57.1
15397,1051-52,1_1_2,2:1,60.2
15401,1051-52,2_2_6,2:1,66.9
15408,1051-52,1_1_4,2:2,52.3
15410,1051-52,2_2_5,2:1,69.0
15414,1051-52,2_4_10,2:1,61.1
15423,1051-52,2_1_1,2:1,65.9
15426,1051-52,2_2_2,2:1,61.7
15446,1051-52,4_2_12,First,72.5
15451,1051-52,3_2_2,2:1,62.5
15452,1051-52,2_4_10,2:2,59.8
15456,1051-52,2_4_10,2:1,62.7
15459,1051-52,2_2_4,2:1,64.4
15463,1051-52,1_2_1,2:2,59.5
15476,1051-52,1_2_1,2:1,60.6
15478,1051-52,2_3_7,First,73.7
15485,1051-52,2_2_6,2:2,53.6
15495,1051-52,2_2_2,2:2,51.5
15497,1051-52,1_2_1,First,72.1
15500,1051-52,2_2_3,Third,47.6
15507,1051-52,2_2_4,2:2,54.4
15512,1051-52,1_1_5,2:1,61.1
15513,1051-52,2_3_8,2:1,67.0
15514,1051-52,3_2_2,First,70.5
15518,1051-52,2_4_11,2:1,62.4
15523,1051-52,1_1_1,2:2,53.8
15527,1051-52,2_2_2,2:1,69.9
15533,1051-52,2_3_8,2:1,63.3
15536,1051-52,2_2_6,2:1,63.5
15538,1051-52,1_1_3,2:1,65.3
15542,1051-52,1_1_1,First,70.9
15544,1051-52,2_3_9,First,70.8
15550,1051-52,2_2_2,2:1,65.3
15552,1051-52,4_2_12,2:1,66.6
15556,1051-52,2_3_9,First,72.6
15560,1051-52,2_3_9,2:1,68.5
15561,1051-52,3_1_1,2:1,61.9
15562,1051-52,4_2_12,2:1,61.6
15567,1051-52,2_1_1,2:1,69.2
15570,1051-52,2_2_4,2:1,64.5
15579,1051-52,2_4_12,2:1,65.4
15583,1051-52,2_3_7,2:1,61.7
15586,1051-52,4_2_12,2:1,60.9
15590,1051-52,4_2_12,2:1,67.8
15594,1051-52,2_4_12,2:1,63.7
15597,1051-52,2_4_10,First,75.4
15601,1051-52,4_2_12,First,84.0
15602,1051-52,2_2_4,Third,47.7
15608,1051-52,3_2_2,2:1,68.2
15612,1051-52,2_4_10,First,73.7
15615,1051-52,4_2_12,Third,48.5
15618,1051-52,2_2_3,2:1,61.9
15623,1051-52,1_1_2,2:2,53.7
15625,1051-52,2_3_8,2:1,61.1
15628,1051-52,4_2_12,Third,49.0
15645,1051-52,3_2_2,2:2,53.3
15650,1051-52,1_1_1,First,78.9
15656,1051-52,2_3_8,2:1,63.8
15658,1051-52,3_2_2,2:1,66.2
15661,1051-52,4_2_12,2:1,63.4
15665,1051-52,2_2_4,2:2,57.5
15667,1051-52,2_2_3,2:2,54.5
15676,1051-52,2_2_4,2:1,61.8
15684,1051-52,1_1_2,First,70.3
15695,1051-52,2_3_9,First,79.2
15702,1051-52,4_2_12,First,76.2
15712,1051-52,3_2_2,2:1,63.2
15715,1051-52,2_3_7,First,70.4
15717,1051-52,2_2_4,2:2,58.2
15729,1051-52,1_1_4,2:2,60.0
15733,1051-52,2_2_5,2:1,65.4
15734,1051-52,2_4_12,Third,49.9
15740,1051-52,2_3_8,2:2,59.0
15745,1051-52,2_2_2,2:1,67.4
15749,1051-52,2_4_12,2:1,68.9
15751,1051-52,1_1_1,2:1,67.3
15757,1051-52,1_1_2,2:2,55.9
15760,1051-52,4_2_12,2:1,60.8
15764,1051-52,2_3_9,2:1,65.9
15769,1051-52,2_3_7,2:1,67.7
15770,1051-52,2_4_10,2:2,52.0
15777,1051-52,4_2_12,2:1,62.8
15778,1051-52,2_2_3,2:2,59.2
15782,1051-52,3_2_2,2:2,58.6
15785,1051-52,1_1_3,First,73.8
15792,1051-52,2_2_5,First,72.0
15804,1051-52,1_1_3,2:1,63.4
15808,1051-52,4_2_12,First,73.9
15815,1051-52,1_1_2,Third,48.8
15816,1051-52,2_3_7,2:2,52.5
15830,1051-52,2_4_10,First,72.9
15832,1051-52,2_2_4,2:2,58.4
15835,1051-52,2_1_1,2:1,61.4
15837,1051-52,2_2_6,2:1,64.4
15839,1051-52,1_1_3,2:2,57.7
15848,1051-52,2_1_1,2:2,54.9
15854,1051-52,1_2_1,2:2,58.4
15857,1051-52,1_1_5,Third,49.5
15858,1051-52,1_2_1,2:1,67.3
15864,1051-52,1_2_1,2:2,55.8
15873,1051-52,2_4_11,2:1,66.0
15875,1051-52,1_1_3,2:2,52.2
15883,1051-52,4_2_12,Third,48.8
15886,1051-52,3_1_1,2:1,65.5
15888,1051-52,2_4_12,2:2,54.1
15891,1051-52,2_2_4,Third,46.8
15900,1051-52,1_1_4,First,71.2
15904,1051-52,2_3_9,2:1,66.1
15909,1051-52,2_2_5,2:1,66.1
15913,1051-52,2_3_8,2:1,63.1
15914,1051-52,2_3_7,2:1,60.3
15917,1051-52,2_3_7,2:1,61.6
15919,1051-52,2_2_2,Third,47.5
15921,1051-52,2_2_2,First,70.4
15923,1051-52,2_2_5,Third,49.3
15935,1051-52,2_4_12,2:1,60.7
15944,1051-52,2_2_2,2:1,65.8
15954,1051-52,1_1_5,2:1,67.0
15965,1051-52,2_2_3,2:1,68.5
15971,1051-52,3_1_1,2:1,67.4
15972,1051-52,3_2_2,2:2,54.8
15974,1051-52,1_1_3,2:1,68.9
15981,1051-52,1_1_2,2:1,69.0
16001,1051-52,2_3_7,2:1,68.7
16007,1051-52,2_2_2,2:2,59.4
16012,1051-52,2_2_6,2:1,65.1
16023,1051-52,1_1_5,First,70.6
16036,1051-52,2_3_9,2:2,55.1
16042,1051-52,1_1_2,2:1,69.5
16051,1051-52,2_1_1,2:1,64.8
16067,1051-52,2_1_1,2:1,60.4
16074,1051-52,2_1_1,2:2,53.4
16082,1051-52,2_4_12,2:2,57.2
16085,1051-52,2_3_9,2:2,58.7
16098,1051-52,2_4_10,2:2,57.5
16121,1051-52,2_4_11,2:1,64.4
16128,1051-52,2_1_1,2:1,62.8
16132,1051-52,2_4_12,2:2,59.3
16133,1051-52,2_4_11,2:2,52.9
16142,1051-52,2_3_7,2:2,50.3
16162,1051-52,2_3_8,2:2,57.1
16165,1051-52,2_2_5,2:1,60.3
16166,1051-52,2_4_12,2:1,66.4
16175,1051-52,3_1_1,First,72.2
16178,1051-52,2_1_1,2:1,61.6
16179,1051-52,2_3_9,First,70.4
16180,1051-52,2_2_2,2:1,64.5
16181,1051-52,2_4_12,2:2,58.3
16187,1051-52,2_2_4,2:1,60.4
16188,1051-52,4_2_12,2:1,65.8
16192,1051-52,2_2_3,2:2,51.1
16193,1051-52,2_2_6,First,71.9
16197,1051-52,2_2_3,2:2,57.6
16204,1051-52,2_2_4,2:2,53.7
16212,1051-52,2_2_6,Third,47.7
16214,1051-52,4_2_12,First,72.9
16221,1051-52,4_2_12,First,73.9
16226,1051-52,2_4_12,2:2,55.9
16227,1051-52,2_2_2,2:2,56.6
16246,1051-52,1_1_2,2:1,68.2
16249,1051-52,1_1_4,2:2,56.9
16251,1051-52,2_4_11,2:1,65.5
16254,1051-52,2_2_3,2:2,56.0
16256,1051-52,2_2_2,2:1,61.4
16260,1051-52,2_2_5,2:1,66.0
16261,1051-52,3_2_2,2:1,68.6
16264,1051-52,4_2_12,2:2,58.9
16272,1051-52,2_3_7,2:2,59.1
16274,1051-52,2_4_11,2:2,50.5
16275,1051-52,1_1_3,2:1,62.9
16277,1051-52,2_3_9,2:1,61.8
16279,1051-52,4_2_12,Third,47.9
16280,1051-52,1_1_2,2:2,57.8
16286,1051-52,1_1_1,2:1,61.6
16290,1051-52,2_1_1,2:1,65.7
16293,1051-52,2_2_4,2:1,60.2
16298,1051-52,2_3_9,2:1,67.0
16299,1051-52,2_2_6,2:1,62.8
16304,1051-52,2_3_9,2:1,65.2
16308,1051-52,2_2_5,2:2,52.3
16312,1051-52,4_2_12,First,70.1
16315,1051-52,2_3_8,2:1,62.9
16321,1051-52,1_1_3,2:1,68.3
16331,1051-52,2_2_5,2:1,65.9
16333,1051-52,2_1_1,2:1,69.0
16342,1051-52,2_2_3,2:1,60.9
16344,1051-52,1_1_1,First,70.3
16345,1051-52,2_2_4,2:2,54.5
16347,1051-52,4_2_12,2:1,65.3
16362,1051-52,2_3_7,2:1,63.9
16376,1051-52,2_4_12,2:1,69.1
16382,1051-52,2_2_2,2:1,65.0
16387,1051-52,1_1_2,2:1,64.7
16388,1051-52,2_1_1,First,70.6
16389,1051-52,2_4_10,2:2,59.2
16397,1051-52,2_4_10,2:1,61.0
16401,1051-52,1_1_2,2:1,69.0
16405,1051-52,2_3_8,2:2,54.8
16407,1051-52,2_3_7,2:1,69.2
16411,1051-52,2_4_10,2:2,59.6
16413,1051-52,2_3_8,2:2,57.7
16418,1051-52,4_2_12,2:1,66.2
16428,1051-52,3_1_1,2:2,59.8
16431,1051-52,2_4_12,2:1,64.4
16438,1051-52,2_2_2,2:2,56.1
16439,1051-52,3_1_1,2:1,68.0
16449,1051-52,2_2_2,2:1,65.2
16452,1051-52,2_4_11,2:1,65.9
16454,1051-52,1_1_1,First,76.6
16456,1051-52,2_3_7,2:2,51.8
16469,1051-52,3_1_1,2:1,63.7
16471,1051-52,2_2_4,2:2,57.2
16473,1051-52,2_2_2,2:1,67.2
16474,1051-52,2_4_12,2:2,57.8
16475,1051-52,2_4_10,2:1,61.0
16480,1051-52,2_2_4,2:1,63.7
16494,1051-52,2_2_4,2:1,67.9
16496,1051-52,2_2_2,2:2,56.8
16500,1051-52,2_3_8,2:1,67.4
16505,1051-52,1_1_2,2:2,53.6
16506,1051-52,2_2_6,2:1,63.5
16509,1051-52,1_2_1,2:1,66.4
16512,1051-52,2_2_4,2:1,62.5
16518,1051-52,2_3_7,2:1,64.4
16520,1051-52,4_2_12,First,85.3
16527,1051-52,4_2_12,2:1,60.7
16537,1051-52,4_2_12,First,70.4
16541,1051-52,2_4_12,2:2,58.9
16544,1051-52,2_4_12,2:1,66.1
16550,1051-52,2_4_10,2:2,51.3
16553,1051-52,1_1_4,2:1,69.9
16556,1051-52,3_2_2,First,73.8
16558,1051-52,2_4_10,2:1,66.8
16560,1051-52,2_3_8,2:2,58.8
16563,1051-52,2_4_11,2:1,60.3
16564,1051-52,2_4_11,2:2,51.5
16568,1051-52,2_2_2,2:1,63.3
16573,1051-52,2_2_3,2:1,64.4
16579,1051-52,1_1_4,2:1,60.3
16580,1051-52,1_1_5,2:2,55.0
16582,1051-52,2_2_4,2:1,63.3
16587,1051-52,2_3_8,First,72.1
16594,1051-52,2_2_2,2:1,64.1
16599,1051-52,2_4_11,2:2,54.1
16602,1051-52,1_1_1,2:1,62.6
16604,1051-52,1_1_4,2:2,58.7
16621,1051-52,2_4_12,2:2,55.7
16625,1051-52,1_2_1,2:2,57.4
16635,1051-52,4_2_12,2:1,62.6
16642,1051-52,2_4_12,2:1,60.3
16646,1051-52,2_4_12,2:2,57.7
16649,1051-52,2_2_5,2:1,66.0
16658,1051-52,2_2_4,First,70.4
16665,1051-52,2_3_9,2:1,62.0
16683,1051-52,2_3_7,2:1,62.9
16686,1051-52,2_2_3,First,72.5
16698,1051-52,2_1_1,2:1,66.4
16707,1051-52,2_4_10,2:1,64.1
16709,1051-52,4_2_12,2:2,51.1
16715,1051-52,2_2_6,2:1,67.1
16732,1051-52,2_3_8,2:2,54.6
16733,1051-52,1_1_2,2:2,58.1
16749,1051-52,2_3_7,2:2,53.6
16761,1051-52,2_2_4,2:2,55.4
16762,1051-52,1_1_4,First,71.6
16764,1051-52,2_2_4,2:1,60.8
16769,1051-52,1_1_5,2:2,51.5
16772,1051-52,1_1_5,2:1,64.4
16773,1051-52,1_1_5,First,71.3
16778,1051-52,2_3_8,2:1,65.3
16783,1051-52,1_1_5,2:2,58.6
16801,1051-52,4_2_12,2:1,63.0
16810,1051-52,2_2_2,2:1,60.1
16811,1051-52,2_4_12,2:1,60.3
16819,1051-52,2_2_3,2:2,58.6
16832,1051-52,4_2_12,2:2,51.7
16838,1051-52,1_1_5,2:1,64.9
16840,1051-52,3_2_2,2:1,63.9
16842,1051-52,2_3_8,2:2,58.7
16844,1051-52,2_4_12,2:1,68.8
16845,1051-52,2_3_8,2:1,64.2
16861,1051-52,3_2_2,2:1,65.1
16870,1051-52,2_4_12,2:2,57.0
16871,1051-52,2_2_6,2:1,68.5
16878,1051-52,2_4_12,2:1,61.6
16879,1051-52,2_2_4,2:2,56.2
16883,1051-52,2_3_8,2:2,57.6
16885,1051-52,2_3_7,2:2,59.8
1689,1051-52,4_2_12,Third,46.7
16891,1051-52,2_3_9,2:1,64.3
16894,1051-52,2_2_3,2:1,64.8
16902,1051-52,1_1_2,2:1,64.8
16904,1051-52,2_2_5,2:1,65.0
16908,1051-52,2_2_4,2:1,60.1
16909,1051-52,3_2_2,2:1,62.7
16912,1051-52,2_1_1,Third,49.4
16917,1051-52,1_1_2,2:2,50.1
16931,1051-52,2_4_10,2:2,50.8
16932,1051-52,4_2_12,2:2,55.5
16933,1051-52,1_1_1,2:1,67.4
16942,1051-52,3_2_2,2:2,56.3
16943,1051-52,1_1_5,2:1,64.5
16959,1051-52,1_1_2,2:1,66.8
16967,1051-52,1_1_2,First,75.8
16969,1051-52,4_2_12,2:1,64.6
16972,1051-52,4_2_12,2:1,60.8
16978,1051-52,2_4_12,Third,49.8
16987,1051-52,3_1_1,2:2,58.4
16991,1051-52,2_2_6,2:2,58.3
16992,1051-52,2_4_12,2:2,56.8
16996,1051-52,1_1_1,2:2,55.5
17004,1051-52,2_2_2,2:1,67.3
17008,1051-52,1_1_3,2:1,62.6
17017,1051-52,3_2_2,2:1,62.5
17020,1051-52,1_1_3,2:1,60.1
17023,1051-52,4_2_12,2:2,52.0
17028,1051-52,4_2_12,2:2,53.2
17029,1051-52,2_3_9,2:1,63.5
17031,1051-52,2_2_5,2:1,60.8
17032,1051-52,2_3_9,First,71.0
17036,1051-52,1_2_1,2:1,65.8
17059,1051-52,1_1_2,2:1,63.4
17060,1051-52,2_1_1,2:1,62.0
17065,1051-52,2_3_9,First,75.1
17066,1051-52,4_2_12,2:1,67.0
17067,1051-52,2_2_3,2:2,57.5
17072,1051-52,2_3_8,2:1,60.2
17093,1051-52,2_2_3,First,71.1
17096,1051-52,2_3_8,2:1,65.7
17098,1051-52,2_4_12,2:2,51.8
17099,1051-52,2_1_1,2:1,68.1
17100,1051-52,1_1_4,2:2,58.2
17102,1051-52,2_2_4,2:2,56.0
17103,1051-52,2_2_3,2:2,58.3
17109,1051-52,2_3_9,2:1,66.2
17113,1051-52,4_2_12,2:1,65.0
17114,1051-52,2_2_3,2:2,52.2
17116,1051-52,2_3_9,2:1,68.0
17118,1051-52,2_3_7,2:2,51.7
17133,1051-52,2_2_2,First,70.2
17144,1051-52,1_1_2,First,70.4
17154,1051-52,3_2_2,2:2,56.9
17160,1051-52,2_2_6,2:2,57.8
17166,1051-52,2_2_5,First,70.7
17168,1051-52,2_2_3,2:1,62.1
17170,1051-52,2_3_7,First,72.9
17178,1051-52,2_2_4,2:1,66.8
17187,1051-52,4_2_12,2:2,53.6
17190,1051-52,2_4_12,First,71.2
17191,1051-52,2_4_10,First,75.4
17200,1051-52,2_1_1,2:1,69.6
17202,1051-52,2_4_12,2:1,61.6
17205,1051-52,1_1_1,First,72.8
17220,1051-52,2_4_11,2:1,68.7
17224,1051-52,1_1_2,2:2,57.2
17230,1051-52,2_2_4,First,70.5
17232,1051-52,2_2_2,First,71.9
17238,1051-52,2_3_7,2:1,65.2
17241,1051-52,2_3_8,2:1,65.7
17242,1051-52,1_1_4,2:2,57.7
17245,1051-52,2_1_1,First,74.6
17253,1051-52,1_1_1,2:2,59.5
17257,1051-52,2_4_11,2:1,62.4
17267,1051-52,2_2_3,First,73.4
17271,1051-52,2_2_3,First,74.4
17278,1051-52,1_1_1,2:2,57.6
17290,1051-52,2_3_7,2:1,62.2
17293,1051-52,1_2_1,2:1,68.8
17294,1051-52,4_2_12,Third,48.7
17297,1051-52,2_2_3,2:1,69.2
17300,1051-52,2_1_1,2:1,68.1
17305,1051-52,2_2_3,2:2,52.4
17306,1051-52,2_3_7,2:2,56.6
17310,1051-52,2_2_4,2:2,52.5
17311,1051-52,2_2_2,First,71.0
17313,1051-52,2_2_3,2:1,67.2
17324,1051-52,2_2_6,2:2,53.1
17325,1051-52,2_4_12,2:1,64.4
17330,1051-52,4_2_12,First,87.0
17337,1051-52,2_2_6,2:1,66.2
17366,1051-52,1_1_4,2:1,67.0
17369,1051-52,1_1_5,2:1,65.8
17372,1051-52,2_1_1,2:1,62.9
17378,1051-52,2_2_5,First,72.9
17394,1051-52,2_3_8,2:1,62.7
17396,1051-52,3_2_2,2:1,65.1
17397,1051-52,2_3_8,2:1,63.5
17400,1051-52,2_4_10,2:2,55.6
17401,1051-52,2_2_2,2:1,60.9
17408,1051-52,1_2_1,2:1,68.7
17419,1051-52,2_2_3,2:1,65.1
17422,1051-52,4_2_12,2:2,50.9
17423,1051-52,2_2_5,2:1,68.1
17427,1051-52,1_1_3,First,71.0
17433,1051-52,2_2_3,2:1,64.6
17434,1051-52,2_2_6,2:2,51.6
17438,1051-52,2_2_2,2:1,68.3
17451,1051-52,1_1_3,2:1,64.2
17452,1051-52,3_1_1,First,73.1
17455,1051-52,2_4_12,2:2,52.7
17464,1051-52,1_1_3,2:1,65.7
17469,1051-52,3_2_2,2:2,55.4
17475,1051-52,2_2_4,2:1,69.9
17478,1051-52,4_2_12,First,70.4
17480,1051-52,2_3_8,Third,49.6
17494,1051-52,2_3_8,2:2,59.3
17495,1051-52,1_2_1,2:1,69.2
17496,1051-52,2_2_2,2:2,59.1
17509,1051-52,2_2_2,2:1,64.7
17510,1051-52,1_1_1,2:2,51.0
17511,1051-52,1_1_4,2:1,66.3
17512,1051-52,1_1_2,2:2,58.5
17514,1051-52,1_2_1,2:2,56.0
17518,1051-52,1_1_4,2:1,64.3
17521,1051-52,4_2_12,First,80.8
17524,1051-52,4_2_12,First,71.0
17526,1051-52,2_2_2,2:1,65.5
17527,1051-52,2_1_1,First,71.0
17539,1051-52,2_4_10,2:2,50.5
17553,1051-52,3_2_2,2:1,66.3
17555,1051-52,1_2_1,2:1,60.6
17556,1051-52,2_2_3,First,70.9
17559,1051-52,3_1_1,2:2,59.5
17565,1051-52,2_3_7,2:2,55.5
17566,1051-52,2_2_5,2:2,59.4
17571,1051-52,1_1_1,2:1,68.9
17575,1051-52,2_2_2,First,76.1
17576,1051-52,2_3_9,Third,46.5
17577,1051-52,1_1_1,2:2,56.2
17594,1051-52,1_2_1,2:2,55.1
17595,1051-52,2_2_4,2:2,58.8
17597,1051-52,3_2_2,2:1,66.9
17602,1051-52,2_2_2,2:1,61.9
17605,1051-52,3_1_1,2:1,65.5
17606,1051-52,2_3_7,2:1,64.8
17607,1051-52,1_2_1,2:1,61.7
17609,1051-52,2_2_2,2:1,63.8
17614,1051-52,1_1_1,2:2,53.5
17621,1051-52,4_2_12,2:1,64.9
17627,1051-52,2_3_7,2:1,62.8
17629,1051-52,1_1_1,2:1,64.3
17632,1051-52,2_4_11,2:1,66.3
17634,1051-52,4_2_12,2:2,58.0
17640,1051-52,2_4_10,2:1,66.1
17645,1051-52,2_2_4,2:1,64.3
17650,1051-52,2_2_3,First,70.2
17651,1051-52,1_1_3,2:1,65.2
17654,1051-52,3_2_2,2:2,56.0
17658,1051-52,1_1_5,First,73.2
17660,1051-52,2_2_5,First,70.4
17662,1051-52,1_1_2,2:1,69.8
17663,1051-52,2_3_9,2:2,59.7
17665,1051-52,1_1_1,First,70.4
17666,1051-52,1_1_1,2:1,68.2
17671,1051-52,2_3_7,First,72.3
17674,1051-52,2_2_3,2:2,54.6
17675,1051-52,2_2_2,2:2,55.0
17677,1051-52,2_4_12,2:1,66.7
17682,1051-52,2_3_9,2:2,57.7
17689,1051-52,2_3_8,2:2,60.0
17692,1051-52,2_2_5,2:2,51.4
17695,1051-52,2_3_8,First,71.3
17696,1051-52,4_2_12,Third,48.6
17707,1051-52,2_4_12,2:2,55.5
17719,1051-52,2_4_10,2:2,59.7
17723,1051-52,3_2_2,2:1,65.5
17727,1051-52,2_3_7,2:2,57.1
17746,1051-52,1_1_2,2:1,66.0
17754,1051-52,2_3_9,2:2,54.6
17755,1051-52,2_2_6,2:1,61.1
17767,1051-52,2_1_1,2:2,57.3
17769,1051-52,1_1_3,2:1,66.8
1777,1051-52,2_3_8,2:2,51.8
17773,1051-52,2_1_1,2:1,67.2
17776,1051-52,2_3_9,First,75.6
17791,1051-52,3_1_1,2:1,69.3
17794,1051-52,2_1_1,2:1,68.7
17804,1051-52,2_2_5,2:1,69.1
17809,1051-52,3_2_2,2:1,67.5
17811,1051-52,2_2_3,2:1,68.2
17819,1051-52,1_1_5,2:2,52.2
17826,1051-52,1_1_3,2:1,65.6
17827,1051-52,2_3_8,2:1,67.0
17850,1051-52,2_2_4,2:1,62.0
17864,1051-52,1_1_1,2:1,66.2
17865,1051-52,2_2_6,2:1,63.7
17871,1051-52,4_2_12,2:1,62.4
17874,1051-52,2_4_10,First,70.1
17884,1051-52,1_1_5,2:1,65.1
17894,1051-52,2_2_3,2:2,50.0
17895,1051-52,1_1_1,2:2,59.3
1790,1051-52,1_1_3,Third,47.8
17900,1051-52,2_2_3,2:1,61.2
17901,1051-52,2_1_1,First,72.6
17917,1051-52,2_3_9,2:1,62.8
17921,1051-52,2_2_2,2:1,65.6
17923,1051-52,2_2_6,First,74.1
17931,1051-52,2_4_12,2:2,58.2
17940,1051-52,1_1_5,2:1,62.9
17944,1051-52,1_1_2,First,71.0
17952,1051-52,2_2_5,2:1,69.2
17953,1051-52,2_3_9,2:2,53.5
17956,1051-52,2_1_1,2:2,59.9
17959,1051-52,2_1_1,2:1,66.5
17967,1051-52,2_4_12,2:1,62.9
17979,1051-52,1_1_2,2:1,66.6
17980,1051-52,2_3_8,First,73.2
17985,1051-52,2_2_3,2:2,56.0
17998,1051-52,2_2_4,2:2,58.2
18014,1051-52,1_1_3,First,70.3
18016,1051-52,1_1_3,2:2,55.5
18019,1051-52,2_3_9,2:2,59.2
18026,1051-52,3_1_1,2:1,66.2
18028,1051-52,4_2_12,2:2,59.2
18029,1051-52,4_2_12,Third,45.7
18030,1051-52,2_4_11,2:2,54.0
18032,1051-52,2_2_2,2:2,52.5
18033,1051-52,2_4_12,2:2,57.0
18037,1051-52,2_2_4,2:2,56.8
18044,1051-52,2_3_7,First,71.4
18051,1051-52,2_2_6,2:1,67.3
18054,1051-52,1_1_5,2:1,65.2
18056,1051-52,4_2_12,Third,48.8
18059,1051-52,4_2_12,2:2,52.0
18061,1051-52,1_1_2,First,70.8
18065,1051-52,2_3_9,2:2,55.3
18081,1051-52,2_4_11,Third,45.0
18090,1051-52,1_1_4,2:1,62.2
18094,1051-52,2_1_1,2:2,56.2
18100,1051-52,4_2_12,First,76.8
18102,1051-52,2_3_9,First,72.0
18109,1051-52,1_1_2,2:1,68.8
18113,1051-52,2_3_9,2:1,68.7
18126,1051-52,2_3_7,Third,48.9
18128,1051-52,2_2_2,2:1,65.5
18129,1051-52,2_3_9,2:1,68.2
18133,1051-52,2_2_4,2:1,63.3
18140,1051-52,2_2_4,2:1,60.2
18146,1051-52,2_3_9,2:2,54.3
18148,1051-52,2_2_3,2:1,65.5
18156,1051-52,4_2_12,2:2,56.5
18162,1051-52,2_3_8,2:2,51.4
18163,1051-52,1_1_3,2:1,62.7
18172,1051-52,2_2_6,2:1,67.4
18175,1051-52,2_4_10,2:1,60.7
18180,1051-52,2_3_9,2:1,61.0
18184,1051-52,2_4_12,2:2,57.8
18185,1051-52,2_2_4,2:1,63.6
18187,1051-52,3_2_2,2:2,58.8
18197,1051-52,1_1_3,First,78.2
18198,1051-52,2_2_2,2:2,56.4
18199,1051-52,4_2_12,2:2,59.1
18202,1051-52,1_1_4,2:1,65.2
18203,1051-52,1_1_5,2:2,59.8
18206,1051-52,2_1_1,2:2,59.6
18218,1051-52,3_2_2,2:1,65.0
18219,1051-52,2_1_1,First,70.9
18221,1051-52,1_1_2,2:1,61.3
18224,1051-52,2_2_2,2:2,57.2
18225,1051-52,2_1_1,2:2,56.2
18228,1051-52,4_2_12,2:2,53.7
18231,1051-52,2_2_4,2:1,63.6
18237,1051-52,1_1_2,2:1,63.7
18241,1051-52,3_1_1,2:2,56.9
18257,1051-52,2_1_1,2:2,50.7
18266,1051-52,2_2_6,2:2,58.7
18267,1051-52,2_3_7,2:2,57.8
18271,1051-52,1_1_3,2:2,59.8
18272,1051-52,2_2_5,2:1,69.3
18276,1051-52,2_1_1,2:1,69.9
18282,1051-52,2_2_6,2:2,55.8
18283,1051-52,1_1_4,2:1,67.4
18286,1051-52,4_2_12,2:2,52.6
18292,1051-52,4_2_12,2:1,65.0
18298,1051-52,1_1_2,2:2,54.0
18299,1051-52,2_4_10,2:1,69.0
18301,1051-52,2_4_11,2:2,53.5
18304,1051-52,4_2_12,2:1,63.2
18308,1051-52,1_1_4,2:1,64.3
18309,1051-52,1_1_3,2:2,54.2
18314,1051-52,1_1_2,2:2,59.5
18322,1051-52,1_1_2,2:1,61.1
18338,1051-52,2_3_7,2:2,59.6
18343,1051-52,1_1_2,2:2,55.8
18350,1051-52,2_1_1,2:2,52.4
18360,1051-52,2_1_1,2:1,66.2
18364,1051-52,3_1_1,First,70.7
18370,1051-52,1_1_2,2:2,58.1
18372,1051-52,1_2_1,2:2,52.3
18375,1051-52,1_1_3,First,73.4
18380,1051-52,1_1_2,2:1,68.1
18390,1051-52,2_4_12,First,72.9
18394,1051-52,4_2_12,2:1,66.4
18401,1051-52,4_2_12,2:1,60.4
18409,1051-52,2_2_2,First,71.4
18414,1051-52,3_2_2,2:2,52.1
18419,1051-52,2_2_4,2:1,60.0
18421,1051-52,2_2_2,2:1,64.2
18425,1051-52,4_2_12,First,72.8
18434,1051-52,1_1_3,2:1,63.3
18437,1051-52,2_2_6,2:2,57.2
18440,1051-52,3_1_1,2:2,52.6
18442,1051-52,2_2_3,2:2,57.9
18445,1051-52,2_2_5,First,76.2
18468,1051-52,2_2_3,2:1,61.6
18481,1051-52,1_1_4,2:1,63.5
18482,1051-52,1_1_1,2:1,68.8
18487,1051-52,2_2_3,First,71.8
18488,1051-52,1_1_2,First,74.3
18495,1051-52,2_4_10,2:1,62.1
18509,1051-52,2_2_4,2:2,50.7
18526,1051-52,4_2_12,2:1,60.6
18539,1051-52,2_4_12,2:2,53.5
18545,1051-52,2_2_6,2:2,56.4
18546,1051-52,1_1_1,First,73.1
18549,1051-52,2_3_8,2:1,68.4
18550,1051-52,4_2_12,2:1,60.4
18554,1051-52,1_1_4,2:1,64.6
18555,1051-52,1_1_4,First,73.3
18557,1051-52,1_1_2,2:2,59.8
18558,1051-52,4_2_12,First,79.8
18571,1051-52,2_4_10,First,70.5
18575,1051-52,4_2_12,Third,49.5
18580,1051-52,2_3_8,2:2,55.0
18582,1051-52,1_2_1,First,73.8
18590,1051-52,2_3_9,2:1,60.1
18591,1051-52,4_2_12,First,81.4
18598,1051-52,4_2_12,First,71.7
18605,1051-52,2_1_1,2:1,62.5
18606,1051-52,2_2_3,2:1,61.4
18608,1051-52,2_4_10,2:1,65.4
18621,1051-52,1_2_1,2:2,59.3
18628,1051-52,2_2_3,2:1,68.5
18638,1051-52,2_1_1,2:1,69.8
18645,1051-52,1_1_3,2:2,59.5
18647,1051-52,1_1_2,2:1,65.6
18651,1051-52,2_3_8,2:1,64.5
18652,1051-52,2_2_6,2:1,62.9
18658,1051-52,2_3_7,2:1,68.6
18663,1051-52,2_2_3,2:1,66.3
18668,1051-52,2_2_4,2:1,67.0
18669,1051-52,2_4_12,2:2,54.6
18675,1051-52,2_3_8,2:2,57.3
18679,1051-52,2_2_4,2:1,68.8
18696,1051-52,1_1_3,2:1,60.6
18698,1051-52,2_4_12,2:1,64.8
18702,1051-52,2_4_11,2:2,56.6
18703,1051-52,2_3_8,2:1,62.2
18705,1051-52,1_1_3,2:2,55.3
18706,1051-52,4_2_12,2:2,57.7
18707,1051-52,1_1_4,2:1,67.1
18728,1051-52,2_2_6,First,72.0
18740,1051-52,2_3_7,2:2,54.5
18741,1051-52,1_2_1,2:1,63.6
18742,1051-52,2_4_12,2:1,66.9
18751,1051-52,2_3_8,2:1,61.8
18758,1051-52,2_2_6,2:1,61.7
18766,1051-52,2_2_3,2:1,63.4
18778,1051-52,3_2_2,2:2,50.3
18779,1051-52,2_4_10,2:2,57.2
18783,1051-52,1_1_4,2:1,64.5
18784,1051-52,2_4_10,2:1,66.8
18786,1051-52,4_2_12,First,75.0
18790,1051-52,2_4_10,2:1,64.2
18797,1051-52,2_2_2,2:2,58.6
18798,1051-52,3_2_2,2:1,62.4
18800,1051-52,2_3_7,2:2,53.4
18802,1051-52,1_1_4,2:1,62.1
18803,1051-52,4_2_12,First,70.1
18805,1051-52,4_2_12,2:2,53.4
18807,1051-52,2_2_4,2:1,64.6
18814,1051-52,2_4_10,2:2,57.5
18817,1051-52,2_2_2,2:1,65.7
18819,1051-52,1_1_5,2:2,52.4
18827,1051-52,2_3_7,2:1,67.8
18834,1051-52,2_1_1,2:1,65.1
18838,1051-52,2_2_5,2:1,67.2
18843,1051-52,4_2_12,Third,48.9
18844,1051-52,2_2_3,2:2,59.1
18857,1051-52,4_2_12,Third,49.5
18859,1051-52,1_1_2,2:2,60.0
18867,1051-52,1_1_5,2:2,53.3
18869,1051-52,1_1_2,2:2,55.5
18870,1051-52,2_2_2,2:2,51.1
18883,1051-52,1_1_4,First,71.2
18887,1051-52,2_3_7,2:2,59.0
18893,1051-52,1_1_1,First,70.1
18896,1051-52,1_1_2,2:2,59.1
18903,1051-52,2_2_6,2:1,65.0
18912,1051-52,2_4_11,2:2,53.8
18913,1051-52,2_4_12,2:1,62.8
18914,1051-52,1_1_3,First,74.0
18915,1051-52,4_2_12,2:1,64.9
18919,1051-52,2_2_4,2:2,58.6
18923,1051-52,2_1_1,2:2,56.1
18924,1051-52,2_3_8,Third,49.3
18926,1051-52,2_2_4,2:1,63.2
18929,1051-52,1_1_5,2:1,69.9
18941,1051-52,2_3_8,First,72.0
18950,1051-52,2_2_2,2:2,56.2
18954,1051-52,1_1_4,2:2,59.4
18960,1051-52,2_2_2,2:1,61.9
18961,1051-52,2_3_8,Third,49.8
18964,1051-52,1_1_5,2:2,55.8
18975,1051-52,3_2_2,2:2,56.9
19001,1051-52,2_2_2,2:2,55.6
19003,1051-52,1_1_2,First,71.7
19007,1051-52,2_4_12,First,70.5
19016,1051-52,2_2_3,Third,48.7
19020,1051-52,3_2_2,2:1,62.2
19031,1051-52,2_3_9,2:1,65.3
19035,1051-52,2_3_8,2:1,62.9
19039,1051-52,1_2_1,2:2,55.6
19041,1051-52,1_2_1,2:1,61.8
19047,1051-52,2_2_4,2:1,65.9
19053,1051-52,2_3_8,2:1,62.1
19056,1051-52,2_4_10,2:2,56.6
19057,1051-52,1_2_1,2:1,63.3
19062,1051-52,2_4_12,2:2,58.8
19063,1051-52,2_2_5,2:2,57.8
19064,1051-52,4_2_12,2:2,54.3
19066,1051-52,2_2_4,2:2,59.5
19073,1051-52,2_4_10,2:2,52.3
19078,1051-52,4_2_12,2:2,55.6
19079,1051-52,1_1_5,2:2,59.3
1910,1051-52,1_1_2,Third,46.7
19102,1051-52,1_1_4,2:1,65.1
19105,1051-52,2_2_6,2:1,61.3
19116,1051-52,2_2_5,2:1,68.1
19120,1051-52,2_4_12,First,70.4
19124,1051-52,1_1_3,2:1,60.1
19126,1051-52,1_1_3,First,70.8
19130,1051-52,2_4_10,First,70.4
19135,1051-52,2_1_1,2:2,58.5
19139,1051-52,2_4_10,2:1,63.4
19141,1051-52,2_2_3,2:1,63.6
19147,1051-52,2_1_1,2:1,67.4
19148,1051-52,2_3_7,First,70.9
19149,1051-52,1_1_1,2:1,65.0
19151,1051-52,2_2_3,2:2,55.5
19158,1051-52,2_2_4,2:2,57.6
19162,1051-52,2_4_12,2:1,60.5
19166,1051-52,2_3_8,2:1,68.1
19168,1051-52,1_1_2,2:1,64.9
19169,1051-52,2_4_12,2:1,63.5
19182,1051-52,1_1_3,2:1,64.3
19184,1051-52,2_2_6,2:1,66.5
19186,1051-52,2_2_4,2:1,61.2
19191,1051-52,3_2_2,2:2,52.3
19193,1051-52,1_1_5,First,71.5
19200,1051-52,2_4_11,2:1,68.3
19203,1051-52,1_1_3,2:1,65.2
19204,1051-52,3_2_2,2:1,66.4
19206,1051-52,1_1_5,First,70.5
19212,1051-52,2_1_1,2:1,67.7
19214,1051-52,2_2_2,2:1,62.4
1922,1051-52,2_3_7,Third,44.1
19221,1051-52,1_1_2,2:2,57.5
19222,1051-52,1_1_4,2:2,54.9
19253,1051-52,2_1_1,2:2,57.8
19255,1051-52,2_2_3,2:1,68.5
19258,1051-52,1_1_3,2:1,60.6
19262,1051-52,2_3_7,First,73.0
19267,1051-52,2_1_1,2:2,52.4
19270,1051-52,2_4_10,2:2,57.4
19276,1051-52,2_2_3,2:2,58.0
19281,1051-52,2_3_8,2:2,57.7
19289,1051-52,2_2_6,2:1,66.3
19291,1051-52,2_4_12,First,73.4
19298,1051-52,2_2_2,2:1,67.5
19300,1051-52,2_2_5,2:1,63.2
19301,1051-52,2_2_4,2:1,61.0
19307,1051-52,2_3_8,2:1,69.9
19310,1051-52,2_2_5,2:1,61.6
19323,1051-52,2_3_7,2:2,56.6
19326,1051-52,2_3_9,2:1,67.5
19327,1051-52,2_4_10,2:1,63.8
19332,1051-52,1_1_5,First,75.8
19341,1051-52,2_4_12,First,70.8
19344,1051-52,2_3_8,Third,48.2
19346,1051-52,1_1_5,2:2,54.2
19348,1051-52,2_2_2,Third,49.3
19356,1051-52,2_2_5,2:2,54.5
19357,1051-52,2_3_8,2:2,59.4
19362,1051-52,1_1_3,2:1,60.9
19365,1051-52,3_2_2,2:2,59.1
19368,1051-52,3_1_1,2:2,58.3
19378,1051-52,2_4_12,Third,48.8
19380,1051-52,1_2_1,2:2,56.3
19389,1051-52,2_2_2,2:2,57.7
19390,1051-52,4_2_12,Third,43.7
19392,1051-52,2_4_11,2:2,55.4
19394,1051-52,2_2_6,2:1,61.4
19399,1051-52,2_3_8,2:1,67.8
19404,1051-52,1_2_1,2:2,56.3
19406,1051-52,2_2_5,2:1,65.0
19409,1051-52,2_3_7,2:2,51.5
19413,1051-52,2_2_6,2:1,66.2
19417,1051-52,3_2_2,First,72.1
19419,1051-52,1_1_3,2:1,68.3
19420,1051-52,2_1_1,2:1,63.7
19421,1051-52,1_1_2,2:2,58.9
19428,1051-52,1_1_4,2:2,57.2
19431,1051-52,1_1_4,2:1,64.6
19432,1051-52,2_3_7,First,76.5
19433,1051-52,4_2_12,2:1,61.5
19444,1051-52,2_4_11,2:1,68.5
19446,1051-52,2_2_3,2:1,65.1
19449,1051-52,2_4_11,2:2,59.3
19451,1051-52,2_3_9,2:1,67.7
19455,1051-52,3_1_1,First,70.0
19456,1051-52,2_4_12,2:1,61.8
19461,1051-52,1_1_3,2:2,58.3
19465,1051-52,2_2_3,2:1,68.1
19468,1051-52,2_3_7,2:2,56.1
19474,1051-52,2_3_8,First,76.3
19476,1051-52,2_1_1,2:1,64.7
19485,1051-52,1_1_5,Third,48.7
19486,1051-52,2_3_7,2:1,62.1
19488,1051-52,3_2_2,2:1,69.2
19501,1051-52,2_2_2,2:1,61.1
19505,1051-52,2_4_10,2:2,58.0
19507,1051-52,1_1_5,2:1,61.0
19511,1051-52,2_4_11,2:2,54.7
19517,1051-52,1_1_3,2:2,59.0
19518,1051-52,1_1_3,2:1,60.9
19526,1051-52,1_1_2,First,72.9
19528,1051-52,2_2_5,2:1,66.6
19535,1051-52,2_4_10,2:2,55.2
19538,1051-52,1_1_2,2:1,62.2
19539,1051-52,2_3_9,2:1,65.4
19564,1051-52,4_2_12,2:1,62.0
19565,1051-52,2_2_6,2:2,55.8
19568,1051-52,1_1_4,First,70.8
19572,1051-52,2_2_3,2:1,68.8
19575,1051-52,2_2_2,2:1,65.3
19583,1051-52,1_1_3,2:1,68.5
19584,1051-52,2_3_8,First,70.5
19585,1051-52,2_2_3,First,73.9
19589,1051-52,2_2_3,2:1,64.0
19591,1051-52,1_1_2,First,72.0
19592,1051-52,2_4_12,First,74.9
19593,1051-52,1_1_5,2:1,65.5
19594,1051-52,2_2_4,2:2,59.2
19602,1051-52,3_2_2,2:1,60.7
19610,1051-52,1_1_1,2:2,58.3
19615,1051-52,2_4_12,First,71.4
19621,1051-52,2_3_7,2:2,51.1
19622,1051-52,2_4_12,2:2,52.1
19623,1051-52,2_3_8,2:2,52.7
19629,1051-52,2_1_1,First,72.3
19630,1051-52,3_2_2,2:2,59.4
19631,1051-52,1_1_5,2:2,56.5
19632,1051-52,1_1_5,2:1,65.6
19633,1051-52,2_3_8,2:1,63.4
19636,1051-52,4_2_12,2:1,68.7
19644,1051-52,1_1_2,2:1,67.0
19645,1051-52,1_1_1,2:1,62.0
19663,1051-52,3_1_1,2:1,60.1
19664,1051-52,2_4_10,2:1,63.6
19676,1051-52,4_2_12,Third,49.7
19686,1051-52,2_4_11,2:2,58.2
19688,1051-52,2_3_8,2:1,64.9
19692,1051-52,2_1_1,2:1,60.9
19693,1051-52,4_2_12,First,71.1
19698,1051-52,2_3_7,2:2,57.7
19704,1051-52,1_1_5,2:2,57.8
19708,1051-52,2_2_6,2:2,59.8
19717,1051-52,1_2_1,2:1,64.8
19727,1051-52,2_3_7,2:2,55.1
19728,1051-52,3_1_1,2:1,61.4
19731,1051-52,2_3_8,2:1,67.1
19741,1051-52,2_3_8,2:1,68.9
19749,1051-52,2_2_3,2:1,67.9
19752,1051-52,2_3_8,2:2,59.8
19757,1051-52,2_3_7,2:2,52.0
19765,1051-52,2_4_12,2:2,52.7
19766,1051-52,2_2_2,2:1,64.3
19769,1051-52,2_3_8,2:1,69.2
19772,1051-52,1_1_2,2:1,61.0
19776,1051-52,3_2_2,2:2,56.0
19778,1051-52,2_3_8,2:1,68.8
19779,1051-52,2_2_2,2:2,53.1
19780,1051-52,1_1_2,2:1,62.8
19783,1051-52,1_1_3,2:1,68.4
19785,1051-52,1_1_3,Third,47.5
19791,1051-52,1_1_1,2:1,62.5
19793,1051-52,2_4_12,First,71.7
19796,1051-52,2_4_12,2:2,57.5
19797,1051-52,1_2_1,2:2,53.8
19799,1051-52,2_3_8,2:1,69.4
19809,1051-52,2_4_12,2:2,51.3
19812,1051-52,3_1_1,2:1,68.8
19820,1051-52,3_2_2,Third,48.3
19822,1051-52,1_1_2,2:2,53.6
19830,1051-52,2_3_7,2:1,65.4
19838,1051-52,2_3_7,2:2,53.7
19841,1051-52,1_1_4,2:1,68.3
19846,1051-52,2_2_4,2:1,63.1
19850,1051-52,4_2_12,2:1,67.7
19851,1051-52,1_1_2,2:1,68.0
19854,1051-52,2_2_5,2:1,62.8
19860,1051-52,2_2_5,2:1,60.6
19861,1051-52,2_2_6,2:1,68.6
19872,1051-52,2_2_5,2:2,53.7
19874,1051-52,2_1_1,2:2,53.9
19878,1051-52,2_2_5,2:2,56.2
19879,1051-52,2_1_1,2:2,54.4
19883,1051-52,4_2_12,2:1,67.5
19886,1051-52,2_2_6,2:1,68.8
19892,1051-52,2_2_4,2:2,53.5
19898,1051-52,2_3_9,2:2,55.6
19899,1051-52,2_3_9,2:1,63.9
19900,1051-52,4_2_12,2:2,55.7
19902,1051-52,2_2_5,2:1,68.6
19924,1051-52,1_1_2,2:1,67.7
19930,1051-52,1_1_3,2:1,62.0
19937,1051-52,2_2_2,2:2,50.4
19947,1051-52,2_4_12,2:1,63.1
19950,1051-52,2_3_8,2:2,57.5
19956,1051-52,4_2_12,2:1,63.8
19957,1051-52,1_1_4,2:1,69.9
19958,1051-52,2_2_5,2:2,55.8
19960,1051-52,2_2_6,2:2,51.5
19967,1051-52,2_1_1,2:1,67.9
19972,1051-52,2_2_2,First,71.8
19974,1051-52,2_4_12,2:2,57.3
19983,1051-52,2_2_2,2:1,66.4
19989,1051-52,2_4_12,2:1,63.6
19990,1051-52,1_1_2,2:2,56.8
19996,1051-52,1_1_4,2:2,54.4
2332,1051-52,2_2_6,Third,48.6
2494,1051-52,2_2_5,Third,46.9
2764,1051-52,1_1_5,2:2,51.2
2808,1051-52,2_2_4,Third,45.3
2871,1051-52,2_3_7,Third,45.4
2928,1051-52,1_1_1,Third,46.0
3106,1051-52,1_1_3,Third,46.5
3187,1051-52,2_2_3,Third,46.3
4129,1051-52,2_4_12,Third,49.0
4537,1051-52,2_4_12,Third,47.3
4584,1051-52,2_4_12,Third,48.6
482,1051-52,2_2_5,Third,44.6
5067,1051-52,2_1_1,2:2,59.3
5082,1051-52,2_4_10,2:2,50.5
5165,1051-52,2_2_2,Third,47.3
5337,1051-52,1_2_1,Third,48.7
5472,1051-52,4_2_12,2:2,54.1
563,1051-52,2_1_1,2:2,50.1
5636,1051-52,1_1_4,2:2,54.5
5661,1051-52,2_2_4,2:1,62.8
5807,1051-52,1_2_1,Third,44.5
5913,1051-52,4_2_12,Third,47.0
6431,1051-52,1_1_4,2:2,59.4
6458,1051-52,2_4_10,Third,49.5
6463,1051-52,2_2_3,Third,48.7
6519,1051-52,2_2_4,2:2,50.6
6901,1051-52,2_3_7,Third,49.3
6999,1051-52,2_2_2,2:2,54.6
7258,1051-52,3_1_1,2:2,50.8
7268,1051-52,2_4_10,Third,44.5
7465,1051-52,2_2_2,2:2,51.1
7473,1051-52,3_2_2,Third,50.0
7563,1051-52,2_3_8,Third,49.8
7650,1051-52,2_3_8,Third,49.7
7730,1051-52,2_3_7,Third,49.8
7747,1051-52,1_1_3,Third,46.4
778,1051-52,2_2_6,Third,49.3
7817,1051-52,2_2_5,Third,43.0
7854,1051-52,1_1_1,Third,50.0
7905,1051-52,2_2_6,2:2,50.3
7983,1051-52,2_2_5,2:2,52.1
8214,1051-52,3_1_1,Third,45.2
8503,1051-52,4_2_12,Third,46.0
8564,1051-52,2_4_12,Third,49.5
8765,1051-52,2_2_4,2:2,59.8
8905,1051-52,2_2_3,Third,43.5
9049,1051-52,2_3_8,2:2,52.8
9105,1051-52,2_2_6,Third,49.8
9138,1051-52,3_1_1,2:2,50.6
9247,1051-52,2_1_1,2:2,54.3
9279,1051-52,1_1_2,2:2,53.1
9280,1051-52,2_3_8,Third,44.8
9294,1051-52,2_4_11,Third,44.1
9713,1051-52,2_3_8,Third,46.7
9821,1051-52,2_2_6,2:2,51.2
9904,1051-52,2_2_4,2:2,50.7
9953,1051-52,1_2_1,Third,46.7
10013,1052-53,1_1_3,2:2,50.7
10223,1052-53,1_1_5,2:2,50.6
10363,1052-53,2_2_2,2:2,54.0
10371,1052-53,4_2_12,2:2,51.5
10464,1052-53,2_2_5,2:2,52.6
10493,1052-53,3_1_1,2:2,55.2
10574,1052-53,2_1_1,2:2,59.6
10698,1052-53,2_3_8,Third,48.2
10728,1052-53,4_2_12,Third,49.6
10736,1052-53,4_2_12,Third,45.0
10949,1052-53,2_3_8,Third,48.0
10962,1052-53,2_2_3,Third,46.8
11028,1052-53,2_3_8,2:2,56.4
11056,1052-53,2_4_12,2:2,50.8
11132,1052-53,2_4_10,2:2,50.6
11205,1052-53,2_3_7,Third,44.4
11436,1052-53,2_2_3,2:1,61.1
11675,1052-53,2_3_8,Third,48.6
11750,1052-53,2_4_12,2:2,51.3
11994,1052-53,3_2_2,2:2,54.5
12037,1052-53,2_4_10,Third,47.8
12114,1052-53,4_2_12,2:2,57.6
12138,1052-53,2_4_10,2:2,52.5
12176,1052-53,1_1_1,2:1,66.8
12216,1052-53,2_4_12,2:2,52.7
12281,1052-53,4_2_12,Third,50.0
12284,1052-53,1_1_5,2:2,50.4
12335,1052-53,2_4_12,2:2,50.5
12369,1052-53,2_3_8,2:2,52.2
12406,1052-53,2_3_8,2:2,52.5
12492,1052-53,1_2_1,Third,45.1
12583,1052-53,2_3_7,Third,45.7
12689,1052-53,1_2_1,Third,49.0
12717,1052-53,2_4_12,2:2,51.9
12750,1052-53,2_4_11,Third,45.3
12758,1052-53,1_2_1,2:2,56.1
12803,1052-53,2_2_3,2:2,50.0
12836,1052-53,2_1_1,2:2,53.4
12837,1052-53,2_2_6,2:2,53.2
12868,1052-53,2_4_12,Third,47.1
12886,1052-53,2_1_1,2:2,51.6
12942,1052-53,4_2_12,2:2,55.6
12959,1052-53,3_2_2,2:2,52.6
1308,1052-53,1_1_4,Third,48.7
13131,1052-53,2_3_8,Third,49.4
13291,1052-53,2_3_8,Third,47.1
13426,1052-53,2_3_7,2:2,50.5
13514,1052-53,2_2_6,2:2,54.5
13558,1052-53,2_3_8,Third,47.1
13688,1052-53,2_4_10,2:2,50.3
13732,1052-53,2_3_9,Third,47.7
13734,1052-53,1_2_1,Third,44.5
13789,1052-53,2_2_4,Third,47.9
13826,1052-53,2_2_5,Third,47.4
13859,1052-53,1_1_4,2:2,51.9
13888,1052-53,2_4_10,2:2,50.1
13900,1052-53,2_1_1,Third,48.7
13906,1052-53,2_2_5,2:2,54.1
14005,1052-53,1_1_2,2:2,54.3
14097,1052-53,1_2_1,2:2,54.9
14103,1052-53,2_3_7,Third,45.8
14174,1052-53,4_2_12,Third,46.9
14224,1052-53,2_2_3,2:2,53.3
14379,1052-53,2_3_9,Third,47.3
14411,1052-53,2_1_1,2:2,53.9
14432,1052-53,2_2_4,Third,49.2
14441,1052-53,2_1_1,Third,47.8
14503,1052-53,2_4_10,2:2,52.4
14536,1052-53,2_2_3,2:2,59.8
14646,1052-53,2_1_1,2:2,52.5
14797,1052-53,1_2_1,Third,46.3
14890,1052-53,4_2_12,2:2,51.8
15001,1052-53,2_2_2,2:2,52.0
15065,1052-53,2_4_12,2:2,51.8
15067,1052-53,2_2_3,Third,49.1
15142,1052-53,2_2_2,2:1,63.8
15162,1052-53,1_1_1,Third,49.3
15191,1052-53,4_2_12,Third,47.0
15193,1052-53,2_3_8,2:2,59.0
15196,1052-53,2_4_12,Third,45.1
15197,1052-53,3_2_2,2:2,57.7
15223,1052-53,2_2_3,2:2,55.9
15237,1052-53,2_4_12,2:2,50.3
15261,1052-53,2_4_12,Third,46.1
15292,1052-53,3_2_2,Third,46.8
15299,1052-53,2_2_6,Third,46.6
15312,1052-53,4_2_12,Third,47.6
15316,1052-53,2_2_3,2:2,52.7
15336,1052-53,2_1_1,2:2,55.1
15358,1052-53,2_2_3,Third,48.5
15415,1052-53,2_2_3,Third,47.9
15418,1052-53,2_3_8,Third,48.5
15434,1052-53,2_2_2,2:2,53.4
15441,1052-53,1_1_5,Third,49.9
15494,1052-53,2_2_2,2:2,55.8
15516,1052-53,3_1_1,Third,43.3
15603,1052-53,2_2_6,2:1,60.7
15691,1052-53,1_1_5,2:1,60.2
15696,1052-53,2_3_7,2:2,53.5
15772,1052-53,1_1_4,2:2,58.9
15779,1052-53,1_2_1,2:2,59.1
15849,1052-53,2_1_1,Third,45.1
15852,1052-53,2_2_3,Third,46.3
15853,1052-53,1_1_3,2:2,59.3
15867,1052-53,2_2_3,2:1,68.4
15872,1052-53,2_2_5,2:2,55.9
15876,1052-53,2_4_10,2:2,50.5
15878,1052-53,2_2_5,2:1,67.9
15880,1052-53,2_2_2,2:2,52.6
15890,1052-53,2_1_1,2:2,52.7
15901,1052-53,2_2_3,2:2,50.9
15902,1052-53,2_3_7,2:2,59.1
15957,1052-53,2_3_8,2:2,59.9
15966,1052-53,3_2_2,2:2,53.8
15994,1052-53,2_4_11,2:2,56.3
16015,1052-53,1_1_1,2:1,68.8
16035,1052-53,1_1_5,2:1,66.7
16054,1052-53,2_2_2,2:2,57.1
16077,1052-53,1_1_1,Third,46.7
16087,1052-53,1_1_3,2:2,56.9
16100,1052-53,2_3_7,2:2,56.3
16104,1052-53,2_1_1,Third,49.6
16145,1052-53,2_1_1,Third,48.1
16186,1052-53,2_2_6,Third,48.8
16217,1052-53,1_1_3,2:2,56.4
16231,1052-53,2_2_5,2:2,51.7
16268,1052-53,2_3_9,2:2,51.8
16285,1052-53,2_4_10,Third,49.7
16307,1052-53,3_1_1,2:2,57.2
16361,1052-53,2_2_5,Third,47.4
16460,1052-53,2_4_10,2:2,52.6
16515,1052-53,2_3_7,Third,48.2
16562,1052-53,1_2_1,2:1,69.3
16578,1052-53,1_1_3,2:1,69.1
16585,1052-53,2_4_12,2:2,51.4
16612,1052-53,2_2_5,2:2,52.9
16619,1052-53,4_2_12,2:1,61.8
16760,1052-53,2_1_1,Third,49.5
16788,1052-53,2_2_4,2:2,52.4
16850,1052-53,2_3_8,2:2,53.6
16890,1052-53,2_2_2,2:2,54.7
16924,1052-53,1_1_4,2:2,57.3
16937,1052-53,2_3_7,2:2,54.4
16966,1052-53,2_4_12,Third,48.1
17025,1052-53,3_2_2,2:1,65.9
17038,1052-53,2_2_2,2:2,57.8
17073,1052-53,1_2_1,2:2,51.0
17083,1052-53,1_1_5,2:2,55.3
17086,1052-53,2_2_4,2:2,57.3
17107,1052-53,2_4_10,2:2,54.9
17129,1052-53,1_1_2,2:2,54.8
17172,1052-53,2_2_6,2:2,54.5
17237,1052-53,2_4_12,2:2,59.0
17283,1052-53,2_4_12,2:1,61.3
17304,1052-53,1_2_1,Third,44.7
17317,1052-53,2_2_4,Third,48.6
17322,1052-53,4_2_12,2:2,59.2
17329,1052-53,2_2_4,2:1,60.2
17338,1052-53,2_4_11,2:2,52.1
17413,1052-53,1_1_3,2:2,51.0
17417,1052-53,2_3_8,2:2,52.2
17436,1052-53,2_3_8,Third,47.5
17461,1052-53,2_2_3,2:2,56.6
17504,1052-53,3_2_2,Third,49.8
17531,1052-53,2_3_9,2:2,56.9
17593,1052-53,2_1_1,2:2,57.2
17624,1052-53,2_3_9,2:2,59.3
17655,1052-53,2_3_9,2:1,70.0
17681,1052-53,2_2_6,2:2,55.9
17698,1052-53,2_2_3,2:1,60.1
17742,1052-53,3_2_2,2:2,53.4
17758,1052-53,4_2_12,2:2,53.1
17765,1052-53,1_1_3,2:2,55.6
17771,1052-53,2_2_3,2:1,67.3
17830,1052-53,1_1_2,2:1,65.0
17854,1052-53,2_4_10,2:1,66.9
17898,1052-53,2_1_1,2:2,54.8
17912,1052-53,4_2_12,2:2,54.7
17941,1052-53,2_2_3,2:2,53.4
17954,1052-53,1_1_2,2:2,51.0
17958,1052-53,2_3_8,2:1,64.7
17972,1052-53,2_1_1,2:2,54.9
18007,1052-53,2_1_1,Third,46.6
18017,1052-53,4_2_12,First,73.8
18042,1052-53,2_2_2,2:2,58.6
18120,1052-53,2_2_4,2:2,52.7
18177,1052-53,2_3_8,2:1,64.1
18205,1052-53,4_2_12,2:1,65.3
18210,1052-53,2_4_11,Third,49.7
18223,1052-53,1_1_4,2:1,60.2
18240,1052-53,2_3_9,2:2,51.7
18242,1052-53,2_3_9,2:1,60.6
18256,1052-53,1_1_4,2:2,52.1
18280,1052-53,3_2_2,Third,47.6
18316,1052-53,2_2_6,2:1,60.6
18357,1052-53,4_2_12,2:1,65.5
18371,1052-53,2_2_4,2:2,53.2
18376,1052-53,1_1_2,2:2,53.6
18391,1052-53,2_2_4,2:2,53.2
18398,1052-53,1_1_4,2:2,50.4
18439,1052-53,3_1_1,2:2,59.9
18474,1052-53,2_3_8,Third,47.3
18498,1052-53,2_4_12,2:2,59.7
18501,1052-53,1_1_2,2:2,52.6
18547,1052-53,2_4_10,2:2,52.7
18569,1052-53,2_2_2,Third,49.3
18597,1052-53,2_2_5,2:2,51.4
18612,1052-53,2_3_7,2:2,50.9
18670,1052-53,1_1_2,2:1,60.4
18695,1052-53,3_2_2,2:1,60.4
18708,1052-53,2_3_7,2:2,51.3
18754,1052-53,1_2_1,2:2,53.1
18760,1052-53,2_4_12,Third,48.3
18774,1052-53,1_1_1,2:2,55.9
18822,1052-53,1_1_2,2:2,56.6
18830,1052-53,2_4_12,Third,49.9
18868,1052-53,2_4_10,Third,49.6
18897,1052-53,2_2_3,Third,46.2
18901,1052-53,2_4_11,2:2,55.6
18936,1052-53,2_2_5,2:1,62.1
18956,1052-53,3_1_1,2:2,57.8
18957,1052-53,1_1_4,2:2,59.5
18984,1052-53,2_3_7,2:2,52.6
19025,1052-53,4_2_12,2:2,55.5
19029,1052-53,2_3_8,2:2,58.1
19055,1052-53,3_2_2,2:2,53.6
19061,1052-53,1_1_3,2:2,53.6
19103,1052-53,2_2_4,2:2,52.8
19122,1052-53,4_2_12,2:2,59.3
19131,1052-53,2_2_3,2:1,62.6
19209,1052-53,1_1_4,2:2,51.1
19215,1052-53,1_1_3,2:2,54.6
19218,1052-53,2_4_10,2:2,51.6
19224,1052-53,1_1_4,2:2,55.5
19294,1052-53,4_2_12,Third,46.3
19319,1052-53,1_1_1,Third,48.0
19331,1052-53,2_2_6,2:2,51.5
19384,1052-53,2_4_12,2:2,54.9
19385,1052-53,3_2_2,Third,45.9
19458,1052-53,2_1_1,2:1,63.1
19527,1052-53,2_4_11,2:2,53.6
19530,1052-53,1_1_5,2:2,52.8
19531,1052-53,2_3_7,2:1,64.6
19544,1052-53,2_3_7,Third,49.9
19548,1052-53,1_1_2,2:1,65.6
19554,1052-53,4_2_12,Third,49.3
19605,1052-53,2_2_5,2:2,58.7
19608,1052-53,4_2_12,2:1,60.8
19618,1052-53,1_2_1,2:2,56.1
19638,1052-53,2_4_10,2:2,56.5
19654,1052-53,2_2_4,2:2,51.0
19662,1052-53,4_2_12,2:1,69.3
19694,1052-53,2_2_6,2:2,53.0
19697,1052-53,4_2_12,2:2,58.9
19713,1052-53,2_3_8,2:2,57.7
19770,1052-53,2_2_5,2:2,51.4
19771,1052-53,2_3_9,2:2,51.8
19790,1052-53,2_4_12,2:2,53.2
19804,1052-53,2_2_5,2:2,57.7
19839,1052-53,1_2_1,2:2,51.9
19869,1052-53,2_1_1,2:1,65.6
19908,1052-53,1_2_1,2:2,52.1
19913,1052-53,2_2_6,Third,47.6
19948,1052-53,2_3_9,2:2,55.3
19955,1052-53,2_3_7,2:1,60.9
19985,1052-53,4_2_12,2:2,52.6
20001,1052-53,2_4_12,2:2,56.3
20002,1052-53,2_4_11,2:2,52.0
20006,1052-53,2_2_5,First,71.5
20009,1052-53,2_4_11,2:2,52.7
20011,1052-53,2_3_8,2:1,65.7
20017,1052-53,1_1_5,First,70.2
20021,1052-53,2_1_1,2:1,63.0
20026,1052-53,2_2_3,2:1,63.9
20028,1052-53,1_1_2,2:1,62.7
20029,1052-53,1_1_2,2:1,66.4
20031,1052-53,1_1_3,2:1,64.1
20046,1052-53,2_2_6,2:1,61.9
20053,1052-53,2_3_7,2:2,59.2
20057,1052-53,2_1_1,2:2,57.3
20075,1052-53,2_3_7,2:1,62.0
20077,1052-53,2_3_9,2:1,61.2
20078,1052-53,1_1_4,2:2,58.2
20083,1052-53,3_2_2,2:2,50.4
20087,1052-53,1_1_3,First,72.5
20090,1052-53,3_2_2,2:2,58.0
20092,1052-53,1_2_1,2:2,59.5
20094,1052-53,2_4_10,2:2,54.1
20103,1052-53,1_1_3,2:2,56.7
20106,1052-53,2_2_4,2:1,68.3
20108,1052-53,2_4_12,2:2,56.5
20113,1052-53,2_2_4,2:2,57.7
20119,1052-53,2_1_1,Third,46.9
20132,1052-53,3_1_1,2:2,52.0
20137,1052-53,1_1_3,2:1,68.9
20141,1052-53,2_3_9,2:1,61.3
20145,1052-53,1_2_1,2:2,56.3
20148,1052-53,2_2_2,2:2,59.5
20152,1052-53,4_2_12,2:1,67.6
20159,1052-53,1_1_5,First,71.9
20160,1052-53,2_2_3,2:2,55.2
20162,1052-53,2_2_5,First,73.3
20183,1052-53,2_3_8,2:1,64.3
20194,1052-53,3_2_2,2:2,58.4
20199,1052-53,1_1_3,2:1,67.7
20205,1052-53,2_1_1,2:1,68.9
20207,1052-53,1_1_3,2:1,65.6
20214,1052-53,4_2_12,2:1,64.1
20215,1052-53,4_2_12,First,81.7
20218,1052-53,2_2_5,2:1,62.0
20219,1052-53,2_4_10,2:2,55.0
20224,1052-53,2_1_1,2:2,56.1
20252,1052-53,2_1_1,Third,50.0
20253,1052-53,4_2_12,First,70.3
20255,1052-53,2_2_4,2:1,65.9
20258,1052-53,2_2_5,First,71.8
20267,1052-53,2_1_1,2:1,63.0
20269,1052-53,2_4_11,2:2,57.7
20275,1052-53,4_2_12,2:2,54.8
20277,1052-53,1_1_1,2:1,64.1
20280,1052-53,2_4_10,2:1,60.7
20282,1052-53,3_2_2,2:1,66.9
20285,1052-53,2_2_5,2:1,69.0
20297,1052-53,2_4_12,2:2,56.6
20301,1052-53,2_2_5,2:1,64.4
20308,1052-53,2_3_8,2:2,60.0
20311,1052-53,4_2_12,2:1,62.5
20313,1052-53,2_1_1,2:1,64.9
20318,1052-53,1_1_2,2:1,62.6
20325,1052-53,2_2_6,2:2,52.7
20331,1052-53,2_2_2,2:1,66.6
20332,1052-53,1_2_1,2:1,69.7
20337,1052-53,3_2_2,2:1,66.1
20351,1052-53,1_2_1,2:1,62.0
20353,1052-53,4_2_12,2:2,57.1
20371,1052-53,1_2_1,2:2,58.5
20379,1052-53,4_2_12,2:2,50.8
20389,1052-53,4_2_12,2:1,66.8
20394,1052-53,2_2_5,2:2,56.2
20397,1052-53,2_1_1,2:1,68.3
20398,1052-53,4_2_12,First,81.7
20402,1052-53,1_1_5,2:2,59.0
20423,1052-53,1_1_4,2:2,58.2
20427,1052-53,2_4_11,2:1,69.8
20436,1052-53,1_1_2,2:1,62.1
20437,1052-53,2_3_8,Third,49.8
20440,1052-53,2_4_11,2:1,63.7
20449,1052-53,2_4_12,2:1,63.3
20452,1052-53,2_2_2,2:2,57.9
20453,1052-53,2_2_3,2:1,62.6
20483,1052-53,2_4_12,2:1,63.0
20484,1052-53,2_2_3,First,70.1
20488,1052-53,2_3_7,2:2,56.1
20489,1052-53,2_2_2,2:2,58.4
20497,1052-53,4_2_12,Third,47.3
20504,1052-53,4_2_12,2:1,66.6
20506,1052-53,2_2_2,2:1,70.0
20507,1052-53,2_3_8,First,70.9
20510,1052-53,2_1_1,2:1,65.6
20515,1052-53,4_2_12,2:2,50.2
20518,1052-53,2_2_5,2:2,54.4
20524,1052-53,2_2_5,First,72.1
20525,1052-53,2_2_2,2:1,62.6
20529,1052-53,1_2_1,2:1,62.7
20534,1052-53,2_2_2,2:2,56.8
20545,1052-53,2_4_10,2:2,58.3
20547,1052-53,2_4_12,2:1,68.6
20550,1052-53,2_2_2,2:1,61.9
20564,1052-53,4_2_12,First,75.2
20565,1052-53,2_3_7,2:1,64.4
20567,1052-53,3_2_2,2:1,69.4
20570,1052-53,2_2_5,2:1,61.9
20572,1052-53,2_2_5,2:1,61.2
20574,1052-53,4_2_12,2:2,58.0
20578,1052-53,1_1_2,2:2,54.2
20581,1052-53,2_2_5,2:1,69.0
20595,1052-53,3_2_2,2:1,67.7
20602,1052-53,4_2_12,Third,48.3
20603,1052-53,2_1_1,2:2,58.2
20623,1052-53,2_1_1,2:2,54.2
20624,1052-53,1_1_1,2:1,66.8
20629,1052-53,1_1_5,First,70.5
20637,1052-53,2_4_10,2:2,53.6
20645,1052-53,3_2_2,2:1,65.9
20653,1052-53,3_1_1,2:1,67.6
20654,1052-53,1_1_5,2:1,64.4
20655,1052-53,1_1_2,2:1,61.8
20656,1052-53,2_4_12,2:2,60.0
20657,1052-53,1_2_1,2:2,56.0
20662,1052-53,1_1_4,2:2,57.2
20663,1052-53,2_4_10,2:1,62.2
20666,1052-53,1_1_4,2:2,55.1
20682,1052-53,1_1_2,2:2,57.7
20684,1052-53,2_2_2,2:1,63.6
20686,1052-53,2_4_11,2:1,64.2
20692,1052-53,2_2_6,Third,49.3
20700,1052-53,2_3_8,2:1,68.9
20701,1052-53,2_2_4,2:1,64.4
20703,1052-53,1_1_3,2:1,64.8
20704,1052-53,2_2_4,First,70.7
20706,1052-53,2_4_11,2:2,59.6
20707,1052-53,2_4_10,2:2,56.7
20713,1052-53,2_2_2,2:1,60.8
20718,1052-53,2_3_8,2:2,50.0
20740,1052-53,2_4_10,2:1,61.3
20744,1052-53,2_2_3,First,71.6
20747,1052-53,2_2_4,2:2,55.9
20748,1052-53,2_4_10,2:1,64.8
20759,1052-53,2_2_5,2:2,56.6
20761,1052-53,2_3_7,2:1,65.1
20769,1052-53,4_2_12,2:2,57.7
20772,1052-53,2_4_12,2:1,62.9
20775,1052-53,2_2_4,2:1,64.3
20776,1052-53,2_2_2,2:1,60.6
20786,1052-53,3_2_2,First,72.4
20797,1052-53,4_2_12,2:2,55.8
20801,1052-53,2_4_12,First,70.9
20816,1052-53,1_1_4,2:1,63.8
20821,1052-53,2_2_5,Third,49.6
20822,1052-53,1_2_1,2:1,64.3
20832,1052-53,2_3_8,2:2,59.0
20833,1052-53,1_1_4,2:2,58.8
20848,1052-53,2_1_1,2:2,59.6
20853,1052-53,2_3_7,First,71.7
20854,1052-53,3_1_1,2:2,57.0
20855,1052-53,2_2_3,2:1,61.7
20857,1052-53,1_1_5,First,72.0
20860,1052-53,2_1_1,2:1,60.4
20877,1052-53,2_3_8,2:1,62.5
20880,1052-53,4_2_12,2:2,56.7
20886,1052-53,1_1_4,2:2,50.1
20912,1052-53,1_1_2,2:1,64.7
20918,1052-53,4_2_12,First,76.2
20919,1052-53,4_2_12,2:1,65.1
20930,1052-53,4_2_12,2:1,62.9
20932,1052-53,2_1_1,2:1,61.5
20943,1052-53,4_2_12,2:1,61.2
20945,1052-53,2_4_11,2:1,60.2
20946,1052-53,2_3_9,2:1,63.9
20954,1052-53,2_2_5,2:2,50.7
20956,1052-53,2_3_8,2:2,57.6
20957,1052-53,2_2_3,2:1,65.7
20963,1052-53,2_2_2,2:1,68.0
20965,1052-53,3_1_1,2:2,59.5
20966,1052-53,1_1_1,2:1,62.8
20967,1052-53,2_2_2,2:2,56.7
20968,1052-53,2_2_4,2:2,58.4
20970,1052-53,1_1_5,2:2,59.5
20974,1052-53,2_2_3,2:2,53.3
20977,1052-53,1_1_2,2:2,57.7
20978,1052-53,2_1_1,2:1,68.2
20989,1052-53,2_2_5,First,75.1
20992,1052-53,2_2_3,2:1,65.3
20995,1052-53,2_3_7,2:2,59.7
20996,1052-53,1_1_1,2:1,69.1
20997,1052-53,2_3_7,2:1,63.1
21003,1052-53,3_2_2,First,74.2
21005,1052-53,2_2_3,2:1,69.7
21006,1052-53,4_2_12,2:1,66.3
21015,1052-53,2_1_1,2:1,65.2
21023,1052-53,1_1_3,2:2,58.8
21025,1052-53,2_3_9,First,79.2
21026,1052-53,3_2_2,First,74.3
21029,1052-53,2_4_10,2:2,54.3
21031,1052-53,1_1_5,2:2,52.2
21034,1052-53,2_4_12,2:2,58.9
21037,1052-53,2_4_12,2:1,67.0
21039,1052-53,1_1_3,2:2,52.1
21040,1052-53,3_2_2,2:1,66.1
21057,1052-53,2_4_12,2:1,65.1
21065,1052-53,1_1_1,2:1,65.6
21068,1052-53,2_4_10,2:1,62.2
21082,1052-53,3_2_2,First,71.7
21087,1052-53,4_2_12,2:1,67.0
21094,1052-53,2_3_8,2:1,61.8
21095,1052-53,4_2_12,2:2,51.5
21099,1052-53,2_3_7,2:2,57.1
21105,1052-53,1_1_5,2:1,64.8
21108,1052-53,2_3_8,2:1,66.8
21109,1052-53,1_1_4,2:2,57.1
21111,1052-53,2_2_2,2:1,63.4
21127,1052-53,2_2_6,2:1,66.1
21129,1052-53,2_1_1,2:1,66.0
21131,1052-53,2_2_4,2:1,61.9
21135,1052-53,1_2_1,2:2,55.7
21147,1052-53,1_1_4,2:2,56.7
21150,1052-53,4_2_12,2:1,69.8
21151,1052-53,2_2_6,2:1,60.5
21153,1052-53,1_1_1,2:2,52.5
21156,1052-53,2_2_5,2:1,65.8
21159,1052-53,1_1_1,2:2,52.3
21167,1052-53,2_3_9,First,75.7
21168,1052-53,2_3_7,2:1,68.5
21173,1052-53,2_2_2,2:1,66.0
21174,1052-53,2_2_2,2:1,64.7
21180,1052-53,2_3_7,2:2,59.1
21184,1052-53,1_1_5,2:1,60.7
21187,1052-53,2_2_2,2:2,59.5
21189,1052-53,2_4_12,2:1,63.5
21190,1052-53,1_1_4,2:1,69.3
21201,1052-53,2_2_3,2:2,55.8
21207,1052-53,2_2_4,2:2,52.1
2121,1052-53,2_3_8,Third,45.8
21213,1052-53,2_3_8,2:1,68.5
21214,1052-53,2_3_7,2:1,60.8
21216,1052-53,2_1_1,2:1,65.5
21220,1052-53,2_2_3,2:2,56.2
21222,1052-53,4_2_12,First,82.4
21229,1052-53,3_2_2,2:1,65.5
21239,1052-53,2_1_1,2:1,63.3
21240,1052-53,2_2_4,2:2,57.2
21243,1052-53,4_2_12,2:1,60.3
21247,1052-53,2_4_12,2:2,58.5
21248,1052-53,2_2_5,2:1,69.4
21250,1052-53,1_1_4,First,76.0
21270,1052-53,2_4_12,2:1,63.6
21272,1052-53,1_1_3,2:2,59.0
21280,1052-53,2_2_6,2:2,57.9
21293,1052-53,2_2_3,Third,48.7
21294,1052-53,2_4_11,2:2,56.8
21317,1052-53,2_2_5,2:1,65.0
21324,1052-53,2_4_10,2:2,50.8
21325,1052-53,1_1_4,First,70.9
21333,1052-53,2_2_2,2:2,58.2
21344,1052-53,1_1_3,2:1,60.3
21345,1052-53,2_3_8,2:1,65.7
21351,1052-53,2_4_11,First,70.2
21352,1052-53,1_1_5,2:1,66.1
21356,1052-53,2_4_12,2:2,55.1
21358,1052-53,1_1_4,2:1,68.0
21364,1052-53,2_2_4,2:2,54.4
21377,1052-53,2_4_12,First,71.6
21378,1052-53,2_4_12,2:1,65.6
21399,1052-53,2_4_12,First,72.0
21414,1052-53,2_2_5,2:2,58.8
21415,1052-53,2_2_5,2:1,63.6
21423,1052-53,1_1_4,2:2,57.7
21425,1052-53,2_1_1,2:2,55.8
21441,1052-53,2_2_2,2:1,61.6
21442,1052-53,4_2_12,2:2,57.0
21447,1052-53,1_2_1,2:1,68.1
21449,1052-53,4_2_12,2:2,55.5
21453,1052-53,2_4_12,First,74.3
21456,1052-53,2_2_3,2:1,63.9
21458,1052-53,2_2_2,2:1,68.3
21459,1052-53,2_4_12,2:1,64.6
21461,1052-53,1_1_2,2:1,69.7
21464,1052-53,2_4_12,2:1,68.6
21471,1052-53,3_2_2,First,71.5
21473,1052-53,2_4_10,2:1,66.5
21479,1052-53,2_3_9,First,73.6
21483,1052-53,2_4_11,2:1,65.5
21486,1052-53,2_4_12,2:1,62.9
21487,1052-53,2_2_4,2:2,52.3
21489,1052-53,4_2_12,First,70.7
21491,1052-53,1_1_4,2:1,63.6
21493,1052-53,2_3_9,2:2,56.1
21496,1052-53,2_3_7,Third,49.4
21501,1052-53,3_2_2,2:2,54.8
21503,1052-53,2_3_8,2:2,55.6
21506,1052-53,1_1_4,2:2,57.4
21509,1052-53,2_3_8,2:1,64.2
21516,1052-53,4_2_12,First,72.1
21523,1052-53,2_3_9,2:2,54.3
21537,1052-53,2_4_11,2:1,62.8
21544,1052-53,2_2_2,2:2,55.2
21550,1052-53,2_2_4,2:1,67.0
21554,1052-53,2_4_12,2:2,58.7
21559,1052-53,2_4_11,2:1,63.3
21561,1052-53,2_2_4,First,71.5
21563,1052-53,3_2_2,2:1,64.2
21567,1052-53,2_2_3,2:2,58.1
21577,1052-53,4_2_12,2:2,50.8
21579,1052-53,1_1_3,First,73.6
21582,1052-53,2_2_5,2:1,62.0
21584,1052-53,2_2_3,2:1,62.2
21585,1052-53,2_1_1,2:2,56.7
21587,1052-53,4_2_12,2:2,56.3
21592,1052-53,2_4_12,First,72.1
21594,1052-53,2_2_4,2:2,58.6
21597,1052-53,2_3_8,Third,50.0
21610,1052-53,1_2_1,2:2,51.6
21612,1052-53,2_4_11,2:2,57.3
21614,1052-53,3_1_1,2:1,61.3
21615,1052-53,3_1_1,First,74.4
21624,1052-53,2_3_8,2:1,63.8
21635,1052-53,2_2_3,2:1,61.0
21637,1052-53,2_3_7,2:1,60.1
21645,1052-53,2_4_10,2:2,57.8
21656,1052-53,2_2_2,2:2,59.7
21674,1052-53,1_1_5,2:1,68.7
21676,1052-53,2_3_7,2:2,53.3
21678,1052-53,2_4_11,2:2,52.0
21679,1052-53,2_1_1,First,74.4
21681,1052-53,1_2_1,2:1,65.6
21686,1052-53,4_2_12,2:1,69.9
21687,1052-53,2_3_9,First,76.2
21690,1052-53,2_2_6,2:1,68.2
21692,1052-53,2_2_3,First,73.5
21702,1052-53,1_2_1,First,72.5
21703,1052-53,2_1_1,2:2,59.9
21705,1052-53,2_1_1,2:1,64.6
21715,1052-53,2_2_6,2:1,64.4
21718,1052-53,1_2_1,2:1,60.6
21721,1052-53,4_2_12,2:1,60.4
21727,1052-53,1_1_4,2:2,58.5
21735,1052-53,3_2_2,2:2,59.3
21737,1052-53,2_1_1,2:1,66.7
21743,1052-53,2_3_7,2:1,60.2
21745,1052-53,2_4_10,First,70.7
21749,1052-53,2_2_6,2:1,62.5
21755,1052-53,2_2_4,2:2,58.7
21758,1052-53,2_1_1,2:1,63.1
21767,1052-53,2_4_12,2:2,57.6
21774,1052-53,2_1_1,2:2,57.6
21775,1052-53,1_2_1,2:1,65.0
21780,1052-53,2_2_3,2:1,67.5
21783,1052-53,1_2_1,2:1,62.0
21784,1052-53,3_2_2,2:2,58.5
21793,1052-53,4_2_12,2:1,64.7
21797,1052-53,2_2_5,2:2,59.2
21806,1052-53,3_2_2,2:2,53.5
21807,1052-53,3_2_2,2:2,57.4
21810,1052-53,1_1_5,2:2,53.1
21826,1052-53,2_1_1,2:1,65.0
21828,1052-53,2_4_12,2:1,61.2
21831,1052-53,2_2_5,First,72.6
21834,1052-53,1_1_2,2:1,62.7
21837,1052-53,1_1_5,2:1,68.7
21842,1052-53,2_3_8,2:1,62.9
21843,1052-53,2_3_8,2:2,57.4
21847,1052-53,2_2_2,2:2,52.3
21848,1052-53,2_4_12,2:2,56.8
21849,1052-53,2_2_2,2:1,60.1
21851,1052-53,2_3_9,2:1,61.9
21853,1052-53,1_1_4,2:1,62.3
21855,1052-53,2_3_9,2:1,62.1
21856,1052-53,1_1_5,First,72.5
21858,1052-53,2_4_12,2:2,58.4
21863,1052-53,1_1_5,First,71.9
21875,1052-53,4_2_12,2:1,62.5
21876,1052-53,2_4_10,2:1,63.1
21882,1052-53,2_2_5,First,71.9
21885,1052-53,2_2_3,2:2,57.9
21887,1052-53,3_2_2,2:1,60.0
21890,1052-53,2_2_5,First,71.5
21891,1052-53,2_2_3,2:1,68.0
21907,1052-53,2_2_6,First,71.0
21908,1052-53,2_3_7,2:1,66.5
21916,1052-53,2_2_2,2:2,50.2
21926,1052-53,2_2_3,2:1,66.0
21940,1052-53,2_4_12,2:1,63.2
21952,1052-53,3_2_2,First,71.0
21954,1052-53,2_2_2,2:2,52.3
21955,1052-53,2_2_2,2:1,62.8
21959,1052-53,2_3_7,2:1,65.2
21960,1052-53,2_3_9,2:2,56.2
21964,1052-53,2_3_9,2:1,69.9
21968,1052-53,2_4_10,2:2,57.9
21972,1052-53,3_2_2,2:2,57.9
21976,1052-53,2_2_4,2:2,59.9
21982,1052-53,2_3_8,2:1,63.8
21999,1052-53,2_3_9,2:2,51.3
22009,1052-53,3_1_1,2:1,61.6
22013,1052-53,2_3_9,2:1,68.7
22016,1052-53,3_1_1,2:1,62.2
22021,1052-53,2_4_12,2:1,64.3
22036,1052-53,1_2_1,2:2,56.1
22043,1052-53,2_1_1,2:2,57.4
22048,1052-53,4_2_12,First,72.0
22049,1052-53,2_2_3,2:1,67.3
22050,1052-53,2_3_8,2:2,56.5
22058,1052-53,2_3_9,2:1,66.9
22061,1052-53,2_4_10,2:1,69.0
22069,1052-53,1_1_4,2:1,66.3
22072,1052-53,2_1_1,2:2,54.7
22075,1052-53,1_1_2,2:2,58.8
22077,1052-53,4_2_12,2:1,62.3
22079,1052-53,2_2_4,2:2,51.5
22080,1052-53,4_2_12,2:1,65.1
22083,1052-53,1_2_1,2:1,61.5
22087,1052-53,1_1_1,2:2,53.2
22095,1052-53,2_2_4,2:1,60.6
22096,1052-53,1_2_1,2:2,58.8
22098,1052-53,4_2_12,First,70.5
22111,1052-53,2_2_5,First,70.0
22113,1052-53,2_4_12,2:2,51.1
22116,1052-53,2_2_4,2:2,54.6
22120,1052-53,1_1_5,First,74.9
22143,1052-53,1_1_4,2:2,56.6
22155,1052-53,3_2_2,2:1,60.9
22158,1052-53,2_2_6,2:1,60.7
22160,1052-53,2_2_3,2:2,52.6
22166,1052-53,2_3_8,2:2,54.0
22172,1052-53,4_2_12,Third,47.4
22173,1052-53,2_4_10,2:1,63.7
22175,1052-53,2_3_8,2:2,50.0
22189,1052-53,2_3_8,2:1,63.8
22191,1052-53,2_4_10,First,70.0
22197,1052-53,2_4_12,2:2,54.2
22203,1052-53,1_1_5,2:1,61.6
22206,1052-53,4_2_12,2:2,52.1
22213,1052-53,2_4_12,2:1,69.8
22216,1052-53,2_2_3,2:1,61.1
22220,1052-53,1_1_2,2:1,66.1
22221,1052-53,2_4_10,2:1,66.1
22232,1052-53,1_1_5,2:1,60.1
22233,1052-53,1_1_2,2:1,68.2
22237,1052-53,3_1_1,2:1,60.1
22241,1052-53,1_2_1,2:2,55.1
22254,1052-53,2_3_9,First,70.8
22256,1052-53,2_1_1,2:1,63.8
22257,1052-53,4_2_12,2:2,55.2
22267,1052-53,2_4_11,2:2,52.8
22269,1052-53,3_2_2,First,70.6
22270,1052-53,1_1_5,2:2,56.9
22274,1052-53,1_2_1,2:2,51.3
22286,1052-53,1_1_2,2:2,57.8
22287,1052-53,2_3_7,2:1,67.8
22288,1052-53,2_4_10,2:2,57.7
22300,1052-53,2_4_12,2:1,64.8
22303,1052-53,1_2_1,2:1,61.1
22305,1052-53,2_2_3,2:2,51.0
22307,1052-53,4_2_12,2:2,54.9
22308,1052-53,1_1_1,2:1,64.4
22309,1052-53,2_2_2,2:2,58.8
22312,1052-53,2_1_1,2:2,56.7
22314,1052-53,2_4_12,2:2,55.2
22323,1052-53,2_2_2,2:1,61.7
22329,1052-53,2_2_6,2:2,57.1
22330,1052-53,1_1_1,2:2,54.1
22335,1052-53,2_2_5,2:1,67.7
22341,1052-53,2_1_1,First,73.9
22351,1052-53,2_2_3,2:2,53.3
22352,1052-53,2_2_3,2:1,66.8
22353,1052-53,2_1_1,2:2,56.5
22357,1052-53,2_2_6,2:1,61.5
22367,1052-53,4_2_12,2:1,69.9
22373,1052-53,1_1_3,2:2,57.2
22375,1052-53,4_2_12,2:1,67.7
22376,1052-53,3_1_1,2:2,51.6
22388,1052-53,2_2_2,2:1,66.7
22394,1052-53,2_2_4,2:1,62.5
22400,1052-53,2_4_10,2:1,65.6
22401,1052-53,1_1_5,2:1,67.5
22405,1052-53,2_2_3,2:2,59.1
22409,1052-53,1_1_1,2:2,56.2
22413,1052-53,2_3_9,2:1,68.3
22417,1052-53,1_1_2,2:1,68.3
22436,1052-53,2_3_9,2:2,58.7
22447,1052-53,1_1_2,2:2,59.1
22454,1052-53,4_2_12,2:2,52.8
22462,1052-53,2_3_8,2:1,68.4
22465,1052-53,2_4_12,2:1,61.5
22466,1052-53,4_2_12,2:1,64.8
22467,1052-53,4_2_12,Third,45.9
22469,1052-53,1_1_2,2:2,59.4
22479,1052-53,1_2_1,2:1,68.5
22492,1052-53,2_4_12,2:1,69.9
22497,1052-53,2_3_7,2:1,67.9
22499,1052-53,2_4_12,2:2,59.1
22508,1052-53,1_1_3,2:2,54.0
22520,1052-53,1_1_4,2:2,53.5
22525,1052-53,4_2_12,2:1,66.8
22527,1052-53,2_1_1,2:1,60.4
22531,1052-53,3_1_1,2:2,56.4
22533,1052-53,1_2_1,2:1,62.2
22539,1052-53,3_2_2,2:2,58.1
22546,1052-53,2_4_10,2:1,63.0
22550,1052-53,2_2_6,Third,46.9
22570,1052-53,4_2_12,2:1,66.6
22571,1052-53,2_2_6,2:1,65.6
22572,1052-53,2_1_1,2:2,59.1
22574,1052-53,2_3_8,2:2,50.1
22587,1052-53,3_2_2,First,70.4
22594,1052-53,2_1_1,2:1,60.5
22595,1052-53,2_3_7,2:2,59.8
22600,1052-53,4_2_12,First,77.5
22601,1052-53,2_4_10,2:1,69.3
22606,1052-53,1_1_3,2:1,61.4
22607,1052-53,2_2_5,2:2,58.1
22608,1052-53,1_2_1,2:2,57.5
22611,1052-53,2_4_10,First,70.4
22617,1052-53,2_3_8,2:1,66.0
22620,1052-53,2_1_1,2:1,64.7
22627,1052-53,1_1_3,2:2,57.0
22631,1052-53,2_2_2,2:1,66.9
22636,1052-53,1_1_1,2:2,56.4
22647,1052-53,1_1_1,2:1,64.3
22648,1052-53,2_1_1,First,71.1
22649,1052-53,2_4_12,2:2,54.3
22657,1052-53,1_2_1,2:1,60.3
22658,1052-53,1_1_3,First,70.1
22664,1052-53,2_4_12,2:1,65.7
22667,1052-53,1_2_1,2:1,65.8
22671,1052-53,4_2_12,2:1,65.0
22675,1052-53,1_2_1,2:1,65.3
22677,1052-53,2_2_3,2:1,60.1
22678,1052-53,3_2_2,2:1,66.3
22690,1052-53,2_2_6,First,71.4
22695,1052-53,2_3_8,2:2,56.8
22696,1052-53,4_2_12,First,81.9
22700,1052-53,1_1_3,First,71.5
22709,1052-53,2_4_12,2:1,60.2
22711,1052-53,1_1_1,2:2,50.0
22714,1052-53,1_1_1,2:2,59.8
22718,1052-53,2_2_4,First,73.9
22724,1052-53,3_2_2,First,70.3
22727,1052-53,2_3_8,2:1,62.2
22732,1052-53,1_2_1,2:2,56.5
22736,1052-53,1_1_5,2:1,61.4
22738,1052-53,1_1_2,2:2,54.6
22746,1052-53,2_2_3,2:1,64.9
22754,1052-53,2_2_2,2:2,59.2
22755,1052-53,2_2_4,2:1,68.6
22767,1052-53,2_4_12,First,70.3
22775,1052-53,2_4_12,First,77.6
22779,1052-53,2_4_10,2:1,68.6
22781,1052-53,2_2_6,2:2,53.3
22787,1052-53,1_1_3,2:1,60.5
22790,1052-53,2_4_10,2:2,51.4
22797,1052-53,4_2_12,2:2,57.2
22801,1052-53,3_2_2,First,73.9
22807,1052-53,1_1_4,First,72.5
22814,1052-53,2_4_10,2:1,66.3
22817,1052-53,1_1_2,First,71.4
22822,1052-53,1_2_1,2:1,60.0
22825,1052-53,4_2_12,2:1,61.2
22826,1052-53,1_2_1,2:1,66.3
22828,1052-53,4_2_12,First,74.5
22846,1052-53,2_2_3,First,72.0
22848,1052-53,2_3_8,2:2,58.0
22849,1052-53,2_2_5,2:1,61.3
22850,1052-53,1_1_4,First,70.6
22857,1052-53,4_2_12,2:1,64.8
22871,1052-53,4_2_12,First,76.2
22872,1052-53,2_3_7,First,76.3
22879,1052-53,2_2_6,2:2,55.6
22886,1052-53,2_2_3,2:2,54.7
22888,1052-53,2_2_3,2:2,50.3
22895,1052-53,1_1_2,2:1,61.9
22899,1052-53,2_3_7,First,70.1
22907,1052-53,4_2_12,2:2,51.1
22909,1052-53,2_4_12,2:1,64.6
22913,1052-53,2_3_8,2:1,61.9
22914,1052-53,1_1_2,2:2,55.4
22924,1052-53,2_3_9,2:1,68.7
22940,1052-53,2_4_11,First,73.2
22945,1052-53,2_1_1,2:1,66.6
22947,1052-53,1_1_1,First,70.3
22961,1052-53,4_2_12,2:1,67.0
22965,1052-53,2_2_4,2:2,59.8
22967,1052-53,1_1_1,First,72.3
22969,1052-53,2_3_8,2:2,52.3
22977,1052-53,2_2_5,2:1,64.8
22979,1052-53,1_1_5,2:1,66.7
22982,1052-53,2_3_7,2:1,60.4
22987,1052-53,2_1_1,2:2,58.1
22988,1052-53,2_2_5,2:1,61.5
22989,1052-53,3_1_1,2:2,55.2
22990,1052-53,2_2_3,2:1,65.4
22995,1052-53,1_2_1,2:1,66.1
23008,1052-53,1_1_1,2:1,62.4
23014,1052-53,2_3_9,First,72.1
23024,1052-53,2_2_5,2:1,61.9
23032,1052-53,4_2_12,2:2,55.8
23033,1052-53,2_3_8,2:1,60.8
23037,1052-53,1_1_3,2:1,60.1
23039,1052-53,2_3_7,First,72.6
23043,1052-53,1_1_4,First,76.6
23047,1052-53,2_3_9,2:2,57.0
23053,1052-53,2_3_8,2:2,59.4
23055,1052-53,1_1_2,2:2,55.6
23057,1052-53,2_2_5,First,73.3
23075,1052-53,2_2_3,2:2,58.2
23077,1052-53,2_2_5,2:1,62.4
23078,1052-53,2_2_5,2:1,68.5
23084,1052-53,1_1_3,2:2,59.1
23085,1052-53,1_1_3,2:1,64.3
23092,1052-53,1_1_1,2:2,57.6
23106,1052-53,3_2_2,2:1,64.1
23107,1052-53,4_2_12,First,70.8
23109,1052-53,2_3_7,2:1,65.4
23111,1052-53,2_1_1,2:2,54.8
23118,1052-53,1_1_5,2:1,60.9
23122,1052-53,2_2_5,2:2,56.4
23124,1052-53,2_3_8,2:1,63.9
23128,1052-53,2_3_8,2:1,61.8
23141,1052-53,2_4_12,2:2,58.6
23143,1052-53,1_2_1,2:1,69.9
23145,1052-53,2_2_2,2:1,63.4
23149,1052-53,2_1_1,2:1,64.5
23152,1052-53,4_2_12,First,74.2
23154,1052-53,1_1_4,2:2,58.3
23155,1052-53,1_1_3,2:2,50.7
23157,1052-53,2_2_4,2:2,59.2
23160,1052-53,2_1_1,2:2,54.0
23166,1052-53,1_1_5,2:2,57.6
23168,1052-53,2_2_4,2:2,59.5
23176,1052-53,2_4_10,2:1,67.7
23177,1052-53,1_1_3,2:1,66.1
23182,1052-53,2_4_12,2:1,62.3
23186,1052-53,4_2_12,First,75.2
23193,1052-53,1_1_2,2:1,66.3
23198,1052-53,2_2_4,2:1,64.0
23200,1052-53,2_2_3,2:1,64.3
23218,1052-53,1_1_2,2:1,68.8
23220,1052-53,4_2_12,First,81.2
23228,1052-53,1_1_3,2:1,65.3
23230,1052-53,3_2_2,2:1,64.9
23231,1052-53,2_2_4,2:2,54.3
23232,1052-53,2_3_8,2:2,54.6
23234,1052-53,2_4_12,2:1,64.8
23238,1052-53,2_4_10,2:1,61.7
23243,1052-53,2_3_7,First,72.2
23250,1052-53,2_2_4,2:1,66.9
23251,1052-53,3_1_1,2:1,65.0
23252,1052-53,4_2_12,2:1,66.3
23264,1052-53,2_4_10,2:1,68.1
23267,1052-53,2_2_3,2:1,62.7
23268,1052-53,2_2_4,First,72.7
23272,1052-53,2_2_6,2:1,64.5
23278,1052-53,2_4_11,2:1,69.8
23281,1052-53,2_4_10,2:1,65.6
23287,1052-53,2_4_12,2:1,66.5
23292,1052-53,2_4_10,2:1,63.4
23293,1052-53,2_2_3,First,70.4
23294,1052-53,2_1_1,2:1,66.2
23300,1052-53,2_4_10,2:1,63.6
23304,1052-53,2_2_5,2:1,65.7
23306,1052-53,2_1_1,2:1,63.9
23311,1052-53,1_1_2,Third,49.2
23320,1052-53,1_1_3,2:1,63.6
23331,1052-53,2_1_1,First,74.7
23336,1052-53,2_2_4,2:1,69.3
23338,1052-53,2_2_4,2:1,61.4
23339,1052-53,2_2_5,2:2,56.1
23353,1052-53,2_2_2,2:2,56.8
23354,1052-53,2_4_11,First,73.1
23360,1052-53,1_1_3,2:1,68.6
23362,1052-53,2_4_12,First,70.2
23363,1052-53,4_2_12,2:1,66.0
23364,1052-53,2_4_12,2:1,69.0
23367,1052-53,2_4_12,2:1,65.1
23370,1052-53,1_1_5,2:2,59.8
23371,1052-53,1_1_3,2:2,54.4
23380,1052-53,2_2_5,2:1,64.1
23384,1052-53,3_2_2,2:1,70.0
23394,1052-53,4_2_12,2:2,59.4
23405,1052-53,2_4_11,2:1,65.9
23413,1052-53,2_2_2,2:2,58.3
23416,1052-53,2_1_1,2:2,56.2
23424,1052-53,2_4_11,2:2,53.7
23438,1052-53,1_1_5,2:2,59.2
23445,1052-53,2_2_4,2:1,65.8
23447,1052-53,2_4_10,2:1,63.1
23448,1052-53,4_2_12,2:1,62.7
23449,1052-53,1_1_5,2:1,67.1
23458,1052-53,1_1_1,2:2,58.1
23464,1052-53,2_2_6,2:1,67.4
23465,1052-53,4_2_12,First,80.0
23476,1052-53,1_2_1,First,75.1
23478,1052-53,2_2_4,2:1,63.4
23491,1052-53,2_2_3,2:1,61.4
23497,1052-53,2_3_9,2:1,60.3
23507,1052-53,2_3_7,2:1,64.2
23511,1052-53,2_3_8,2:1,62.8
23529,1052-53,2_4_10,2:2,59.9
23536,1052-53,2_2_4,2:2,56.0
23538,1052-53,4_2_12,2:2,51.8
23546,1052-53,2_3_8,2:2,57.3
23550,1052-53,2_4_10,First,74.5
23554,1052-53,2_2_2,2:2,59.9
23556,1052-53,2_2_6,2:1,62.8
23561,1052-53,2_4_12,2:2,58.7
23571,1052-53,2_4_11,2:2,51.5
23572,1052-53,2_3_9,2:2,53.8
23579,1052-53,2_2_5,2:1,64.0
23587,1052-53,2_4_10,2:1,64.4
23588,1052-53,2_3_7,2:1,60.0
23589,1052-53,2_4_12,2:1,64.3
23601,1052-53,2_2_2,2:1,60.3
23615,1052-53,2_3_8,2:1,60.5
23617,1052-53,3_2_2,2:1,62.1
23626,1052-53,2_2_3,2:1,64.7
23627,1052-53,4_2_12,2:1,65.8
23639,1052-53,2_4_10,Third,47.6
23645,1052-53,3_2_2,2:1,64.1
23650,1052-53,2_4_10,2:1,60.8
23651,1052-53,2_2_3,2:2,60.0
23656,1052-53,2_2_5,2:1,63.0
23668,1052-53,4_2_12,2:1,67.3
23679,1052-53,2_3_8,2:1,62.5
23700,1052-53,1_1_2,2:1,64.9
23709,1052-53,2_3_8,First,72.6
23711,1052-53,2_4_10,2:1,60.1
23713,1052-53,2_3_7,Third,49.6
23722,1052-53,2_2_5,2:2,59.3
23726,1052-53,1_1_5,2:1,60.3
23727,1052-53,4_2_12,Third,49.8
23734,1052-53,1_1_2,2:1,63.3
23735,1052-53,2_3_9,2:2,51.5
23739,1052-53,1_1_5,2:1,65.3
23740,1052-53,1_1_5,Third,49.6
23742,1052-53,2_3_7,First,73.4
23744,1052-53,2_1_1,2:1,62.5
23759,1052-53,2_2_6,2:2,57.1
23760,1052-53,3_1_1,2:2,59.7
23761,1052-53,2_2_4,2:1,68.1
23762,1052-53,1_1_3,2:1,67.6
23763,1052-53,2_3_8,2:1,65.1
23776,1052-53,2_2_5,2:2,59.7
23785,1052-53,1_1_2,2:1,63.1
23789,1052-53,2_2_5,2:2,57.5
23794,1052-53,2_2_5,2:1,63.9
23799,1052-53,2_2_5,First,71.4
23809,1052-53,2_2_3,2:1,63.8
23812,1052-53,2_2_2,First,72.4
23815,1052-53,2_3_7,First,72.1
23822,1052-53,2_2_5,2:1,63.8
23825,1052-53,2_2_4,2:2,57.3
23827,1052-53,1_1_1,First,73.9
23828,1052-53,2_3_8,2:2,53.2
23836,1052-53,2_3_7,2:2,55.7
23843,1052-53,3_2_2,2:1,65.6
23857,1052-53,2_3_8,2:1,60.2
23859,1052-53,2_3_9,2:1,65.1
23861,1052-53,2_2_4,2:2,52.8
23871,1052-53,1_1_4,2:1,67.7
23872,1052-53,4_2_12,First,70.2
23873,1052-53,2_3_8,2:2,59.9
23878,1052-53,2_2_5,2:2,57.1
23880,1052-53,2_3_8,2:1,62.3
23885,1052-53,3_2_2,2:2,54.5
23886,1052-53,1_2_1,2:1,63.8
23888,1052-53,2_2_2,2:2,58.4
23890,1052-53,1_1_2,2:1,64.8
23896,1052-53,2_2_6,Third,43.2
23901,1052-53,1_2_1,2:1,68.6
23902,1052-53,1_1_4,2:1,60.1
23904,1052-53,4_2_12,First,79.3
23913,1052-53,1_1_5,2:1,65.2
23915,1052-53,1_2_1,2:1,63.1
23916,1052-53,2_4_10,2:1,65.0
23917,1052-53,2_3_8,2:2,52.6
23918,1052-53,2_2_4,2:1,63.4
23920,1052-53,1_1_4,2:1,61.4
23924,1052-53,2_1_1,First,71.9
23928,1052-53,1_1_3,2:2,51.6
23929,1052-53,1_1_4,2:2,59.3
23940,1052-53,2_2_3,2:2,58.6
23942,1052-53,2_2_3,2:1,63.2
23943,1052-53,4_2_12,2:2,53.6
23953,1052-53,3_2_2,First,73.0
23954,1052-53,1_2_1,2:1,60.7
23958,1052-53,2_2_3,2:1,63.8
23967,1052-53,2_2_2,2:2,51.6
23968,1052-53,1_1_1,2:1,64.7
23971,1052-53,2_2_3,2:1,67.3
23976,1052-53,3_1_1,2:2,57.9
23978,1052-53,2_3_9,2:2,59.0
23979,1052-53,2_1_1,2:1,65.7
23983,1052-53,2_4_10,2:2,58.6
23989,1052-53,1_2_1,2:1,65.8
23993,1052-53,1_2_1,2:1,64.8
24006,1052-53,1_1_5,2:1,68.4
24011,1052-53,2_3_9,First,73.8
24014,1052-53,1_1_2,2:1,69.1
24016,1052-53,1_1_2,2:2,57.0
24018,1052-53,2_3_7,2:2,58.3
24022,1052-53,1_1_4,2:1,61.2
24025,1052-53,2_2_5,2:2,54.8
24027,1052-53,3_1_1,2:1,65.1
24031,1052-53,2_2_5,2:2,58.8
24032,1052-53,4_2_12,2:2,55.8
24033,1052-53,2_2_3,2:2,54.9
24034,1052-53,4_2_12,2:1,65.5
24035,1052-53,1_1_3,2:1,68.9
24036,1052-53,2_3_7,2:2,56.0
24037,1052-53,3_1_1,2:2,50.7
24038,1052-53,2_2_2,2:1,64.2
24045,1052-53,2_2_5,2:2,58.9
24049,1052-53,2_2_3,2:1,68.2
24066,1052-53,2_4_11,2:2,59.2
24070,1052-53,2_1_1,2:2,54.7
24072,1052-53,2_2_5,2:2,59.0
24083,1052-53,2_3_8,2:2,52.9
24086,1052-53,4_2_12,2:1,68.0
24088,1052-53,2_1_1,2:2,52.4
24091,1052-53,2_4_11,2:2,55.4
24097,1052-53,2_3_7,2:2,55.0
24104,1052-53,2_4_10,2:1,69.8
24105,1052-53,3_2_2,2:2,59.6
24110,1052-53,2_1_1,Third,47.6
24114,1052-53,2_3_9,Third,45.6
24118,1052-53,2_3_8,2:1,66.0
24123,1052-53,2_3_8,2:2,54.7
24130,1052-53,1_1_1,2:2,52.1
24143,1052-53,1_2_1,2:1,64.4
24147,1052-53,1_2_1,2:2,54.4
24152,1052-53,2_1_1,First,70.1
24158,1052-53,1_1_2,2:2,56.9
24168,1052-53,2_3_7,2:1,60.9
24177,1052-53,2_1_1,2:1,64.4
24181,1052-53,1_1_1,2:2,58.4
24182,1052-53,2_1_1,2:1,64.6
24192,1052-53,1_1_1,2:2,57.5
24206,1052-53,1_1_2,2:1,64.4
24207,1052-53,3_1_1,2:2,59.8
24208,1052-53,2_1_1,2:1,62.9
24209,1052-53,2_4_10,2:1,60.2
24212,1052-53,2_2_4,First,72.5
24221,1052-53,2_2_5,2:2,55.3
24222,1052-53,2_2_3,Third,49.5
24227,1052-53,3_1_1,2:2,56.5
24236,1052-53,2_2_4,2:2,59.9
24237,1052-53,2_2_2,First,75.3
24240,1052-53,2_4_12,2:1,65.3
24241,1052-53,1_1_2,2:1,66.7
24242,1052-53,1_2_1,2:1,67.9
24245,1052-53,4_2_12,First,77.0
24249,1052-53,2_3_9,2:1,65.5
24251,1052-53,2_3_8,2:2,53.7
24256,1052-53,1_2_1,2:1,61.6
24259,1052-53,2_4_11,2:2,50.5
24263,1052-53,2_4_12,2:2,59.1
24267,1052-53,2_2_6,2:1,60.7
24275,1052-53,2_4_10,2:1,69.2
24276,1052-53,2_4_12,2:2,54.2
24290,1052-53,1_1_5,2:1,69.8
24308,1052-53,1_1_2,2:1,60.7
24310,1052-53,1_1_5,2:2,56.9
24311,1052-53,2_2_5,2:1,64.6
24313,1052-53,2_2_4,2:2,56.9
24323,1052-53,2_3_8,2:1,65.2
24330,1052-53,1_2_1,First,72.6
24335,1052-53,2_3_8,2:2,53.3
24342,1052-53,1_1_3,2:1,69.0
24343,1052-53,1_1_3,2:1,66.1
24345,1052-53,2_3_8,2:2,56.8
24346,1052-53,2_2_2,2:1,68.1
24348,1052-53,1_1_4,First,73.4
24352,1052-53,2_3_8,2:1,66.2
24356,1052-53,2_2_3,2:2,52.9
24361,1052-53,2_3_7,First,76.7
24366,1052-53,4_2_12,2:1,69.9
24367,1052-53,2_2_6,2:1,62.8
24368,1052-53,1_1_2,2:2,57.5
24372,1052-53,2_4_10,2:1,64.1
24377,1052-53,2_2_4,First,76.2
24383,1052-53,1_1_4,2:1,60.5
24386,1052-53,2_4_12,2:2,58.5
24391,1052-53,2_2_4,2:1,63.6
24393,1052-53,2_2_4,2:1,64.8
24399,1052-53,3_2_2,First,71.4
24406,1052-53,1_1_3,2:1,60.1
24408,1052-53,2_3_7,2:2,55.5
24414,1052-53,2_3_7,2:1,66.2
24417,1052-53,2_2_2,2:1,69.4
24462,1052-53,2_3_8,2:2,58.4
24465,1052-53,2_1_1,2:2,58.1
24470,1052-53,2_1_1,2:1,61.6
24474,1052-53,4_2_12,2:1,69.2
24482,1052-53,2_2_6,2:1,64.4
24488,1052-53,1_1_4,2:1,68.6
24491,1052-53,2_4_11,2:1,64.4
24495,1052-53,2_3_8,2:1,68.2
24498,1052-53,1_1_5,First,71.5
24499,1052-53,1_1_1,2:1,61.6
24505,1052-53,2_2_2,2:2,52.0
24509,1052-53,2_2_5,2:2,56.5
24520,1052-53,2_2_5,First,70.1
24522,1052-53,2_2_2,2:1,67.3
24527,1052-53,2_1_1,2:2,58.3
24540,1052-53,1_1_2,2:2,55.5
24542,1052-53,1_2_1,2:1,62.8
24549,1052-53,2_3_8,2:1,62.6
24554,1052-53,1_1_2,2:2,51.9
24556,1052-53,1_1_3,First,70.0
24557,1052-53,3_2_2,2:1,64.4
24562,1052-53,4_2_12,2:1,65.0
24567,1052-53,2_2_4,2:1,63.3
24570,1052-53,2_4_11,2:2,59.6
24575,1052-53,2_2_3,First,72.8
24584,1052-53,3_1_1,2:1,62.1
24587,1052-53,2_4_12,2:1,68.5
24591,1052-53,4_2_12,First,73.7
24594,1052-53,2_3_8,2:2,56.3
24597,1052-53,3_2_2,2:1,60.0
24599,1052-53,1_1_5,First,70.7
24603,1052-53,2_3_7,2:2,57.2
24604,1052-53,2_1_1,2:2,59.3
24615,1052-53,2_2_4,2:1,61.1
24616,1052-53,2_3_7,2:1,62.9
24618,1052-53,2_2_3,First,73.3
24620,1052-53,4_2_12,2:1,63.6
24621,1052-53,1_1_4,2:1,67.7
24622,1052-53,2_3_8,2:1,61.2
24623,1052-53,2_4_11,2:2,55.1
24624,1052-53,1_1_3,2:1,65.8
24635,1052-53,4_2_12,2:1,63.0
24654,1052-53,2_3_9,First,73.9
24657,1052-53,2_2_4,First,70.6
24658,1052-53,2_1_1,First,71.9
24661,1052-53,1_1_2,First,71.4
24676,1052-53,1_1_5,2:2,52.9
24680,1052-53,2_2_2,2:1,68.0
24687,1052-53,2_2_3,2:1,62.4
24689,1052-53,4_2_12,2:2,59.5
24690,1052-53,2_3_7,2:2,53.3
24698,1052-53,2_4_10,2:1,66.9
24701,1052-53,2_3_9,2:1,65.3
24703,1052-53,1_1_4,First,71.5
24706,1052-53,2_3_8,2:1,63.4
24708,1052-53,2_4_12,2:1,67.0
24718,1052-53,1_2_1,2:1,67.8
24720,1052-53,2_2_6,2:1,68.8
24728,1052-53,2_3_8,2:1,68.6
24731,1052-53,2_2_3,2:2,53.8
24735,1052-53,2_1_1,First,71.5
24740,1052-53,2_2_6,2:1,63.5
24743,1052-53,4_2_12,2:1,65.2
24745,1052-53,2_2_5,2:2,52.6
24746,1052-53,1_1_5,2:2,52.8
24747,1052-53,1_1_3,2:2,59.0
24759,1052-53,2_2_4,First,72.8
24762,1052-53,1_1_2,First,70.7
24767,1052-53,2_2_2,2:1,65.9
24771,1052-53,4_2_12,First,70.6
24773,1052-53,2_2_4,2:1,67.1
24775,1052-53,1_2_1,2:1,66.1
24776,1052-53,3_2_2,2:1,63.4
24777,1052-53,2_2_5,2:1,65.2
24793,1052-53,2_3_9,2:1,65.0
24798,1052-53,2_2_4,2:1,65.8
24804,1052-53,3_2_2,2:1,67.1
24809,1052-53,2_3_8,2:2,59.4
24810,1052-53,2_1_1,2:2,56.0
24813,1052-53,2_4_12,2:1,64.8
24818,1052-53,2_4_10,First,71.8
24828,1052-53,1_1_5,2:2,53.3
24833,1052-53,2_2_3,First,78.0
24834,1052-53,2_1_1,First,72.1
24837,1052-53,2_2_2,2:1,62.5
24852,1052-53,1_1_1,2:1,67.8
24857,1052-53,4_2_12,Third,48.3
24862,1052-53,3_2_2,First,70.1
24869,1052-53,1_1_2,2:1,69.5
24870,1052-53,4_2_12,2:2,50.7
24875,1052-53,1_1_4,Third,49.6
24879,1052-53,3_2_2,2:2,57.2
24883,1052-53,2_4_10,2:2,55.7
24887,1052-53,2_2_4,2:1,68.7
24889,1052-53,2_2_6,2:2,53.7
24894,1052-53,2_3_9,First,71.6
24900,1052-53,2_3_8,2:1,63.9
24903,1052-53,3_2_2,2:2,56.5
24909,1052-53,1_1_2,2:1,63.8
24910,1052-53,2_2_3,2:2,59.9
24913,1052-53,2_4_10,2:1,68.5
24915,1052-53,2_2_5,2:2,50.7
24917,1052-53,2_2_4,2:2,56.8
24919,1052-53,2_2_4,2:1,69.1
24924,1052-53,1_2_1,2:1,62.3
24928,1052-53,2_2_5,2:2,58.7
24935,1052-53,2_4_11,2:1,62.3
24936,1052-53,4_2_12,2:1,67.0
24941,1052-53,2_3_8,2:1,69.7
24942,1052-53,2_3_9,2:2,52.2
24947,1052-53,1_1_2,2:1,67.0
24948,1052-53,2_3_8,First,73.4
24960,1052-53,1_2_1,First,71.1
24967,1052-53,2_3_7,2:1,62.6
24970,1052-53,2_1_1,2:2,50.8
24985,1052-53,1_1_2,2:1,63.4
24986,1052-53,1_2_1,2:1,64.7
24990,1052-53,1_1_4,2:2,58.7
24991,1052-53,2_3_7,2:1,60.1
2916,1052-53,2_2_4,Third,46.2
437,1052-53,2_4_11,Third,46.4
4968,1052-53,2_1_1,Third,45.0
5282,1052-53,1_1_2,Third,48.8
5540,1052-53,2_3_7,2:2,50.4
6065,1052-53,2_4_12,2:2,53.6
6667,1052-53,2_2_6,2:2,50.8
6669,1052-53,2_3_8,Third,47.9
6980,1052-53,4_2_12,Third,45.3
7118,1052-53,2_2_6,2:2,50.4
718,1052-53,1_1_4,Third,42.4
7252,1052-53,4_2_12,2:2,50.4
7289,1052-53,2_2_4,Third,47.5
7561,1052-53,2_2_2,2:2,50.8
7562,1052-53,2_4_12,Third,44.0
7663,1052-53,2_4_12,Third,47.6
7713,1052-53,3_2_2,2:2,54.8
8180,1052-53,1_1_3,2:2,53.3
8188,1052-53,1_2_1,2:2,50.1
8206,1052-53,2_3_9,Third,46.3
8250,1052-53,2_4_12,2:2,50.1
8325,1052-53,1_1_1,2:2,50.4
834,1052-53,2_2_2,2:2,52.0
8425,1052-53,1_1_3,Third,45.8
8825,1052-53,4_2_12,Third,43.3
9238,1052-53,2_3_9,Third,48.8
9769,1052-53,2_3_7,Third,46.1
